id,account_id,occurred_at,channel
1,1001,10.6.2015,direct
2,1001,11.5.2015,direct
3,1001,12.4.2015,direct
4,1001,1.2.2016,direct
5,1001,2.1.2016,direct
6,1001,3.2.2016,direct
7,1001,4.1.2016,direct
8,1001,5.1.2016,direct
9,1001,5.31.2016,direct
10,1001,6.30.2016,direct
11,1001,7.30.2016,direct
12,1001,8.28.2016,direct
13,1001,9.26.2016,direct
14,1001,10.26.2016,direct
15,1001,11.25.2016,direct
16,1001,12.24.2016,direct
17,1011,12.21.2016,direct
18,1021,10.12.2015,direct
19,1021,11.11.2015,direct
20,1021,12.11.2015,direct
21,1021,1.10.2016,direct
22,1021,2.9.2016,direct
23,1021,3.10.2016,direct
24,1031,12.25.2016,direct
25,1041,10.14.2016,direct
26,1041,11.13.2016,direct
27,1041,12.12.2016,direct
28,1051,8.2.2016,direct
29,1051,9.1.2016,direct
30,1051,10.1.2016,direct
31,1051,10.31.2016,direct
32,1051,11.30.2016,direct
33,1051,12.30.2016,direct
34,1061,10.19.2016,direct
35,1061,11.17.2016,direct
36,1061,12.16.2016,direct
37,1071,12.13.2016,direct
38,1081,2.12.2015,direct
39,1081,3.13.2015,direct
40,1081,4.12.2015,direct
41,1081,5.12.2015,direct
42,1081,6.11.2015,direct
43,1081,7.11.2015,direct
44,1081,8.9.2015,direct
45,1081,9.7.2015,direct
46,1081,10.7.2015,direct
47,1081,11.6.2015,direct
48,1081,12.5.2015,direct
49,1081,1.3.2016,direct
50,1081,2.1.2016,direct
51,1081,3.2.2016,direct
52,1081,4.1.2016,direct
53,1081,4.30.2016,direct
54,1081,5.30.2016,direct
55,1081,6.28.2016,direct
56,1081,7.28.2016,direct
57,1081,8.26.2016,direct
58,1081,9.24.2016,direct
59,1081,10.24.2016,direct
60,1081,11.23.2016,direct
61,1081,12.23.2016,direct
62,1091,8.15.2014,direct
63,1091,9.13.2014,direct
64,1091,10.13.2014,direct
65,1091,11.12.2014,direct
66,1091,12.11.2014,direct
67,1091,1.9.2015,direct
68,1091,2.8.2015,direct
69,1091,3.9.2015,direct
70,1091,4.7.2015,direct
71,1091,5.6.2015,direct
72,1091,6.5.2015,direct
73,1091,7.5.2015,direct
74,1091,8.3.2015,direct
75,1091,9.1.2015,direct
76,1091,10.1.2015,direct
77,1091,10.31.2015,direct
78,1091,11.29.2015,direct
79,1091,12.28.2015,direct
80,1091,1.26.2016,direct
81,1091,2.25.2016,direct
82,1091,3.25.2016,direct
83,1091,4.24.2016,direct
84,1091,5.23.2016,direct
85,1091,6.22.2016,direct
86,1091,7.21.2016,direct
87,1091,8.20.2016,direct
88,1091,9.18.2016,direct
89,1091,10.17.2016,direct
90,1091,11.15.2016,direct
91,1091,12.14.2016,direct
92,1101,6.24.2015,direct
93,1101,7.24.2015,direct
94,1101,8.22.2015,direct
95,1101,9.21.2015,direct
96,1101,10.21.2015,direct
97,1101,11.20.2015,direct
98,1101,12.19.2015,direct
99,1101,1.17.2016,direct
100,1101,2.15.2016,direct
101,1101,3.15.2016,direct
102,1101,4.13.2016,direct
103,1101,5.13.2016,direct
104,1101,6.12.2016,direct
105,1111,11.15.2015,direct
106,1111,12.15.2015,direct
107,1121,8.26.2015,direct
108,1121,9.25.2015,direct
109,1121,10.24.2015,direct
110,1121,11.22.2015,direct
111,1121,12.21.2015,direct
112,1121,1.20.2016,direct
113,1121,2.19.2016,direct
114,1121,3.19.2016,direct
115,1121,4.18.2016,direct
116,1121,5.17.2016,direct
117,1121,6.16.2016,direct
118,1121,7.15.2016,direct
119,1121,8.13.2016,direct
120,1121,9.11.2016,direct
121,1121,10.10.2016,direct
122,1121,11.8.2016,direct
123,1121,12.7.2016,direct
124,1131,5.13.2016,direct
125,1131,6.12.2016,direct
126,1131,7.11.2016,direct
127,1131,8.10.2016,direct
128,1131,9.9.2016,direct
129,1131,10.9.2016,direct
130,1131,11.7.2016,direct
131,1131,12.7.2016,direct
132,1141,9.24.2016,direct
133,1141,10.23.2016,direct
134,1141,11.22.2016,direct
135,1141,12.21.2016,direct
136,1151,12.30.2016,direct
137,1161,3.6.2016,direct
138,1161,4.5.2016,direct
139,1161,5.5.2016,direct
140,1161,6.4.2016,direct
141,1161,7.3.2016,direct
142,1161,8.1.2016,direct
143,1161,8.31.2016,direct
144,1161,9.29.2016,direct
145,1161,10.28.2016,direct
146,1161,11.26.2016,direct
147,1161,12.25.2016,direct
148,1171,8.24.2016,direct
149,1171,9.23.2016,direct
150,1171,10.22.2016,direct
151,1171,11.20.2016,direct
152,1171,12.20.2016,direct
153,1181,12.17.2013,direct
154,1181,1.16.2014,direct
155,1181,2.14.2014,direct
156,1181,3.16.2014,direct
157,1181,4.14.2014,direct
158,1181,5.14.2014,direct
159,1181,6.13.2014,direct
160,1181,7.13.2014,direct
161,1181,8.12.2014,direct
162,1181,9.10.2014,direct
163,1181,10.10.2014,direct
164,1181,11.9.2014,direct
165,1181,12.9.2014,direct
166,1181,1.8.2015,direct
167,1181,2.6.2015,direct
168,1181,3.8.2015,direct
169,1181,4.6.2015,direct
170,1181,5.6.2015,direct
171,1181,6.5.2015,direct
172,1181,7.4.2015,direct
173,1181,8.3.2015,direct
174,1181,9.1.2015,direct
175,1181,10.1.2015,direct
176,1181,10.31.2015,direct
177,1181,11.29.2015,direct
178,1181,12.28.2015,direct
179,1181,1.26.2016,direct
180,1181,2.25.2016,direct
181,1181,3.25.2016,direct
182,1181,4.24.2016,direct
183,1181,5.23.2016,direct
184,1181,6.22.2016,direct
185,1181,7.21.2016,direct
186,1181,8.19.2016,direct
187,1181,9.18.2016,direct
188,1181,10.18.2016,direct
189,1181,11.17.2016,direct
190,1181,12.17.2016,direct
191,1191,1.24.2016,direct
192,1191,2.23.2016,direct
193,1191,3.23.2016,direct
194,1191,4.22.2016,direct
195,1191,5.21.2016,direct
196,1191,6.20.2016,direct
197,1191,7.19.2016,direct
198,1191,8.18.2016,direct
199,1191,9.17.2016,direct
200,1191,10.16.2016,direct
201,1191,11.15.2016,direct
202,1191,12.15.2016,direct
203,1201,11.12.2016,direct
204,1201,12.11.2016,direct
205,1211,11.22.2016,direct
206,1211,12.21.2016,direct
207,1221,1.20.2015,direct
208,1221,2.18.2015,direct
209,1221,3.19.2015,direct
210,1221,4.17.2015,direct
211,1221,5.16.2015,direct
212,1221,6.15.2015,direct
213,1221,7.15.2015,direct
214,1221,8.14.2015,direct
215,1221,9.12.2015,direct
216,1221,10.11.2015,direct
217,1221,11.9.2015,direct
218,1221,12.8.2015,direct
219,1221,1.6.2016,direct
220,1221,2.4.2016,direct
221,1221,3.4.2016,direct
222,1221,4.3.2016,direct
223,1221,5.3.2016,direct
224,1221,6.1.2016,direct
225,1221,6.30.2016,direct
226,1221,7.29.2016,direct
227,1221,8.27.2016,direct
228,1221,9.26.2016,direct
229,1221,10.26.2016,direct
230,1221,11.25.2016,direct
231,1221,12.24.2016,direct
232,1231,2.26.2016,direct
233,1231,3.27.2016,direct
234,1231,4.26.2016,direct
235,1231,5.26.2016,direct
236,1231,6.25.2016,direct
237,1231,7.24.2016,direct
238,1231,8.23.2016,direct
239,1231,9.22.2016,direct
240,1231,10.21.2016,direct
241,1231,11.20.2016,direct
242,1231,12.20.2016,direct
243,1241,6.14.2016,direct
244,1241,7.13.2016,direct
245,1241,8.11.2016,direct
246,1241,9.9.2016,direct
247,1241,10.8.2016,direct
248,1241,11.7.2016,direct
249,1241,12.6.2016,direct
250,1251,12.11.2013,direct
251,1251,1.9.2014,direct
252,1251,2.7.2014,direct
253,1251,3.8.2014,direct
254,1251,4.7.2014,direct
255,1251,5.7.2014,direct
256,1251,6.6.2014,direct
257,1251,7.5.2014,direct
258,1251,8.4.2014,direct
259,1251,9.3.2014,direct
260,1251,10.2.2014,direct
261,1251,11.1.2014,direct
262,1251,12.1.2014,direct
263,1251,12.30.2014,direct
264,1251,1.28.2015,direct
265,1261,11.12.2014,direct
266,1261,12.11.2014,direct
267,1261,1.9.2015,direct
268,1261,2.7.2015,direct
269,1261,3.8.2015,direct
270,1261,4.7.2015,direct
271,1261,5.6.2015,direct
272,1261,6.4.2015,direct
273,1261,7.3.2015,direct
274,1261,8.2.2015,direct
275,1261,8.31.2015,direct
276,1261,9.29.2015,direct
277,1261,10.29.2015,direct
278,1261,11.27.2015,direct
279,1261,12.27.2015,direct
280,1261,1.26.2016,direct
281,1261,2.25.2016,direct
282,1261,3.26.2016,direct
283,1261,4.24.2016,direct
284,1261,5.23.2016,direct
285,1261,6.22.2016,direct
286,1261,7.21.2016,direct
287,1261,8.19.2016,direct
288,1261,9.18.2016,direct
289,1261,10.17.2016,direct
290,1261,11.15.2016,direct
291,1261,12.15.2016,direct
292,1271,10.28.2015,direct
293,1271,11.26.2015,direct
294,1281,12.5.2013,direct
295,1281,1.3.2014,direct
296,1281,2.2.2014,direct
297,1281,3.3.2014,direct
298,1281,4.1.2014,direct
299,1281,5.1.2014,direct
300,1281,5.30.2014,direct
301,1281,6.29.2014,direct
302,1281,7.28.2014,direct
303,1281,8.26.2014,direct
304,1281,9.25.2014,direct
305,1281,10.25.2014,direct
306,1281,11.24.2014,direct
307,1281,12.24.2014,direct
308,1281,1.23.2015,direct
309,1281,2.22.2015,direct
310,1281,3.24.2015,direct
311,1281,4.23.2015,direct
312,1281,5.22.2015,direct
313,1281,6.20.2015,direct
314,1281,7.20.2015,direct
315,1281,8.19.2015,direct
316,1281,9.18.2015,direct
317,1281,10.18.2015,direct
318,1281,11.16.2015,direct
319,1281,12.16.2015,direct
320,1281,1.15.2016,direct
321,1281,2.13.2016,direct
322,1281,3.14.2016,direct
323,1281,4.13.2016,direct
324,1281,5.13.2016,direct
325,1281,6.12.2016,direct
326,1281,7.12.2016,direct
327,1281,8.11.2016,direct
328,1281,9.10.2016,direct
329,1281,10.9.2016,direct
330,1281,11.8.2016,direct
331,1281,12.8.2016,direct
332,1291,5.6.2015,direct
333,1291,6.4.2015,direct
334,1291,7.4.2015,direct
335,1291,8.3.2015,direct
336,1291,9.1.2015,direct
337,1291,10.1.2015,direct
338,1291,10.30.2015,direct
339,1291,11.28.2015,direct
340,1291,12.27.2015,direct
341,1291,1.26.2016,direct
342,1291,2.25.2016,direct
343,1291,3.25.2016,direct
344,1291,4.23.2016,direct
345,1291,5.22.2016,direct
346,1291,6.20.2016,direct
347,1291,7.19.2016,direct
348,1291,8.18.2016,direct
349,1291,9.17.2016,direct
350,1291,10.17.2016,direct
351,1291,11.16.2016,direct
352,1291,12.15.2016,direct
353,1301,12.8.2013,direct
354,1301,1.7.2014,direct
355,1301,2.5.2014,direct
356,1301,3.6.2014,direct
357,1301,4.5.2014,direct
358,1301,5.4.2014,direct
359,1301,6.2.2014,direct
360,1301,7.1.2014,direct
361,1301,7.31.2014,direct
362,1301,8.30.2014,direct
363,1301,9.29.2014,direct
364,1301,10.28.2014,direct
365,1301,11.26.2014,direct
366,1301,12.26.2014,direct
367,1301,1.24.2015,direct
368,1301,2.22.2015,direct
369,1301,3.23.2015,direct
370,1301,4.21.2015,direct
371,1301,5.21.2015,direct
372,1301,6.20.2015,direct
373,1301,7.20.2015,direct
374,1301,8.19.2015,direct
375,1301,9.17.2015,direct
376,1301,10.16.2015,direct
377,1301,11.14.2015,direct
378,1301,12.13.2015,direct
379,1301,1.11.2016,direct
380,1301,2.9.2016,direct
381,1301,3.10.2016,direct
382,1301,4.8.2016,direct
383,1301,5.7.2016,direct
384,1301,6.5.2016,direct
385,1301,7.4.2016,direct
386,1301,8.2.2016,direct
387,1301,9.1.2016,direct
388,1301,10.1.2016,direct
389,1301,10.31.2016,direct
390,1301,11.29.2016,direct
391,1301,12.29.2016,direct
392,1311,7.7.2016,direct
393,1311,8.6.2016,direct
394,1311,9.5.2016,direct
395,1311,10.4.2016,direct
396,1311,11.3.2016,direct
397,1311,12.2.2016,direct
398,1311,1.1.2017,direct
399,1321,12.15.2015,direct
400,1321,1.13.2016,direct
401,1321,2.12.2016,direct
402,1321,3.12.2016,direct
403,1321,4.10.2016,direct
404,1321,5.10.2016,direct
405,1321,6.9.2016,direct
406,1321,7.8.2016,direct
407,1321,8.7.2016,direct
408,1321,9.5.2016,direct
409,1321,10.5.2016,direct
410,1321,11.3.2016,direct
411,1321,12.3.2016,direct
412,1321,1.1.2017,direct
413,1331,8.18.2016,direct
414,1331,9.16.2016,direct
415,1331,10.15.2016,direct
416,1331,11.14.2016,direct
417,1331,12.13.2016,direct
418,1341,8.28.2016,direct
419,1341,9.26.2016,direct
420,1341,10.26.2016,direct
421,1341,11.24.2016,direct
422,1341,12.23.2016,direct
423,1351,8.21.2016,direct
424,1351,9.19.2016,direct
425,1351,10.18.2016,direct
426,1351,11.16.2016,direct
427,1351,12.15.2016,direct
428,1361,9.1.2016,direct
429,1361,9.30.2016,direct
430,1361,10.29.2016,direct
431,1361,11.27.2016,direct
432,1371,8.15.2015,direct
433,1371,9.14.2015,direct
434,1371,10.14.2015,direct
435,1371,11.13.2015,direct
436,1371,12.12.2015,direct
437,1371,1.10.2016,direct
438,1371,2.9.2016,direct
439,1371,3.9.2016,direct
440,1371,4.7.2016,direct
441,1371,5.7.2016,direct
442,1371,6.6.2016,direct
443,1371,7.5.2016,direct
444,1371,8.4.2016,direct
445,1371,9.2.2016,direct
446,1371,10.2.2016,direct
447,1371,11.1.2016,direct
448,1371,12.1.2016,direct
449,1371,12.31.2016,direct
450,1381,11.12.2016,direct
451,1381,12.11.2016,direct
452,1391,10.7.2016,direct
453,1391,11.5.2016,direct
454,1391,12.4.2016,direct
455,1401,12.12.2013,direct
456,1401,1.11.2014,direct
457,1401,2.10.2014,direct
458,1401,3.11.2014,direct
459,1401,4.10.2014,direct
460,1401,5.10.2014,direct
461,1401,6.9.2014,direct
462,1401,7.9.2014,direct
463,1401,8.7.2014,direct
464,1401,9.5.2014,direct
465,1401,10.5.2014,direct
466,1401,11.3.2014,direct
467,1401,12.2.2014,direct
468,1401,1.1.2015,direct
469,1401,1.31.2015,direct
470,1401,3.1.2015,direct
471,1401,3.31.2015,direct
472,1401,4.29.2015,direct
473,1401,5.29.2015,direct
474,1401,6.28.2015,direct
475,1401,7.27.2015,direct
476,1401,8.26.2015,direct
477,1401,9.25.2015,direct
478,1401,10.25.2015,direct
479,1401,11.23.2015,direct
480,1401,12.23.2015,direct
481,1401,1.22.2016,direct
482,1401,2.20.2016,direct
483,1401,3.21.2016,direct
484,1401,4.19.2016,direct
485,1401,5.18.2016,direct
486,1401,6.16.2016,direct
487,1401,7.16.2016,direct
488,1401,8.15.2016,direct
489,1401,9.14.2016,direct
490,1401,10.14.2016,direct
491,1401,11.12.2016,direct
492,1401,12.12.2016,direct
493,1411,12.30.2013,direct
494,1411,1.29.2014,direct
495,1411,2.28.2014,direct
496,1411,3.30.2014,direct
497,1411,4.28.2014,direct
498,1411,5.27.2014,direct
499,1411,6.26.2014,direct
500,1411,7.26.2014,direct
501,1411,8.24.2014,direct
502,1411,9.23.2014,direct
503,1411,10.23.2014,direct
504,1411,11.21.2014,direct
505,1411,12.20.2014,direct
506,1411,1.19.2015,direct
507,1411,2.18.2015,direct
508,1411,3.19.2015,direct
509,1411,4.17.2015,direct
510,1411,5.16.2015,direct
511,1411,6.15.2015,direct
512,1411,7.14.2015,direct
513,1411,8.13.2015,direct
514,1411,9.11.2015,direct
515,1411,10.10.2015,direct
516,1411,11.8.2015,direct
517,1411,12.8.2015,direct
518,1411,1.6.2016,direct
519,1411,2.4.2016,direct
520,1411,3.5.2016,direct
521,1411,4.4.2016,direct
522,1411,5.3.2016,direct
523,1411,6.2.2016,direct
524,1411,7.2.2016,direct
525,1411,8.1.2016,direct
526,1411,8.31.2016,direct
527,1411,9.30.2016,direct
528,1411,10.29.2016,direct
529,1411,11.28.2016,direct
530,1411,12.28.2016,direct
531,1421,1.1.2014,direct
532,1421,1.30.2014,direct
533,1421,2.28.2014,direct
534,1421,3.30.2014,direct
535,1421,4.28.2014,direct
536,1421,5.28.2014,direct
537,1421,6.27.2014,direct
538,1421,7.26.2014,direct
539,1421,8.25.2014,direct
540,1421,9.24.2014,direct
541,1421,10.24.2014,direct
542,1421,11.23.2014,direct
543,1421,12.22.2014,direct
544,1421,1.20.2015,direct
545,1421,2.19.2015,direct
546,1421,3.20.2015,direct
547,1421,4.19.2015,direct
548,1421,5.19.2015,direct
549,1421,6.17.2015,direct
550,1421,7.17.2015,direct
551,1421,8.16.2015,direct
552,1421,9.15.2015,direct
553,1421,10.14.2015,direct
554,1421,11.13.2015,direct
555,1421,12.12.2015,direct
556,1421,1.10.2016,direct
557,1421,2.9.2016,direct
558,1421,3.10.2016,direct
559,1421,4.8.2016,direct
560,1421,5.7.2016,direct
561,1421,6.6.2016,direct
562,1421,7.5.2016,direct
563,1421,8.3.2016,direct
564,1421,9.2.2016,direct
565,1421,10.2.2016,direct
566,1421,11.1.2016,direct
567,1421,12.1.2016,direct
568,1421,12.31.2016,direct
569,1431,3.28.2016,direct
570,1431,4.27.2016,direct
571,1431,5.26.2016,direct
572,1431,6.25.2016,direct
573,1441,12.28.2013,direct
574,1441,1.27.2014,direct
575,1441,2.25.2014,direct
576,1441,3.27.2014,direct
577,1441,4.26.2014,direct
578,1441,5.25.2014,direct
579,1441,6.23.2014,direct
580,1441,7.22.2014,direct
581,1441,8.21.2014,direct
582,1441,9.19.2014,direct
583,1441,10.18.2014,direct
584,1441,11.16.2014,direct
585,1441,12.16.2014,direct
586,1441,1.15.2015,direct
587,1441,2.13.2015,direct
588,1441,3.14.2015,direct
589,1441,4.13.2015,direct
590,1441,5.12.2015,direct
591,1441,6.10.2015,direct
592,1441,7.9.2015,direct
593,1441,8.8.2015,direct
594,1441,9.6.2015,direct
595,1441,10.6.2015,direct
596,1441,11.4.2015,direct
597,1441,12.4.2015,direct
598,1441,1.3.2016,direct
599,1441,2.1.2016,direct
600,1441,3.2.2016,direct
601,1441,4.1.2016,direct
602,1441,5.1.2016,direct
603,1441,5.31.2016,direct
604,1441,6.29.2016,direct
605,1441,7.29.2016,direct
606,1441,8.28.2016,direct
607,1441,9.27.2016,direct
608,1451,5.4.2014,direct
609,1451,6.3.2014,direct
610,1451,7.2.2014,direct
611,1451,8.1.2014,direct
612,1451,8.31.2014,direct
613,1451,9.30.2014,direct
614,1451,10.30.2014,direct
615,1451,11.29.2014,direct
616,1451,12.29.2014,direct
617,1451,1.28.2015,direct
618,1451,2.26.2015,direct
619,1451,3.27.2015,direct
620,1451,4.26.2015,direct
621,1451,5.25.2015,direct
622,1451,6.24.2015,direct
623,1451,7.24.2015,direct
624,1451,8.23.2015,direct
625,1451,9.21.2015,direct
626,1451,10.20.2015,direct
627,1451,11.18.2015,direct
628,1451,12.17.2015,direct
629,1451,1.15.2016,direct
630,1451,2.13.2016,direct
631,1451,3.14.2016,direct
632,1451,4.12.2016,direct
633,1451,5.11.2016,direct
634,1451,6.10.2016,direct
635,1451,7.10.2016,direct
636,1451,8.9.2016,direct
637,1451,9.8.2016,direct
638,1451,10.8.2016,direct
639,1451,11.7.2016,direct
640,1451,12.6.2016,direct
641,1461,12.12.2015,direct
642,1461,1.10.2016,direct
643,1461,2.9.2016,direct
644,1461,3.10.2016,direct
645,1461,4.8.2016,direct
646,1461,5.7.2016,direct
647,1461,6.5.2016,direct
648,1461,7.4.2016,direct
649,1461,8.2.2016,direct
650,1461,8.31.2016,direct
651,1461,9.30.2016,direct
652,1461,10.29.2016,direct
653,1461,11.27.2016,direct
654,1461,12.26.2016,direct
655,1471,1.1.2017,direct
656,1481,12.19.2016,direct
657,1491,2.15.2015,direct
658,1491,3.17.2015,direct
659,1491,4.15.2015,direct
660,1491,5.15.2015,direct
661,1491,6.13.2015,direct
662,1491,7.12.2015,direct
663,1491,8.10.2015,direct
664,1491,9.8.2015,direct
665,1491,10.8.2015,direct
666,1491,11.7.2015,direct
667,1491,12.7.2015,direct
668,1491,1.6.2016,direct
669,1491,2.5.2016,direct
670,1491,3.5.2016,direct
671,1491,4.4.2016,direct
672,1491,5.3.2016,direct
673,1491,6.1.2016,direct
674,1491,7.1.2016,direct
675,1491,7.31.2016,direct
676,1491,8.30.2016,direct
677,1491,9.28.2016,direct
678,1491,10.27.2016,direct
679,1491,11.25.2016,direct
680,1491,12.24.2016,direct
681,1501,1.30.2015,direct
682,1501,3.1.2015,direct
683,1501,3.31.2015,direct
684,1501,4.29.2015,direct
685,1501,5.28.2015,direct
686,1501,6.26.2015,direct
687,1501,7.25.2015,direct
688,1501,8.23.2015,direct
689,1501,9.21.2015,direct
690,1501,10.21.2015,direct
691,1501,11.19.2015,direct
692,1501,12.19.2015,direct
693,1501,1.17.2016,direct
694,1501,2.15.2016,direct
695,1501,3.15.2016,direct
696,1501,4.14.2016,direct
697,1501,5.14.2016,direct
698,1501,6.12.2016,direct
699,1501,7.11.2016,direct
700,1501,8.9.2016,direct
701,1501,9.8.2016,direct
702,1501,10.7.2016,direct
703,1501,11.5.2016,direct
704,1501,12.5.2016,direct
705,1511,3.20.2016,direct
706,1511,4.19.2016,direct
707,1511,5.19.2016,direct
708,1511,6.18.2016,direct
709,1511,7.17.2016,direct
710,1511,8.15.2016,direct
711,1511,9.14.2016,direct
712,1511,10.14.2016,direct
713,1511,11.13.2016,direct
714,1511,12.12.2016,direct
715,1521,12.31.2013,direct
716,1521,1.29.2014,direct
717,1521,2.27.2014,direct
718,1521,3.29.2014,direct
719,1521,4.28.2014,direct
720,1521,5.28.2014,direct
721,1521,6.27.2014,direct
722,1521,7.27.2014,direct
723,1521,8.26.2014,direct
724,1521,9.24.2014,direct
725,1521,10.24.2014,direct
726,1521,11.23.2014,direct
727,1521,12.22.2014,direct
728,1521,1.21.2015,direct
729,1521,2.20.2015,direct
730,1521,3.21.2015,direct
731,1521,4.19.2015,direct
732,1521,5.18.2015,direct
733,1521,6.16.2015,direct
734,1521,7.16.2015,direct
735,1521,8.15.2015,direct
736,1521,9.14.2015,direct
737,1521,10.13.2015,direct
738,1521,11.12.2015,direct
739,1521,12.11.2015,direct
740,1521,1.9.2016,direct
741,1521,2.8.2016,direct
742,1521,3.8.2016,direct
743,1521,4.6.2016,direct
744,1521,5.6.2016,direct
745,1521,6.5.2016,direct
746,1521,7.5.2016,direct
747,1521,8.3.2016,direct
748,1521,9.2.2016,direct
749,1521,10.2.2016,direct
750,1521,10.31.2016,direct
751,1521,11.29.2016,direct
752,1521,12.28.2016,direct
753,1531,12.10.2013,direct
754,1531,1.8.2014,direct
755,1531,2.7.2014,direct
756,1531,3.9.2014,direct
757,1531,4.7.2014,direct
758,1531,5.6.2014,direct
759,1531,6.5.2014,direct
760,1531,7.4.2014,direct
761,1531,8.3.2014,direct
762,1531,9.2.2014,direct
763,1531,10.1.2014,direct
764,1531,10.31.2014,direct
765,1531,11.29.2014,direct
766,1531,12.28.2014,direct
767,1531,1.26.2015,direct
768,1531,2.24.2015,direct
769,1531,3.25.2015,direct
770,1531,4.23.2015,direct
771,1531,5.22.2015,direct
772,1531,6.21.2015,direct
773,1531,7.20.2015,direct
774,1531,8.18.2015,direct
775,1531,9.16.2015,direct
776,1531,10.16.2015,direct
777,1531,11.14.2015,direct
778,1531,12.14.2015,direct
779,1531,1.13.2016,direct
780,1531,2.11.2016,direct
781,1531,3.12.2016,direct
782,1531,4.10.2016,direct
783,1531,5.10.2016,direct
784,1531,6.9.2016,direct
785,1531,7.8.2016,direct
786,1531,8.6.2016,direct
787,1531,9.5.2016,direct
788,1531,10.4.2016,direct
789,1531,11.3.2016,direct
790,1531,12.3.2016,direct
791,1541,6.7.2015,direct
792,1541,7.6.2015,direct
793,1541,8.4.2015,direct
794,1541,9.3.2015,direct
795,1541,10.2.2015,direct
796,1541,10.31.2015,direct
797,1541,11.30.2015,direct
798,1541,12.30.2015,direct
799,1541,1.28.2016,direct
800,1541,2.27.2016,direct
801,1541,3.28.2016,direct
802,1541,4.26.2016,direct
803,1541,5.25.2016,direct
804,1541,6.24.2016,direct
805,1541,7.24.2016,direct
806,1541,8.23.2016,direct
807,1541,9.21.2016,direct
808,1541,10.21.2016,direct
809,1541,11.20.2016,direct
810,1541,12.20.2016,direct
811,1551,12.13.2016,direct
812,1561,12.17.2013,direct
813,1561,1.16.2014,direct
814,1561,2.14.2014,direct
815,1561,3.15.2014,direct
816,1561,4.13.2014,direct
817,1561,5.13.2014,direct
818,1561,6.11.2014,direct
819,1561,7.10.2014,direct
820,1561,8.9.2014,direct
821,1561,9.8.2014,direct
822,1561,10.8.2014,direct
823,1561,11.6.2014,direct
824,1561,12.5.2014,direct
825,1561,1.4.2015,direct
826,1561,2.2.2015,direct
827,1561,3.3.2015,direct
828,1561,4.1.2015,direct
829,1561,4.30.2015,direct
830,1561,5.30.2015,direct
831,1561,6.28.2015,direct
832,1561,7.27.2015,direct
833,1561,8.25.2015,direct
834,1561,9.24.2015,direct
835,1561,10.23.2015,direct
836,1561,11.21.2015,direct
837,1561,12.21.2015,direct
838,1561,1.19.2016,direct
839,1561,2.17.2016,direct
840,1561,3.18.2016,direct
841,1561,4.17.2016,direct
842,1561,5.17.2016,direct
843,1561,6.16.2016,direct
844,1561,7.15.2016,direct
845,1561,8.14.2016,direct
846,1561,9.12.2016,direct
847,1561,10.12.2016,direct
848,1561,11.11.2016,direct
849,1561,12.11.2016,direct
850,1571,1.1.2014,direct
851,1571,1.31.2014,direct
852,1571,3.2.2014,direct
853,1571,3.31.2014,direct
854,1571,4.29.2014,direct
855,1571,5.29.2014,direct
856,1571,6.28.2014,direct
857,1571,7.27.2014,direct
858,1571,8.26.2014,direct
859,1571,9.24.2014,direct
860,1571,10.24.2014,direct
861,1571,11.22.2014,direct
862,1571,12.22.2014,direct
863,1571,1.20.2015,direct
864,1571,2.18.2015,direct
865,1571,3.20.2015,direct
866,1571,4.19.2015,direct
867,1571,5.19.2015,direct
868,1571,6.18.2015,direct
869,1571,7.18.2015,direct
870,1571,8.17.2015,direct
871,1571,9.15.2015,direct
872,1571,10.14.2015,direct
873,1571,11.13.2015,direct
874,1571,12.13.2015,direct
875,1571,1.12.2016,direct
876,1571,2.11.2016,direct
877,1571,3.12.2016,direct
878,1571,4.10.2016,direct
879,1571,5.10.2016,direct
880,1571,6.9.2016,direct
881,1571,7.8.2016,direct
882,1571,8.6.2016,direct
883,1571,9.4.2016,direct
884,1571,10.3.2016,direct
885,1571,11.1.2016,direct
886,1571,12.1.2016,direct
887,1571,12.31.2016,direct
888,1581,4.7.2016,direct
889,1581,5.7.2016,direct
890,1581,6.6.2016,direct
891,1581,7.5.2016,direct
892,1581,8.3.2016,direct
893,1581,9.2.2016,direct
894,1581,10.2.2016,direct
895,1581,11.1.2016,direct
896,1581,12.1.2016,direct
897,1581,12.31.2016,direct
898,1591,12.22.2016,direct
899,1601,12.14.2013,direct
900,1601,1.12.2014,direct
901,1601,2.11.2014,direct
902,1601,3.13.2014,direct
903,1601,4.11.2014,direct
904,1601,5.10.2014,direct
905,1601,6.9.2014,direct
906,1601,7.8.2014,direct
907,1601,8.7.2014,direct
908,1601,9.5.2014,direct
909,1601,10.4.2014,direct
910,1601,11.2.2014,direct
911,1601,12.2.2014,direct
912,1601,1.1.2015,direct
913,1601,1.31.2015,direct
914,1601,3.1.2015,direct
915,1601,3.31.2015,direct
916,1601,4.30.2015,direct
917,1601,5.29.2015,direct
918,1601,6.27.2015,direct
919,1601,7.27.2015,direct
920,1601,8.25.2015,direct
921,1601,9.23.2015,direct
922,1601,10.22.2015,direct
923,1601,11.20.2015,direct
924,1601,12.19.2015,direct
925,1601,1.17.2016,direct
926,1601,2.16.2016,direct
927,1601,3.16.2016,direct
928,1601,4.14.2016,direct
929,1601,5.13.2016,direct
930,1601,6.12.2016,direct
931,1601,7.12.2016,direct
932,1601,8.11.2016,direct
933,1601,9.9.2016,direct
934,1601,10.9.2016,direct
935,1601,11.7.2016,direct
936,1601,12.6.2016,direct
937,1611,10.4.2015,direct
938,1611,11.3.2015,direct
939,1611,12.2.2015,direct
940,1611,12.31.2015,direct
941,1611,1.29.2016,direct
942,1611,2.28.2016,direct
943,1611,3.28.2016,direct
944,1611,4.27.2016,direct
945,1611,5.26.2016,direct
946,1611,6.24.2016,direct
947,1611,7.23.2016,direct
948,1611,8.21.2016,direct
949,1611,9.20.2016,direct
950,1611,10.20.2016,direct
951,1611,11.19.2016,direct
952,1611,12.18.2016,direct
953,1621,12.7.2016,direct
954,1631,5.10.2016,direct
955,1631,6.9.2016,direct
956,1631,7.8.2016,direct
957,1631,8.7.2016,direct
958,1631,9.6.2016,direct
959,1631,10.5.2016,direct
960,1631,11.3.2016,direct
961,1631,12.2.2016,direct
962,1631,12.31.2016,direct
963,1641,9.10.2016,direct
964,1641,10.9.2016,direct
965,1641,11.7.2016,direct
966,1641,12.6.2016,direct
967,1651,7.12.2014,direct
968,1651,8.11.2014,direct
969,1651,9.9.2014,direct
970,1651,10.8.2014,direct
971,1651,11.7.2014,direct
972,1651,12.6.2014,direct
973,1651,1.4.2015,direct
974,1651,2.3.2015,direct
975,1651,3.4.2015,direct
976,1651,4.2.2015,direct
977,1651,5.2.2015,direct
978,1651,5.31.2015,direct
979,1651,6.29.2015,direct
980,1651,7.28.2015,direct
981,1651,8.27.2015,direct
982,1651,9.25.2015,direct
983,1651,10.25.2015,direct
984,1651,11.23.2015,direct
985,1651,12.22.2015,direct
986,1651,1.20.2016,direct
987,1651,2.18.2016,direct
988,1651,3.19.2016,direct
989,1651,4.18.2016,direct
990,1651,5.18.2016,direct
991,1651,6.16.2016,direct
992,1651,7.16.2016,direct
993,1651,8.15.2016,direct
994,1651,9.14.2016,direct
995,1651,10.13.2016,direct
996,1651,11.12.2016,direct
997,1651,12.12.2016,direct
998,1661,5.26.2016,direct
999,1661,6.24.2016,direct
1000,1661,7.23.2016,direct
1001,1661,8.22.2016,direct
1002,1661,9.21.2016,direct
1003,1661,10.21.2016,direct
1004,1661,11.19.2016,direct
1005,1661,12.18.2016,direct
1006,1671,6.29.2016,direct
1007,1671,7.29.2016,direct
1008,1681,3.18.2016,direct
1009,1681,4.17.2016,direct
1010,1681,5.16.2016,direct
1011,1681,6.15.2016,direct
1012,1681,7.15.2016,direct
1013,1681,8.13.2016,direct
1014,1681,9.11.2016,direct
1015,1681,10.11.2016,direct
1016,1681,11.9.2016,direct
1017,1681,12.8.2016,direct
1018,1691,1.13.2016,direct
1019,1691,2.11.2016,direct
1020,1691,3.11.2016,direct
1021,1691,4.10.2016,direct
1022,1691,5.10.2016,direct
1023,1691,6.9.2016,direct
1024,1691,7.8.2016,direct
1025,1691,8.6.2016,direct
1026,1691,9.5.2016,direct
1027,1691,10.4.2016,direct
1028,1691,11.3.2016,direct
1029,1691,12.2.2016,direct
1030,1691,12.31.2016,direct
1031,1701,12.12.2013,direct
1032,1701,1.11.2014,direct
1033,1701,2.10.2014,direct
1034,1701,3.12.2014,direct
1035,1701,4.10.2014,direct
1036,1701,5.9.2014,direct
1037,1701,6.8.2014,direct
1038,1701,7.7.2014,direct
1039,1701,8.5.2014,direct
1040,1701,9.4.2014,direct
1041,1701,10.4.2014,direct
1042,1701,11.3.2014,direct
1043,1701,12.2.2014,direct
1044,1701,12.31.2014,direct
1045,1701,1.29.2015,direct
1046,1701,2.28.2015,direct
1047,1701,3.30.2015,direct
1048,1701,4.28.2015,direct
1049,1701,5.27.2015,direct
1050,1701,6.26.2015,direct
1051,1701,7.26.2015,direct
1052,1701,8.25.2015,direct
1053,1701,9.24.2015,direct
1054,1701,10.23.2015,direct
1055,1701,11.22.2015,direct
1056,1701,12.22.2015,direct
1057,1701,1.21.2016,direct
1058,1701,2.19.2016,direct
1059,1701,3.19.2016,direct
1060,1701,4.18.2016,direct
1061,1701,5.18.2016,direct
1062,1701,6.16.2016,direct
1063,1701,7.15.2016,direct
1064,1701,8.14.2016,direct
1065,1701,9.12.2016,direct
1066,1701,10.12.2016,direct
1067,1701,11.10.2016,direct
1068,1701,12.9.2016,direct
1069,1711,7.10.2015,direct
1070,1711,8.8.2015,direct
1071,1711,9.6.2015,direct
1072,1711,10.5.2015,direct
1073,1711,11.4.2015,direct
1074,1711,12.4.2015,direct
1075,1711,1.2.2016,direct
1076,1711,2.1.2016,direct
1077,1711,3.1.2016,direct
1078,1711,3.31.2016,direct
1079,1711,4.29.2016,direct
1080,1711,5.28.2016,direct
1081,1711,6.26.2016,direct
1082,1711,7.26.2016,direct
1083,1711,8.24.2016,direct
1084,1711,9.22.2016,direct
1085,1711,10.21.2016,direct
1086,1711,11.19.2016,direct
1087,1711,12.18.2016,direct
1088,1721,6.21.2016,direct
1089,1721,7.20.2016,direct
1090,1731,6.22.2016,direct
1091,1741,5.22.2015,direct
1092,1741,6.20.2015,direct
1093,1741,7.19.2015,direct
1094,1741,8.17.2015,direct
1095,1741,9.15.2015,direct
1096,1741,10.15.2015,direct
1097,1741,11.14.2015,direct
1098,1741,12.13.2015,direct
1099,1741,1.12.2016,direct
1100,1741,2.10.2016,direct
1101,1741,3.10.2016,direct
1102,1741,4.8.2016,direct
1103,1741,5.7.2016,direct
1104,1741,6.6.2016,direct
1105,1741,7.6.2016,direct
1106,1741,8.4.2016,direct
1107,1741,9.2.2016,direct
1108,1741,10.1.2016,direct
1109,1741,10.31.2016,direct
1110,1741,11.30.2016,direct
1111,1741,12.30.2016,direct
1112,1751,12.12.2013,direct
1113,1751,1.10.2014,direct
1114,1751,2.9.2014,direct
1115,1751,3.10.2014,direct
1116,1751,4.9.2014,direct
1117,1751,5.9.2014,direct
1118,1761,10.5.2016,direct
1119,1761,11.3.2016,direct
1120,1761,12.3.2016,direct
1121,1761,1.1.2017,direct
1122,1771,8.18.2016,direct
1123,1771,9.17.2016,direct
1124,1771,10.17.2016,direct
1125,1771,11.16.2016,direct
1126,1771,12.15.2016,direct
1127,1781,7.15.2014,direct
1128,1781,8.13.2014,direct
1129,1781,9.12.2014,direct
1130,1781,10.12.2014,direct
1131,1781,11.11.2014,direct
1132,1781,12.10.2014,direct
1133,1781,1.9.2015,direct
1134,1781,2.8.2015,direct
1135,1781,3.9.2015,direct
1136,1781,4.8.2015,direct
1137,1781,5.8.2015,direct
1138,1781,6.7.2015,direct
1139,1781,7.7.2015,direct
1140,1781,8.6.2015,direct
1141,1781,9.5.2015,direct
1142,1781,10.5.2015,direct
1143,1781,11.3.2015,direct
1144,1781,12.2.2015,direct
1145,1781,12.31.2015,direct
1146,1781,1.30.2016,direct
1147,1781,2.29.2016,direct
1148,1781,3.30.2016,direct
1149,1781,4.29.2016,direct
1150,1781,5.29.2016,direct
1151,1781,6.28.2016,direct
1152,1781,7.28.2016,direct
1153,1781,8.26.2016,direct
1154,1781,9.24.2016,direct
1155,1781,10.24.2016,direct
1156,1781,11.22.2016,direct
1157,1781,12.22.2016,direct
1158,1791,12.9.2013,direct
1159,1791,1.7.2014,direct
1160,1791,2.6.2014,direct
1161,1791,3.7.2014,direct
1162,1791,4.6.2014,direct
1163,1791,5.6.2014,direct
1164,1791,6.4.2014,direct
1165,1791,7.4.2014,direct
1166,1791,8.3.2014,direct
1167,1791,9.1.2014,direct
1168,1791,9.30.2014,direct
1169,1791,10.29.2014,direct
1170,1791,11.27.2014,direct
1171,1791,12.27.2014,direct
1172,1791,1.26.2015,direct
1173,1791,2.25.2015,direct
1174,1791,3.27.2015,direct
1175,1791,4.26.2015,direct
1176,1791,5.25.2015,direct
1177,1791,6.24.2015,direct
1178,1791,7.23.2015,direct
1179,1791,8.22.2015,direct
1180,1791,9.20.2015,direct
1181,1791,10.19.2015,direct
1182,1791,11.18.2015,direct
1183,1791,12.18.2015,direct
1184,1791,1.16.2016,direct
1185,1791,2.14.2016,direct
1186,1791,3.15.2016,direct
1187,1791,4.14.2016,direct
1188,1791,5.13.2016,direct
1189,1791,6.11.2016,direct
1190,1791,7.11.2016,direct
1191,1791,8.10.2016,direct
1192,1791,9.9.2016,direct
1193,1791,10.8.2016,direct
1194,1791,11.7.2016,direct
1195,1791,12.6.2016,direct
1196,1801,11.3.2015,direct
1197,1801,12.2.2015,direct
1198,1801,1.1.2016,direct
1199,1801,1.31.2016,direct
1200,1801,3.1.2016,direct
1201,1801,3.30.2016,direct
1202,1801,4.28.2016,direct
1203,1801,5.27.2016,direct
1204,1801,6.25.2016,direct
1205,1801,7.24.2016,direct
1206,1801,8.22.2016,direct
1207,1801,9.20.2016,direct
1208,1801,10.19.2016,direct
1209,1801,11.18.2016,direct
1210,1801,12.17.2016,direct
1211,1811,11.26.2016,direct
1212,1811,12.26.2016,direct
1213,1821,12.22.2016,direct
1214,1831,12.1.2015,direct
1215,1831,12.30.2015,direct
1216,1831,1.29.2016,direct
1217,1831,2.27.2016,direct
1218,1831,3.27.2016,direct
1219,1831,4.26.2016,direct
1220,1831,5.26.2016,direct
1221,1831,6.24.2016,direct
1222,1831,7.24.2016,direct
1223,1831,8.23.2016,direct
1224,1831,9.21.2016,direct
1225,1831,10.20.2016,direct
1226,1831,11.18.2016,direct
1227,1831,12.18.2016,direct
1228,1841,12.6.2015,direct
1229,1841,1.5.2016,direct
1230,1841,2.3.2016,direct
1231,1841,3.3.2016,direct
1232,1841,4.1.2016,direct
1233,1841,4.30.2016,direct
1234,1841,5.30.2016,direct
1235,1841,6.29.2016,direct
1236,1841,7.28.2016,direct
1237,1841,8.26.2016,direct
1238,1841,9.24.2016,direct
1239,1841,10.23.2016,direct
1240,1841,11.21.2016,direct
1241,1841,12.20.2016,direct
1242,1851,6.16.2014,direct
1243,1851,7.16.2014,direct
1244,1851,8.15.2014,direct
1245,1851,9.13.2014,direct
1246,1851,10.13.2014,direct
1247,1851,11.12.2014,direct
1248,1851,12.11.2014,direct
1249,1851,1.9.2015,direct
1250,1851,2.8.2015,direct
1251,1851,3.10.2015,direct
1252,1851,4.9.2015,direct
1253,1851,5.9.2015,direct
1254,1851,6.8.2015,direct
1255,1851,7.7.2015,direct
1256,1851,8.5.2015,direct
1257,1851,9.3.2015,direct
1258,1851,10.3.2015,direct
1259,1851,11.2.2015,direct
1260,1861,12.26.2016,direct
1261,1871,12.22.2013,direct
1262,1871,1.21.2014,direct
1263,1871,2.20.2014,direct
1264,1871,3.21.2014,direct
1265,1871,4.19.2014,direct
1266,1871,5.19.2014,direct
1267,1871,6.17.2014,direct
1268,1871,7.17.2014,direct
1269,1871,8.15.2014,direct
1270,1871,9.14.2014,direct
1271,1871,10.14.2014,direct
1272,1871,11.13.2014,direct
1273,1871,12.12.2014,direct
1274,1871,1.10.2015,direct
1275,1871,2.9.2015,direct
1276,1871,3.11.2015,direct
1277,1871,4.10.2015,direct
1278,1871,5.9.2015,direct
1279,1871,6.7.2015,direct
1280,1871,7.7.2015,direct
1281,1871,8.5.2015,direct
1282,1871,9.3.2015,direct
1283,1871,10.2.2015,direct
1284,1871,10.31.2015,direct
1285,1871,11.29.2015,direct
1286,1871,12.29.2015,direct
1287,1871,1.27.2016,direct
1288,1871,2.25.2016,direct
1289,1871,3.26.2016,direct
1290,1871,4.24.2016,direct
1291,1871,5.24.2016,direct
1292,1871,6.22.2016,direct
1293,1871,7.21.2016,direct
1294,1871,8.20.2016,direct
1295,1871,9.19.2016,direct
1296,1871,10.18.2016,direct
1297,1871,11.16.2016,direct
1298,1871,12.15.2016,direct
1299,1881,12.8.2013,direct
1300,1881,1.6.2014,direct
1301,1881,2.4.2014,direct
1302,1881,3.5.2014,direct
1303,1881,4.3.2014,direct
1304,1881,5.2.2014,direct
1305,1881,6.1.2014,direct
1306,1881,7.1.2014,direct
1307,1881,7.31.2014,direct
1308,1881,8.30.2014,direct
1309,1881,9.29.2014,direct
1310,1881,10.28.2014,direct
1311,1881,11.26.2014,direct
1312,1881,12.26.2014,direct
1313,1881,1.25.2015,direct
1314,1881,2.23.2015,direct
1315,1881,3.24.2015,direct
1316,1881,4.23.2015,direct
1317,1881,5.22.2015,direct
1318,1881,6.21.2015,direct
1319,1881,7.20.2015,direct
1320,1881,8.19.2015,direct
1321,1881,9.17.2015,direct
1322,1881,10.16.2015,direct
1323,1881,11.15.2015,direct
1324,1881,12.15.2015,direct
1325,1881,1.14.2016,direct
1326,1881,2.12.2016,direct
1327,1881,3.12.2016,direct
1328,1881,4.11.2016,direct
1329,1881,5.10.2016,direct
1330,1881,6.9.2016,direct
1331,1881,7.8.2016,direct
1332,1891,6.1.2016,direct
1333,1891,6.30.2016,direct
1334,1891,7.30.2016,direct
1335,1891,8.28.2016,direct
1336,1891,9.26.2016,direct
1337,1901,11.10.2016,direct
1338,1911,10.6.2016,direct
1339,1911,11.5.2016,direct
1340,1911,12.4.2016,direct
1341,1921,5.9.2015,direct
1342,1921,6.8.2015,direct
1343,1921,7.8.2015,direct
1344,1921,8.7.2015,direct
1345,1921,9.6.2015,direct
1346,1921,10.6.2015,direct
1347,1921,11.5.2015,direct
1348,1921,12.4.2015,direct
1349,1921,1.3.2016,direct
1350,1921,2.2.2016,direct
1351,1921,3.2.2016,direct
1352,1921,3.31.2016,direct
1353,1921,4.30.2016,direct
1354,1921,5.29.2016,direct
1355,1921,6.27.2016,direct
1356,1921,7.27.2016,direct
1357,1921,8.25.2016,direct
1358,1921,9.23.2016,direct
1359,1931,7.30.2016,direct
1360,1931,8.28.2016,direct
1361,1931,9.26.2016,direct
1362,1931,10.25.2016,direct
1363,1931,11.24.2016,direct
1364,1931,12.24.2016,direct
1365,1941,8.27.2015,direct
1366,1941,9.26.2015,direct
1367,1941,10.25.2015,direct
1368,1941,11.23.2015,direct
1369,1941,12.23.2015,direct
1370,1941,1.22.2016,direct
1371,1941,2.20.2016,direct
1372,1941,3.20.2016,direct
1373,1941,4.19.2016,direct
1374,1941,5.18.2016,direct
1375,1941,6.17.2016,direct
1376,1941,7.16.2016,direct
1377,1941,8.14.2016,direct
1378,1941,9.12.2016,direct
1379,1941,10.12.2016,direct
1380,1941,11.11.2016,direct
1381,1941,12.10.2016,direct
1382,1951,12.18.2013,direct
1383,1951,1.17.2014,direct
1384,1951,2.16.2014,direct
1385,1951,3.18.2014,direct
1386,1951,4.16.2014,direct
1387,1951,5.16.2014,direct
1388,1951,6.14.2014,direct
1389,1951,7.13.2014,direct
1390,1951,8.11.2014,direct
1391,1951,9.9.2014,direct
1392,1951,10.9.2014,direct
1393,1951,11.7.2014,direct
1394,1951,12.6.2014,direct
1395,1951,1.5.2015,direct
1396,1951,2.4.2015,direct
1397,1951,3.5.2015,direct
1398,1951,4.4.2015,direct
1399,1961,1.1.2017,direct
1400,1971,12.1.2016,direct
1401,1971,12.31.2016,direct
1402,1981,12.11.2015,direct
1403,1981,1.9.2016,direct
1404,1981,2.7.2016,direct
1405,1981,3.8.2016,direct
1406,1981,4.6.2016,direct
1407,1981,5.5.2016,direct
1408,1981,6.3.2016,direct
1409,1981,7.2.2016,direct
1410,1981,8.1.2016,direct
1411,1981,8.30.2016,direct
1412,1981,9.28.2016,direct
1413,1991,10.9.2016,direct
1414,1991,11.7.2016,direct
1415,1991,12.6.2016,direct
1416,2001,10.17.2015,direct
1417,2001,11.15.2015,direct
1418,2001,12.14.2015,direct
1419,2001,1.12.2016,direct
1420,2001,2.10.2016,direct
1421,2001,3.11.2016,direct
1422,2001,4.9.2016,direct
1423,2001,5.8.2016,direct
1424,2011,5.19.2016,direct
1425,2011,6.18.2016,direct
1426,2011,7.17.2016,direct
1427,2011,8.16.2016,direct
1428,2011,9.15.2016,direct
1429,2011,10.14.2016,direct
1430,2011,11.13.2016,direct
1431,2011,12.13.2016,direct
1432,2021,10.7.2016,direct
1433,2021,11.6.2016,direct
1434,2021,12.5.2016,direct
1435,2031,9.28.2016,direct
1436,2031,10.28.2016,direct
1437,2031,11.27.2016,direct
1438,2031,12.27.2016,direct
1439,2041,10.5.2014,direct
1440,2041,11.3.2014,direct
1441,2041,12.2.2014,direct
1442,2041,1.1.2015,direct
1443,2041,1.30.2015,direct
1444,2041,2.28.2015,direct
1445,2041,3.30.2015,direct
1446,2041,4.29.2015,direct
1447,2041,5.28.2015,direct
1448,2041,6.27.2015,direct
1449,2041,7.26.2015,direct
1450,2041,8.24.2015,direct
1451,2041,9.22.2015,direct
1452,2041,10.21.2015,direct
1453,2041,11.20.2015,direct
1454,2041,12.20.2015,direct
1455,2041,1.19.2016,direct
1456,2041,2.18.2016,direct
1457,2051,12.29.2013,direct
1458,2051,1.28.2014,direct
1459,2051,2.26.2014,direct
1460,2051,3.28.2014,direct
1461,2051,4.26.2014,direct
1462,2051,5.26.2014,direct
1463,2051,6.25.2014,direct
1464,2051,7.24.2014,direct
1465,2051,8.23.2014,direct
1466,2051,9.21.2014,direct
1467,2051,10.20.2014,direct
1468,2051,11.19.2014,direct
1469,2051,12.19.2014,direct
1470,2051,1.18.2015,direct
1471,2051,2.17.2015,direct
1472,2051,3.18.2015,direct
1473,2051,4.17.2015,direct
1474,2051,5.17.2015,direct
1475,2051,6.15.2015,direct
1476,2051,7.15.2015,direct
1477,2051,8.13.2015,direct
1478,2051,9.11.2015,direct
1479,2051,10.11.2015,direct
1480,2051,11.10.2015,direct
1481,2051,12.9.2015,direct
1482,2051,1.8.2016,direct
1483,2051,2.6.2016,direct
1484,2051,3.7.2016,direct
1485,2051,4.5.2016,direct
1486,2051,5.5.2016,direct
1487,2051,6.4.2016,direct
1488,2051,7.3.2016,direct
1489,2051,8.2.2016,direct
1490,2051,8.31.2016,direct
1491,2051,9.29.2016,direct
1492,2051,10.29.2016,direct
1493,2051,11.28.2016,direct
1494,2051,12.28.2016,direct
1495,2061,12.1.2016,direct
1496,2061,12.31.2016,direct
1497,2071,7.2.2016,direct
1498,2071,8.1.2016,direct
1499,2071,8.31.2016,direct
1500,2071,9.30.2016,direct
1501,2071,10.29.2016,direct
1502,2071,11.28.2016,direct
1503,2071,12.28.2016,direct
1504,2081,12.11.2013,direct
1505,2081,1.9.2014,direct
1506,2081,2.7.2014,direct
1507,2081,3.8.2014,direct
1508,2081,4.7.2014,direct
1509,2081,5.7.2014,direct
1510,2081,6.6.2014,direct
1511,2091,11.15.2015,direct
1512,2091,12.15.2015,direct
1513,2091,1.14.2016,direct
1514,2091,2.13.2016,direct
1515,2091,3.13.2016,direct
1516,2091,4.12.2016,direct
1517,2091,5.11.2016,direct
1518,2091,6.10.2016,direct
1519,2091,7.9.2016,direct
1520,2091,8.8.2016,direct
1521,2091,9.6.2016,direct
1522,2091,10.5.2016,direct
1523,2091,11.3.2016,direct
1524,2091,12.2.2016,direct
1525,2091,12.31.2016,direct
1526,2101,9.16.2015,direct
1527,2101,10.15.2015,direct
1528,2101,11.13.2015,direct
1529,2101,12.12.2015,direct
1530,2101,1.10.2016,direct
1531,2101,2.9.2016,direct
1532,2101,3.10.2016,direct
1533,2101,4.8.2016,direct
1534,2101,5.7.2016,direct
1535,2101,6.5.2016,direct
1536,2101,7.5.2016,direct
1537,2101,8.4.2016,direct
1538,2101,9.3.2016,direct
1539,2101,10.2.2016,direct
1540,2101,11.1.2016,direct
1541,2101,11.30.2016,direct
1542,2101,12.30.2016,direct
1543,2111,12.27.2013,direct
1544,2111,1.26.2014,direct
1545,2111,2.24.2014,direct
1546,2111,3.26.2014,direct
1547,2111,4.25.2014,direct
1548,2111,5.25.2014,direct
1549,2111,6.23.2014,direct
1550,2111,7.23.2014,direct
1551,2111,8.21.2014,direct
1552,2111,9.19.2014,direct
1553,2111,10.18.2014,direct
1554,2111,11.16.2014,direct
1555,2121,7.22.2016,direct
1556,2121,8.20.2016,direct
1557,2121,9.19.2016,direct
1558,2121,10.19.2016,direct
1559,2121,11.17.2016,direct
1560,2121,12.17.2016,direct
1561,2131,8.22.2016,direct
1562,2131,9.21.2016,direct
1563,2131,10.20.2016,direct
1564,2131,11.18.2016,direct
1565,2131,12.17.2016,direct
1566,2141,7.31.2015,direct
1567,2141,8.30.2015,direct
1568,2141,9.29.2015,direct
1569,2141,10.28.2015,direct
1570,2141,11.27.2015,direct
1571,2141,12.26.2015,direct
1572,2141,1.24.2016,direct
1573,2141,2.22.2016,direct
1574,2141,3.23.2016,direct
1575,2141,4.21.2016,direct
1576,2141,5.20.2016,direct
1577,2141,6.19.2016,direct
1578,2141,7.18.2016,direct
1579,2141,8.16.2016,direct
1580,2141,9.15.2016,direct
1581,2141,10.14.2016,direct
1582,2141,11.13.2016,direct
1583,2141,12.13.2016,direct
1584,2151,5.21.2016,direct
1585,2151,6.19.2016,direct
1586,2151,7.19.2016,direct
1587,2151,8.18.2016,direct
1588,2151,9.16.2016,direct
1589,2151,10.16.2016,direct
1590,2151,11.15.2016,direct
1591,2151,12.14.2016,direct
1592,2161,10.29.2016,direct
1593,2161,11.27.2016,direct
1594,2161,12.26.2016,direct
1595,2171,6.18.2016,direct
1596,2171,7.18.2016,direct
1597,2171,8.17.2016,direct
1598,2171,9.15.2016,direct
1599,2171,10.14.2016,direct
1600,2171,11.12.2016,direct
1601,2181,12.24.2013,direct
1602,2181,1.22.2014,direct
1603,2181,2.21.2014,direct
1604,2181,3.22.2014,direct
1605,2181,4.21.2014,direct
1606,2181,5.20.2014,direct
1607,2181,6.19.2014,direct
1608,2181,7.18.2014,direct
1609,2181,8.17.2014,direct
1610,2181,9.16.2014,direct
1611,2181,10.16.2014,direct
1612,2181,11.15.2014,direct
1613,2181,12.15.2014,direct
1614,2181,1.14.2015,direct
1615,2181,2.12.2015,direct
1616,2181,3.13.2015,direct
1617,2181,4.11.2015,direct
1618,2181,5.11.2015,direct
1619,2181,6.10.2015,direct
1620,2181,7.10.2015,direct
1621,2181,8.9.2015,direct
1622,2181,9.8.2015,direct
1623,2181,10.7.2015,direct
1624,2181,11.5.2015,direct
1625,2181,12.5.2015,direct
1626,2181,1.4.2016,direct
1627,2181,2.2.2016,direct
1628,2181,3.2.2016,direct
1629,2181,4.1.2016,direct
1630,2181,5.1.2016,direct
1631,2181,5.30.2016,direct
1632,2181,6.29.2016,direct
1633,2181,7.29.2016,direct
1634,2181,8.28.2016,direct
1635,2181,9.27.2016,direct
1636,2181,10.27.2016,direct
1637,2181,11.25.2016,direct
1638,2181,12.25.2016,direct
1639,2191,1.19.2016,direct
1640,2191,2.18.2016,direct
1641,2191,3.18.2016,direct
1642,2191,4.16.2016,direct
1643,2191,5.15.2016,direct
1644,2191,6.14.2016,direct
1645,2191,7.14.2016,direct
1646,2191,8.12.2016,direct
1647,2191,9.11.2016,direct
1648,2191,10.10.2016,direct
1649,2191,11.9.2016,direct
1650,2191,12.9.2016,direct
1651,2201,9.29.2016,direct
1652,2201,10.28.2016,direct
1653,2201,11.27.2016,direct
1654,2201,12.27.2016,direct
1655,2211,7.15.2016,direct
1656,2211,8.14.2016,direct
1657,2211,9.13.2016,direct
1658,2211,10.12.2016,direct
1659,2211,11.10.2016,direct
1660,2211,12.10.2016,direct
1661,2221,11.14.2016,direct
1662,2221,12.13.2016,direct
1663,2231,12.30.2013,direct
1664,2231,1.29.2014,direct
1665,2231,2.27.2014,direct
1666,2231,3.29.2014,direct
1667,2231,4.28.2014,direct
1668,2231,5.28.2014,direct
1669,2231,6.26.2014,direct
1670,2231,7.26.2014,direct
1671,2231,8.25.2014,direct
1672,2231,9.24.2014,direct
1673,2231,10.23.2014,direct
1674,2231,11.22.2014,direct
1675,2231,12.21.2014,direct
1676,2231,1.20.2015,direct
1677,2231,2.19.2015,direct
1678,2231,3.21.2015,direct
1679,2231,4.19.2015,direct
1680,2231,5.18.2015,direct
1681,2231,6.16.2015,direct
1682,2231,7.15.2015,direct
1683,2231,8.14.2015,direct
1684,2231,9.13.2015,direct
1685,2231,10.13.2015,direct
1686,2231,11.11.2015,direct
1687,2231,12.11.2015,direct
1688,2231,1.10.2016,direct
1689,2231,2.9.2016,direct
1690,2231,3.10.2016,direct
1691,2231,4.9.2016,direct
1692,2231,5.8.2016,direct
1693,2231,6.6.2016,direct
1694,2231,7.5.2016,direct
1695,2231,8.4.2016,direct
1696,2231,9.2.2016,direct
1697,2231,10.2.2016,direct
1698,2231,10.31.2016,direct
1699,2231,11.29.2016,direct
1700,2231,12.29.2016,direct
1701,2241,2.6.2016,direct
1702,2241,3.6.2016,direct
1703,2241,4.5.2016,direct
1704,2241,5.4.2016,direct
1705,2241,6.3.2016,direct
1706,2241,7.3.2016,direct
1707,2251,5.30.2016,direct
1708,2251,6.29.2016,direct
1709,2251,7.28.2016,direct
1710,2251,8.27.2016,direct
1711,2251,9.26.2016,direct
1712,2251,10.26.2016,direct
1713,2251,11.25.2016,direct
1714,2251,12.25.2016,direct
1715,2261,6.3.2016,direct
1716,2261,7.3.2016,direct
1717,2261,8.2.2016,direct
1718,2261,8.31.2016,direct
1719,2261,9.30.2016,direct
1720,2261,10.29.2016,direct
1721,2261,11.28.2016,direct
1722,2261,12.27.2016,direct
1723,2271,3.14.2015,direct
1724,2271,4.12.2015,direct
1725,2271,5.11.2015,direct
1726,2271,6.9.2015,direct
1727,2271,7.8.2015,direct
1728,2271,8.6.2015,direct
1729,2271,9.5.2015,direct
1730,2271,10.5.2015,direct
1731,2271,11.3.2015,direct
1732,2271,12.3.2015,direct
1733,2271,1.2.2016,direct
1734,2271,2.1.2016,direct
1735,2271,3.1.2016,direct
1736,2271,3.30.2016,direct
1737,2271,4.29.2016,direct
1738,2271,5.28.2016,direct
1739,2271,6.27.2016,direct
1740,2271,7.27.2016,direct
1741,2271,8.25.2016,direct
1742,2271,9.24.2016,direct
1743,2271,10.23.2016,direct
1744,2271,11.21.2016,direct
1745,2271,12.21.2016,direct
1746,2281,5.22.2016,direct
1747,2281,6.21.2016,direct
1748,2281,7.21.2016,direct
1749,2281,8.20.2016,direct
1750,2281,9.19.2016,direct
1751,2281,10.18.2016,direct
1752,2281,11.17.2016,direct
1753,2281,12.17.2016,direct
1754,2291,2.2.2016,direct
1755,2291,3.3.2016,direct
1756,2291,4.2.2016,direct
1757,2291,5.2.2016,direct
1758,2291,5.31.2016,direct
1759,2291,6.30.2016,direct
1760,2291,7.29.2016,direct
1761,2291,8.27.2016,direct
1762,2291,9.26.2016,direct
1763,2291,10.25.2016,direct
1764,2291,11.23.2016,direct
1765,2291,12.22.2016,direct
1766,2301,4.20.2015,direct
1767,2301,5.20.2015,direct
1768,2301,6.19.2015,direct
1769,2301,7.18.2015,direct
1770,2311,8.10.2016,direct
1771,2311,9.9.2016,direct
1772,2311,10.8.2016,direct
1773,2311,11.7.2016,direct
1774,2311,12.7.2016,direct
1775,2321,12.21.2016,direct
1776,2331,12.11.2013,direct
1777,2331,1.9.2014,direct
1778,2331,2.8.2014,direct
1779,2331,3.10.2014,direct
1780,2331,4.9.2014,direct
1781,2331,5.8.2014,direct
1782,2331,6.6.2014,direct
1783,2331,7.6.2014,direct
1784,2331,8.4.2014,direct
1785,2331,9.2.2014,direct
1786,2341,12.17.2014,direct
1787,2341,1.16.2015,direct
1788,2341,2.14.2015,direct
1789,2341,3.15.2015,direct
1790,2341,4.13.2015,direct
1791,2341,5.12.2015,direct
1792,2341,6.10.2015,direct
1793,2341,7.9.2015,direct
1794,2341,8.7.2015,direct
1795,2341,9.6.2015,direct
1796,2341,10.6.2015,direct
1797,2341,11.5.2015,direct
1798,2341,12.5.2015,direct
1799,2341,1.4.2016,direct
1800,2341,2.2.2016,direct
1801,2341,3.2.2016,direct
1802,2341,4.1.2016,direct
1803,2341,5.1.2016,direct
1804,2341,5.31.2016,direct
1805,2341,6.30.2016,direct
1806,2341,7.30.2016,direct
1807,2341,8.28.2016,direct
1808,2341,9.26.2016,direct
1809,2341,10.25.2016,direct
1810,2341,11.24.2016,direct
1811,2341,12.23.2016,direct
1812,2351,12.16.2013,direct
1813,2351,1.15.2014,direct
1814,2351,2.13.2014,direct
1815,2351,3.15.2014,direct
1816,2351,4.13.2014,direct
1817,2351,5.12.2014,direct
1818,2351,6.11.2014,direct
1819,2351,7.10.2014,direct
1820,2351,8.8.2014,direct
1821,2351,9.6.2014,direct
1822,2351,10.5.2014,direct
1823,2351,11.4.2014,direct
1824,2351,12.4.2014,direct
1825,2351,1.3.2015,direct
1826,2351,2.1.2015,direct
1827,2351,3.2.2015,direct
1828,2351,4.1.2015,direct
1829,2351,5.1.2015,direct
1830,2351,5.31.2015,direct
1831,2351,6.30.2015,direct
1832,2351,7.29.2015,direct
1833,2351,8.27.2015,direct
1834,2351,9.26.2015,direct
1835,2351,10.26.2015,direct
1836,2351,11.25.2015,direct
1837,2351,12.25.2015,direct
1838,2351,1.24.2016,direct
1839,2351,2.22.2016,direct
1840,2351,3.23.2016,direct
1841,2351,4.21.2016,direct
1842,2351,5.21.2016,direct
1843,2351,6.20.2016,direct
1844,2351,7.20.2016,direct
1845,2351,8.18.2016,direct
1846,2351,9.16.2016,direct
1847,2351,10.16.2016,direct
1848,2351,11.15.2016,direct
1849,2351,12.14.2016,direct
1850,2361,5.19.2015,direct
1851,2361,6.17.2015,direct
1852,2361,7.16.2015,direct
1853,2361,8.14.2015,direct
1854,2361,9.12.2015,direct
1855,2361,10.11.2015,direct
1856,2361,11.9.2015,direct
1857,2361,12.9.2015,direct
1858,2361,1.7.2016,direct
1859,2361,2.6.2016,direct
1860,2361,3.6.2016,direct
1861,2361,4.5.2016,direct
1862,2361,5.5.2016,direct
1863,2361,6.4.2016,direct
1864,2361,7.4.2016,direct
1865,2361,8.2.2016,direct
1866,2361,9.1.2016,direct
1867,2361,10.1.2016,direct
1868,2361,10.30.2016,direct
1869,2361,11.29.2016,direct
1870,2361,12.29.2016,direct
1871,2371,12.27.2013,direct
1872,2371,1.25.2014,direct
1873,2371,2.24.2014,direct
1874,2371,3.26.2014,direct
1875,2371,4.25.2014,direct
1876,2371,5.25.2014,direct
1877,2371,6.24.2014,direct
1878,2371,7.23.2014,direct
1879,2371,8.21.2014,direct
1880,2371,9.20.2014,direct
1881,2371,10.20.2014,direct
1882,2371,11.19.2014,direct
1883,2371,12.19.2014,direct
1884,2371,1.18.2015,direct
1885,2371,2.17.2015,direct
1886,2371,3.18.2015,direct
1887,2371,4.17.2015,direct
1888,2371,5.16.2015,direct
1889,2371,6.14.2015,direct
1890,2371,7.14.2015,direct
1891,2381,12.14.2013,direct
1892,2381,1.12.2014,direct
1893,2381,2.10.2014,direct
1894,2381,3.12.2014,direct
1895,2381,4.11.2014,direct
1896,2381,5.11.2014,direct
1897,2381,6.9.2014,direct
1898,2381,7.9.2014,direct
1899,2381,8.8.2014,direct
1900,2381,9.7.2014,direct
1901,2381,10.6.2014,direct
1902,2381,11.5.2014,direct
1903,2381,12.4.2014,direct
1904,2381,1.2.2015,direct
1905,2391,8.10.2016,direct
1906,2391,9.9.2016,direct
1907,2391,10.8.2016,direct
1908,2391,11.7.2016,direct
1909,2391,12.6.2016,direct
1910,2401,7.31.2016,direct
1911,2411,12.16.2013,direct
1912,2411,1.14.2014,direct
1913,2411,2.12.2014,direct
1914,2411,3.13.2014,direct
1915,2411,4.12.2014,direct
1916,2411,5.12.2014,direct
1917,2411,6.10.2014,direct
1918,2411,7.10.2014,direct
1919,2411,8.9.2014,direct
1920,2411,9.8.2014,direct
1921,2411,10.7.2014,direct
1922,2411,11.5.2014,direct
1923,2411,12.5.2014,direct
1924,2411,1.3.2015,direct
1925,2411,2.2.2015,direct
1926,2411,3.3.2015,direct
1927,2411,4.1.2015,direct
1928,2411,4.30.2015,direct
1929,2411,5.29.2015,direct
1930,2411,6.28.2015,direct
1931,2411,7.27.2015,direct
1932,2411,8.25.2015,direct
1933,2411,9.24.2015,direct
1934,2411,10.23.2015,direct
1935,2411,11.21.2015,direct
1936,2411,12.21.2015,direct
1937,2411,1.19.2016,direct
1938,2411,2.17.2016,direct
1939,2411,3.17.2016,direct
1940,2411,4.15.2016,direct
1941,2411,5.14.2016,direct
1942,2411,6.12.2016,direct
1943,2411,7.12.2016,direct
1944,2411,8.11.2016,direct
1945,2411,9.10.2016,direct
1946,2411,10.10.2016,direct
1947,2411,11.8.2016,direct
1948,2411,12.8.2016,direct
1949,2421,10.17.2016,direct
1950,2421,11.16.2016,direct
1951,2421,12.15.2016,direct
1952,2431,11.21.2016,direct
1953,2431,12.21.2016,direct
1954,2441,8.23.2016,direct
1955,2441,9.21.2016,direct
1956,2441,10.21.2016,direct
1957,2441,11.20.2016,direct
1958,2441,12.19.2016,direct
1959,2451,12.18.2016,direct
1960,2461,12.29.2013,direct
1961,2461,1.28.2014,direct
1962,2461,2.26.2014,direct
1963,2461,3.28.2014,direct
1964,2461,4.27.2014,direct
1965,2461,5.27.2014,direct
1966,2461,6.26.2014,direct
1967,2461,7.25.2014,direct
1968,2461,8.23.2014,direct
1969,2461,9.21.2014,direct
1970,2461,10.20.2014,direct
1971,2461,11.19.2014,direct
1972,2461,12.18.2014,direct
1973,2461,1.17.2015,direct
1974,2461,2.15.2015,direct
1975,2461,3.16.2015,direct
1976,2461,4.15.2015,direct
1977,2461,5.14.2015,direct
1978,2461,6.12.2015,direct
1979,2461,7.11.2015,direct
1980,2461,8.10.2015,direct
1981,2461,9.9.2015,direct
1982,2461,10.9.2015,direct
1983,2461,11.7.2015,direct
1984,2461,12.6.2015,direct
1985,2461,1.5.2016,direct
1986,2461,2.3.2016,direct
1987,2461,3.4.2016,direct
1988,2461,4.3.2016,direct
1989,2461,5.3.2016,direct
1990,2461,6.1.2016,direct
1991,2461,7.1.2016,direct
1992,2471,7.17.2016,direct
1993,2471,8.16.2016,direct
1994,2471,9.14.2016,direct
1995,2471,10.14.2016,direct
1996,2471,11.13.2016,direct
1997,2471,12.12.2016,direct
1998,2481,12.6.2013,direct
1999,2481,1.5.2014,direct
2000,2481,2.3.2014,direct
2001,2481,3.4.2014,direct
2002,2481,4.3.2014,direct
2003,2481,5.2.2014,direct
2004,2481,5.31.2014,direct
2005,2481,6.29.2014,direct
2006,2481,7.28.2014,direct
2007,2481,8.27.2014,direct
2008,2481,9.25.2014,direct
2009,2481,10.24.2014,direct
2010,2481,11.23.2014,direct
2011,2481,12.22.2014,direct
2012,2481,1.20.2015,direct
2013,2481,2.18.2015,direct
2014,2481,3.19.2015,direct
2015,2481,4.18.2015,direct
2016,2481,5.18.2015,direct
2017,2481,6.16.2015,direct
2018,2481,7.15.2015,direct
2019,2481,8.13.2015,direct
2020,2481,9.11.2015,direct
2021,2481,10.11.2015,direct
2022,2481,11.9.2015,direct
2023,2481,12.8.2015,direct
2024,2481,1.6.2016,direct
2025,2481,2.4.2016,direct
2026,2481,3.4.2016,direct
2027,2481,4.3.2016,direct
2028,2481,5.2.2016,direct
2029,2481,6.1.2016,direct
2030,2481,7.1.2016,direct
2031,2481,7.31.2016,direct
2032,2481,8.29.2016,direct
2033,2481,9.28.2016,direct
2034,2481,10.28.2016,direct
2035,2481,11.27.2016,direct
2036,2481,12.27.2016,direct
2037,2491,11.11.2016,direct
2038,2491,12.11.2016,direct
2039,2501,3.21.2016,direct
2040,2501,4.19.2016,direct
2041,2501,5.19.2016,direct
2042,2501,6.17.2016,direct
2043,2501,7.16.2016,direct
2044,2501,8.15.2016,direct
2045,2501,9.13.2016,direct
2046,2501,10.13.2016,direct
2047,2501,11.11.2016,direct
2048,2501,12.10.2016,direct
2049,2511,6.15.2016,direct
2050,2511,7.15.2016,direct
2051,2511,8.13.2016,direct
2052,2511,9.12.2016,direct
2053,2511,10.12.2016,direct
2054,2511,11.11.2016,direct
2055,2511,12.11.2016,direct
2056,2521,5.14.2016,direct
2057,2521,6.13.2016,direct
2058,2521,7.12.2016,direct
2059,2521,8.11.2016,direct
2060,2521,9.9.2016,direct
2061,2521,10.8.2016,direct
2062,2521,11.6.2016,direct
2063,2521,12.6.2016,direct
2064,2531,12.25.2013,direct
2065,2531,1.23.2014,direct
2066,2531,2.21.2014,direct
2067,2531,3.23.2014,direct
2068,2531,4.21.2014,direct
2069,2531,5.20.2014,direct
2070,2531,6.18.2014,direct
2071,2531,7.17.2014,direct
2072,2531,8.16.2014,direct
2073,2531,9.14.2014,direct
2074,2531,10.14.2014,direct
2075,2531,11.12.2014,direct
2076,2531,12.11.2014,direct
2077,2541,12.21.2013,direct
2078,2541,1.19.2014,direct
2079,2541,2.18.2014,direct
2080,2541,3.20.2014,direct
2081,2541,4.19.2014,direct
2082,2541,5.18.2014,direct
2083,2541,6.17.2014,direct
2084,2541,7.17.2014,direct
2085,2541,8.16.2014,direct
2086,2541,9.15.2014,direct
2087,2541,10.15.2014,direct
2088,2541,11.13.2014,direct
2089,2541,12.12.2014,direct
2090,2541,1.11.2015,direct
2091,2541,2.10.2015,direct
2092,2541,3.11.2015,direct
2093,2541,4.10.2015,direct
2094,2541,5.10.2015,direct
2095,2541,6.8.2015,direct
2096,2541,7.7.2015,direct
2097,2541,8.6.2015,direct
2098,2541,9.4.2015,direct
2099,2541,10.3.2015,direct
2100,2541,11.2.2015,direct
2101,2541,12.1.2015,direct
2102,2541,12.30.2015,direct
2103,2541,1.29.2016,direct
2104,2541,2.27.2016,direct
2105,2541,3.27.2016,direct
2106,2541,4.25.2016,direct
2107,2541,5.24.2016,direct
2108,2541,6.23.2016,direct
2109,2541,7.23.2016,direct
2110,2541,8.22.2016,direct
2111,2541,9.21.2016,direct
2112,2541,10.21.2016,direct
2113,2541,11.20.2016,direct
2114,2541,12.19.2016,direct
2115,2551,6.24.2016,direct
2116,2551,7.23.2016,direct
2117,2551,8.21.2016,direct
2118,2551,9.20.2016,direct
2119,2551,10.20.2016,direct
2120,2551,11.18.2016,direct
2121,2551,12.17.2016,direct
2122,2561,11.23.2016,direct
2123,2561,12.23.2016,direct
2124,2571,12.19.2013,direct
2125,2571,1.17.2014,direct
2126,2571,2.16.2014,direct
2127,2571,3.18.2014,direct
2128,2571,4.16.2014,direct
2129,2571,5.16.2014,direct
2130,2571,6.15.2014,direct
2131,2571,7.15.2014,direct
2132,2571,8.14.2014,direct
2133,2571,9.12.2014,direct
2134,2571,10.11.2014,direct
2135,2571,11.9.2014,direct
2136,2581,10.19.2016,direct
2137,2581,11.18.2016,direct
2138,2581,12.18.2016,direct
2139,2591,12.11.2013,direct
2140,2591,1.10.2014,direct
2141,2591,2.8.2014,direct
2142,2591,3.9.2014,direct
2143,2591,4.7.2014,direct
2144,2591,5.7.2014,direct
2145,2591,6.5.2014,direct
2146,2591,7.4.2014,direct
2147,2591,8.2.2014,direct
2148,2591,8.31.2014,direct
2149,2591,9.30.2014,direct
2150,2591,10.29.2014,direct
2151,2591,11.27.2014,direct
2152,2591,12.27.2014,direct
2153,2591,1.26.2015,direct
2154,2591,2.24.2015,direct
2155,2591,3.25.2015,direct
2156,2591,4.23.2015,direct
2157,2591,5.23.2015,direct
2158,2591,6.22.2015,direct
2159,2591,7.21.2015,direct
2160,2591,8.19.2015,direct
2161,2591,9.18.2015,direct
2162,2591,10.17.2015,direct
2163,2591,11.15.2015,direct
2164,2591,12.14.2015,direct
2165,2591,1.12.2016,direct
2166,2591,2.11.2016,direct
2167,2591,3.12.2016,direct
2168,2591,4.10.2016,direct
2169,2591,5.10.2016,direct
2170,2591,6.8.2016,direct
2171,2591,7.8.2016,direct
2172,2591,8.6.2016,direct
2173,2591,9.4.2016,direct
2174,2591,10.4.2016,direct
2175,2591,11.3.2016,direct
2176,2591,12.2.2016,direct
2177,2591,12.31.2016,direct
2178,2601,2.6.2015,direct
2179,2601,3.7.2015,direct
2180,2601,4.5.2015,direct
2181,2601,5.5.2015,direct
2182,2601,6.3.2015,direct
2183,2601,7.2.2015,direct
2184,2601,7.31.2015,direct
2185,2601,8.29.2015,direct
2186,2601,9.28.2015,direct
2187,2601,10.28.2015,direct
2188,2601,11.27.2015,direct
2189,2611,11.20.2015,direct
2190,2611,12.20.2015,direct
2191,2611,1.19.2016,direct
2192,2611,2.17.2016,direct
2193,2611,3.17.2016,direct
2194,2611,4.16.2016,direct
2195,2611,5.15.2016,direct
2196,2611,6.13.2016,direct
2197,2611,7.13.2016,direct
2198,2611,8.12.2016,direct
2199,2611,9.11.2016,direct
2200,2611,10.11.2016,direct
2201,2611,11.10.2016,direct
2202,2611,12.9.2016,direct
2203,2621,10.15.2016,direct
2204,2621,11.14.2016,direct
2205,2621,12.14.2016,direct
2206,2631,12.23.2013,direct
2207,2631,1.21.2014,direct
2208,2631,2.19.2014,direct
2209,2631,3.20.2014,direct
2210,2631,4.18.2014,direct
2211,2631,5.18.2014,direct
2212,2631,6.16.2014,direct
2213,2631,7.15.2014,direct
2214,2631,8.14.2014,direct
2215,2631,9.13.2014,direct
2216,2631,10.13.2014,direct
2217,2631,11.12.2014,direct
2218,2631,12.11.2014,direct
2219,2631,1.10.2015,direct
2220,2631,2.8.2015,direct
2221,2631,3.9.2015,direct
2222,2631,4.8.2015,direct
2223,2631,5.8.2015,direct
2224,2631,6.7.2015,direct
2225,2631,7.7.2015,direct
2226,2631,8.6.2015,direct
2227,2631,9.4.2015,direct
2228,2631,10.4.2015,direct
2229,2631,11.2.2015,direct
2230,2631,12.1.2015,direct
2231,2631,12.31.2015,direct
2232,2631,1.29.2016,direct
2233,2631,2.28.2016,direct
2234,2631,3.29.2016,direct
2235,2631,4.27.2016,direct
2236,2631,5.27.2016,direct
2237,2631,6.26.2016,direct
2238,2631,7.25.2016,direct
2239,2631,8.23.2016,direct
2240,2631,9.21.2016,direct
2241,2631,10.20.2016,direct
2242,2631,11.18.2016,direct
2243,2631,12.17.2016,direct
2244,2641,3.27.2016,direct
2245,2641,4.25.2016,direct
2246,2641,5.24.2016,direct
2247,2641,6.23.2016,direct
2248,2641,7.22.2016,direct
2249,2641,8.20.2016,direct
2250,2641,9.19.2016,direct
2251,2641,10.19.2016,direct
2252,2641,11.17.2016,direct
2253,2641,12.16.2016,direct
2254,2651,4.21.2016,direct
2255,2651,5.21.2016,direct
2256,2651,6.19.2016,direct
2257,2651,7.19.2016,direct
2258,2651,8.17.2016,direct
2259,2651,9.16.2016,direct
2260,2651,10.15.2016,direct
2261,2651,11.13.2016,direct
2262,2661,6.2.2016,direct
2263,2661,7.2.2016,direct
2264,2661,7.31.2016,direct
2265,2661,8.30.2016,direct
2266,2661,9.28.2016,direct
2267,2661,10.27.2016,direct
2268,2661,11.25.2016,direct
2269,2661,12.24.2016,direct
2270,2671,12.17.2014,direct
2271,2671,1.15.2015,direct
2272,2671,2.13.2015,direct
2273,2671,3.14.2015,direct
2274,2671,4.12.2015,direct
2275,2671,5.11.2015,direct
2276,2671,6.9.2015,direct
2277,2671,7.9.2015,direct
2278,2671,8.8.2015,direct
2279,2671,9.7.2015,direct
2280,2671,10.7.2015,direct
2281,2671,11.6.2015,direct
2282,2671,12.6.2015,direct
2283,2671,1.4.2016,direct
2284,2671,2.2.2016,direct
2285,2671,3.2.2016,direct
2286,2671,4.1.2016,direct
2287,2671,4.30.2016,direct
2288,2671,5.30.2016,direct
2289,2671,6.29.2016,direct
2290,2671,7.29.2016,direct
2291,2671,8.27.2016,direct
2292,2671,9.25.2016,direct
2293,2671,10.25.2016,direct
2294,2671,11.23.2016,direct
2295,2671,12.23.2016,direct
2296,2681,3.27.2015,direct
2297,2681,4.26.2015,direct
2298,2681,5.25.2015,direct
2299,2681,6.24.2015,direct
2300,2681,7.24.2015,direct
2301,2681,8.22.2015,direct
2302,2681,9.21.2015,direct
2303,2681,10.20.2015,direct
2304,2681,11.19.2015,direct
2305,2681,12.19.2015,direct
2306,2681,1.18.2016,direct
2307,2681,2.16.2016,direct
2308,2681,3.17.2016,direct
2309,2681,4.16.2016,direct
2310,2681,5.15.2016,direct
2311,2681,6.13.2016,direct
2312,2681,7.12.2016,direct
2313,2681,8.10.2016,direct
2314,2681,9.9.2016,direct
2315,2681,10.9.2016,direct
2316,2681,11.8.2016,direct
2317,2681,12.8.2016,direct
2318,2691,8.12.2015,direct
2319,2691,9.11.2015,direct
2320,2691,10.10.2015,direct
2321,2691,11.9.2015,direct
2322,2691,12.9.2015,direct
2323,2691,1.7.2016,direct
2324,2691,2.6.2016,direct
2325,2691,3.7.2016,direct
2326,2691,4.5.2016,direct
2327,2691,5.5.2016,direct
2328,2691,6.3.2016,direct
2329,2691,7.3.2016,direct
2330,2691,8.1.2016,direct
2331,2691,8.30.2016,direct
2332,2691,9.29.2016,direct
2333,2691,10.29.2016,direct
2334,2691,11.28.2016,direct
2335,2691,12.28.2016,direct
2336,2701,11.24.2015,direct
2337,2701,12.24.2015,direct
2338,2701,1.23.2016,direct
2339,2701,2.22.2016,direct
2340,2701,3.22.2016,direct
2341,2701,4.20.2016,direct
2342,2701,5.20.2016,direct
2343,2701,6.19.2016,direct
2344,2701,7.18.2016,direct
2345,2701,8.16.2016,direct
2346,2701,9.15.2016,direct
2347,2701,10.14.2016,direct
2348,2701,11.12.2016,direct
2349,2701,12.11.2016,direct
2350,2711,4.19.2016,direct
2351,2711,5.19.2016,direct
2352,2711,6.18.2016,direct
2353,2711,7.17.2016,direct
2354,2711,8.16.2016,direct
2355,2711,9.14.2016,direct
2356,2711,10.13.2016,direct
2357,2711,11.12.2016,direct
2358,2711,12.11.2016,direct
2359,2721,11.15.2016,direct
2360,2721,12.15.2016,direct
2361,2731,12.8.2013,direct
2362,2731,1.7.2014,direct
2363,2731,2.5.2014,direct
2364,2731,3.6.2014,direct
2365,2731,4.5.2014,direct
2366,2731,5.5.2014,direct
2367,2731,6.4.2014,direct
2368,2731,7.4.2014,direct
2369,2731,8.3.2014,direct
2370,2731,9.1.2014,direct
2371,2731,9.30.2014,direct
2372,2731,10.29.2014,direct
2373,2731,11.27.2014,direct
2374,2731,12.27.2014,direct
2375,2731,1.25.2015,direct
2376,2731,2.23.2015,direct
2377,2731,3.24.2015,direct
2378,2731,4.22.2015,direct
2379,2731,5.22.2015,direct
2380,2731,6.21.2015,direct
2381,2731,7.20.2015,direct
2382,2731,8.18.2015,direct
2383,2731,9.17.2015,direct
2384,2731,10.17.2015,direct
2385,2731,11.15.2015,direct
2386,2731,12.14.2015,direct
2387,2731,1.13.2016,direct
2388,2731,2.12.2016,direct
2389,2731,3.12.2016,direct
2390,2731,4.10.2016,direct
2391,2731,5.9.2016,direct
2392,2731,6.8.2016,direct
2393,2731,7.8.2016,direct
2394,2731,8.7.2016,direct
2395,2731,9.5.2016,direct
2396,2731,10.5.2016,direct
2397,2731,11.3.2016,direct
2398,2731,12.2.2016,direct
2399,2731,12.31.2016,direct
2400,2741,7.19.2016,direct
2401,2741,8.18.2016,direct
2402,2741,9.17.2016,direct
2403,2741,10.17.2016,direct
2404,2741,11.16.2016,direct
2405,2741,12.15.2016,direct
2406,2751,10.28.2016,direct
2407,2751,11.26.2016,direct
2408,2751,12.26.2016,direct
2409,2761,10.12.2016,direct
2410,2761,11.11.2016,direct
2411,2761,12.10.2016,direct
2412,2771,12.19.2013,direct
2413,2771,1.18.2014,direct
2414,2771,2.16.2014,direct
2415,2771,3.18.2014,direct
2416,2781,12.10.2016,direct
2417,2791,10.28.2016,direct
2418,2791,11.27.2016,direct
2419,2791,12.26.2016,direct
2420,2801,3.7.2016,direct
2421,2801,4.5.2016,direct
2422,2801,5.5.2016,direct
2423,2801,6.3.2016,direct
2424,2801,7.3.2016,direct
2425,2811,10.1.2016,direct
2426,2811,10.30.2016,direct
2427,2811,11.28.2016,direct
2428,2811,12.27.2016,direct
2429,2821,7.31.2016,direct
2430,2821,8.29.2016,direct
2431,2821,9.27.2016,direct
2432,2821,10.26.2016,direct
2433,2821,11.24.2016,direct
2434,2821,12.23.2016,direct
2435,2831,4.26.2016,direct
2436,2831,5.25.2016,direct
2437,2831,6.23.2016,direct
2438,2831,7.22.2016,direct
2439,2831,8.20.2016,direct
2440,2831,9.18.2016,direct
2441,2831,10.18.2016,direct
2442,2831,11.17.2016,direct
2443,2831,12.16.2016,direct
2444,2841,1.9.2016,direct
2445,2841,2.8.2016,direct
2446,2841,3.9.2016,direct
2447,2841,4.8.2016,direct
2448,2841,5.8.2016,direct
2449,2841,6.6.2016,direct
2450,2841,7.6.2016,direct
2451,2841,8.5.2016,direct
2452,2841,9.4.2016,direct
2453,2841,10.3.2016,direct
2454,2841,11.1.2016,direct
2455,2841,11.30.2016,direct
2456,2841,12.30.2016,direct
2457,2851,12.8.2015,direct
2458,2851,1.6.2016,direct
2459,2851,2.5.2016,direct
2460,2851,3.5.2016,direct
2461,2851,4.3.2016,direct
2462,2851,5.2.2016,direct
2463,2851,5.31.2016,direct
2464,2851,6.30.2016,direct
2465,2851,7.29.2016,direct
2466,2851,8.28.2016,direct
2467,2851,9.26.2016,direct
2468,2851,10.26.2016,direct
2469,2851,11.25.2016,direct
2470,2851,12.24.2016,direct
2471,2861,12.4.2013,direct
2472,2861,1.2.2014,direct
2473,2861,2.1.2014,direct
2474,2861,3.3.2014,direct
2475,2861,4.1.2014,direct
2476,2861,4.30.2014,direct
2477,2861,5.30.2014,direct
2478,2861,6.29.2014,direct
2479,2861,7.28.2014,direct
2480,2861,8.27.2014,direct
2481,2861,9.25.2014,direct
2482,2861,10.24.2014,direct
2483,2861,11.23.2014,direct
2484,2861,12.22.2014,direct
2485,2861,1.20.2015,direct
2486,2861,2.19.2015,direct
2487,2861,3.21.2015,direct
2488,2861,4.19.2015,direct
2489,2861,5.18.2015,direct
2490,2861,6.16.2015,direct
2491,2861,7.16.2015,direct
2492,2861,8.14.2015,direct
2493,2861,9.12.2015,direct
2494,2861,10.12.2015,direct
2495,2861,11.10.2015,direct
2496,2861,12.10.2015,direct
2497,2861,1.8.2016,direct
2498,2861,2.6.2016,direct
2499,2861,3.7.2016,direct
2500,2861,4.6.2016,direct
2501,2861,5.6.2016,direct
2502,2861,6.4.2016,direct
2503,2861,7.3.2016,direct
2504,2861,8.2.2016,direct
2505,2861,8.31.2016,direct
2506,2861,9.29.2016,direct
2507,2861,10.28.2016,direct
2508,2861,11.26.2016,direct
2509,2861,12.26.2016,direct
2510,2871,12.14.2013,direct
2511,2871,1.12.2014,direct
2512,2871,2.10.2014,direct
2513,2871,3.11.2014,direct
2514,2871,4.9.2014,direct
2515,2871,5.9.2014,direct
2516,2871,6.7.2014,direct
2517,2871,7.7.2014,direct
2518,2871,8.6.2014,direct
2519,2871,9.4.2014,direct
2520,2871,10.4.2014,direct
2521,2871,11.3.2014,direct
2522,2871,12.3.2014,direct
2523,2871,1.1.2015,direct
2524,2871,1.31.2015,direct
2525,2871,3.1.2015,direct
2526,2871,3.30.2015,direct
2527,2871,4.29.2015,direct
2528,2871,5.28.2015,direct
2529,2871,6.26.2015,direct
2530,2871,7.25.2015,direct
2531,2871,8.23.2015,direct
2532,2871,9.22.2015,direct
2533,2871,10.21.2015,direct
2534,2871,11.20.2015,direct
2535,2871,12.20.2015,direct
2536,2871,1.18.2016,direct
2537,2871,2.17.2016,direct
2538,2871,3.17.2016,direct
2539,2871,4.16.2016,direct
2540,2871,5.16.2016,direct
2541,2871,6.14.2016,direct
2542,2871,7.13.2016,direct
2543,2871,8.11.2016,direct
2544,2871,9.9.2016,direct
2545,2871,10.9.2016,direct
2546,2871,11.8.2016,direct
2547,2871,12.8.2016,direct
2548,2881,12.22.2013,direct
2549,2881,1.21.2014,direct
2550,2881,2.20.2014,direct
2551,2881,3.21.2014,direct
2552,2881,4.19.2014,direct
2553,2881,5.19.2014,direct
2554,2881,6.18.2014,direct
2555,2881,7.18.2014,direct
2556,2881,8.16.2014,direct
2557,2881,9.14.2014,direct
2558,2881,10.14.2014,direct
2559,2881,11.12.2014,direct
2560,2881,12.11.2014,direct
2561,2881,1.10.2015,direct
2562,2881,2.9.2015,direct
2563,2881,3.11.2015,direct
2564,2881,4.9.2015,direct
2565,2881,5.9.2015,direct
2566,2881,6.7.2015,direct
2567,2881,7.6.2015,direct
2568,2881,8.5.2015,direct
2569,2881,9.4.2015,direct
2570,2881,10.3.2015,direct
2571,2881,11.2.2015,direct
2572,2881,12.2.2015,direct
2573,2881,1.1.2016,direct
2574,2881,1.30.2016,direct
2575,2881,2.28.2016,direct
2576,2881,3.28.2016,direct
2577,2881,4.27.2016,direct
2578,2881,5.27.2016,direct
2579,2881,6.25.2016,direct
2580,2881,7.25.2016,direct
2581,2881,8.23.2016,direct
2582,2881,9.22.2016,direct
2583,2881,10.22.2016,direct
2584,2881,11.21.2016,direct
2585,2881,12.20.2016,direct
2586,2891,11.10.2016,direct
2587,2891,12.9.2016,direct
2588,2901,3.8.2016,direct
2589,2901,4.6.2016,direct
2590,2901,5.5.2016,direct
2591,2901,6.3.2016,direct
2592,2901,7.2.2016,direct
2593,2901,7.31.2016,direct
2594,2901,8.30.2016,direct
2595,2901,9.28.2016,direct
2596,2901,10.28.2016,direct
2597,2901,11.26.2016,direct
2598,2901,12.26.2016,direct
2599,2911,12.10.2015,direct
2600,2911,1.9.2016,direct
2601,2911,2.8.2016,direct
2602,2911,3.9.2016,direct
2603,2911,4.8.2016,direct
2604,2911,5.7.2016,direct
2605,2911,6.5.2016,direct
2606,2911,7.4.2016,direct
2607,2911,8.3.2016,direct
2608,2911,9.1.2016,direct
2609,2911,10.1.2016,direct
2610,2911,10.30.2016,direct
2611,2911,11.29.2016,direct
2612,2911,12.29.2016,direct
2613,2921,3.22.2016,direct
2614,2921,4.21.2016,direct
2615,2921,5.21.2016,direct
2616,2921,6.20.2016,direct
2617,2921,7.19.2016,direct
2618,2921,8.17.2016,direct
2619,2921,9.16.2016,direct
2620,2921,10.16.2016,direct
2621,2921,11.15.2016,direct
2622,2921,12.14.2016,direct
2623,2931,12.18.2013,direct
2624,2931,1.16.2014,direct
2625,2931,2.14.2014,direct
2626,2931,3.15.2014,direct
2627,2931,4.14.2014,direct
2628,2931,5.13.2014,direct
2629,2931,6.11.2014,direct
2630,2931,7.10.2014,direct
2631,2931,8.8.2014,direct
2632,2931,9.6.2014,direct
2633,2931,10.5.2014,direct
2634,2931,11.3.2014,direct
2635,2931,12.2.2014,direct
2636,2931,12.31.2014,direct
2637,2931,1.30.2015,direct
2638,2931,2.28.2015,direct
2639,2931,3.29.2015,direct
2640,2931,4.28.2015,direct
2641,2931,5.27.2015,direct
2642,2931,6.25.2015,direct
2643,2931,7.25.2015,direct
2644,2931,8.23.2015,direct
2645,2931,9.22.2015,direct
2646,2931,10.22.2015,direct
2647,2931,11.20.2015,direct
2648,2931,12.19.2015,direct
2649,2931,1.18.2016,direct
2650,2931,2.17.2016,direct
2651,2931,3.18.2016,direct
2652,2931,4.16.2016,direct
2653,2931,5.16.2016,direct
2654,2931,6.14.2016,direct
2655,2931,7.14.2016,direct
2656,2931,8.13.2016,direct
2657,2931,9.12.2016,direct
2658,2931,10.11.2016,direct
2659,2931,11.10.2016,direct
2660,2931,12.9.2016,direct
2661,2941,12.28.2016,direct
2662,2951,12.22.2015,direct
2663,2951,1.20.2016,direct
2664,2951,2.18.2016,direct
2665,2951,3.19.2016,direct
2666,2951,4.17.2016,direct
2667,2951,5.16.2016,direct
2668,2951,6.15.2016,direct
2669,2951,7.15.2016,direct
2670,2951,8.14.2016,direct
2671,2951,9.13.2016,direct
2672,2951,10.12.2016,direct
2673,2951,11.10.2016,direct
2674,2951,12.10.2016,direct
2675,2961,8.13.2016,direct
2676,2961,9.11.2016,direct
2677,2961,10.10.2016,direct
2678,2961,11.8.2016,direct
2679,2961,12.7.2016,direct
2680,2971,12.30.2013,direct
2681,2971,1.29.2014,direct
2682,2971,2.27.2014,direct
2683,2971,3.29.2014,direct
2684,2971,4.27.2014,direct
2685,2971,5.27.2014,direct
2686,2971,6.25.2014,direct
2687,2971,7.25.2014,direct
2688,2971,8.24.2014,direct
2689,2971,9.22.2014,direct
2690,2971,10.21.2014,direct
2691,2971,11.20.2014,direct
2692,2971,12.19.2014,direct
2693,2971,1.18.2015,direct
2694,2971,2.16.2015,direct
2695,2971,3.18.2015,direct
2696,2971,4.17.2015,direct
2697,2971,5.16.2015,direct
2698,2981,8.4.2016,direct
2699,2981,9.2.2016,direct
2700,2981,10.1.2016,direct
2701,2981,10.31.2016,direct
2702,2981,11.30.2016,direct
2703,2981,12.30.2016,direct
2704,2991,3.1.2016,direct
2705,2991,3.31.2016,direct
2706,2991,4.30.2016,direct
2707,2991,5.29.2016,direct
2708,2991,6.28.2016,direct
2709,2991,7.28.2016,direct
2710,2991,8.26.2016,direct
2711,2991,9.24.2016,direct
2712,2991,10.23.2016,direct
2713,2991,11.21.2016,direct
2714,2991,12.21.2016,direct
2715,3001,1.21.2016,direct
2716,3001,2.20.2016,direct
2717,3001,3.21.2016,direct
2718,3001,4.20.2016,direct
2719,3001,5.20.2016,direct
2720,3001,6.18.2016,direct
2721,3001,7.17.2016,direct
2722,3001,8.15.2016,direct
2723,3001,9.14.2016,direct
2724,3001,10.13.2016,direct
2725,3001,11.11.2016,direct
2726,3001,12.10.2016,direct
2727,3011,5.23.2016,direct
2728,3021,12.3.2016,direct
2729,3031,4.11.2016,direct
2730,3031,5.11.2016,direct
2731,3031,6.10.2016,direct
2732,3031,7.9.2016,direct
2733,3031,8.8.2016,direct
2734,3031,9.6.2016,direct
2735,3031,10.6.2016,direct
2736,3031,11.4.2016,direct
2737,3031,12.3.2016,direct
2738,3031,1.1.2017,direct
2739,3041,3.10.2016,direct
2740,3041,4.8.2016,direct
2741,3041,5.7.2016,direct
2742,3041,6.6.2016,direct
2743,3041,7.6.2016,direct
2744,3041,8.4.2016,direct
2745,3041,9.3.2016,direct
2746,3041,10.2.2016,direct
2747,3041,10.31.2016,direct
2748,3041,11.30.2016,direct
2749,3041,12.29.2016,direct
2750,3051,12.17.2013,direct
2751,3051,1.15.2014,direct
2752,3051,2.13.2014,direct
2753,3051,3.15.2014,direct
2754,3051,4.13.2014,direct
2755,3051,5.12.2014,direct
2756,3051,6.10.2014,direct
2757,3051,7.10.2014,direct
2758,3051,8.8.2014,direct
2759,3051,9.6.2014,direct
2760,3051,10.6.2014,direct
2761,3051,11.4.2014,direct
2762,3051,12.4.2014,direct
2763,3051,1.3.2015,direct
2764,3051,2.1.2015,direct
2765,3051,3.3.2015,direct
2766,3051,4.1.2015,direct
2767,3051,5.1.2015,direct
2768,3051,5.30.2015,direct
2769,3051,6.29.2015,direct
2770,3051,7.29.2015,direct
2771,3051,8.27.2015,direct
2772,3051,9.25.2015,direct
2773,3051,10.25.2015,direct
2774,3051,11.23.2015,direct
2775,3051,12.22.2015,direct
2776,3051,1.20.2016,direct
2777,3051,2.18.2016,direct
2778,3051,3.19.2016,direct
2779,3051,4.18.2016,direct
2780,3051,5.18.2016,direct
2781,3051,6.16.2016,direct
2782,3051,7.15.2016,direct
2783,3051,8.13.2016,direct
2784,3051,9.11.2016,direct
2785,3051,10.10.2016,direct
2786,3051,11.9.2016,direct
2787,3051,12.8.2016,direct
2788,3061,2.6.2015,direct
2789,3061,3.7.2015,direct
2790,3061,4.6.2015,direct
2791,3061,5.6.2015,direct
2792,3061,6.4.2015,direct
2793,3061,7.4.2015,direct
2794,3061,8.3.2015,direct
2795,3061,9.1.2015,direct
2796,3061,10.1.2015,direct
2797,3061,10.30.2015,direct
2798,3061,11.29.2015,direct
2799,3061,12.29.2015,direct
2800,3061,1.28.2016,direct
2801,3061,2.27.2016,direct
2802,3061,3.27.2016,direct
2803,3061,4.25.2016,direct
2804,3061,5.24.2016,direct
2805,3061,6.22.2016,direct
2806,3061,7.22.2016,direct
2807,3061,8.20.2016,direct
2808,3061,9.18.2016,direct
2809,3061,10.17.2016,direct
2810,3061,11.15.2016,direct
2811,3061,12.15.2016,direct
2812,3071,12.27.2016,direct
2813,3081,5.22.2016,direct
2814,3081,6.21.2016,direct
2815,3081,7.20.2016,direct
2816,3081,8.19.2016,direct
2817,3081,9.18.2016,direct
2818,3081,10.17.2016,direct
2819,3081,11.16.2016,direct
2820,3081,12.16.2016,direct
2821,3091,12.4.2016,direct
2822,3101,12.31.2013,direct
2823,3101,1.29.2014,direct
2824,3101,2.27.2014,direct
2825,3101,3.29.2014,direct
2826,3101,4.27.2014,direct
2827,3101,5.27.2014,direct
2828,3111,6.20.2015,direct
2829,3111,7.19.2015,direct
2830,3111,8.17.2015,direct
2831,3111,9.15.2015,direct
2832,3111,10.14.2015,direct
2833,3111,11.12.2015,direct
2834,3111,12.12.2015,direct
2835,3111,1.10.2016,direct
2836,3111,2.9.2016,direct
2837,3111,3.9.2016,direct
2838,3111,4.7.2016,direct
2839,3111,5.6.2016,direct
2840,3111,6.4.2016,direct
2841,3111,7.4.2016,direct
2842,3111,8.2.2016,direct
2843,3111,8.31.2016,direct
2844,3111,9.30.2016,direct
2845,3111,10.30.2016,direct
2846,3111,11.28.2016,direct
2847,3111,12.27.2016,direct
2848,3121,2.7.2016,direct
2849,3121,3.7.2016,direct
2850,3121,4.5.2016,direct
2851,3121,5.5.2016,direct
2852,3121,6.3.2016,direct
2853,3121,7.3.2016,direct
2854,3121,8.2.2016,direct
2855,3121,8.31.2016,direct
2856,3121,9.29.2016,direct
2857,3121,10.29.2016,direct
2858,3121,11.27.2016,direct
2859,3121,12.26.2016,direct
2860,3131,3.1.2016,direct
2861,3131,3.30.2016,direct
2862,3131,4.28.2016,direct
2863,3131,5.28.2016,direct
2864,3131,6.26.2016,direct
2865,3131,7.26.2016,direct
2866,3131,8.24.2016,direct
2867,3131,9.22.2016,direct
2868,3131,10.22.2016,direct
2869,3131,11.21.2016,direct
2870,3131,12.21.2016,direct
2871,3141,12.8.2013,direct
2872,3141,1.6.2014,direct
2873,3141,2.4.2014,direct
2874,3141,3.5.2014,direct
2875,3141,4.4.2014,direct
2876,3141,5.4.2014,direct
2877,3141,6.2.2014,direct
2878,3141,7.1.2014,direct
2879,3141,7.30.2014,direct
2880,3141,8.28.2014,direct
2881,3141,9.27.2014,direct
2882,3141,10.26.2014,direct
2883,3141,11.24.2014,direct
2884,3141,12.24.2014,direct
2885,3141,1.23.2015,direct
2886,3141,2.21.2015,direct
2887,3141,3.22.2015,direct
2888,3141,4.21.2015,direct
2889,3141,5.21.2015,direct
2890,3141,6.20.2015,direct
2891,3141,7.19.2015,direct
2892,3141,8.17.2015,direct
2893,3141,9.16.2015,direct
2894,3141,10.16.2015,direct
2895,3141,11.15.2015,direct
2896,3141,12.14.2015,direct
2897,3141,1.13.2016,direct
2898,3141,2.12.2016,direct
2899,3141,3.13.2016,direct
2900,3141,4.11.2016,direct
2901,3141,5.10.2016,direct
2902,3141,6.8.2016,direct
2903,3141,7.8.2016,direct
2904,3141,8.7.2016,direct
2905,3141,9.6.2016,direct
2906,3141,10.5.2016,direct
2907,3141,11.3.2016,direct
2908,3141,12.2.2016,direct
2909,3141,1.1.2017,direct
2910,3151,1.1.2017,direct
2911,3161,9.18.2015,direct
2912,3161,10.17.2015,direct
2913,3161,11.15.2015,direct
2914,3161,12.15.2015,direct
2915,3161,1.13.2016,direct
2916,3161,2.11.2016,direct
2917,3161,3.12.2016,direct
2918,3161,4.11.2016,direct
2919,3161,5.11.2016,direct
2920,3161,6.10.2016,direct
2921,3161,7.10.2016,direct
2922,3161,8.9.2016,direct
2923,3161,9.8.2016,direct
2924,3171,4.28.2016,direct
2925,3171,5.27.2016,direct
2926,3171,6.25.2016,direct
2927,3171,7.24.2016,direct
2928,3171,8.23.2016,direct
2929,3171,9.22.2016,direct
2930,3171,10.22.2016,direct
2931,3171,11.21.2016,direct
2932,3171,12.21.2016,direct
2933,3181,11.15.2015,direct
2934,3181,12.15.2015,direct
2935,3181,1.13.2016,direct
2936,3181,2.12.2016,direct
2937,3181,3.12.2016,direct
2938,3181,4.10.2016,direct
2939,3181,5.10.2016,direct
2940,3181,6.9.2016,direct
2941,3181,7.9.2016,direct
2942,3181,8.7.2016,direct
2943,3181,9.6.2016,direct
2944,3181,10.5.2016,direct
2945,3181,11.3.2016,direct
2946,3181,12.2.2016,direct
2947,3181,12.31.2016,direct
2948,3191,10.25.2015,direct
2949,3191,11.24.2015,direct
2950,3191,12.24.2015,direct
2951,3191,1.23.2016,direct
2952,3191,2.22.2016,direct
2953,3191,3.23.2016,direct
2954,3191,4.21.2016,direct
2955,3191,5.20.2016,direct
2956,3191,6.18.2016,direct
2957,3191,7.18.2016,direct
2958,3191,8.16.2016,direct
2959,3191,9.15.2016,direct
2960,3191,10.15.2016,direct
2961,3191,11.14.2016,direct
2962,3191,12.13.2016,direct
2963,3201,11.19.2016,direct
2964,3211,11.29.2016,direct
2965,3211,12.29.2016,direct
2966,3221,5.22.2014,direct
2967,3221,6.20.2014,direct
2968,3221,7.19.2014,direct
2969,3221,8.18.2014,direct
2970,3221,9.17.2014,direct
2971,3221,10.16.2014,direct
2972,3231,4.26.2014,direct
2973,3231,5.25.2014,direct
2974,3231,6.23.2014,direct
2975,3231,7.23.2014,direct
2976,3231,8.21.2014,direct
2977,3231,9.19.2014,direct
2978,3231,10.19.2014,direct
2979,3231,11.18.2014,direct
2980,3241,10.2.2015,direct
2981,3241,11.1.2015,direct
2982,3241,11.30.2015,direct
2983,3241,12.30.2015,direct
2984,3241,1.28.2016,direct
2985,3241,2.26.2016,direct
2986,3241,3.27.2016,direct
2987,3241,4.25.2016,direct
2988,3241,5.24.2016,direct
2989,3241,6.23.2016,direct
2990,3241,7.23.2016,direct
2991,3241,8.21.2016,direct
2992,3241,9.19.2016,direct
2993,3241,10.19.2016,direct
2994,3241,11.17.2016,direct
2995,3241,12.17.2016,direct
2996,3251,12.6.2013,direct
2997,3251,1.5.2014,direct
2998,3251,2.3.2014,direct
2999,3251,3.4.2014,direct
3000,3251,4.2.2014,direct
3001,3251,5.1.2014,direct
3002,3251,5.31.2014,direct
3003,3251,6.29.2014,direct
3004,3251,7.29.2014,direct
3005,3251,8.28.2014,direct
3006,3251,9.26.2014,direct
3007,3251,10.25.2014,direct
3008,3251,11.23.2014,direct
3009,3251,12.23.2014,direct
3010,3251,1.21.2015,direct
3011,3251,2.19.2015,direct
3012,3251,3.21.2015,direct
3013,3251,4.20.2015,direct
3014,3251,5.20.2015,direct
3015,3251,6.18.2015,direct
3016,3251,7.17.2015,direct
3017,3251,8.15.2015,direct
3018,3251,9.13.2015,direct
3019,3251,10.13.2015,direct
3020,3251,11.11.2015,direct
3021,3261,9.18.2014,direct
3022,3261,10.18.2014,direct
3023,3261,11.17.2014,direct
3024,3261,12.17.2014,direct
3025,3261,1.16.2015,direct
3026,3261,2.15.2015,direct
3027,3261,3.17.2015,direct
3028,3261,4.16.2015,direct
3029,3261,5.15.2015,direct
3030,3261,6.13.2015,direct
3031,3261,7.13.2015,direct
3032,3261,8.11.2015,direct
3033,3261,9.10.2015,direct
3034,3261,10.9.2015,direct
3035,3261,11.7.2015,direct
3036,3261,12.7.2015,direct
3037,3261,1.5.2016,direct
3038,3261,2.3.2016,direct
3039,3261,3.3.2016,direct
3040,3261,4.1.2016,direct
3041,3261,4.30.2016,direct
3042,3261,5.29.2016,direct
3043,3261,6.28.2016,direct
3044,3261,7.28.2016,direct
3045,3261,8.27.2016,direct
3046,3261,9.25.2016,direct
3047,3261,10.25.2016,direct
3048,3261,11.24.2016,direct
3049,3261,12.23.2016,direct
3050,3271,3.7.2016,direct
3051,3271,4.6.2016,direct
3052,3271,5.6.2016,direct
3053,3281,10.15.2016,direct
3054,3291,4.17.2016,direct
3055,3291,5.16.2016,direct
3056,3291,6.14.2016,direct
3057,3291,7.13.2016,direct
3058,3291,8.11.2016,direct
3059,3291,9.10.2016,direct
3060,3291,10.10.2016,direct
3061,3291,11.9.2016,direct
3062,3291,12.9.2016,direct
3063,3301,2.9.2016,direct
3064,3301,3.9.2016,direct
3065,3311,9.2.2015,direct
3066,3311,10.1.2015,direct
3067,3311,10.30.2015,direct
3068,3311,11.28.2015,direct
3069,3311,12.28.2015,direct
3070,3311,1.27.2016,direct
3071,3311,2.26.2016,direct
3072,3311,3.26.2016,direct
3073,3311,4.25.2016,direct
3074,3311,5.24.2016,direct
3075,3311,6.23.2016,direct
3076,3311,7.23.2016,direct
3077,3311,8.21.2016,direct
3078,3311,9.20.2016,direct
3079,3311,10.19.2016,direct
3080,3311,11.17.2016,direct
3081,3311,12.17.2016,direct
3082,3321,8.5.2015,direct
3083,3321,9.3.2015,direct
3084,3321,10.2.2015,direct
3085,3321,11.1.2015,direct
3086,3321,12.1.2015,direct
3087,3321,12.31.2015,direct
3088,3321,1.30.2016,direct
3089,3321,2.28.2016,direct
3090,3321,3.29.2016,direct
3091,3321,4.28.2016,direct
3092,3321,5.28.2016,direct
3093,3321,6.26.2016,direct
3094,3321,7.25.2016,direct
3095,3321,8.23.2016,direct
3096,3321,9.21.2016,direct
3097,3321,10.20.2016,direct
3098,3331,11.4.2016,direct
3099,3331,12.4.2016,direct
3100,3341,4.4.2016,direct
3101,3341,5.3.2016,direct
3102,3341,6.2.2016,direct
3103,3341,7.1.2016,direct
3104,3341,7.30.2016,direct
3105,3341,8.29.2016,direct
3106,3341,9.28.2016,direct
3107,3341,10.28.2016,direct
3108,3341,11.26.2016,direct
3109,3341,12.26.2016,direct
3110,3351,9.29.2016,direct
3111,3351,10.28.2016,direct
3112,3351,11.26.2016,direct
3113,3351,12.25.2016,direct
3114,3361,6.21.2016,direct
3115,3361,7.20.2016,direct
3116,3361,8.19.2016,direct
3117,3361,9.18.2016,direct
3118,3361,10.17.2016,direct
3119,3361,11.15.2016,direct
3120,3361,12.14.2016,direct
3121,3371,12.31.2013,direct
3122,3381,5.30.2016,direct
3123,3381,6.29.2016,direct
3124,3381,7.29.2016,direct
3125,3381,8.27.2016,direct
3126,3391,5.28.2016,direct
3127,3391,6.26.2016,direct
3128,3391,7.25.2016,direct
3129,3391,8.24.2016,direct
3130,3391,9.22.2016,direct
3131,3391,10.21.2016,direct
3132,3391,11.19.2016,direct
3133,3391,12.18.2016,direct
3134,3401,12.28.2016,direct
3135,3411,12.13.2013,direct
3136,3411,1.11.2014,direct
3137,3411,2.9.2014,direct
3138,3411,3.11.2014,direct
3139,3411,4.9.2014,direct
3140,3411,5.8.2014,direct
3141,3411,6.6.2014,direct
3142,3411,7.6.2014,direct
3143,3411,8.5.2014,direct
3144,3411,9.3.2014,direct
3145,3411,10.3.2014,direct
3146,3411,11.1.2014,direct
3147,3411,11.30.2014,direct
3148,3411,12.29.2014,direct
3149,3411,1.28.2015,direct
3150,3411,2.27.2015,direct
3151,3411,3.28.2015,direct
3152,3411,4.27.2015,direct
3153,3411,5.26.2015,direct
3154,3411,6.24.2015,direct
3155,3411,7.23.2015,direct
3156,3411,8.22.2015,direct
3157,3411,9.21.2015,direct
3158,3411,10.21.2015,direct
3159,3411,11.20.2015,direct
3160,3411,12.19.2015,direct
3161,3411,1.17.2016,direct
3162,3411,2.15.2016,direct
3163,3411,3.15.2016,direct
3164,3411,4.13.2016,direct
3165,3411,5.13.2016,direct
3166,3411,6.11.2016,direct
3167,3411,7.11.2016,direct
3168,3411,8.9.2016,direct
3169,3411,9.8.2016,direct
3170,3411,10.8.2016,direct
3171,3411,11.7.2016,direct
3172,3411,12.7.2016,direct
3173,3421,1.9.2016,direct
3174,3421,2.7.2016,direct
3175,3421,3.8.2016,direct
3176,3421,4.7.2016,direct
3177,3421,5.6.2016,direct
3178,3421,6.4.2016,direct
3179,3421,7.3.2016,direct
3180,3421,8.1.2016,direct
3181,3421,8.31.2016,direct
3182,3421,9.30.2016,direct
3183,3421,10.30.2016,direct
3184,3421,11.28.2016,direct
3185,3421,12.28.2016,direct
3186,3431,12.6.2013,direct
3187,3431,1.4.2014,direct
3188,3431,2.3.2014,direct
3189,3431,3.4.2014,direct
3190,3431,4.3.2014,direct
3191,3431,5.3.2014,direct
3192,3431,6.2.2014,direct
3193,3431,7.2.2014,direct
3194,3431,8.1.2014,direct
3195,3431,8.30.2014,direct
3196,3431,9.28.2014,direct
3197,3431,10.27.2014,direct
3198,3431,11.26.2014,direct
3199,3431,12.25.2014,direct
3200,3431,1.23.2015,direct
3201,3431,2.21.2015,direct
3202,3431,3.22.2015,direct
3203,3431,4.21.2015,direct
3204,3431,5.20.2015,direct
3205,3431,6.18.2015,direct
3206,3431,7.17.2015,direct
3207,3431,8.16.2015,direct
3208,3431,9.15.2015,direct
3209,3431,10.15.2015,direct
3210,3431,11.13.2015,direct
3211,3431,12.13.2015,direct
3212,3431,1.12.2016,direct
3213,3431,2.10.2016,direct
3214,3431,3.10.2016,direct
3215,3431,4.9.2016,direct
3216,3431,5.8.2016,direct
3217,3431,6.7.2016,direct
3218,3431,7.7.2016,direct
3219,3431,8.5.2016,direct
3220,3431,9.4.2016,direct
3221,3431,10.4.2016,direct
3222,3431,11.3.2016,direct
3223,3431,12.3.2016,direct
3224,3431,1.1.2017,direct
3225,3441,6.25.2016,direct
3226,3441,7.25.2016,direct
3227,3441,8.23.2016,direct
3228,3441,9.22.2016,direct
3229,3441,10.22.2016,direct
3230,3441,11.21.2016,direct
3231,3441,12.20.2016,direct
3232,3451,10.14.2016,direct
3233,3451,11.12.2016,direct
3234,3451,12.11.2016,direct
3235,3461,12.26.2013,direct
3236,3461,1.25.2014,direct
3237,3461,2.24.2014,direct
3238,3461,3.26.2014,direct
3239,3461,4.25.2014,direct
3240,3461,5.24.2014,direct
3241,3461,6.22.2014,direct
3242,3461,7.21.2014,direct
3243,3461,8.20.2014,direct
3244,3461,9.18.2014,direct
3245,3461,10.18.2014,direct
3246,3461,11.16.2014,direct
3247,3461,12.16.2014,direct
3248,3461,1.14.2015,direct
3249,3461,2.13.2015,direct
3250,3461,3.15.2015,direct
3251,3461,4.13.2015,direct
3252,3461,5.13.2015,direct
3253,3461,6.12.2015,direct
3254,3461,7.11.2015,direct
3255,3461,8.10.2015,direct
3256,3461,9.9.2015,direct
3257,3461,10.8.2015,direct
3258,3461,11.6.2015,direct
3259,3461,12.5.2015,direct
3260,3461,1.3.2016,direct
3261,3461,2.1.2016,direct
3262,3461,3.1.2016,direct
3263,3461,3.31.2016,direct
3264,3461,4.30.2016,direct
3265,3461,5.30.2016,direct
3266,3461,6.29.2016,direct
3267,3461,7.28.2016,direct
3268,3461,8.26.2016,direct
3269,3461,9.24.2016,direct
3270,3461,10.24.2016,direct
3271,3461,11.22.2016,direct
3272,3461,12.22.2016,direct
3273,3471,12.29.2013,direct
3274,3471,1.27.2014,direct
3275,3471,2.25.2014,direct
3276,3471,3.26.2014,direct
3277,3471,4.25.2014,direct
3278,3471,5.24.2014,direct
3279,3471,6.22.2014,direct
3280,3471,7.22.2014,direct
3281,3471,8.20.2014,direct
3282,3471,9.18.2014,direct
3283,3471,10.17.2014,direct
3284,3471,11.16.2014,direct
3285,3471,12.15.2014,direct
3286,3471,1.13.2015,direct
3287,3471,2.12.2015,direct
3288,3471,3.14.2015,direct
3289,3471,4.12.2015,direct
3290,3471,5.12.2015,direct
3291,3471,6.10.2015,direct
3292,3471,7.9.2015,direct
3293,3471,8.7.2015,direct
3294,3471,9.5.2015,direct
3295,3471,10.4.2015,direct
3296,3471,11.2.2015,direct
3297,3471,12.1.2015,direct
3298,3471,12.30.2015,direct
3299,3471,1.28.2016,direct
3300,3471,2.26.2016,direct
3301,3471,3.26.2016,direct
3302,3471,4.25.2016,direct
3303,3471,5.25.2016,direct
3304,3471,6.24.2016,direct
3305,3471,7.24.2016,direct
3306,3471,8.23.2016,direct
3307,3471,9.22.2016,direct
3308,3471,10.22.2016,direct
3309,3471,11.20.2016,direct
3310,3471,12.20.2016,direct
3311,3481,8.1.2016,direct
3312,3481,8.30.2016,direct
3313,3481,9.28.2016,direct
3314,3481,10.27.2016,direct
3315,3481,11.26.2016,direct
3316,3481,12.25.2016,direct
3317,3491,12.6.2013,direct
3318,3491,1.5.2014,direct
3319,3491,2.4.2014,direct
3320,3491,3.5.2014,direct
3321,3491,4.4.2014,direct
3322,3491,5.3.2014,direct
3323,3491,6.1.2014,direct
3324,3491,6.30.2014,direct
3325,3491,7.30.2014,direct
3326,3491,8.29.2014,direct
3327,3491,9.28.2014,direct
3328,3491,10.27.2014,direct
3329,3491,11.26.2014,direct
3330,3491,12.25.2014,direct
3331,3491,1.23.2015,direct
3332,3491,2.22.2015,direct
3333,3491,3.23.2015,direct
3334,3491,4.21.2015,direct
3335,3491,5.21.2015,direct
3336,3491,6.20.2015,direct
3337,3491,7.19.2015,direct
3338,3491,8.17.2015,direct
3339,3491,9.15.2015,direct
3340,3491,10.15.2015,direct
3341,3491,11.14.2015,direct
3342,3491,12.13.2015,direct
3343,3491,1.12.2016,direct
3344,3491,2.11.2016,direct
3345,3491,3.11.2016,direct
3346,3491,4.9.2016,direct
3347,3491,5.8.2016,direct
3348,3491,6.6.2016,direct
3349,3491,7.6.2016,direct
3350,3491,8.5.2016,direct
3351,3491,9.4.2016,direct
3352,3491,10.3.2016,direct
3353,3491,11.1.2016,direct
3354,3491,12.1.2016,direct
3355,3491,12.31.2016,direct
3356,3501,5.10.2016,direct
3357,3501,6.8.2016,direct
3358,3501,7.8.2016,direct
3359,3501,8.7.2016,direct
3360,3501,9.6.2016,direct
3361,3501,10.5.2016,direct
3362,3501,11.4.2016,direct
3363,3501,12.3.2016,direct
3364,3511,8.14.2016,direct
3365,3511,9.13.2016,direct
3366,3511,10.13.2016,direct
3367,3511,11.11.2016,direct
3368,3511,12.10.2016,direct
3369,3521,12.30.2016,direct
3370,3531,6.3.2015,direct
3371,3531,7.2.2015,direct
3372,3531,7.31.2015,direct
3373,3531,8.30.2015,direct
3374,3531,9.28.2015,direct
3375,3531,10.28.2015,direct
3376,3531,11.26.2015,direct
3377,3531,12.25.2015,direct
3378,3531,1.24.2016,direct
3379,3531,2.22.2016,direct
3380,3531,3.23.2016,direct
3381,3531,4.21.2016,direct
3382,3531,5.21.2016,direct
3383,3531,6.19.2016,direct
3384,3531,7.19.2016,direct
3385,3531,8.18.2016,direct
3386,3531,9.17.2016,direct
3387,3531,10.16.2016,direct
3388,3531,11.15.2016,direct
3389,3531,12.15.2016,direct
3390,3541,4.7.2016,direct
3391,3541,5.7.2016,direct
3392,3541,6.5.2016,direct
3393,3541,7.4.2016,direct
3394,3541,8.2.2016,direct
3395,3541,9.1.2016,direct
3396,3541,10.1.2016,direct
3397,3541,10.31.2016,direct
3398,3541,11.30.2016,direct
3399,3541,12.29.2016,direct
3400,3551,4.30.2015,direct
3401,3551,5.30.2015,direct
3402,3551,6.28.2015,direct
3403,3551,7.28.2015,direct
3404,3551,8.26.2015,direct
3405,3551,9.24.2015,direct
3406,3551,10.24.2015,direct
3407,3551,11.23.2015,direct
3408,3551,12.22.2015,direct
3409,3551,1.20.2016,direct
3410,3551,2.19.2016,direct
3411,3551,3.19.2016,direct
3412,3551,4.17.2016,direct
3413,3551,5.16.2016,direct
3414,3551,6.15.2016,direct
3415,3551,7.14.2016,direct
3416,3551,8.12.2016,direct
3417,3551,9.11.2016,direct
3418,3551,10.10.2016,direct
3419,3551,11.8.2016,direct
3420,3551,12.7.2016,direct
3421,3561,7.2.2016,direct
3422,3561,7.31.2016,direct
3423,3561,8.30.2016,direct
3424,3561,9.28.2016,direct
3425,3561,10.28.2016,direct
3426,3571,6.21.2016,direct
3427,3571,7.21.2016,direct
3428,3571,8.19.2016,direct
3429,3571,9.18.2016,direct
3430,3571,10.17.2016,direct
3431,3571,11.16.2016,direct
3432,3571,12.16.2016,direct
3433,3581,12.28.2016,direct
3434,3591,12.3.2015,direct
3435,3591,1.1.2016,direct
3436,3591,1.30.2016,direct
3437,3591,2.28.2016,direct
3438,3591,3.28.2016,direct
3439,3591,4.27.2016,direct
3440,3591,5.27.2016,direct
3441,3591,6.26.2016,direct
3442,3591,7.26.2016,direct
3443,3591,8.25.2016,direct
3444,3591,9.24.2016,direct
3445,3591,10.24.2016,direct
3446,3591,11.23.2016,direct
3447,3591,12.23.2016,direct
3448,3601,8.21.2016,direct
3449,3601,9.19.2016,direct
3450,3601,10.18.2016,direct
3451,3601,11.17.2016,direct
3452,3601,12.16.2016,direct
3453,3611,9.19.2016,direct
3454,3611,10.19.2016,direct
3455,3611,11.17.2016,direct
3456,3611,12.17.2016,direct
3457,3621,10.25.2016,direct
3458,3621,11.23.2016,direct
3459,3621,12.23.2016,direct
3460,3631,8.23.2015,direct
3461,3631,9.21.2015,direct
3462,3631,10.21.2015,direct
3463,3631,11.20.2015,direct
3464,3631,12.20.2015,direct
3465,3631,1.19.2016,direct
3466,3631,2.18.2016,direct
3467,3631,3.18.2016,direct
3468,3631,4.17.2016,direct
3469,3631,5.17.2016,direct
3470,3631,6.16.2016,direct
3471,3631,7.16.2016,direct
3472,3631,8.15.2016,direct
3473,3631,9.13.2016,direct
3474,3631,10.12.2016,direct
3475,3631,11.10.2016,direct
3476,3631,12.10.2016,direct
3477,3641,8.3.2016,direct
3478,3641,9.1.2016,direct
3479,3641,10.1.2016,direct
3480,3641,10.31.2016,direct
3481,3641,11.29.2016,direct
3482,3641,12.28.2016,direct
3483,3651,9.23.2015,direct
3484,3651,10.22.2015,direct
3485,3651,11.21.2015,direct
3486,3651,12.21.2015,direct
3487,3651,1.20.2016,direct
3488,3651,2.19.2016,direct
3489,3651,3.20.2016,direct
3490,3651,4.19.2016,direct
3491,3651,5.18.2016,direct
3492,3651,6.17.2016,direct
3493,3651,7.17.2016,direct
3494,3651,8.16.2016,direct
3495,3651,9.15.2016,direct
3496,3651,10.15.2016,direct
3497,3651,11.13.2016,direct
3498,3651,12.13.2016,direct
3499,3661,4.16.2016,direct
3500,3661,5.15.2016,direct
3501,3661,6.14.2016,direct
3502,3661,7.13.2016,direct
3503,3661,8.12.2016,direct
3504,3661,9.10.2016,direct
3505,3661,10.10.2016,direct
3506,3661,11.9.2016,direct
3507,3661,12.8.2016,direct
3508,3671,9.23.2016,direct
3509,3671,10.23.2016,direct
3510,3671,11.21.2016,direct
3511,3671,12.20.2016,direct
3512,3681,10.20.2016,direct
3513,3681,11.19.2016,direct
3514,3681,12.19.2016,direct
3515,3691,6.19.2016,direct
3516,3691,7.19.2016,direct
3517,3691,8.18.2016,direct
3518,3691,9.17.2016,direct
3519,3691,10.16.2016,direct
3520,3691,11.15.2016,direct
3521,3691,12.14.2016,direct
3522,3701,9.25.2016,direct
3523,3701,10.24.2016,direct
3524,3701,11.22.2016,direct
3525,3701,12.22.2016,direct
3526,3711,6.27.2016,direct
3527,3711,7.27.2016,direct
3528,3711,8.25.2016,direct
3529,3711,9.23.2016,direct
3530,3711,10.22.2016,direct
3531,3711,11.20.2016,direct
3532,3711,12.20.2016,direct
3533,3721,11.30.2015,direct
3534,3721,12.30.2015,direct
3535,3721,1.29.2016,direct
3536,3721,2.28.2016,direct
3537,3721,3.29.2016,direct
3538,3721,4.28.2016,direct
3539,3721,5.27.2016,direct
3540,3721,6.26.2016,direct
3541,3721,7.26.2016,direct
3542,3721,8.25.2016,direct
3543,3721,9.23.2016,direct
3544,3721,10.23.2016,direct
3545,3721,11.22.2016,direct
3546,3721,12.22.2016,direct
3547,3731,9.13.2016,direct
3548,3731,10.12.2016,direct
3549,3731,11.11.2016,direct
3550,3731,12.11.2016,direct
3551,3741,12.9.2016,direct
3552,3751,6.14.2015,direct
3553,3751,7.14.2015,direct
3554,3751,8.12.2015,direct
3555,3751,9.10.2015,direct
3556,3751,10.9.2015,direct
3557,3751,11.8.2015,direct
3558,3751,12.7.2015,direct
3559,3751,1.6.2016,direct
3560,3751,2.5.2016,direct
3561,3751,3.5.2016,direct
3562,3751,4.4.2016,direct
3563,3751,5.4.2016,direct
3564,3751,6.2.2016,direct
3565,3751,7.1.2016,direct
3566,3751,7.31.2016,direct
3567,3751,8.29.2016,direct
3568,3751,9.28.2016,direct
3569,3751,10.28.2016,direct
3570,3751,11.27.2016,direct
3571,3751,12.26.2016,direct
3572,3761,10.8.2016,direct
3573,3761,11.7.2016,direct
3574,3761,12.6.2016,direct
3575,3771,1.26.2016,direct
3576,3771,2.25.2016,direct
3577,3771,3.25.2016,direct
3578,3771,4.23.2016,direct
3579,3771,5.22.2016,direct
3580,3771,6.21.2016,direct
3581,3781,9.20.2016,direct
3582,3781,10.20.2016,direct
3583,3781,11.19.2016,direct
3584,3781,12.19.2016,direct
3585,3791,4.18.2016,direct
3586,3791,5.17.2016,direct
3587,3791,6.15.2016,direct
3588,3791,7.15.2016,direct
3589,3791,8.14.2016,direct
3590,3791,9.13.2016,direct
3591,3791,10.12.2016,direct
3592,3791,11.11.2016,direct
3593,3791,12.11.2016,direct
3594,3801,7.10.2016,direct
3595,3801,8.9.2016,direct
3596,3801,9.8.2016,direct
3597,3801,10.8.2016,direct
3598,3801,11.6.2016,direct
3599,3801,12.6.2016,direct
3600,3811,8.7.2016,direct
3601,3811,9.5.2016,direct
3602,3811,10.5.2016,direct
3603,3811,11.3.2016,direct
3604,3811,12.3.2016,direct
3605,3821,3.27.2016,direct
3606,3821,4.26.2016,direct
3607,3821,5.25.2016,direct
3608,3821,6.23.2016,direct
3609,3821,7.22.2016,direct
3610,3821,8.20.2016,direct
3611,3821,9.19.2016,direct
3612,3821,10.18.2016,direct
3613,3821,11.17.2016,direct
3614,3821,12.17.2016,direct
3615,3831,11.24.2016,direct
3616,3831,12.24.2016,direct
3617,3841,1.1.2017,direct
3618,3851,6.9.2016,direct
3619,3851,7.8.2016,direct
3620,3851,8.6.2016,direct
3621,3851,9.5.2016,direct
3622,3851,10.5.2016,direct
3623,3851,11.3.2016,direct
3624,3851,12.3.2016,direct
3625,3861,1.1.2017,direct
3626,3871,10.20.2016,direct
3627,3871,11.18.2016,direct
3628,3871,12.18.2016,direct
3629,3881,12.15.2013,direct
3630,3881,1.14.2014,direct
3631,3881,2.13.2014,direct
3632,3881,3.14.2014,direct
3633,3881,4.12.2014,direct
3634,3881,5.12.2014,direct
3635,3881,6.11.2014,direct
3636,3881,7.11.2014,direct
3637,3881,8.9.2014,direct
3638,3881,9.7.2014,direct
3639,3881,10.6.2014,direct
3640,3881,11.5.2014,direct
3641,3881,12.5.2014,direct
3642,3881,1.3.2015,direct
3643,3881,2.2.2015,direct
3644,3881,3.3.2015,direct
3645,3881,4.2.2015,direct
3646,3881,5.1.2015,direct
3647,3881,5.30.2015,direct
3648,3881,6.28.2015,direct
3649,3881,7.27.2015,direct
3650,3881,8.26.2015,direct
3651,3881,9.24.2015,direct
3652,3881,10.24.2015,direct
3653,3881,11.23.2015,direct
3654,3881,12.22.2015,direct
3655,3881,1.20.2016,direct
3656,3881,2.18.2016,direct
3657,3881,3.18.2016,direct
3658,3891,12.2.2016,direct
3659,3891,12.31.2016,direct
3660,3901,7.6.2016,direct
3661,3901,8.5.2016,direct
3662,3901,9.3.2016,direct
3663,3901,10.3.2016,direct
3664,3901,11.2.2016,direct
3665,3901,12.2.2016,direct
3666,3901,1.1.2017,direct
3667,3911,1.1.2014,direct
3668,3911,1.30.2014,direct
3669,3911,2.28.2014,direct
3670,3911,3.29.2014,direct
3671,3911,4.27.2014,direct
3672,3911,5.27.2014,direct
3673,3911,6.25.2014,direct
3674,3911,7.24.2014,direct
3675,3911,8.23.2014,direct
3676,3911,9.21.2014,direct
3677,3911,10.21.2014,direct
3678,3911,11.19.2014,direct
3679,3911,12.18.2014,direct
3680,3911,1.16.2015,direct
3681,3911,2.14.2015,direct
3682,3911,3.16.2015,direct
3683,3911,4.14.2015,direct
3684,3911,5.13.2015,direct
3685,3911,6.11.2015,direct
3686,3911,7.11.2015,direct
3687,3911,8.9.2015,direct
3688,3911,9.8.2015,direct
3689,3911,10.8.2015,direct
3690,3911,11.7.2015,direct
3691,3911,12.6.2015,direct
3692,3911,1.5.2016,direct
3693,3911,2.3.2016,direct
3694,3911,3.3.2016,direct
3695,3911,4.2.2016,direct
3696,3911,5.1.2016,direct
3697,3911,5.30.2016,direct
3698,3911,6.29.2016,direct
3699,3911,7.28.2016,direct
3700,3911,8.26.2016,direct
3701,3911,9.24.2016,direct
3702,3911,10.24.2016,direct
3703,3911,11.22.2016,direct
3704,3911,12.21.2016,direct
3705,3921,9.14.2016,direct
3706,3921,10.14.2016,direct
3707,3921,11.12.2016,direct
3708,3921,12.11.2016,direct
3709,3931,11.3.2016,direct
3710,3931,12.3.2016,direct
3711,3941,12.10.2016,direct
3712,3951,10.22.2016,direct
3713,3951,11.20.2016,direct
3714,3951,12.19.2016,direct
3715,3961,11.16.2016,direct
3716,3961,12.15.2016,direct
3717,3971,8.6.2016,direct
3718,3971,9.4.2016,direct
3719,3971,10.3.2016,direct
3720,3971,11.1.2016,direct
3721,3971,12.1.2016,direct
3722,3971,12.31.2016,direct
3723,3981,4.22.2014,direct
3724,3981,5.22.2014,direct
3725,3981,6.20.2014,direct
3726,3981,7.20.2014,direct
3727,3981,8.19.2014,direct
3728,3981,9.18.2014,direct
3729,3981,10.18.2014,direct
3730,3981,11.16.2014,direct
3731,3981,12.16.2014,direct
3732,3981,1.15.2015,direct
3733,3981,2.14.2015,direct
3734,3981,3.15.2015,direct
3735,3981,4.13.2015,direct
3736,3981,5.13.2015,direct
3737,3981,6.11.2015,direct
3738,3981,7.10.2015,direct
3739,3981,8.8.2015,direct
3740,3981,9.6.2015,direct
3741,3981,10.6.2015,direct
3742,3981,11.4.2015,direct
3743,3981,12.3.2015,direct
3744,3981,1.2.2016,direct
3745,3981,2.1.2016,direct
3746,3981,3.1.2016,direct
3747,3981,3.31.2016,direct
3748,3981,4.30.2016,direct
3749,3981,5.30.2016,direct
3750,3981,6.28.2016,direct
3751,3981,7.27.2016,direct
3752,3981,8.26.2016,direct
3753,3981,9.24.2016,direct
3754,3981,10.23.2016,direct
3755,3981,11.21.2016,direct
3756,3981,12.21.2016,direct
3757,3991,2.9.2015,direct
3758,3991,3.11.2015,direct
3759,3991,4.10.2015,direct
3760,3991,5.10.2015,direct
3761,3991,6.8.2015,direct
3762,3991,7.7.2015,direct
3763,3991,8.6.2015,direct
3764,3991,9.5.2015,direct
3765,3991,10.4.2015,direct
3766,3991,11.3.2015,direct
3767,3991,12.2.2015,direct
3768,3991,12.31.2015,direct
3769,3991,1.29.2016,direct
3770,3991,2.27.2016,direct
3771,3991,3.27.2016,direct
3772,3991,4.25.2016,direct
3773,3991,5.24.2016,direct
3774,3991,6.23.2016,direct
3775,3991,7.22.2016,direct
3776,3991,8.21.2016,direct
3777,3991,9.20.2016,direct
3778,3991,10.19.2016,direct
3779,3991,11.17.2016,direct
3780,3991,12.17.2016,direct
3781,4001,12.28.2016,direct
3782,4011,6.5.2016,direct
3783,4011,7.4.2016,direct
3784,4011,8.2.2016,direct
3785,4011,9.1.2016,direct
3786,4011,9.30.2016,direct
3787,4011,10.29.2016,direct
3788,4011,11.28.2016,direct
3789,4011,12.27.2016,direct
3790,4021,12.19.2016,direct
3791,4031,10.18.2015,direct
3792,4031,11.17.2015,direct
3793,4031,12.16.2015,direct
3794,4031,1.15.2016,direct
3795,4031,2.13.2016,direct
3796,4031,3.13.2016,direct
3797,4031,4.11.2016,direct
3798,4031,5.10.2016,direct
3799,4031,6.8.2016,direct
3800,4031,7.7.2016,direct
3801,4031,8.5.2016,direct
3802,4031,9.4.2016,direct
3803,4031,10.4.2016,direct
3804,4031,11.2.2016,direct
3805,4031,12.1.2016,direct
3806,4031,12.31.2016,direct
3807,4041,10.8.2015,direct
3808,4041,11.6.2015,direct
3809,4041,12.6.2015,direct
3810,4041,1.4.2016,direct
3811,4041,2.2.2016,direct
3812,4041,3.3.2016,direct
3813,4041,4.2.2016,direct
3814,4041,5.2.2016,direct
3815,4041,6.1.2016,direct
3816,4041,7.1.2016,direct
3817,4041,7.31.2016,direct
3818,4041,8.30.2016,direct
3819,4041,9.29.2016,direct
3820,4041,10.29.2016,direct
3821,4041,11.27.2016,direct
3822,4041,12.26.2016,direct
3823,4051,12.3.2016,direct
3824,4051,1.1.2017,direct
3825,4061,12.16.2014,direct
3826,4061,1.15.2015,direct
3827,4061,2.14.2015,direct
3828,4061,3.16.2015,direct
3829,4061,4.15.2015,direct
3830,4061,5.15.2015,direct
3831,4061,6.13.2015,direct
3832,4061,7.13.2015,direct
3833,4061,8.12.2015,direct
3834,4061,9.11.2015,direct
3835,4061,10.10.2015,direct
3836,4061,11.8.2015,direct
3837,4061,12.7.2015,direct
3838,4061,1.6.2016,direct
3839,4061,2.5.2016,direct
3840,4061,3.6.2016,direct
3841,4061,4.5.2016,direct
3842,4061,5.4.2016,direct
3843,4061,6.3.2016,direct
3844,4061,7.3.2016,direct
3845,4061,8.1.2016,direct
3846,4061,8.30.2016,direct
3847,4061,9.29.2016,direct
3848,4061,10.29.2016,direct
3849,4061,11.28.2016,direct
3850,4061,12.28.2016,direct
3851,4071,12.10.2016,direct
3852,4081,11.23.2016,direct
3853,4081,12.23.2016,direct
3854,4091,11.22.2016,direct
3855,4091,12.21.2016,direct
3856,4101,6.18.2016,direct
3857,4101,7.17.2016,direct
3858,4101,8.16.2016,direct
3859,4101,9.15.2016,direct
3860,4101,10.15.2016,direct
3861,4101,11.14.2016,direct
3862,4101,12.13.2016,direct
3863,4111,12.25.2013,direct
3864,4111,1.24.2014,direct
3865,4111,2.23.2014,direct
3866,4111,3.25.2014,direct
3867,4111,4.24.2014,direct
3868,4111,5.23.2014,direct
3869,4111,6.22.2014,direct
3870,4111,7.21.2014,direct
3871,4111,8.19.2014,direct
3872,4111,9.18.2014,direct
3873,4111,10.17.2014,direct
3874,4111,11.16.2014,direct
3875,4111,12.16.2014,direct
3876,4111,1.15.2015,direct
3877,4111,2.14.2015,direct
3878,4111,3.15.2015,direct
3879,4111,4.14.2015,direct
3880,4111,5.13.2015,direct
3881,4111,6.12.2015,direct
3882,4111,7.12.2015,direct
3883,4111,8.10.2015,direct
3884,4111,9.8.2015,direct
3885,4111,10.8.2015,direct
3886,4111,11.7.2015,direct
3887,4111,12.7.2015,direct
3888,4111,1.5.2016,direct
3889,4111,2.4.2016,direct
3890,4111,3.4.2016,direct
3891,4111,4.3.2016,direct
3892,4111,5.3.2016,direct
3893,4121,10.22.2016,direct
3894,4121,11.20.2016,direct
3895,4121,12.20.2016,direct
3896,4131,11.12.2016,direct
3897,4131,12.12.2016,direct
3898,4141,9.2.2016,direct
3899,4141,10.1.2016,direct
3900,4141,10.30.2016,direct
3901,4141,11.29.2016,direct
3902,4141,12.28.2016,direct
3903,4151,12.22.2013,direct
3904,4151,1.20.2014,direct
3905,4151,2.18.2014,direct
3906,4151,3.20.2014,direct
3907,4151,4.18.2014,direct
3908,4151,5.17.2014,direct
3909,4151,6.16.2014,direct
3910,4151,7.15.2014,direct
3911,4151,8.14.2014,direct
3912,4151,9.12.2014,direct
3913,4151,10.12.2014,direct
3914,4151,11.11.2014,direct
3915,4151,12.10.2014,direct
3916,4151,1.8.2015,direct
3917,4151,2.7.2015,direct
3918,4151,3.8.2015,direct
3919,4151,4.6.2015,direct
3920,4151,5.5.2015,direct
3921,4151,6.4.2015,direct
3922,4151,7.4.2015,direct
3923,4151,8.2.2015,direct
3924,4151,9.1.2015,direct
3925,4151,10.1.2015,direct
3926,4151,10.30.2015,direct
3927,4151,11.29.2015,direct
3928,4151,12.28.2015,direct
3929,4151,1.27.2016,direct
3930,4151,2.25.2016,direct
3931,4151,3.26.2016,direct
3932,4151,4.25.2016,direct
3933,4151,5.24.2016,direct
3934,4151,6.23.2016,direct
3935,4151,7.22.2016,direct
3936,4151,8.20.2016,direct
3937,4151,9.19.2016,direct
3938,4151,10.19.2016,direct
3939,4151,11.18.2016,direct
3940,4151,12.18.2016,direct
3941,4161,12.21.2013,direct
3942,4161,1.20.2014,direct
3943,4161,2.19.2014,direct
3944,4161,3.21.2014,direct
3945,4161,4.20.2014,direct
3946,4161,5.19.2014,direct
3947,4161,6.17.2014,direct
3948,4161,7.17.2014,direct
3949,4161,8.16.2014,direct
3950,4161,9.14.2014,direct
3951,4161,10.14.2014,direct
3952,4161,11.12.2014,direct
3953,4161,12.11.2014,direct
3954,4161,1.10.2015,direct
3955,4161,2.8.2015,direct
3956,4161,3.10.2015,direct
3957,4161,4.9.2015,direct
3958,4161,5.8.2015,direct
3959,4161,6.7.2015,direct
3960,4161,7.7.2015,direct
3961,4161,8.5.2015,direct
3962,4161,9.3.2015,direct
3963,4161,10.3.2015,direct
3964,4161,11.1.2015,direct
3965,4161,11.30.2015,direct
3966,4161,12.30.2015,direct
3967,4161,1.28.2016,direct
3968,4161,2.26.2016,direct
3969,4161,3.27.2016,direct
3970,4161,4.26.2016,direct
3971,4161,5.26.2016,direct
3972,4161,6.24.2016,direct
3973,4161,7.23.2016,direct
3974,4161,8.22.2016,direct
3975,4161,9.21.2016,direct
3976,4161,10.20.2016,direct
3977,4161,11.19.2016,direct
3978,4161,12.19.2016,direct
3979,4171,1.31.2016,direct
3980,4171,3.1.2016,direct
3981,4171,3.30.2016,direct
3982,4171,4.29.2016,direct
3983,4171,5.29.2016,direct
3984,4171,6.28.2016,direct
3985,4171,7.27.2016,direct
3986,4171,8.26.2016,direct
3987,4171,9.25.2016,direct
3988,4171,10.24.2016,direct
3989,4171,11.22.2016,direct
3990,4171,12.22.2016,direct
3991,4181,5.9.2015,direct
3992,4181,6.7.2015,direct
3993,4181,7.7.2015,direct
3994,4181,8.5.2015,direct
3995,4181,9.4.2015,direct
3996,4181,10.4.2015,direct
3997,4181,11.3.2015,direct
3998,4181,12.2.2015,direct
3999,4181,12.31.2015,direct
4000,4181,1.29.2016,direct
4001,4181,2.27.2016,direct
4002,4181,3.27.2016,direct
4003,4181,4.25.2016,direct
4004,4181,5.25.2016,direct
4005,4181,6.24.2016,direct
4006,4181,7.23.2016,direct
4007,4181,8.22.2016,direct
4008,4181,9.21.2016,direct
4009,4181,10.21.2016,direct
4010,4181,11.19.2016,direct
4011,4181,12.19.2016,direct
4012,4191,11.10.2015,direct
4013,4191,12.10.2015,direct
4014,4191,1.8.2016,direct
4015,4191,2.7.2016,direct
4016,4191,3.7.2016,direct
4017,4191,4.5.2016,direct
4018,4191,5.4.2016,direct
4019,4191,6.3.2016,direct
4020,4201,4.25.2016,direct
4021,4201,5.25.2016,direct
4022,4201,6.23.2016,direct
4023,4201,7.23.2016,direct
4024,4201,8.21.2016,direct
4025,4201,9.20.2016,direct
4026,4201,10.20.2016,direct
4027,4201,11.18.2016,direct
4028,4211,12.12.2013,direct
4029,4211,1.11.2014,direct
4030,4211,2.9.2014,direct
4031,4211,3.10.2014,direct
4032,4211,4.9.2014,direct
4033,4211,5.9.2014,direct
4034,4211,6.7.2014,direct
4035,4211,7.6.2014,direct
4036,4211,8.4.2014,direct
4037,4211,9.2.2014,direct
4038,4211,10.1.2014,direct
4039,4211,10.31.2014,direct
4040,4211,11.29.2014,direct
4041,4211,12.29.2014,direct
4042,4211,1.28.2015,direct
4043,4211,2.27.2015,direct
4044,4211,3.29.2015,direct
4045,4211,4.28.2015,direct
4046,4211,5.28.2015,direct
4047,4211,6.27.2015,direct
4048,4211,7.26.2015,direct
4049,4211,8.25.2015,direct
4050,4211,9.24.2015,direct
4051,4211,10.24.2015,direct
4052,4211,11.22.2015,direct
4053,4211,12.21.2015,direct
4054,4211,1.19.2016,direct
4055,4211,2.18.2016,direct
4056,4211,3.19.2016,direct
4057,4211,4.17.2016,direct
4058,4211,5.17.2016,direct
4059,4211,6.15.2016,direct
4060,4211,7.14.2016,direct
4061,4211,8.13.2016,direct
4062,4211,9.12.2016,direct
4063,4221,11.3.2016,direct
4064,4221,12.2.2016,direct
4065,4221,12.31.2016,direct
4066,4231,9.8.2015,direct
4067,4231,10.8.2015,direct
4068,4231,11.6.2015,direct
4069,4231,12.5.2015,direct
4070,4231,1.3.2016,direct
4071,4231,2.1.2016,direct
4072,4231,3.2.2016,direct
4073,4231,4.1.2016,direct
4074,4231,4.30.2016,direct
4075,4231,5.30.2016,direct
4076,4231,6.29.2016,direct
4077,4231,7.29.2016,direct
4078,4231,8.28.2016,direct
4079,4231,9.27.2016,direct
4080,4231,10.27.2016,direct
4081,4231,11.25.2016,direct
4082,4231,12.25.2016,direct
4083,4241,6.26.2014,direct
4084,4241,7.25.2014,direct
4085,4241,8.23.2014,direct
4086,4241,9.21.2014,direct
4087,4241,10.21.2014,direct
4088,4241,11.20.2014,direct
4089,4241,12.20.2014,direct
4090,4241,1.18.2015,direct
4091,4241,2.17.2015,direct
4092,4251,6.5.2016,direct
4093,4251,7.4.2016,direct
4094,4251,8.2.2016,direct
4095,4251,9.1.2016,direct
4096,4251,9.30.2016,direct
4097,4251,10.29.2016,direct
4098,4251,11.27.2016,direct
4099,4251,12.26.2016,direct
4100,4261,8.4.2016,direct
4101,4261,9.3.2016,direct
4102,4261,10.3.2016,direct
4103,4261,11.2.2016,direct
4104,4261,12.2.2016,direct
4105,4261,12.31.2016,direct
4106,4271,12.14.2014,direct
4107,4271,1.13.2015,direct
4108,4271,2.12.2015,direct
4109,4271,3.14.2015,direct
4110,4271,4.12.2015,direct
4111,4271,5.11.2015,direct
4112,4271,6.10.2015,direct
4113,4271,7.10.2015,direct
4114,4271,8.9.2015,direct
4115,4271,9.8.2015,direct
4116,4271,10.7.2015,direct
4117,4271,11.5.2015,direct
4118,4271,12.5.2015,direct
4119,4271,1.4.2016,direct
4120,4271,2.2.2016,direct
4121,4271,3.3.2016,direct
4122,4271,4.1.2016,direct
4123,4271,5.1.2016,direct
4124,4271,5.30.2016,direct
4125,4271,6.28.2016,direct
4126,4271,7.27.2016,direct
4127,4271,8.25.2016,direct
4128,4271,9.23.2016,direct
4129,4271,10.22.2016,direct
4130,4271,11.20.2016,direct
4131,4271,12.20.2016,direct
4132,4281,1.4.2016,direct
4133,4281,2.2.2016,direct
4134,4281,3.2.2016,direct
4135,4281,3.31.2016,direct
4136,4281,4.30.2016,direct
4137,4281,5.29.2016,direct
4138,4281,6.27.2016,direct
4139,4281,7.27.2016,direct
4140,4281,8.26.2016,direct
4141,4281,9.25.2016,direct
4142,4281,10.24.2016,direct
4143,4281,11.22.2016,direct
4144,4281,12.21.2016,direct
4145,4291,12.28.2013,direct
4146,4291,1.26.2014,direct
4147,4291,2.25.2014,direct
4148,4291,3.26.2014,direct
4149,4291,4.24.2014,direct
4150,4291,5.24.2014,direct
4151,4291,6.22.2014,direct
4152,4291,7.22.2014,direct
4153,4291,8.21.2014,direct
4154,4291,9.20.2014,direct
4155,4291,10.19.2014,direct
4156,4291,11.17.2014,direct
4157,4291,12.16.2014,direct
4158,4291,1.15.2015,direct
4159,4291,2.13.2015,direct
4160,4291,3.15.2015,direct
4161,4291,4.13.2015,direct
4162,4291,5.12.2015,direct
4163,4291,6.10.2015,direct
4164,4291,7.10.2015,direct
4165,4291,8.9.2015,direct
4166,4291,9.7.2015,direct
4167,4291,10.7.2015,direct
4168,4291,11.6.2015,direct
4169,4291,12.5.2015,direct
4170,4291,1.4.2016,direct
4171,4291,2.3.2016,direct
4172,4291,3.4.2016,direct
4173,4291,4.3.2016,direct
4174,4291,5.2.2016,direct
4175,4291,6.1.2016,direct
4176,4291,6.30.2016,direct
4177,4291,7.30.2016,direct
4178,4291,8.29.2016,direct
4179,4291,9.27.2016,direct
4180,4291,10.27.2016,direct
4181,4291,11.26.2016,direct
4182,4291,12.26.2016,direct
4183,4301,3.26.2016,direct
4184,4301,4.24.2016,direct
4185,4301,5.24.2016,direct
4186,4301,6.23.2016,direct
4187,4301,7.22.2016,direct
4188,4301,8.20.2016,direct
4189,4301,9.19.2016,direct
4190,4301,10.19.2016,direct
4191,4301,11.17.2016,direct
4192,4301,12.16.2016,direct
4193,4311,12.4.2013,direct
4194,4311,1.2.2014,direct
4195,4311,2.1.2014,direct
4196,4311,3.2.2014,direct
4197,4311,3.31.2014,direct
4198,4311,4.30.2014,direct
4199,4311,5.29.2014,direct
4200,4311,6.27.2014,direct
4201,4311,7.27.2014,direct
4202,4311,8.25.2014,direct
4203,4311,9.23.2014,direct
4204,4311,10.23.2014,direct
4205,4311,11.21.2014,direct
4206,4311,12.20.2014,direct
4207,4311,1.18.2015,direct
4208,4311,2.17.2015,direct
4209,4311,3.18.2015,direct
4210,4311,4.16.2015,direct
4211,4311,5.15.2015,direct
4212,4311,6.14.2015,direct
4213,4311,7.13.2015,direct
4214,4311,8.12.2015,direct
4215,4311,9.10.2015,direct
4216,4311,10.10.2015,direct
4217,4311,11.9.2015,direct
4218,4311,12.9.2015,direct
4219,4311,1.8.2016,direct
4220,4311,2.7.2016,direct
4221,4311,3.8.2016,direct
4222,4311,4.7.2016,direct
4223,4311,5.7.2016,direct
4224,4311,6.6.2016,direct
4225,4311,7.6.2016,direct
4226,4311,8.4.2016,direct
4227,4311,9.2.2016,direct
4228,4311,10.2.2016,direct
4229,4311,10.31.2016,direct
4230,4311,11.29.2016,direct
4231,4311,12.28.2016,direct
4232,4321,2.23.2015,direct
4233,4331,12.2.2016,direct
4234,4331,1.1.2017,direct
4235,4341,12.10.2013,direct
4236,4341,1.9.2014,direct
4237,4341,2.7.2014,direct
4238,4341,3.8.2014,direct
4239,4341,4.7.2014,direct
4240,4341,5.7.2014,direct
4241,4341,6.5.2014,direct
4242,4341,7.4.2014,direct
4243,4341,8.3.2014,direct
4244,4341,9.2.2014,direct
4245,4341,10.2.2014,direct
4246,4341,10.31.2014,direct
4247,4341,11.29.2014,direct
4248,4341,12.29.2014,direct
4249,4341,1.28.2015,direct
4250,4351,9.30.2016,direct
4251,4351,10.30.2016,direct
4252,4351,11.29.2016,direct
4253,4351,12.29.2016,direct
4254,4361,10.26.2016,direct
4255,4361,11.24.2016,direct
4256,4361,12.24.2016,direct
4257,4371,12.16.2016,direct
4258,4381,3.3.2016,direct
4259,4381,4.1.2016,direct
4260,4381,4.30.2016,direct
4261,4381,5.29.2016,direct
4262,4381,6.27.2016,direct
4263,4381,7.27.2016,direct
4264,4391,10.25.2016,direct
4265,4391,11.23.2016,direct
4266,4391,12.22.2016,direct
4267,4401,12.21.2016,direct
4268,4411,2.13.2015,direct
4269,4411,3.14.2015,direct
4270,4421,8.25.2016,direct
4271,4421,9.24.2016,direct
4272,4421,10.23.2016,direct
4273,4421,11.22.2016,direct
4274,4421,12.21.2016,direct
4275,4431,2.21.2015,direct
4276,4431,3.23.2015,direct
4277,4431,4.21.2015,direct
4278,4431,5.20.2015,direct
4279,4431,6.19.2015,direct
4280,4431,7.19.2015,direct
4281,4431,8.17.2015,direct
4282,4431,9.16.2015,direct
4283,4431,10.16.2015,direct
4284,4431,11.15.2015,direct
4285,4431,12.15.2015,direct
4286,4431,1.13.2016,direct
4287,4431,2.12.2016,direct
4288,4431,3.12.2016,direct
4289,4431,4.10.2016,direct
4290,4431,5.9.2016,direct
4291,4431,6.8.2016,direct
4292,4431,7.7.2016,direct
4293,4431,8.5.2016,direct
4294,4431,9.3.2016,direct
4295,4431,10.2.2016,direct
4296,4431,11.1.2016,direct
4297,4431,12.1.2016,direct
4298,4431,12.31.2016,direct
4299,4441,12.31.2015,direct
4300,4441,1.30.2016,direct
4301,4441,2.29.2016,direct
4302,4441,3.29.2016,direct
4303,4441,4.27.2016,direct
4304,4441,5.27.2016,direct
4305,4441,6.25.2016,direct
4306,4441,7.24.2016,direct
4307,4441,8.23.2016,direct
4308,4441,9.22.2016,direct
4309,4441,10.22.2016,direct
4310,4441,11.20.2016,direct
4311,4441,12.20.2016,direct
4312,4451,12.9.2013,direct
4313,4451,1.8.2014,direct
4314,4451,2.7.2014,direct
4315,4451,3.9.2014,direct
4316,4451,4.7.2014,direct
4317,4451,5.7.2014,direct
4318,4451,6.6.2014,direct
4319,4451,7.5.2014,direct
4320,4451,8.3.2014,direct
4321,4451,9.1.2014,direct
4322,4451,9.30.2014,direct
4323,4451,10.30.2014,direct
4324,4451,11.29.2014,direct
4325,4451,12.28.2014,direct
4326,4451,1.27.2015,direct
4327,4451,2.25.2015,direct
4328,4451,3.27.2015,direct
4329,4451,4.26.2015,direct
4330,4451,5.26.2015,direct
4331,4451,6.24.2015,direct
4332,4451,7.23.2015,direct
4333,4451,8.22.2015,direct
4334,4461,8.25.2014,direct
4335,4461,9.23.2014,direct
4336,4461,10.23.2014,direct
4337,4461,11.22.2014,direct
4338,4461,12.22.2014,direct
4339,4461,1.20.2015,direct
4340,4461,2.18.2015,direct
4341,4461,3.20.2015,direct
4342,4461,4.18.2015,direct
4343,4461,5.17.2015,direct
4344,4461,6.16.2015,direct
4345,4461,7.15.2015,direct
4346,4461,8.14.2015,direct
4347,4461,9.12.2015,direct
4348,4461,10.11.2015,direct
4349,4461,11.9.2015,direct
4350,4461,12.8.2015,direct
4351,4461,1.6.2016,direct
4352,4461,2.4.2016,direct
4353,4461,3.5.2016,direct
4354,4461,4.4.2016,direct
4355,4461,5.3.2016,direct
4356,4461,6.1.2016,direct
4357,4461,7.1.2016,direct
4358,4461,7.30.2016,direct
4359,4461,8.28.2016,direct
4360,4461,9.26.2016,direct
4361,4461,10.26.2016,direct
4362,4461,11.24.2016,direct
4363,4461,12.23.2016,direct
4364,4471,12.5.2016,direct
4365,4481,10.8.2016,direct
4366,4481,11.7.2016,direct
4367,4481,12.6.2016,direct
4368,4491,12.8.2013,direct
4369,4491,1.6.2014,direct
4370,4491,2.4.2014,direct
4371,4491,3.6.2014,direct
4372,4491,4.4.2014,direct
4373,4491,5.4.2014,direct
4374,4491,6.3.2014,direct
4375,4491,7.2.2014,direct
4376,4491,7.31.2014,direct
4377,4491,8.29.2014,direct
4378,4491,9.28.2014,direct
4379,4491,10.27.2014,direct
4380,4491,11.26.2014,direct
4381,4491,12.26.2014,direct
4382,4491,1.24.2015,direct
4383,4491,2.22.2015,direct
4384,4491,3.24.2015,direct
4385,4491,4.23.2015,direct
4386,4501,5.30.2016,direct
4387,4501,6.29.2016,direct
4388,4501,7.29.2016,direct
4389,4501,8.27.2016,direct
4390,4501,9.25.2016,direct
4391,4501,10.24.2016,direct
4392,4501,11.22.2016,direct
4393,4501,12.21.2016,direct
4394,1001,10.6.2015,facebook
4395,1001,10.22.2015,organic
4396,1001,10.22.2015,adwords
4397,1001,11.5.2015,direct
4398,1001,12.11.2015,direct
4399,1001,1.1.2016,adwords
4400,1001,1.13.2016,direct
4401,1001,2.7.2016,adwords
4402,1001,2.27.2016,organic
4403,1001,3.17.2016,twitter
4404,1001,4.5.2016,organic
4405,1001,4.17.2016,organic
4406,1001,5.1.2016,direct
4407,1001,5.7.2016,banner
4408,1001,5.21.2016,organic
4409,1001,6.2.2016,facebook
4410,1001,6.22.2016,adwords
4411,1001,7.12.2016,banner
4412,1001,7.26.2016,direct
4413,1001,7.26.2016,banner
4414,1001,8.12.2016,organic
4415,1001,9.1.2016,direct
4416,1001,9.11.2016,adwords
4417,1011,12.21.2016,adwords
4418,1011,12.21.2016,facebook
4419,1021,10.12.2015,facebook
4420,1021,10.26.2015,adwords
4421,1021,11.11.2015,facebook
4422,1021,11.30.2015,facebook
4423,1021,12.26.2015,banner
4424,1021,1.16.2016,facebook
4425,1021,2.2.2016,adwords
4426,1021,2.15.2016,twitter
4427,1021,3.2.2016,adwords
4428,1021,3.2.2016,adwords
4429,1021,3.17.2016,twitter
4430,1021,4.8.2016,facebook
4431,1021,4.23.2016,organic
4432,1021,5.4.2016,organic
4433,1021,5.26.2016,organic
4434,1021,6.3.2016,organic
4435,1021,6.22.2016,direct
4436,1021,7.10.2016,facebook
4437,1021,7.24.2016,facebook
4438,1021,8.16.2016,direct
4439,1021,9.9.2016,facebook
4440,1021,9.26.2016,facebook
4441,1021,9.26.2016,direct
4442,1021,10.18.2016,adwords
4443,1021,11.18.2016,adwords
4444,1021,12.11.2016,adwords
4445,1021,12.25.2016,organic
4446,1021,1.1.2017,organic
4447,1031,12.25.2016,facebook
4448,1041,10.14.2016,direct
4449,1041,10.27.2016,adwords
4450,1041,11.12.2016,adwords
4451,1041,11.30.2016,adwords
4452,1041,12.28.2016,direct
4453,1051,8.2.2016,facebook
4454,1051,8.27.2016,direct
4455,1051,9.27.2016,organic
4456,1051,11.28.2016,adwords
4457,1051,11.28.2016,twitter
4458,1051,12.16.2016,direct
4459,1051,12.29.2016,direct
4460,1061,10.19.2016,organic
4461,1061,10.19.2016,facebook
4462,1061,11.23.2016,direct
4463,1061,11.23.2016,adwords
4464,1061,12.28.2016,adwords
4465,1071,12.13.2016,facebook
4466,1081,2.12.2015,facebook
4467,1081,3.27.2015,organic
4468,1081,4.14.2015,twitter
4469,1081,5.10.2015,adwords
4470,1081,6.11.2015,adwords
4471,1081,7.8.2015,adwords
4472,1081,8.10.2015,adwords
4473,1081,9.7.2015,organic
4474,1081,10.8.2015,twitter
4475,1081,10.28.2015,direct
4476,1081,11.25.2015,direct
4477,1081,12.16.2015,direct
4478,1081,4.23.2016,twitter
4479,1081,5.25.2016,facebook
4480,1081,6.23.2016,twitter
4481,1081,7.23.2016,twitter
4482,1081,8.13.2016,twitter
4483,1081,9.14.2016,adwords
4484,1081,10.15.2016,direct
4485,1081,11.12.2016,organic
4486,1081,12.11.2016,direct
4487,1091,8.15.2014,organic
4488,1091,10.19.2014,twitter
4489,1091,11.22.2014,adwords
4490,1091,1.12.2015,adwords
4491,1091,3.3.2015,direct
4492,1091,4.22.2015,organic
4493,1091,6.13.2015,banner
4494,1091,7.6.2015,direct
4495,1091,7.28.2015,facebook
4496,1091,9.5.2015,direct
4497,1091,10.16.2015,adwords
4498,1091,2.17.2016,facebook
4499,1091,3.20.2016,direct
4500,1091,5.3.2016,adwords
4501,1091,5.21.2016,facebook
4502,1091,6.28.2016,direct
4503,1091,8.11.2016,banner
4504,1091,10.4.2016,adwords
4505,1101,6.24.2015,adwords
4506,1101,8.3.2015,organic
4507,1101,9.9.2015,banner
4508,1101,12.20.2015,organic
4509,1101,1.29.2016,banner
4510,1101,3.13.2016,direct
4511,1101,3.13.2016,adwords
4512,1101,4.20.2016,banner
4513,1101,5.15.2016,organic
4514,1101,6.15.2016,adwords
4515,1101,11.3.2016,adwords
4516,1101,11.29.2016,organic
4517,1111,11.15.2015,facebook
4518,1111,12.11.2015,facebook
4519,1111,1.18.2016,direct
4520,1111,2.10.2016,organic
4521,1111,3.15.2016,facebook
4522,1111,4.12.2016,facebook
4523,1111,5.12.2016,twitter
4524,1111,6.13.2016,facebook
4525,1111,7.20.2016,organic
4526,1111,8.19.2016,facebook
4527,1111,10.3.2016,direct
4528,1111,11.7.2016,organic
4529,1111,12.2.2016,twitter
4530,1121,8.26.2015,direct
4531,1121,10.13.2015,direct
4532,1121,11.13.2015,adwords
4533,1121,12.21.2015,organic
4534,1121,2.1.2016,organic
4535,1121,4.11.2016,organic
4536,1121,5.31.2016,adwords
4537,1121,5.31.2016,organic
4538,1121,6.28.2016,organic
4539,1121,7.22.2016,direct
4540,1121,8.25.2016,organic
4541,1121,9.20.2016,adwords
4542,1121,10.25.2016,direct
4543,1121,11.23.2016,organic
4544,1131,5.13.2016,organic
4545,1131,6.13.2016,direct
4546,1131,7.18.2016,organic
4547,1131,8.5.2016,direct
4548,1131,8.30.2016,organic
4549,1131,9.28.2016,direct
4550,1131,10.28.2016,facebook
4551,1131,12.7.2016,direct
4552,1141,9.24.2016,direct
4553,1151,12.30.2016,organic
4554,1161,3.6.2016,adwords
4555,1161,4.12.2016,twitter
4556,1161,5.3.2016,twitter
4557,1161,5.29.2016,banner
4558,1171,8.24.2016,facebook
4559,1171,9.14.2016,banner
4560,1171,10.14.2016,organic
4561,1171,11.13.2016,twitter
4562,1171,12.12.2016,direct
4563,1181,12.17.2013,adwords
4564,1181,1.12.2014,adwords
4565,1181,1.26.2014,banner
4566,1181,2.17.2014,organic
4567,1181,3.10.2014,adwords
4568,1181,3.10.2014,organic
4569,1181,3.21.2014,organic
4570,1181,4.5.2014,adwords
4571,1181,4.25.2014,facebook
4572,1181,5.9.2014,organic
4573,1181,6.4.2014,twitter
4574,1181,6.23.2014,adwords
4575,1181,7.12.2014,facebook
4576,1181,7.30.2014,adwords
4577,1181,8.18.2014,direct
4578,1181,9.5.2014,facebook
4579,1181,10.2.2014,facebook
4580,1181,10.27.2014,organic
4581,1181,11.21.2014,organic
4582,1181,12.4.2014,organic
4583,1181,1.1.2015,twitter
4584,1181,1.1.2015,facebook
4585,1181,1.16.2015,facebook
4586,1181,2.11.2015,organic
4587,1181,3.11.2015,direct
4588,1181,4.8.2015,twitter
4589,1181,4.8.2015,adwords
4590,1181,5.3.2015,facebook
4591,1181,5.27.2015,banner
4592,1181,6.16.2015,facebook
4593,1181,7.3.2015,banner
4594,1181,7.27.2015,direct
4595,1181,8.10.2015,organic
4596,1181,9.9.2015,adwords
4597,1181,9.25.2015,banner
4598,1181,10.15.2015,direct
4599,1181,11.15.2015,direct
4600,1181,12.5.2015,banner
4601,1181,12.27.2015,organic
4602,1181,1.13.2016,twitter
4603,1181,1.13.2016,facebook
4604,1181,2.4.2016,facebook
4605,1181,2.4.2016,organic
4606,1181,3.26.2016,banner
4607,1191,1.24.2016,adwords
4608,1191,2.7.2016,adwords
4609,1191,2.27.2016,direct
4610,1191,3.21.2016,organic
4611,1191,4.18.2016,direct
4612,1191,5.14.2016,direct
4613,1191,10.16.2016,organic
4614,1191,10.25.2016,direct
4615,1191,11.12.2016,direct
4616,1191,11.15.2016,adwords
4617,1191,11.30.2016,direct
4618,1191,12.25.2016,adwords
4619,1201,11.12.2016,direct
4620,1201,12.3.2016,direct
4621,1201,12.19.2016,facebook
4622,1211,11.22.2016,adwords
4623,1211,12.28.2016,facebook
4624,1221,1.20.2015,twitter
4625,1221,2.5.2015,organic
4626,1221,2.26.2015,adwords
4627,1221,4.23.2015,direct
4628,1221,5.17.2015,facebook
4629,1221,6.6.2015,adwords
4630,1221,6.6.2015,direct
4631,1221,6.23.2015,facebook
4632,1221,8.8.2015,direct
4633,1221,8.28.2015,adwords
4634,1221,9.12.2015,organic
4635,1221,9.24.2015,organic
4636,1221,11.6.2015,adwords
4637,1221,11.24.2015,organic
4638,1221,12.11.2015,twitter
4639,1221,12.30.2015,direct
4640,1221,1.26.2016,organic
4641,1221,2.25.2016,facebook
4642,1221,3.17.2016,organic
4643,1221,4.7.2016,facebook
4644,1221,4.26.2016,banner
4645,1221,5.4.2016,twitter
4646,1221,5.4.2016,banner
4647,1221,5.22.2016,facebook
4648,1221,6.19.2016,adwords
4649,1221,6.24.2016,organic
4650,1221,7.14.2016,organic
4651,1221,8.6.2016,banner
4652,1221,8.25.2016,organic
4653,1221,9.22.2016,banner
4654,1221,11.11.2016,facebook
4655,1221,11.28.2016,organic
4656,1221,12.11.2016,facebook
4657,1221,12.21.2016,organic
4658,1231,2.26.2016,adwords
4659,1231,3.11.2016,twitter
4660,1231,3.26.2016,facebook
4661,1231,4.10.2016,facebook
4662,1231,5.6.2016,banner
4663,1231,5.18.2016,direct
4664,1231,6.2.2016,banner
4665,1231,6.24.2016,banner
4666,1231,7.22.2016,facebook
4667,1231,7.22.2016,direct
4668,1231,8.16.2016,direct
4669,1231,8.28.2016,facebook
4670,1231,9.10.2016,organic
4671,1231,10.2.2016,direct
4672,1231,11.21.2016,banner
4673,1231,12.28.2016,facebook
4674,1241,6.14.2016,organic
4675,1241,7.26.2016,organic
4676,1241,9.6.2016,facebook
4677,1251,12.11.2013,organic
4678,1261,11.12.2014,facebook
4679,1261,12.11.2014,facebook
4680,1261,1.13.2015,organic
4681,1261,4.1.2015,organic
4682,1261,4.27.2015,facebook
4683,1261,5.18.2015,facebook
4684,1261,6.6.2015,facebook
4685,1261,6.6.2015,adwords
4686,1261,7.29.2015,direct
4687,1261,9.1.2015,adwords
4688,1261,10.5.2015,facebook
4689,1261,11.14.2015,banner
4690,1261,6.5.2016,organic
4691,1261,7.13.2016,organic
4692,1261,9.24.2016,facebook
4693,1261,10.29.2016,organic
4694,1261,11.25.2016,banner
4695,1261,12.19.2016,adwords
4696,1271,10.28.2015,organic
4697,1271,10.28.2015,organic
4698,1271,11.24.2015,twitter
4699,1271,11.24.2015,adwords
4700,1271,11.29.2015,organic
4701,1271,12.21.2015,organic
4702,1271,1.16.2016,organic
4703,1271,1.30.2016,facebook
4704,1271,2.17.2016,facebook
4705,1271,3.3.2016,direct
4706,1271,3.3.2016,organic
4707,1271,3.25.2016,organic
4708,1271,3.25.2016,direct
4709,1271,4.4.2016,twitter
4710,1271,4.16.2016,facebook
4711,1271,5.1.2016,direct
4712,1271,5.1.2016,adwords
4713,1271,6.6.2016,organic
4714,1271,6.22.2016,organic
4715,1271,7.8.2016,facebook
4716,1271,7.23.2016,facebook
4717,1271,7.28.2016,adwords
4718,1271,8.13.2016,twitter
4719,1271,8.23.2016,twitter
4720,1271,8.31.2016,organic
4721,1271,9.27.2016,adwords
4722,1271,10.3.2016,banner
4723,1271,10.10.2016,adwords
4724,1271,11.3.2016,twitter
4725,1271,11.16.2016,facebook
4726,1271,12.2.2016,facebook
4727,1271,12.2.2016,direct
4728,1281,12.5.2013,adwords
4729,1281,12.30.2013,banner
4730,1291,5.6.2015,facebook
4731,1291,6.9.2015,organic
4732,1291,6.9.2015,direct
4733,1291,7.4.2015,twitter
4734,1291,8.14.2015,direct
4735,1291,9.12.2015,organic
4736,1291,10.28.2015,banner
4737,1291,11.25.2015,twitter
4738,1291,12.12.2015,organic
4739,1291,1.10.2016,facebook
4740,1291,2.13.2016,facebook
4741,1291,2.13.2016,organic
4742,1291,3.18.2016,twitter
4743,1291,4.15.2016,organic
4744,1291,5.10.2016,facebook
4745,1291,6.19.2016,organic
4746,1291,7.21.2016,direct
4747,1291,8.22.2016,twitter
4748,1291,9.24.2016,adwords
4749,1291,10.18.2016,facebook
4750,1291,11.2.2016,adwords
4751,1291,11.13.2016,organic
4752,1291,12.12.2016,adwords
4753,1301,12.8.2013,facebook
4754,1301,1.1.2014,adwords
4755,1301,1.1.2014,facebook
4756,1301,1.12.2014,adwords
4757,1301,1.29.2014,adwords
4758,1301,1.29.2014,adwords
4759,1301,2.22.2014,direct
4760,1301,3.6.2014,twitter
4761,1301,3.23.2014,facebook
4762,1301,3.30.2014,adwords
4763,1301,4.14.2014,direct
4764,1301,1.24.2016,organic
4765,1301,1.27.2016,facebook
4766,1301,2.16.2016,twitter
4767,1301,2.16.2016,adwords
4768,1301,2.19.2016,direct
4769,1301,3.3.2016,facebook
4770,1311,7.7.2016,facebook
4771,1311,8.10.2016,banner
4772,1311,9.10.2016,facebook
4773,1311,10.5.2016,adwords
4774,1311,12.9.2016,adwords
4775,1311,12.21.2016,banner
4776,1321,12.15.2015,organic
4777,1321,12.28.2015,facebook
4778,1321,12.28.2015,organic
4779,1321,1.29.2016,direct
4780,1321,2.24.2016,twitter
4781,1321,3.21.2016,banner
4782,1321,4.10.2016,direct
4783,1321,4.24.2016,adwords
4784,1321,5.9.2016,organic
4785,1321,5.29.2016,direct
4786,1321,6.18.2016,twitter
4787,1321,6.18.2016,direct
4788,1321,7.19.2016,organic
4789,1321,8.15.2016,organic
4790,1321,8.24.2016,direct
4791,1321,9.14.2016,direct
4792,1321,10.2.2016,organic
4793,1321,10.25.2016,banner
4794,1321,11.28.2016,organic
4795,1321,12.14.2016,twitter
4796,1331,8.18.2016,adwords
4797,1331,10.26.2016,banner
4798,1331,11.8.2016,facebook
4799,1331,11.25.2016,twitter
4800,1331,12.9.2016,direct
4801,1331,12.9.2016,adwords
4802,1331,12.24.2016,twitter
4803,1341,8.28.2016,organic
4804,1341,10.2.2016,organic
4805,1341,12.1.2016,organic
4806,1341,12.23.2016,twitter
4807,1341,12.23.2016,facebook
4808,1351,8.21.2016,organic
4809,1351,9.13.2016,direct
4810,1351,10.4.2016,facebook
4811,1361,9.1.2016,facebook
4812,1361,9.19.2016,twitter
4813,1361,10.10.2016,organic
4814,1361,10.10.2016,organic
4815,1361,10.28.2016,direct
4816,1361,11.14.2016,adwords
4817,1361,12.3.2016,facebook
4818,1361,12.22.2016,facebook
4819,1371,8.15.2015,direct
4820,1371,9.13.2015,direct
4821,1371,10.12.2015,banner
4822,1381,11.12.2016,direct
4823,1391,10.7.2016,facebook
4824,1391,11.18.2016,organic
4825,1391,12.23.2016,direct
4826,1401,12.12.2013,twitter
4827,1401,1.4.2014,organic
4828,1401,1.31.2014,facebook
4829,1401,2.23.2014,adwords
4830,1401,3.22.2014,twitter
4831,1401,3.30.2014,facebook
4832,1401,5.12.2014,adwords
4833,1401,6.12.2014,organic
4834,1401,7.8.2014,organic
4835,1401,8.8.2014,banner
4836,1401,9.6.2014,facebook
4837,1401,10.1.2014,adwords
4838,1401,11.3.2014,organic
4839,1401,11.27.2014,facebook
4840,1401,1.5.2015,direct
4841,1401,2.7.2015,facebook
4842,1401,2.24.2015,banner
4843,1411,12.30.2013,twitter
4844,1411,1.22.2014,facebook
4845,1411,1.22.2014,banner
4846,1411,2.15.2014,facebook
4847,1411,3.5.2014,adwords
4848,1411,3.21.2014,twitter
4849,1411,4.13.2014,adwords
4850,1411,5.10.2014,banner
4851,1411,7.14.2014,twitter
4852,1411,7.18.2014,twitter
4853,1411,7.18.2014,direct
4854,1411,7.30.2014,direct
4855,1411,8.29.2014,facebook
4856,1411,9.16.2014,facebook
4857,1411,10.6.2014,banner
4858,1411,10.12.2014,facebook
4859,1411,10.31.2014,facebook
4860,1411,11.20.2014,direct
4861,1411,12.8.2014,organic
4862,1411,12.29.2014,facebook
4863,1411,1.22.2015,banner
4864,1411,2.13.2015,direct
4865,1411,3.6.2015,facebook
4866,1411,3.22.2015,banner
4867,1411,4.16.2015,direct
4868,1411,5.7.2015,adwords
4869,1411,5.20.2015,adwords
4870,1411,6.2.2015,organic
4871,1411,6.18.2015,facebook
4872,1411,7.2.2015,facebook
4873,1411,7.13.2015,organic
4874,1411,8.1.2015,twitter
4875,1411,9.4.2015,direct
4876,1411,9.26.2015,organic
4877,1411,10.15.2015,twitter
4878,1411,11.18.2015,organic
4879,1411,12.7.2015,banner
4880,1411,12.26.2015,facebook
4881,1411,1.21.2016,adwords
4882,1411,2.10.2016,organic
4883,1411,2.10.2016,organic
4884,1411,2.25.2016,direct
4885,1411,3.13.2016,organic
4886,1411,4.4.2016,adwords
4887,1411,5.6.2016,twitter
4888,1411,6.29.2016,banner
4889,1411,7.14.2016,organic
4890,1411,7.30.2016,banner
4891,1411,8.18.2016,direct
4892,1411,9.1.2016,facebook
4893,1411,9.20.2016,adwords
4894,1411,10.11.2016,organic
4895,1421,1.1.2014,facebook
4896,1421,3.12.2014,adwords
4897,1421,4.13.2014,direct
4898,1421,6.1.2014,adwords
4899,1421,7.4.2014,direct
4900,1421,7.4.2014,facebook
4901,1431,3.28.2016,direct
4902,1441,12.28.2013,facebook
4903,1441,12.28.2013,adwords
4904,1441,1.25.2014,twitter
4905,1441,2.16.2014,banner
4906,1441,3.20.2014,direct
4907,1441,4.1.2014,direct
4908,1441,5.7.2014,direct
4909,1441,6.16.2014,facebook
4910,1441,6.16.2014,twitter
4911,1441,7.8.2014,banner
4912,1441,8.4.2014,banner
4913,1441,8.31.2014,banner
4914,1441,2.14.2015,banner
4915,1441,3.11.2015,facebook
4916,1441,6.17.2015,facebook
4917,1441,8.17.2015,organic
4918,1441,9.13.2015,adwords
4919,1441,10.16.2015,direct
4920,1441,11.17.2015,organic
4921,1441,12.22.2015,direct
4922,1441,1.19.2016,direct
4923,1441,2.16.2016,adwords
4924,1441,3.13.2016,facebook
4925,1441,4.13.2016,twitter
4926,1441,5.7.2016,facebook
4927,1441,5.23.2016,direct
4928,1441,6.17.2016,adwords
4929,1441,11.13.2016,direct
4930,1441,12.11.2016,organic
4931,1451,5.4.2014,adwords
4932,1451,5.31.2014,twitter
4933,1451,6.21.2014,twitter
4934,1451,7.20.2014,facebook
4935,1451,8.14.2014,facebook
4936,1451,9.10.2014,facebook
4937,1451,9.14.2014,organic
4938,1451,10.15.2014,organic
4939,1451,10.26.2014,organic
4940,1451,11.25.2014,adwords
4941,1451,12.19.2014,adwords
4942,1451,1.30.2015,facebook
4943,1451,2.27.2015,banner
4944,1451,3.27.2015,facebook
4945,1451,5.5.2015,banner
4946,1451,5.30.2015,organic
4947,1451,6.27.2015,direct
4948,1451,7.23.2015,banner
4949,1451,8.22.2015,direct
4950,1451,9.30.2015,facebook
4951,1451,10.30.2015,facebook
4952,1451,12.3.2015,organic
4953,1451,1.10.2016,adwords
4954,1451,3.5.2016,facebook
4955,1451,4.15.2016,organic
4956,1451,5.15.2016,organic
4957,1451,6.22.2016,adwords
4958,1451,7.23.2016,direct
4959,1451,7.23.2016,banner
4960,1451,8.20.2016,organic
4961,1451,9.27.2016,adwords
4962,1451,10.21.2016,adwords
4963,1451,11.21.2016,facebook
4964,1451,12.17.2016,facebook
4965,1461,12.12.2015,adwords
4966,1461,12.27.2015,direct
4967,1461,1.17.2016,facebook
4968,1461,2.9.2016,adwords
4969,1461,3.2.2016,facebook
4970,1461,3.18.2016,adwords
4971,1461,4.2.2016,organic
4972,1461,4.9.2016,banner
4973,1461,5.12.2016,direct
4974,1461,5.28.2016,organic
4975,1461,5.28.2016,adwords
4976,1461,6.15.2016,banner
4977,1461,7.2.2016,twitter
4978,1461,7.24.2016,organic
4979,1461,8.12.2016,banner
4980,1461,9.7.2016,banner
4981,1461,9.25.2016,direct
4982,1461,10.6.2016,banner
4983,1461,10.6.2016,organic
4984,1461,11.6.2016,adwords
4985,1461,11.26.2016,adwords
4986,1461,12.20.2016,organic
4987,1471,1.1.2017,adwords
4988,1471,1.1.2017,twitter
4989,1481,12.19.2016,facebook
4990,1491,2.15.2015,adwords
4991,1491,3.14.2015,direct
4992,1491,4.6.2015,organic
4993,1501,1.30.2015,organic
4994,1501,3.3.2015,twitter
4995,1501,3.31.2015,direct
4996,1501,5.28.2015,direct
4997,1501,8.24.2015,adwords
4998,1501,9.26.2015,adwords
4999,1501,11.1.2015,facebook
5000,1501,12.7.2015,direct
5001,1501,1.22.2016,direct
5002,1501,3.10.2016,facebook
5003,1501,5.4.2016,organic
5004,1501,5.17.2016,adwords
5005,1501,6.20.2016,twitter
5006,1501,7.20.2016,direct
5007,1501,8.20.2016,organic
5008,1511,3.20.2016,facebook
5009,1511,3.31.2016,organic
5010,1511,4.19.2016,direct
5011,1511,5.10.2016,adwords
5012,1511,5.30.2016,organic
5013,1511,5.30.2016,facebook
5014,1511,6.23.2016,direct
5015,1511,7.18.2016,direct
5016,1511,8.19.2016,adwords
5017,1511,9.5.2016,facebook
5018,1511,9.5.2016,facebook
5019,1511,10.2.2016,adwords
5020,1511,10.23.2016,banner
5021,1511,11.8.2016,facebook
5022,1511,11.8.2016,direct
5023,1511,11.30.2016,banner
5024,1511,1.1.2017,direct
5025,1521,12.31.2013,adwords
5026,1521,1.22.2014,adwords
5027,1521,2.4.2014,organic
5028,1521,2.21.2014,facebook
5029,1521,2.28.2014,organic
5030,1521,4.6.2014,organic
5031,1521,4.6.2014,organic
5032,1521,5.24.2014,adwords
5033,1521,6.8.2014,facebook
5034,1521,6.28.2014,facebook
5035,1521,7.15.2014,facebook
5036,1521,7.15.2014,facebook
5037,1521,7.15.2014,adwords
5038,1521,8.13.2014,organic
5039,1521,9.1.2014,direct
5040,1521,9.16.2014,facebook
5041,1521,10.7.2014,direct
5042,1521,10.22.2014,organic
5043,1521,11.10.2014,adwords
5044,1521,12.8.2014,adwords
5045,1521,5.11.2015,twitter
5046,1521,5.11.2015,adwords
5047,1521,6.28.2015,facebook
5048,1521,7.5.2015,twitter
5049,1521,7.31.2015,facebook
5050,1521,8.21.2015,banner
5051,1521,9.5.2015,adwords
5052,1521,9.26.2015,facebook
5053,1521,10.16.2015,banner
5054,1521,10.30.2015,facebook
5055,1521,11.14.2015,organic
5056,1521,12.2.2015,facebook
5057,1521,12.20.2015,direct
5058,1521,1.21.2016,adwords
5059,1521,1.31.2016,direct
5060,1521,1.31.2016,facebook
5061,1521,2.23.2016,organic
5062,1521,3.10.2016,twitter
5063,1521,4.1.2016,direct
5064,1521,4.19.2016,organic
5065,1521,5.13.2016,adwords
5066,1521,5.13.2016,adwords
5067,1521,6.2.2016,direct
5068,1521,6.7.2016,adwords
5069,1521,6.7.2016,organic
5070,1521,7.4.2016,adwords
5071,1521,7.25.2016,adwords
5072,1531,12.10.2013,banner
5073,1531,1.1.2014,direct
5074,1531,1.1.2014,direct
5075,1531,2.7.2014,direct
5076,1531,2.26.2014,banner
5077,1531,3.16.2014,organic
5078,1531,3.28.2014,organic
5079,1531,4.14.2014,organic
5080,1531,4.27.2014,banner
5081,1531,4.27.2014,adwords
5082,1531,5.6.2014,organic
5083,1531,5.23.2014,twitter
5084,1531,6.12.2014,twitter
5085,1531,6.12.2014,organic
5086,1531,7.4.2014,direct
5087,1531,7.17.2014,banner
5088,1531,7.27.2014,twitter
5089,1531,10.29.2014,adwords
5090,1531,11.21.2014,organic
5091,1531,12.7.2014,adwords
5092,1531,1.6.2015,adwords
5093,1531,1.27.2015,facebook
5094,1531,2.21.2015,twitter
5095,1531,3.15.2015,banner
5096,1531,3.15.2015,direct
5097,1531,4.3.2015,direct
5098,1531,4.20.2015,facebook
5099,1531,6.6.2015,organic
5100,1531,6.6.2015,facebook
5101,1531,7.1.2015,facebook
5102,1531,7.28.2015,organic
5103,1531,8.7.2015,direct
5104,1531,9.5.2015,adwords
5105,1531,9.23.2015,facebook
5106,1531,10.10.2015,adwords
5107,1531,11.9.2015,facebook
5108,1531,12.4.2015,facebook
5109,1531,4.15.2016,direct
5110,1531,5.4.2016,organic
5111,1531,6.3.2016,organic
5112,1531,7.24.2016,facebook
5113,1531,8.12.2016,organic
5114,1531,10.22.2016,adwords
5115,1531,11.15.2016,organic
5116,1531,11.15.2016,adwords
5117,1541,6.7.2015,banner
5118,1541,6.21.2015,facebook
5119,1541,7.27.2015,adwords
5120,1541,8.15.2015,facebook
5121,1541,8.15.2015,organic
5122,1541,8.27.2015,twitter
5123,1541,9.17.2015,organic
5124,1541,9.26.2015,organic
5125,1541,10.3.2015,facebook
5126,1541,10.16.2015,organic
5127,1541,10.24.2015,adwords
5128,1541,11.8.2015,organic
5129,1541,12.24.2015,adwords
5130,1541,1.13.2016,direct
5131,1541,2.17.2016,organic
5132,1541,3.2.2016,direct
5133,1551,12.13.2016,twitter
5134,1561,12.17.2013,banner
5135,1561,1.25.2014,adwords
5136,1561,2.7.2014,banner
5137,1561,3.7.2014,adwords
5138,1561,3.13.2014,organic
5139,1561,4.13.2014,adwords
5140,1561,5.10.2014,banner
5141,1561,5.31.2014,direct
5142,1561,6.25.2014,facebook
5143,1561,7.11.2014,facebook
5144,1561,8.10.2014,facebook
5145,1561,9.10.2014,twitter
5146,1561,9.10.2014,direct
5147,1561,10.10.2014,direct
5148,1561,11.11.2014,direct
5149,1561,11.11.2014,adwords
5150,1561,12.7.2014,direct
5151,1561,1.7.2015,twitter
5152,1561,3.3.2015,facebook
5153,1561,3.29.2015,organic
5154,1561,4.28.2015,direct
5155,1571,1.1.2014,organic
5156,1571,3.14.2014,facebook
5157,1571,7.30.2014,direct
5158,1571,8.13.2014,adwords
5159,1571,9.1.2014,banner
5160,1571,9.12.2014,direct
5161,1571,10.28.2014,facebook
5162,1571,11.10.2014,direct
5163,1571,11.10.2014,adwords
5164,1571,11.10.2014,banner
5165,1571,11.28.2014,organic
5166,1571,12.20.2014,banner
5167,1571,12.31.2014,direct
5168,1571,1.25.2015,organic
5169,1571,2.9.2015,twitter
5170,1571,3.13.2015,banner
5171,1571,3.30.2015,facebook
5172,1571,4.18.2015,organic
5173,1571,5.25.2015,organic
5174,1571,6.5.2015,organic
5175,1571,6.5.2015,adwords
5176,1571,6.26.2015,direct
5177,1571,7.9.2015,adwords
5178,1571,8.11.2015,organic
5179,1571,9.6.2015,banner
5180,1571,9.28.2015,direct
5181,1571,10.26.2015,organic
5182,1571,11.23.2015,banner
5183,1571,11.23.2015,direct
5184,1571,12.21.2015,banner
5185,1571,1.14.2016,facebook
5186,1571,2.18.2016,organic
5187,1571,3.6.2016,direct
5188,1571,3.6.2016,banner
5189,1571,3.27.2016,facebook
5190,1571,3.27.2016,organic
5191,1571,9.22.2016,banner
5192,1571,10.20.2016,organic
5193,1571,11.16.2016,direct
5194,1571,12.5.2016,organic
5195,1571,12.23.2016,facebook
5196,1581,4.7.2016,direct
5197,1581,4.23.2016,adwords
5198,1591,12.22.2016,banner
5199,1601,12.14.2013,direct
5200,1601,12.27.2013,twitter
5201,1601,2.7.2014,facebook
5202,1601,2.7.2014,organic
5203,1601,3.10.2014,facebook
5204,1601,4.5.2014,direct
5205,1601,4.26.2014,direct
5206,1601,5.28.2014,twitter
5207,1601,6.14.2014,facebook
5208,1601,8.26.2014,banner
5209,1601,12.26.2014,twitter
5210,1601,1.21.2015,direct
5211,1601,2.10.2015,banner
5212,1601,3.3.2015,direct
5213,1601,3.27.2015,facebook
5214,1601,4.7.2015,facebook
5215,1601,4.22.2015,adwords
5216,1601,5.20.2015,organic
5217,1601,6.7.2015,banner
5218,1601,6.29.2015,direct
5219,1601,7.18.2015,direct
5220,1601,9.6.2015,direct
5221,1601,10.1.2015,organic
5222,1601,10.16.2015,adwords
5223,1601,11.5.2015,facebook
5224,1601,11.27.2015,organic
5225,1601,12.14.2015,direct
5226,1601,1.9.2016,organic
5227,1601,1.9.2016,facebook
5228,1601,2.10.2016,organic
5229,1601,2.19.2016,twitter
5230,1601,3.13.2016,adwords
5231,1601,3.23.2016,adwords
5232,1601,5.11.2016,direct
5233,1601,5.11.2016,direct
5234,1601,5.11.2016,organic
5235,1601,6.13.2016,direct
5236,1601,6.13.2016,adwords
5237,1601,7.10.2016,facebook
5238,1601,7.15.2016,facebook
5239,1601,9.30.2016,facebook
5240,1601,10.3.2016,direct
5241,1601,10.3.2016,organic
5242,1601,10.21.2016,twitter
5243,1601,10.22.2016,banner
5244,1611,10.4.2015,facebook
5245,1611,10.28.2015,banner
5246,1611,10.28.2015,twitter
5247,1611,11.17.2015,adwords
5248,1611,1.7.2016,direct
5249,1611,1.29.2016,facebook
5250,1611,2.20.2016,direct
5251,1611,3.11.2016,adwords
5252,1611,3.24.2016,banner
5253,1611,4.11.2016,facebook
5254,1611,4.19.2016,direct
5255,1611,5.13.2016,organic
5256,1611,5.13.2016,direct
5257,1611,6.22.2016,adwords
5258,1611,7.17.2016,facebook
5259,1611,8.1.2016,adwords
5260,1611,8.1.2016,adwords
5261,1611,8.28.2016,banner
5262,1611,8.28.2016,twitter
5263,1611,9.27.2016,direct
5264,1611,9.30.2016,adwords
5265,1611,10.25.2016,adwords
5266,1611,11.12.2016,adwords
5267,1611,12.27.2016,organic
5268,1621,12.7.2016,banner
5269,1621,12.28.2016,banner
5270,1631,5.10.2016,facebook
5271,1631,5.15.2016,direct
5272,1631,5.15.2016,adwords
5273,1631,5.15.2016,facebook
5274,1631,5.25.2016,direct
5275,1631,6.9.2016,organic
5276,1631,7.5.2016,adwords
5277,1641,9.10.2016,adwords
5278,1641,10.8.2016,facebook
5279,1641,11.8.2016,adwords
5280,1651,7.12.2014,direct
5281,1651,7.21.2014,facebook
5282,1651,8.23.2014,direct
5283,1651,10.8.2014,adwords
5284,1651,11.16.2014,direct
5285,1651,12.27.2014,organic
5286,1651,2.9.2015,adwords
5287,1651,3.18.2015,banner
5288,1651,4.24.2015,facebook
5289,1651,6.9.2015,organic
5290,1651,7.18.2015,direct
5291,1651,7.25.2015,facebook
5292,1651,7.25.2015,adwords
5293,1651,9.2.2015,adwords
5294,1651,10.3.2015,organic
5295,1651,10.28.2015,twitter
5296,1651,12.13.2015,organic
5297,1661,5.26.2016,banner
5298,1661,6.17.2016,facebook
5299,1671,6.29.2016,facebook
5300,1671,8.8.2016,organic
5301,1671,9.14.2016,organic
5302,1671,11.10.2016,adwords
5303,1671,12.19.2016,adwords
5304,1671,12.31.2016,facebook
5305,1681,3.18.2016,organic
5306,1681,3.18.2016,adwords
5307,1681,3.18.2016,facebook
5308,1681,3.25.2016,organic
5309,1681,4.24.2016,facebook
5310,1681,5.20.2016,adwords
5311,1681,6.1.2016,adwords
5312,1681,6.24.2016,adwords
5313,1681,8.5.2016,direct
5314,1681,9.8.2016,organic
5315,1681,10.14.2016,direct
5316,1681,11.3.2016,adwords
5317,1681,12.4.2016,direct
5318,1681,1.1.2017,organic
5319,1691,1.13.2016,banner
5320,1691,1.31.2016,organic
5321,1691,2.23.2016,direct
5322,1691,3.15.2016,facebook
5323,1691,4.3.2016,organic
5324,1691,4.22.2016,direct
5325,1691,5.24.2016,twitter
5326,1691,6.21.2016,banner
5327,1691,6.25.2016,facebook
5328,1691,7.9.2016,organic
5329,1691,7.29.2016,direct
5330,1691,8.21.2016,facebook
5331,1691,9.9.2016,adwords
5332,1691,9.23.2016,banner
5333,1701,12.12.2013,twitter
5334,1701,1.20.2014,twitter
5335,1701,3.1.2014,organic
5336,1701,4.8.2014,adwords
5337,1701,5.3.2014,direct
5338,1701,6.14.2014,adwords
5339,1701,7.22.2014,direct
5340,1701,9.8.2014,facebook
5341,1701,10.13.2014,facebook
5342,1701,11.22.2014,adwords
5343,1701,1.8.2015,direct
5344,1701,1.27.2015,adwords
5345,1701,2.2.2015,twitter
5346,1701,3.1.2015,facebook
5347,1701,4.2.2015,direct
5348,1701,4.24.2015,adwords
5349,1701,4.24.2015,direct
5350,1701,4.24.2015,twitter
5351,1701,6.10.2015,organic
5352,1701,7.21.2015,banner
5353,1701,8.25.2015,direct
5354,1701,9.30.2015,organic
5355,1701,11.8.2015,banner
5356,1701,12.26.2015,facebook
5357,1701,1.27.2016,organic
5358,1701,3.3.2016,organic
5359,1701,4.15.2016,facebook
5360,1701,5.27.2016,organic
5361,1701,6.25.2016,facebook
5362,1701,8.2.2016,twitter
5363,1701,9.18.2016,facebook
5364,1701,10.24.2016,banner
5365,1711,7.10.2015,organic
5366,1711,8.4.2015,banner
5367,1711,8.13.2015,facebook
5368,1711,9.26.2015,banner
5369,1711,10.13.2015,direct
5370,1711,10.31.2015,banner
5371,1711,11.20.2015,organic
5372,1711,12.13.2015,direct
5373,1711,12.31.2015,facebook
5374,1711,1.9.2016,organic
5375,1711,1.28.2016,direct
5376,1711,2.12.2016,twitter
5377,1711,3.17.2016,banner
5378,1711,3.17.2016,direct
5379,1711,4.10.2016,twitter
5380,1711,4.23.2016,organic
5381,1711,4.23.2016,direct
5382,1711,5.12.2016,facebook
5383,1711,6.10.2016,facebook
5384,1711,6.26.2016,direct
5385,1711,7.15.2016,twitter
5386,1711,7.28.2016,organic
5387,1711,8.16.2016,direct
5388,1711,8.16.2016,adwords
5389,1711,8.27.2016,organic
5390,1711,9.20.2016,direct
5391,1711,10.11.2016,facebook
5392,1711,10.20.2016,adwords
5393,1711,10.29.2016,organic
5394,1711,11.22.2016,banner
5395,1711,12.18.2016,direct
5396,1721,6.21.2016,direct
5397,1721,7.28.2016,organic
5398,1721,8.6.2016,direct
5399,1721,8.6.2016,twitter
5400,1721,9.4.2016,facebook
5401,1721,9.20.2016,direct
5402,1721,10.9.2016,adwords
5403,1721,10.26.2016,direct
5404,1721,11.9.2016,organic
5405,1721,11.17.2016,banner
5406,1721,12.2.2016,adwords
5407,1721,12.7.2016,adwords
5408,1731,6.22.2016,facebook
5409,1731,7.14.2016,organic
5410,1731,7.24.2016,adwords
5411,1731,7.27.2016,direct
5412,1731,8.4.2016,banner
5413,1731,8.31.2016,adwords
5414,1731,9.12.2016,adwords
5415,1731,9.12.2016,direct
5416,1731,10.2.2016,direct
5417,1731,10.25.2016,direct
5418,1731,12.10.2016,organic
5419,1731,12.30.2016,direct
5420,1741,5.22.2015,adwords
5421,1741,6.13.2015,organic
5422,1741,8.4.2015,adwords
5423,1741,8.4.2015,adwords
5424,1741,11.25.2015,twitter
5425,1741,11.25.2015,organic
5426,1741,12.13.2015,adwords
5427,1741,12.31.2015,facebook
5428,1741,1.29.2016,facebook
5429,1741,3.19.2016,twitter
5430,1741,4.10.2016,twitter
5431,1741,5.20.2016,facebook
5432,1741,5.20.2016,adwords
5433,1741,6.25.2016,facebook
5434,1741,6.25.2016,adwords
5435,1741,8.24.2016,facebook
5436,1741,9.13.2016,facebook
5437,1741,9.13.2016,facebook
5438,1741,9.13.2016,adwords
5439,1741,9.18.2016,direct
5440,1751,12.12.2013,facebook
5441,1751,1.19.2014,facebook
5442,1751,2.26.2014,organic
5443,1751,4.13.2014,organic
5444,1751,5.27.2014,adwords
5445,1751,7.20.2014,facebook
5446,1751,9.1.2014,organic
5447,1751,12.28.2014,organic
5448,1751,2.18.2015,direct
5449,1751,3.14.2015,banner
5450,1751,5.12.2015,direct
5451,1751,6.13.2015,facebook
5452,1751,7.23.2015,facebook
5453,1751,9.9.2015,direct
5454,1751,10.20.2015,adwords
5455,1751,11.26.2015,direct
5456,1751,12.30.2015,direct
5457,1751,2.6.2016,organic
5458,1751,3.26.2016,organic
5459,1751,5.1.2016,organic
5460,1751,6.8.2016,adwords
5461,1751,7.28.2016,facebook
5462,1751,8.26.2016,facebook
5463,1751,10.3.2016,facebook
5464,1751,11.6.2016,facebook
5465,1751,12.10.2016,adwords
5466,1761,10.5.2016,adwords
5467,1761,10.25.2016,banner
5468,1771,8.18.2016,facebook
5469,1771,9.8.2016,facebook
5470,1771,9.29.2016,direct
5471,1771,9.29.2016,organic
5472,1771,10.19.2016,organic
5473,1771,11.9.2016,twitter
5474,1771,11.28.2016,facebook
5475,1781,7.15.2014,organic
5476,1781,8.7.2014,banner
5477,1781,8.27.2014,direct
5478,1781,9.9.2014,twitter
5479,1781,9.25.2014,organic
5480,1781,9.30.2014,direct
5481,1781,12.10.2014,direct
5482,1781,12.30.2014,adwords
5483,1781,1.21.2015,facebook
5484,1781,2.11.2015,banner
5485,1781,2.11.2015,direct
5486,1781,3.2.2015,adwords
5487,1781,3.16.2015,organic
5488,1781,4.13.2015,adwords
5489,1781,4.19.2015,adwords
5490,1781,5.14.2015,direct
5491,1781,5.19.2015,adwords
5492,1781,6.7.2015,twitter
5493,1781,6.25.2015,twitter
5494,1781,7.13.2015,twitter
5495,1781,7.31.2015,organic
5496,1781,8.24.2015,twitter
5497,1781,9.22.2015,banner
5498,1781,10.13.2015,banner
5499,1781,11.11.2015,direct
5500,1781,12.5.2015,adwords
5501,1781,12.22.2015,organic
5502,1781,1.12.2016,adwords
5503,1781,1.20.2016,direct
5504,1781,2.5.2016,adwords
5505,1781,3.9.2016,organic
5506,1781,4.7.2016,banner
5507,1781,4.22.2016,facebook
5508,1781,4.25.2016,direct
5509,1781,5.5.2016,twitter
5510,1781,5.26.2016,organic
5511,1781,6.15.2016,organic
5512,1781,7.6.2016,adwords
5513,1781,7.20.2016,facebook
5514,1781,8.8.2016,direct
5515,1781,8.25.2016,organic
5516,1781,9.14.2016,organic
5517,1781,10.6.2016,direct
5518,1781,10.22.2016,twitter
5519,1781,11.5.2016,twitter
5520,1781,11.22.2016,facebook
5521,1781,12.20.2016,direct
5522,1781,12.20.2016,adwords
5523,1791,12.9.2013,organic
5524,1791,1.9.2014,facebook
5525,1791,1.29.2014,facebook
5526,1791,2.19.2014,adwords
5527,1791,3.8.2014,adwords
5528,1791,4.9.2014,twitter
5529,1791,4.24.2014,facebook
5530,1791,9.19.2014,twitter
5531,1791,10.3.2014,facebook
5532,1791,10.22.2014,organic
5533,1791,12.20.2014,facebook
5534,1791,1.4.2015,banner
5535,1791,1.20.2015,facebook
5536,1791,1.31.2015,organic
5537,1791,3.23.2015,direct
5538,1791,3.23.2015,organic
5539,1791,4.22.2015,adwords
5540,1791,5.2.2015,adwords
5541,1791,5.21.2015,direct
5542,1791,7.5.2015,adwords
5543,1791,7.11.2015,facebook
5544,1791,8.2.2015,facebook
5545,1791,8.20.2015,adwords
5546,1791,9.10.2015,adwords
5547,1791,9.19.2015,organic
5548,1791,10.6.2015,adwords
5549,1791,10.26.2015,organic
5550,1791,12.21.2015,direct
5551,1791,1.16.2016,twitter
5552,1791,2.19.2016,facebook
5553,1791,3.13.2016,banner
5554,1791,4.2.2016,twitter
5555,1791,4.16.2016,organic
5556,1791,5.7.2016,facebook
5557,1791,8.23.2016,organic
5558,1791,9.16.2016,organic
5559,1791,10.6.2016,organic
5560,1791,10.30.2016,twitter
5561,1791,11.30.2016,facebook
5562,1791,12.31.2016,adwords
5563,1801,11.3.2015,direct
5564,1801,11.30.2015,banner
5565,1801,1.18.2016,direct
5566,1801,2.11.2016,banner
5567,1801,3.15.2016,facebook
5568,1801,3.15.2016,direct
5569,1801,4.22.2016,twitter
5570,1801,5.22.2016,twitter
5571,1801,7.6.2016,organic
5572,1801,8.1.2016,adwords
5573,1801,8.31.2016,organic
5574,1801,12.6.2016,adwords
5575,1801,12.21.2016,direct
5576,1811,11.26.2016,twitter
5577,1811,12.16.2016,facebook
5578,1811,12.28.2016,banner
5579,1821,12.22.2016,direct
5580,1831,12.1.2015,twitter
5581,1831,1.2.2016,organic
5582,1831,2.20.2016,direct
5583,1831,3.17.2016,banner
5584,1831,5.25.2016,organic
5585,1831,6.7.2016,direct
5586,1831,6.22.2016,facebook
5587,1831,7.20.2016,banner
5588,1831,8.7.2016,banner
5589,1831,9.8.2016,direct
5590,1831,9.20.2016,facebook
5591,1841,12.6.2015,adwords
5592,1841,12.14.2015,adwords
5593,1841,1.8.2016,direct
5594,1841,3.3.2016,banner
5595,1841,3.17.2016,direct
5596,1841,4.2.2016,adwords
5597,1841,4.21.2016,adwords
5598,1841,5.23.2016,adwords
5599,1841,6.20.2016,facebook
5600,1841,7.3.2016,twitter
5601,1841,7.17.2016,direct
5602,1841,8.6.2016,adwords
5603,1841,8.17.2016,organic
5604,1841,9.3.2016,direct
5605,1841,9.3.2016,banner
5606,1841,9.23.2016,organic
5607,1841,10.10.2016,facebook
5608,1841,10.27.2016,direct
5609,1841,11.16.2016,organic
5610,1841,12.12.2016,direct
5611,1841,12.15.2016,adwords
5612,1851,6.16.2014,organic
5613,1851,6.17.2014,facebook
5614,1851,7.1.2014,facebook
5615,1851,7.18.2014,facebook
5616,1851,8.5.2014,facebook
5617,1851,8.22.2014,direct
5618,1851,9.9.2014,adwords
5619,1851,9.24.2014,direct
5620,1851,10.11.2014,adwords
5621,1851,10.30.2014,direct
5622,1851,11.17.2014,direct
5623,1851,11.28.2014,banner
5624,1851,12.17.2014,facebook
5625,1851,1.3.2015,twitter
5626,1851,1.25.2015,organic
5627,1851,3.26.2015,adwords
5628,1851,4.24.2015,organic
5629,1851,5.18.2015,facebook
5630,1851,6.13.2015,direct
5631,1851,7.6.2015,twitter
5632,1851,7.9.2015,organic
5633,1851,8.1.2015,adwords
5634,1851,8.14.2015,facebook
5635,1851,8.14.2015,facebook
5636,1851,8.28.2015,direct
5637,1851,9.17.2015,organic
5638,1851,10.13.2015,facebook
5639,1851,11.10.2015,facebook
5640,1851,12.2.2015,facebook
5641,1851,1.6.2016,adwords
5642,1851,1.26.2016,twitter
5643,1851,2.18.2016,facebook
5644,1851,3.6.2016,organic
5645,1851,3.26.2016,facebook
5646,1851,4.19.2016,twitter
5647,1851,4.19.2016,facebook
5648,1851,4.19.2016,facebook
5649,1851,5.9.2016,organic
5650,1851,5.25.2016,organic
5651,1851,6.18.2016,direct
5652,1851,7.18.2016,organic
5653,1851,9.5.2016,twitter
5654,1851,9.23.2016,organic
5655,1851,10.6.2016,twitter
5656,1851,10.6.2016,twitter
5657,1851,10.21.2016,banner
5658,1851,11.1.2016,organic
5659,1851,11.30.2016,direct
5660,1851,12.11.2016,facebook
5661,1851,12.31.2016,organic
5662,1861,12.26.2016,organic
5663,1871,12.22.2013,adwords
5664,1871,1.3.2014,facebook
5665,1871,1.28.2014,facebook
5666,1871,1.28.2014,banner
5667,1871,1.28.2014,banner
5668,1871,3.31.2014,adwords
5669,1871,4.7.2014,adwords
5670,1871,4.7.2014,facebook
5671,1871,5.9.2014,adwords
5672,1871,5.28.2014,direct
5673,1871,7.1.2014,facebook
5674,1871,8.2.2014,banner
5675,1871,9.15.2014,facebook
5676,1871,10.10.2014,facebook
5677,1871,11.19.2014,banner
5678,1871,12.18.2014,adwords
5679,1871,1.24.2015,adwords
5680,1871,3.1.2015,organic
5681,1871,4.9.2015,direct
5682,1871,5.11.2015,organic
5683,1871,6.12.2015,organic
5684,1871,7.18.2015,organic
5685,1871,8.18.2015,facebook
5686,1871,9.19.2015,facebook
5687,1871,11.10.2015,direct
5688,1871,12.8.2015,twitter
5689,1871,1.3.2016,direct
5690,1871,1.27.2016,banner
5691,1871,3.17.2016,adwords
5692,1871,5.2.2016,adwords
5693,1871,5.22.2016,direct
5694,1871,6.25.2016,organic
5695,1871,8.4.2016,organic
5696,1871,8.31.2016,direct
5697,1871,9.11.2016,adwords
5698,1871,10.14.2016,banner
5699,1871,11.7.2016,organic
5700,1871,11.27.2016,twitter
5701,1871,12.29.2016,twitter
5702,1881,12.8.2013,banner
5703,1881,1.3.2014,facebook
5704,1881,1.28.2014,adwords
5705,1881,2.6.2014,adwords
5706,1881,3.2.2014,direct
5707,1881,3.2.2014,organic
5708,1881,3.2.2014,direct
5709,1881,3.26.2014,facebook
5710,1881,4.13.2014,facebook
5711,1881,5.7.2014,facebook
5712,1881,5.22.2014,adwords
5713,1881,6.6.2014,banner
5714,1881,6.17.2014,direct
5715,1881,7.5.2014,organic
5716,1881,7.22.2014,organic
5717,1881,8.6.2014,direct
5718,1881,8.8.2014,facebook
5719,1881,9.4.2014,banner
5720,1881,9.16.2014,adwords
5721,1881,10.7.2014,direct
5722,1881,10.17.2014,direct
5723,1881,11.1.2014,organic
5724,1881,11.27.2014,adwords
5725,1881,12.15.2014,twitter
5726,1881,1.5.2015,twitter
5727,1881,1.21.2015,direct
5728,1881,2.7.2015,banner
5729,1881,3.1.2015,direct
5730,1881,3.18.2015,adwords
5731,1881,4.13.2015,banner
5732,1881,5.21.2015,organic
5733,1881,6.18.2015,facebook
5734,1881,7.16.2015,direct
5735,1881,7.28.2015,adwords
5736,1881,8.14.2015,facebook
5737,1881,9.2.2015,twitter
5738,1881,9.25.2015,facebook
5739,1881,10.23.2015,adwords
5740,1881,11.18.2015,adwords
5741,1881,12.8.2015,facebook
5742,1881,1.9.2016,facebook
5743,1881,2.1.2016,twitter
5744,1881,2.1.2016,facebook
5745,1881,6.15.2016,facebook
5746,1881,7.11.2016,twitter
5747,1881,7.22.2016,facebook
5748,1881,7.22.2016,banner
5749,1881,8.13.2016,organic
5750,1881,8.13.2016,twitter
5751,1881,9.10.2016,organic
5752,1881,9.19.2016,facebook
5753,1881,10.10.2016,direct
5754,1881,11.2.2016,facebook
5755,1881,11.26.2016,adwords
5756,1881,12.11.2016,direct
5757,1881,12.29.2016,twitter
5758,1891,6.1.2016,facebook
5759,1891,6.23.2016,organic
5760,1891,7.21.2016,direct
5761,1891,8.15.2016,adwords
5762,1891,9.1.2016,direct
5763,1901,11.10.2016,direct
5764,1911,10.6.2016,direct
5765,1911,10.16.2016,adwords
5766,1911,11.1.2016,banner
5767,1911,11.13.2016,adwords
5768,1911,11.29.2016,banner
5769,1911,12.12.2016,facebook
5770,1911,12.12.2016,facebook
5771,1911,12.27.2016,twitter
5772,1921,5.9.2015,adwords
5773,1921,5.22.2015,direct
5774,1921,6.3.2015,facebook
5775,1921,6.10.2015,adwords
5776,1921,6.21.2015,facebook
5777,1931,7.30.2016,adwords
5778,1931,8.17.2016,banner
5779,1931,9.5.2016,facebook
5780,1931,9.25.2016,twitter
5781,1931,10.16.2016,adwords
5782,1931,11.8.2016,banner
5783,1931,11.28.2016,adwords
5784,1931,12.12.2016,adwords
5785,1931,12.26.2016,adwords
5786,1941,8.27.2015,facebook
5787,1941,10.9.2015,twitter
5788,1941,11.12.2015,twitter
5789,1941,12.16.2015,facebook
5790,1941,1.26.2016,facebook
5791,1941,2.26.2016,adwords
5792,1941,4.9.2016,organic
5793,1941,5.27.2016,twitter
5794,1941,7.6.2016,facebook
5795,1941,8.9.2016,organic
5796,1941,9.15.2016,banner
5797,1941,10.23.2016,organic
5798,1941,12.21.2016,facebook
5799,1951,12.18.2013,twitter
5800,1951,1.26.2014,facebook
5801,1951,3.10.2014,adwords
5802,1951,4.19.2014,direct
5803,1951,4.19.2014,banner
5804,1951,5.23.2014,twitter
5805,1951,7.4.2014,adwords
5806,1951,7.30.2014,direct
5807,1951,9.29.2014,adwords
5808,1951,11.15.2014,adwords
5809,1951,12.31.2014,facebook
5810,1951,2.16.2015,direct
5811,1951,3.31.2015,direct
5812,1951,5.6.2015,facebook
5813,1951,6.14.2015,adwords
5814,1951,7.27.2015,organic
5815,1951,8.28.2015,twitter
5816,1951,10.3.2015,organic
5817,1951,11.10.2015,adwords
5818,1951,12.19.2015,direct
5819,1951,2.3.2016,adwords
5820,1951,3.15.2016,direct
5821,1951,4.27.2016,facebook
5822,1951,6.4.2016,organic
5823,1951,7.16.2016,organic
5824,1951,8.13.2016,organic
5825,1951,10.14.2016,direct
5826,1951,11.21.2016,adwords
5827,1951,12.19.2016,twitter
5828,1961,1.1.2017,adwords
5829,1961,1.1.2017,direct
5830,1971,12.1.2016,adwords
5831,1981,12.11.2015,twitter
5832,1981,12.28.2015,banner
5833,1981,1.15.2016,direct
5834,1981,1.15.2016,adwords
5835,1981,1.15.2016,twitter
5836,1981,1.20.2016,adwords
5837,1981,2.8.2016,facebook
5838,1981,3.2.2016,twitter
5839,1981,3.6.2016,direct
5840,1981,3.20.2016,banner
5841,1981,4.6.2016,adwords
5842,1981,4.14.2016,twitter
5843,1981,5.14.2016,twitter
5844,1981,5.25.2016,direct
5845,1981,5.25.2016,organic
5846,1981,6.9.2016,facebook
5847,1991,10.9.2016,organic
5848,1991,10.30.2016,facebook
5849,1991,11.18.2016,organic
5850,1991,12.9.2016,direct
5851,1991,12.20.2016,direct
5852,2001,10.17.2015,organic
5853,2001,10.27.2015,adwords
5854,2001,10.27.2015,facebook
5855,2001,11.12.2015,adwords
5856,2001,11.12.2015,twitter
5857,2001,11.30.2015,organic
5858,2001,1.9.2016,facebook
5859,2001,1.20.2016,adwords
5860,2001,2.6.2016,organic
5861,2001,3.2.2016,organic
5862,2001,3.21.2016,banner
5863,2001,4.6.2016,organic
5864,2001,4.21.2016,direct
5865,2001,5.5.2016,banner
5866,2001,6.5.2016,facebook
5867,2001,6.18.2016,banner
5868,2001,7.9.2016,direct
5869,2001,7.16.2016,direct
5870,2001,8.1.2016,facebook
5871,2001,8.17.2016,adwords
5872,2001,9.6.2016,organic
5873,2001,9.9.2016,organic
5874,2001,9.24.2016,adwords
5875,2001,10.19.2016,twitter
5876,2001,10.31.2016,adwords
5877,2001,11.10.2016,direct
5878,2001,11.25.2016,direct
5879,2001,12.16.2016,direct
5880,2001,12.31.2016,banner
5881,2011,5.19.2016,facebook
5882,2011,9.6.2016,facebook
5883,2011,9.6.2016,organic
5884,2011,9.15.2016,facebook
5885,2011,10.5.2016,banner
5886,2011,10.17.2016,facebook
5887,2011,10.31.2016,adwords
5888,2011,11.17.2016,adwords
5889,2011,12.5.2016,organic
5890,2021,10.7.2016,facebook
5891,2021,10.20.2016,adwords
5892,2021,11.17.2016,twitter
5893,2021,12.3.2016,facebook
5894,2021,12.29.2016,facebook
5895,2031,9.28.2016,facebook
5896,2031,11.11.2016,facebook
5897,2031,11.30.2016,facebook
5898,2041,10.5.2014,direct
5899,2041,10.21.2014,facebook
5900,2041,11.3.2014,facebook
5901,2041,12.6.2014,adwords
5902,2041,12.20.2014,adwords
5903,2041,12.27.2014,direct
5904,2041,1.12.2015,adwords
5905,2041,1.19.2015,facebook
5906,2041,2.15.2015,direct
5907,2041,3.9.2015,direct
5908,2041,3.24.2015,direct
5909,2041,3.24.2015,twitter
5910,2041,4.10.2015,facebook
5911,2041,4.23.2015,adwords
5912,2041,5.13.2015,banner
5913,2051,12.29.2013,banner
5914,2051,2.6.2014,adwords
5915,2051,2.24.2014,direct
5916,2051,3.23.2014,twitter
5917,2051,4.15.2014,direct
5918,2051,5.7.2014,facebook
5919,2051,6.6.2014,adwords
5920,2051,6.25.2014,facebook
5921,2051,8.15.2014,organic
5922,2051,9.19.2014,direct
5923,2051,10.7.2014,organic
5924,2051,11.23.2014,facebook
5925,2051,12.26.2014,adwords
5926,2051,2.6.2015,direct
5927,2051,4.14.2015,facebook
5928,2051,5.6.2015,direct
5929,2051,5.30.2015,twitter
5930,2051,6.16.2015,facebook
5931,2051,6.17.2015,twitter
5932,2051,7.11.2015,organic
5933,2051,7.21.2015,direct
5934,2051,9.9.2015,organic
5935,2051,9.23.2015,adwords
5936,2051,10.5.2015,facebook
5937,2051,11.6.2015,direct
5938,2051,11.20.2015,adwords
5939,2051,12.26.2015,adwords
5940,2051,1.12.2016,organic
5941,2051,2.6.2016,organic
5942,2051,2.24.2016,facebook
5943,2051,3.13.2016,direct
5944,2051,4.2.2016,facebook
5945,2051,4.13.2016,direct
5946,2051,4.20.2016,organic
5947,2051,4.20.2016,facebook
5948,2051,5.10.2016,twitter
5949,2051,5.31.2016,facebook
5950,2051,5.31.2016,facebook
5951,2051,6.25.2016,twitter
5952,2051,7.12.2016,banner
5953,2051,8.8.2016,twitter
5954,2051,8.30.2016,facebook
5955,2051,9.27.2016,direct
5956,2051,10.17.2016,banner
5957,2051,10.17.2016,twitter
5958,2051,10.22.2016,organic
5959,2051,11.6.2016,direct
5960,2051,11.6.2016,organic
5961,2061,12.1.2016,organic
5962,2061,12.18.2016,banner
5963,2071,7.2.2016,facebook
5964,2071,7.20.2016,twitter
5965,2071,8.13.2016,organic
5966,2071,8.23.2016,twitter
5967,2071,9.10.2016,banner
5968,2071,9.17.2016,facebook
5969,2071,10.12.2016,facebook
5970,2071,10.31.2016,facebook
5971,2071,11.19.2016,direct
5972,2071,11.23.2016,adwords
5973,2071,11.30.2016,facebook
5974,2071,1.1.2017,adwords
5975,2081,12.11.2013,direct
5976,2081,1.10.2014,facebook
5977,2081,2.28.2014,facebook
5978,2081,3.12.2014,organic
5979,2081,3.31.2014,facebook
5980,2081,5.2.2014,organic
5981,2081,6.1.2014,organic
5982,2081,6.6.2014,facebook
5983,2081,6.30.2014,adwords
5984,2091,11.15.2015,direct
5985,2091,11.30.2015,facebook
5986,2091,2.22.2016,adwords
5987,2091,3.14.2016,facebook
5988,2091,4.14.2016,direct
5989,2091,5.1.2016,facebook
5990,2091,5.24.2016,facebook
5991,2091,6.9.2016,twitter
5992,2091,6.25.2016,banner
5993,2091,7.15.2016,twitter
5994,2091,8.5.2016,facebook
5995,2091,8.27.2016,organic
5996,2091,9.13.2016,direct
5997,2091,9.30.2016,twitter
5998,2091,10.27.2016,banner
5999,2091,11.16.2016,direct
6000,2091,11.30.2016,twitter
6001,2091,12.25.2016,direct
6002,2101,9.16.2015,facebook
6003,2101,10.8.2015,adwords
6004,2101,10.8.2015,direct
6005,2101,11.9.2015,banner
6006,2101,12.7.2015,twitter
6007,2101,1.7.2016,direct
6008,2101,1.10.2016,facebook
6009,2101,2.7.2016,adwords
6010,2101,2.7.2016,direct
6011,2101,3.15.2016,facebook
6012,2101,4.15.2016,direct
6013,2101,5.23.2016,facebook
6014,2101,6.10.2016,twitter
6015,2101,7.13.2016,twitter
6016,2101,8.14.2016,organic
6017,2101,9.11.2016,direct
6018,2101,10.30.2016,direct
6019,2111,12.27.2013,adwords
6020,2121,7.22.2016,banner
6021,2121,8.7.2016,organic
6022,2131,8.22.2016,direct
6023,2131,9.8.2016,organic
6024,2131,9.8.2016,organic
6025,2131,10.1.2016,facebook
6026,2131,10.23.2016,direct
6027,2131,12.14.2016,banner
6028,2141,7.31.2015,facebook
6029,2141,8.26.2015,banner
6030,2141,8.26.2015,organic
6031,2141,9.30.2015,organic
6032,2141,11.5.2015,adwords
6033,2141,12.7.2015,facebook
6034,2141,1.10.2016,facebook
6035,2141,2.14.2016,organic
6036,2141,3.23.2016,direct
6037,2141,5.14.2016,organic
6038,2141,6.26.2016,organic
6039,2141,8.7.2016,direct
6040,2141,8.21.2016,banner
6041,2141,9.22.2016,adwords
6042,2141,10.22.2016,direct
6043,2141,11.12.2016,adwords
6044,2141,12.18.2016,organic
6045,2151,5.21.2016,banner
6046,2151,6.5.2016,facebook
6047,2151,6.18.2016,twitter
6048,2151,7.2.2016,twitter
6049,2151,7.22.2016,adwords
6050,2151,7.22.2016,direct
6051,2151,8.3.2016,adwords
6052,2151,8.16.2016,adwords
6053,2151,9.2.2016,twitter
6054,2161,10.29.2016,direct
6055,2161,11.13.2016,direct
6056,2161,11.13.2016,organic
6057,2161,11.21.2016,direct
6058,2171,6.18.2016,organic
6059,2181,12.24.2013,adwords
6060,2181,1.21.2014,twitter
6061,2181,2.22.2014,banner
6062,2181,3.20.2014,adwords
6063,2181,4.25.2014,organic
6064,2181,4.25.2014,facebook
6065,2181,5.22.2014,direct
6066,2181,6.16.2014,facebook
6067,2181,7.16.2014,facebook
6068,2181,8.6.2014,twitter
6069,2181,9.4.2014,twitter
6070,2181,10.4.2014,facebook
6071,2181,11.1.2014,organic
6072,2181,11.27.2014,banner
6073,2181,12.15.2014,facebook
6074,2181,1.8.2015,organic
6075,2181,2.10.2015,facebook
6076,2181,3.11.2015,organic
6077,2181,6.6.2015,adwords
6078,2181,7.7.2015,organic
6079,2181,7.15.2015,adwords
6080,2181,8.25.2015,facebook
6081,2181,9.20.2015,facebook
6082,2181,10.30.2015,direct
6083,2181,11.28.2015,twitter
6084,2181,12.27.2015,organic
6085,2181,1.28.2016,adwords
6086,2181,2.19.2016,organic
6087,2181,3.19.2016,banner
6088,2181,4.6.2016,direct
6089,2181,5.6.2016,organic
6090,2181,6.22.2016,banner
6091,2181,7.8.2016,direct
6092,2181,7.16.2016,adwords
6093,2181,8.17.2016,adwords
6094,2181,9.22.2016,banner
6095,2181,10.10.2016,direct
6096,2181,11.22.2016,direct
6097,2181,12.22.2016,facebook
6098,2191,1.19.2016,direct
6099,2191,1.27.2016,organic
6100,2191,2.26.2016,twitter
6101,2191,2.28.2016,organic
6102,2191,2.28.2016,organic
6103,2191,3.29.2016,direct
6104,2191,4.21.2016,organic
6105,2191,5.17.2016,facebook
6106,2191,6.16.2016,organic
6107,2191,6.16.2016,direct
6108,2191,7.12.2016,adwords
6109,2191,8.6.2016,adwords
6110,2191,9.8.2016,organic
6111,2191,10.7.2016,banner
6112,2191,10.28.2016,direct
6113,2191,11.25.2016,facebook
6114,2191,12.26.2016,facebook
6115,2201,9.29.2016,adwords
6116,2201,11.17.2016,twitter
6117,2201,12.2.2016,facebook
6118,2201,12.17.2016,adwords
6119,2211,7.15.2016,organic
6120,2211,8.5.2016,organic
6121,2211,8.23.2016,facebook
6122,2211,8.23.2016,adwords
6123,2211,8.30.2016,organic
6124,2211,9.11.2016,facebook
6125,2211,9.30.2016,facebook
6126,2211,10.11.2016,organic
6127,2211,10.28.2016,direct
6128,2211,10.28.2016,facebook
6129,2211,11.8.2016,organic
6130,2211,11.24.2016,facebook
6131,2211,11.24.2016,facebook
6132,2221,11.14.2016,adwords
6133,2221,11.27.2016,facebook
6134,2221,12.10.2016,banner
6135,2231,12.30.2013,facebook
6136,2231,1.26.2014,organic
6137,2231,2.22.2014,adwords
6138,2231,3.10.2014,organic
6139,2231,4.15.2014,organic
6140,2231,5.20.2014,adwords
6141,2231,6.19.2014,facebook
6142,2231,7.8.2014,organic
6143,2231,8.22.2014,twitter
6144,2231,9.21.2014,direct
6145,2231,9.21.2015,adwords
6146,2231,10.22.2015,facebook
6147,2241,2.6.2016,twitter
6148,2241,3.2.2016,twitter
6149,2241,3.20.2016,organic
6150,2241,5.19.2016,facebook
6151,2241,6.7.2016,adwords
6152,2241,6.7.2016,organic
6153,2241,6.24.2016,direct
6154,2241,6.26.2016,twitter
6155,2241,7.12.2016,adwords
6156,2241,8.10.2016,organic
6157,2241,8.10.2016,facebook
6158,2241,9.11.2016,twitter
6159,2241,9.26.2016,direct
6160,2241,9.26.2016,direct
6161,2241,10.25.2016,facebook
6162,2241,11.3.2016,organic
6163,2241,11.16.2016,adwords
6164,2241,11.29.2016,adwords
6165,2251,5.30.2016,twitter
6166,2251,6.20.2016,facebook
6167,2251,7.13.2016,direct
6168,2251,8.12.2016,banner
6169,2261,6.3.2016,banner
6170,2261,7.3.2016,direct
6171,2271,3.14.2015,direct
6172,2271,4.8.2015,twitter
6173,2271,4.28.2015,organic
6174,2271,5.29.2015,direct
6175,2271,6.20.2015,adwords
6176,2271,7.10.2015,banner
6177,2271,8.5.2015,direct
6178,2271,9.1.2015,facebook
6179,2271,4.2.2016,adwords
6180,2271,5.2.2016,direct
6181,2271,6.10.2016,twitter
6182,2271,6.26.2016,facebook
6183,2271,7.23.2016,twitter
6184,2271,11.14.2016,adwords
6185,2271,12.21.2016,twitter
6186,2271,12.21.2016,direct
6187,2281,5.22.2016,adwords
6188,2281,6.10.2016,organic
6189,2281,6.27.2016,direct
6190,2281,7.20.2016,adwords
6191,2281,8.14.2016,direct
6192,2281,8.29.2016,facebook
6193,2281,9.18.2016,direct
6194,2281,10.6.2016,facebook
6195,2281,10.26.2016,twitter
6196,2281,11.11.2016,organic
6197,2281,11.30.2016,facebook
6198,2281,11.30.2016,organic
6199,2281,12.20.2016,banner
6200,2281,12.30.2016,adwords
6201,2291,2.2.2016,facebook
6202,2291,2.22.2016,organic
6203,2291,3.7.2016,facebook
6204,2291,3.7.2016,adwords
6205,2291,3.18.2016,organic
6206,2291,3.29.2016,banner
6207,2301,4.20.2015,banner
6208,2301,5.8.2015,facebook
6209,2301,5.19.2015,direct
6210,2301,6.4.2015,direct
6211,2311,8.10.2016,banner
6212,2311,9.19.2016,adwords
6213,2311,9.19.2016,twitter
6214,2311,9.19.2016,twitter
6215,2311,11.17.2016,facebook
6216,2311,12.8.2016,facebook
6217,2311,12.24.2016,facebook
6218,2321,12.21.2016,adwords
6219,2331,12.11.2013,facebook
6220,2331,1.31.2014,facebook
6221,2331,3.10.2014,organic
6222,2331,4.26.2014,banner
6223,2331,6.10.2014,adwords
6224,2331,7.17.2014,organic
6225,2331,8.30.2014,facebook
6226,2331,10.11.2014,adwords
6227,2331,11.24.2014,adwords
6228,2331,12.30.2014,facebook
6229,2331,2.5.2015,direct
6230,2331,9.23.2015,adwords
6231,2331,11.13.2015,direct
6232,2331,12.16.2015,organic
6233,2331,1.25.2016,organic
6234,2331,2.16.2016,twitter
6235,2331,3.30.2016,direct
6236,2331,3.30.2016,direct
6237,2331,3.30.2016,adwords
6238,2331,5.9.2016,facebook
6239,2331,6.18.2016,facebook
6240,2341,12.17.2014,adwords
6241,2341,1.5.2015,banner
6242,2341,1.5.2015,twitter
6243,2341,1.19.2015,direct
6244,2341,2.5.2015,twitter
6245,2341,2.25.2015,facebook
6246,2341,2.25.2015,direct
6247,2341,3.19.2015,adwords
6248,2341,3.31.2015,direct
6249,2341,4.14.2015,twitter
6250,2341,5.29.2015,facebook
6251,2341,6.18.2015,facebook
6252,2341,7.9.2015,facebook
6253,2341,7.27.2015,direct
6254,2341,8.17.2015,banner
6255,2341,9.4.2015,direct
6256,2341,9.11.2015,organic
6257,2341,9.26.2015,adwords
6258,2341,10.19.2015,adwords
6259,2341,11.11.2015,direct
6260,2341,12.2.2015,twitter
6261,2341,12.24.2015,adwords
6262,2341,1.18.2016,organic
6263,2341,1.24.2016,adwords
6264,2341,2.10.2016,organic
6265,2341,2.25.2016,adwords
6266,2341,2.25.2016,twitter
6267,2341,3.14.2016,organic
6268,2341,4.2.2016,banner
6269,2341,4.14.2016,direct
6270,2351,12.16.2013,twitter
6271,2351,1.2.2014,facebook
6272,2351,1.26.2014,adwords
6273,2351,2.15.2014,facebook
6274,2351,2.28.2014,facebook
6275,2351,3.16.2014,facebook
6276,2351,4.8.2014,organic
6277,2351,5.2.2014,adwords
6278,2351,5.23.2014,twitter
6279,2351,6.12.2014,direct
6280,2351,7.10.2014,facebook
6281,2351,8.2.2014,organic
6282,2351,9.10.2014,banner
6283,2351,10.7.2014,organic
6284,2351,10.27.2014,organic
6285,2351,11.19.2014,facebook
6286,2351,11.27.2014,direct
6287,2351,12.14.2014,organic
6288,2351,12.24.2014,twitter
6289,2351,1.15.2015,organic
6290,2351,2.15.2015,organic
6291,2351,3.2.2015,facebook
6292,2351,3.2.2015,direct
6293,2351,3.2.2015,facebook
6294,2351,3.2.2015,direct
6295,2351,4.1.2015,banner
6296,2351,6.22.2015,banner
6297,2351,7.10.2015,twitter
6298,2351,7.24.2015,organic
6299,2351,8.14.2015,organic
6300,2351,9.4.2015,facebook
6301,2351,9.4.2015,facebook
6302,2351,9.24.2015,adwords
6303,2351,10.15.2015,direct
6304,2351,11.4.2015,direct
6305,2351,11.26.2015,adwords
6306,2351,12.19.2015,adwords
6307,2351,1.8.2016,adwords
6308,2351,1.28.2016,facebook
6309,2351,2.14.2016,direct
6310,2351,3.11.2016,direct
6311,2351,4.19.2016,adwords
6312,2351,5.8.2016,banner
6313,2351,5.28.2016,organic
6314,2351,6.18.2016,twitter
6315,2351,7.7.2016,twitter
6316,2351,7.29.2016,organic
6317,2351,8.16.2016,direct
6318,2351,9.6.2016,organic
6319,2351,9.7.2016,adwords
6320,2351,10.27.2016,direct
6321,2351,11.11.2016,facebook
6322,2351,12.4.2016,facebook
6323,2351,12.4.2016,twitter
6324,2351,12.15.2016,facebook
6325,2351,12.20.2016,organic
6326,2361,5.19.2015,direct
6327,2361,6.14.2015,adwords
6328,2361,6.26.2015,direct
6329,2361,7.13.2015,facebook
6330,2361,7.29.2015,direct
6331,2361,8.6.2015,organic
6332,2361,8.28.2015,adwords
6333,2361,9.18.2015,banner
6334,2361,10.6.2015,banner
6335,2361,10.20.2015,banner
6336,2361,11.6.2015,twitter
6337,2361,11.28.2015,adwords
6338,2361,12.22.2015,organic
6339,2361,1.11.2016,adwords
6340,2361,2.2.2016,adwords
6341,2361,2.25.2016,banner
6342,2361,3.15.2016,organic
6343,2361,3.15.2016,organic
6344,2361,8.9.2016,twitter
6345,2361,11.27.2016,banner
6346,2361,12.27.2016,twitter
6347,2371,12.27.2013,banner
6348,2371,1.11.2014,organic
6349,2381,12.14.2013,adwords
6350,2381,12.31.2013,direct
6351,2381,1.16.2014,adwords
6352,2381,1.18.2014,organic
6353,2381,2.9.2014,direct
6354,2381,3.7.2014,direct
6355,2381,3.24.2014,facebook
6356,2381,4.10.2014,direct
6357,2381,4.29.2014,banner
6358,2381,5.21.2014,facebook
6359,2381,6.12.2014,facebook
6360,2381,7.15.2014,banner
6361,2381,7.26.2014,direct
6362,2381,8.7.2014,twitter
6363,2381,8.25.2014,banner
6364,2381,9.15.2014,organic
6365,2381,10.23.2014,organic
6366,2381,11.8.2014,adwords
6367,2381,11.10.2014,direct
6368,2381,11.28.2014,direct
6369,2381,12.15.2014,adwords
6370,2381,1.19.2015,organic
6371,2381,2.11.2015,banner
6372,2381,2.25.2015,organic
6373,2381,3.3.2015,adwords
6374,2381,3.12.2015,facebook
6375,2381,3.29.2015,organic
6376,2381,4.6.2015,adwords
6377,2381,4.6.2015,direct
6378,2381,4.24.2015,facebook
6379,2381,4.25.2015,banner
6380,2381,9.20.2015,organic
6381,2381,10.8.2015,direct
6382,2381,10.30.2015,direct
6383,2381,12.18.2015,twitter
6384,2381,1.6.2016,facebook
6385,2381,2.1.2016,direct
6386,2381,2.25.2016,organic
6387,2381,3.16.2016,twitter
6388,2381,4.13.2016,direct
6389,2381,5.10.2016,direct
6390,2381,6.5.2016,twitter
6391,2381,6.23.2016,facebook
6392,2381,7.27.2016,direct
6393,2381,7.27.2016,adwords
6394,2381,8.13.2016,facebook
6395,2381,9.11.2016,adwords
6396,2381,9.30.2016,direct
6397,2381,10.17.2016,organic
6398,2381,11.4.2016,adwords
6399,2381,11.18.2016,direct
6400,2381,12.9.2016,organic
6401,2381,12.19.2016,facebook
6402,2391,8.10.2016,banner
6403,2391,8.22.2016,organic
6404,2391,9.7.2016,banner
6405,2391,9.20.2016,facebook
6406,2391,10.8.2016,banner
6407,2391,10.24.2016,banner
6408,2391,11.7.2016,banner
6409,2391,11.12.2016,facebook
6410,2391,11.12.2016,organic
6411,2391,12.2.2016,banner
6412,2391,12.25.2016,adwords
6413,2401,7.31.2016,adwords
6414,2401,8.17.2016,organic
6415,2401,11.26.2016,adwords
6416,2401,12.30.2016,adwords
6417,2411,12.16.2013,banner
6418,2411,12.29.2013,organic
6419,2411,1.10.2014,adwords
6420,2411,2.2.2014,adwords
6421,2411,2.19.2014,adwords
6422,2411,3.7.2014,twitter
6423,2411,3.26.2014,organic
6424,2411,5.9.2014,facebook
6425,2411,6.5.2014,facebook
6426,2411,6.23.2014,organic
6427,2411,8.2.2014,organic
6428,2411,8.9.2014,twitter
6429,2411,8.15.2014,facebook
6430,2411,9.7.2014,twitter
6431,2411,10.1.2014,facebook
6432,2411,10.16.2014,adwords
6433,2411,10.31.2014,direct
6434,2411,11.12.2014,organic
6435,2411,12.10.2014,organic
6436,2411,1.11.2015,twitter
6437,2411,1.30.2015,organic
6438,2411,2.24.2015,banner
6439,2411,3.15.2015,twitter
6440,2411,4.8.2015,organic
6441,2411,5.1.2015,adwords
6442,2411,5.14.2015,facebook
6443,2411,6.3.2015,facebook
6444,2411,7.1.2015,facebook
6445,2411,9.4.2015,banner
6446,2411,10.3.2015,twitter
6447,2411,10.30.2015,twitter
6448,2411,11.12.2015,organic
6449,2411,11.25.2015,facebook
6450,2411,11.25.2015,banner
6451,2411,12.10.2015,direct
6452,2411,12.20.2015,facebook
6453,2411,1.13.2016,direct
6454,2411,2.4.2016,banner
6455,2411,2.29.2016,adwords
6456,2411,5.31.2016,direct
6457,2411,5.31.2016,twitter
6458,2411,6.20.2016,twitter
6459,2421,10.17.2016,facebook
6460,2421,11.20.2016,organic
6461,2421,12.18.2016,organic
6462,2431,11.21.2016,facebook
6463,2431,12.6.2016,banner
6464,2441,8.23.2016,adwords
6465,2441,9.1.2016,banner
6466,2441,9.29.2016,direct
6467,2441,10.8.2016,twitter
6468,2441,10.20.2016,direct
6469,2451,12.18.2016,facebook
6470,2461,12.29.2013,adwords
6471,2461,2.7.2014,direct
6472,2461,3.11.2014,organic
6473,2461,5.8.2014,facebook
6474,2461,7.5.2014,adwords
6475,2461,8.18.2014,organic
6476,2461,9.23.2014,twitter
6477,2461,11.2.2014,facebook
6478,2461,1.13.2015,direct
6479,2461,1.29.2015,twitter
6480,2461,2.27.2015,organic
6481,2461,4.8.2015,facebook
6482,2461,5.17.2015,facebook
6483,2461,5.17.2015,organic
6484,2461,7.16.2015,adwords
6485,2461,9.2.2015,facebook
6486,2461,10.11.2015,facebook
6487,2461,12.12.2015,facebook
6488,2461,12.12.2015,direct
6489,2461,1.22.2016,organic
6490,2461,2.24.2016,direct
6491,2461,4.9.2016,facebook
6492,2461,4.9.2016,organic
6493,2471,7.17.2016,adwords
6494,2471,8.18.2016,direct
6495,2471,9.17.2016,direct
6496,2471,10.12.2016,organic
6497,2471,11.15.2016,adwords
6498,2471,12.20.2016,organic
6499,2481,12.6.2013,direct
6500,2481,12.6.2013,direct
6501,2481,12.28.2013,direct
6502,2481,1.16.2014,banner
6503,2481,2.6.2014,direct
6504,2481,3.7.2014,direct
6505,2481,3.30.2014,organic
6506,2481,4.21.2014,facebook
6507,2481,4.21.2014,direct
6508,2481,5.13.2014,twitter
6509,2481,5.13.2014,twitter
6510,2481,5.29.2014,facebook
6511,2481,6.19.2014,adwords
6512,2481,7.4.2014,direct
6513,2481,7.7.2014,direct
6514,2491,11.11.2016,facebook
6515,2491,11.13.2016,adwords
6516,2501,3.21.2016,twitter
6517,2501,4.12.2016,organic
6518,2501,5.31.2016,twitter
6519,2501,6.26.2016,facebook
6520,2501,7.14.2016,organic
6521,2501,8.1.2016,facebook
6522,2501,8.19.2016,facebook
6523,2501,8.30.2016,organic
6524,2501,10.14.2016,organic
6525,2511,6.15.2016,direct
6526,2511,7.14.2016,twitter
6527,2511,8.6.2016,organic
6528,2511,8.28.2016,organic
6529,2511,9.14.2016,twitter
6530,2511,10.1.2016,adwords
6531,2511,10.19.2016,adwords
6532,2511,11.14.2016,adwords
6533,2511,12.12.2016,adwords
6534,2521,5.14.2016,organic
6535,2521,6.2.2016,twitter
6536,2521,6.28.2016,twitter
6537,2521,7.20.2016,facebook
6538,2521,8.16.2016,adwords
6539,2521,8.16.2016,facebook
6540,2531,12.25.2013,direct
6541,2531,1.30.2014,direct
6542,2531,3.11.2014,adwords
6543,2531,4.21.2014,direct
6544,2531,5.27.2014,banner
6545,2531,7.8.2014,adwords
6546,2531,8.23.2014,banner
6547,2531,10.6.2014,direct
6548,2541,12.21.2013,banner
6549,2541,3.20.2014,facebook
6550,2541,4.24.2014,facebook
6551,2541,5.22.2014,adwords
6552,2541,6.15.2014,direct
6553,2541,6.15.2014,facebook
6554,2541,7.17.2014,facebook
6555,2541,8.21.2014,direct
6556,2541,9.18.2014,organic
6557,2541,12.31.2014,organic
6558,2541,1.30.2015,direct
6559,2541,3.31.2015,facebook
6560,2541,4.28.2015,banner
6561,2541,5.27.2015,organic
6562,2541,6.30.2015,organic
6563,2541,8.9.2015,organic
6564,2541,9.12.2015,banner
6565,2541,10.18.2015,organic
6566,2541,11.22.2015,adwords
6567,2541,1.6.2016,organic
6568,2541,2.3.2016,adwords
6569,2541,3.1.2016,adwords
6570,2541,3.19.2016,banner
6571,2541,4.19.2016,banner
6572,2541,4.26.2016,adwords
6573,2541,4.26.2016,adwords
6574,2541,5.27.2016,facebook
6575,2541,7.18.2016,organic
6576,2541,8.26.2016,direct
6577,2541,9.20.2016,facebook
6578,2541,12.9.2016,facebook
6579,2551,6.24.2016,twitter
6580,2551,7.25.2016,organic
6581,2551,8.20.2016,organic
6582,2551,9.6.2016,adwords
6583,2551,9.22.2016,twitter
6584,2551,9.22.2016,facebook
6585,2551,10.14.2016,facebook
6586,2551,10.14.2016,adwords
6587,2551,10.14.2016,banner
6588,2551,11.6.2016,direct
6589,2551,11.23.2016,facebook
6590,2551,11.30.2016,facebook
6591,2551,12.8.2016,organic
6592,2561,11.23.2016,direct
6593,2561,12.23.2016,twitter
6594,2571,12.19.2013,direct
6595,2571,1.18.2014,adwords
6596,2571,1.25.2014,banner
6597,2571,3.24.2014,twitter
6598,2571,4.25.2014,organic
6599,2571,5.24.2014,facebook
6600,2571,6.27.2014,direct
6601,2571,6.27.2014,facebook
6602,2571,8.2.2014,organic
6603,2571,9.4.2014,facebook
6604,2571,10.5.2014,facebook
6605,2571,10.31.2014,facebook
6606,2571,12.22.2014,adwords
6607,2571,1.21.2015,adwords
6608,2571,2.12.2015,direct
6609,2571,4.19.2015,twitter
6610,2571,5.23.2015,direct
6611,2571,6.19.2015,facebook
6612,2571,10.31.2015,direct
6613,2581,10.19.2016,direct
6614,2581,11.3.2016,facebook
6615,2581,11.15.2016,organic
6616,2581,12.4.2016,direct
6617,2581,12.10.2016,adwords
6618,2591,12.11.2013,direct
6619,2591,1.13.2014,organic
6620,2591,2.8.2014,adwords
6621,2591,5.8.2014,organic
6622,2591,6.14.2014,direct
6623,2591,7.12.2014,adwords
6624,2591,9.12.2014,direct
6625,2591,10.7.2014,twitter
6626,2591,11.5.2014,organic
6627,2591,12.15.2014,twitter
6628,2591,1.1.2015,direct
6629,2591,1.17.2015,facebook
6630,2591,2.12.2015,banner
6631,2591,3.11.2015,direct
6632,2591,4.11.2015,facebook
6633,2591,5.15.2015,facebook
6634,2591,6.16.2015,direct
6635,2591,7.5.2015,facebook
6636,2601,2.6.2015,banner
6637,2601,2.21.2015,facebook
6638,2601,3.27.2015,organic
6639,2601,4.16.2015,twitter
6640,2601,6.11.2015,adwords
6641,2601,6.28.2015,banner
6642,2601,7.26.2015,direct
6643,2601,8.16.2015,adwords
6644,2601,9.5.2015,adwords
6645,2601,9.26.2015,direct
6646,2601,10.17.2015,facebook
6647,2601,11.11.2015,direct
6648,2601,12.4.2015,facebook
6649,2601,12.28.2015,banner
6650,2601,1.19.2016,facebook
6651,2601,2.1.2016,adwords
6652,2601,2.19.2016,organic
6653,2601,3.4.2016,facebook
6654,2601,3.31.2016,facebook
6655,2601,5.7.2016,facebook
6656,2601,5.25.2016,direct
6657,2601,6.20.2016,adwords
6658,2601,7.27.2016,adwords
6659,2601,8.19.2016,twitter
6660,2601,9.17.2016,twitter
6661,2601,10.8.2016,organic
6662,2601,10.30.2016,adwords
6663,2601,11.20.2016,direct
6664,2601,12.7.2016,facebook
6665,2601,12.27.2016,facebook
6666,2611,11.20.2015,organic
6667,2611,12.10.2015,banner
6668,2611,4.13.2016,organic
6669,2611,5.4.2016,facebook
6670,2611,5.16.2016,adwords
6671,2611,6.7.2016,adwords
6672,2611,6.21.2016,adwords
6673,2611,7.15.2016,direct
6674,2611,8.7.2016,facebook
6675,2611,8.10.2016,adwords
6676,2611,8.27.2016,adwords
6677,2611,9.15.2016,twitter
6678,2611,10.2.2016,adwords
6679,2611,10.22.2016,direct
6680,2611,10.22.2016,facebook
6681,2611,11.16.2016,adwords
6682,2611,11.26.2016,adwords
6683,2611,12.12.2016,banner
6684,2611,12.14.2016,direct
6685,2611,12.28.2016,twitter
6686,2621,10.15.2016,direct
6687,2621,11.24.2016,facebook
6688,2621,12.21.2016,direct
6689,2631,12.23.2013,banner
6690,2631,1.11.2014,adwords
6691,2631,1.21.2014,adwords
6692,2631,2.1.2014,banner
6693,2631,2.20.2014,adwords
6694,2631,3.20.2014,twitter
6695,2631,4.7.2014,banner
6696,2631,4.7.2014,organic
6697,2631,4.7.2014,organic
6698,2631,10.23.2014,organic
6699,2631,10.23.2014,direct
6700,2631,11.18.2014,facebook
6701,2631,11.18.2014,facebook
6702,2631,12.12.2014,direct
6703,2631,9.3.2015,adwords
6704,2641,3.27.2016,twitter
6705,2641,3.27.2016,organic
6706,2641,6.29.2016,adwords
6707,2641,7.15.2016,facebook
6708,2641,8.15.2016,direct
6709,2641,9.3.2016,direct
6710,2641,9.21.2016,direct
6711,2641,10.6.2016,facebook
6712,2641,10.13.2016,adwords
6713,2641,11.4.2016,banner
6714,2651,4.21.2016,adwords
6715,2651,5.10.2016,direct
6716,2651,5.25.2016,organic
6717,2651,6.9.2016,facebook
6718,2651,10.11.2016,organic
6719,2651,10.21.2016,facebook
6720,2651,10.28.2016,adwords
6721,2651,11.10.2016,adwords
6722,2651,11.10.2016,facebook
6723,2651,12.3.2016,adwords
6724,2661,6.2.2016,organic
6725,2661,6.30.2016,adwords
6726,2661,7.13.2016,direct
6727,2661,7.27.2016,twitter
6728,2661,8.8.2016,organic
6729,2661,8.19.2016,adwords
6730,2661,9.5.2016,organic
6731,2661,10.2.2016,direct
6732,2661,10.14.2016,adwords
6733,2661,10.23.2016,direct
6734,2661,11.6.2016,facebook
6735,2661,11.25.2016,twitter
6736,2661,12.2.2016,banner
6737,2661,12.15.2016,banner
6738,2671,12.17.2014,facebook
6739,2671,1.2.2015,adwords
6740,2671,1.23.2015,organic
6741,2671,2.2.2015,twitter
6742,2671,2.21.2015,adwords
6743,2671,3.16.2015,adwords
6744,2671,3.28.2015,adwords
6745,2671,4.11.2015,organic
6746,2671,4.26.2015,twitter
6747,2671,5.16.2015,organic
6748,2671,5.23.2015,direct
6749,2671,6.16.2015,organic
6750,2671,7.10.2015,adwords
6751,2671,9.24.2015,organic
6752,2681,3.27.2015,banner
6753,2681,5.4.2015,organic
6754,2681,6.7.2015,facebook
6755,2681,7.8.2015,banner
6756,2681,8.10.2015,adwords
6757,2681,9.18.2015,direct
6758,2681,11.20.2015,twitter
6759,2681,12.22.2015,adwords
6760,2681,2.7.2016,facebook
6761,2681,3.13.2016,facebook
6762,2681,4.6.2016,direct
6763,2681,5.5.2016,facebook
6764,2681,6.12.2016,direct
6765,2681,7.16.2016,twitter
6766,2681,7.16.2016,adwords
6767,2681,8.12.2016,facebook
6768,2681,9.10.2016,organic
6769,2681,10.10.2016,adwords
6770,2681,11.2.2016,adwords
6771,2681,11.28.2016,direct
6772,2681,12.29.2016,banner
6773,2691,8.12.2015,twitter
6774,2691,9.1.2015,adwords
6775,2691,9.23.2015,facebook
6776,2691,9.23.2015,banner
6777,2691,10.12.2015,facebook
6778,2691,11.4.2015,adwords
6779,2691,11.4.2015,banner
6780,2691,11.4.2015,twitter
6781,2691,11.30.2015,facebook
6782,2691,11.30.2015,facebook
6783,2691,1.22.2016,organic
6784,2691,2.23.2016,adwords
6785,2691,4.16.2016,facebook
6786,2691,4.16.2016,direct
6787,2691,5.2.2016,organic
6788,2691,5.16.2016,banner
6789,2691,7.23.2016,adwords
6790,2691,9.1.2016,adwords
6791,2691,9.20.2016,organic
6792,2691,10.5.2016,organic
6793,2691,10.25.2016,facebook
6794,2691,11.29.2016,adwords
6795,2691,12.16.2016,banner
6796,2701,11.24.2015,banner
6797,2701,1.1.2016,banner
6798,2701,2.4.2016,facebook
6799,2701,4.7.2016,twitter
6800,2701,5.26.2016,twitter
6801,2701,7.11.2016,organic
6802,2701,8.19.2016,direct
6803,2701,9.25.2016,adwords
6804,2711,4.19.2016,direct
6805,2711,5.5.2016,adwords
6806,2711,5.5.2016,twitter
6807,2711,5.20.2016,twitter
6808,2711,6.18.2016,facebook
6809,2711,7.4.2016,direct
6810,2711,7.26.2016,organic
6811,2711,8.7.2016,direct
6812,2711,8.21.2016,organic
6813,2711,8.30.2016,adwords
6814,2711,9.20.2016,adwords
6815,2711,10.30.2016,twitter
6816,2711,11.27.2016,organic
6817,2711,12.15.2016,adwords
6818,2711,12.24.2016,adwords
6819,2721,11.15.2016,direct
6820,2721,12.17.2016,direct
6821,2731,12.8.2013,direct
6822,2731,12.25.2013,facebook
6823,2731,1.10.2014,facebook
6824,2731,1.27.2014,direct
6825,2731,2.10.2014,organic
6826,2731,2.19.2014,facebook
6827,2731,3.16.2014,organic
6828,2731,5.10.2014,adwords
6829,2731,6.7.2014,adwords
6830,2731,7.3.2014,banner
6831,2731,7.27.2014,direct
6832,2731,9.8.2014,banner
6833,2731,9.23.2014,organic
6834,2731,10.15.2014,direct
6835,2731,11.15.2014,banner
6836,2731,11.15.2014,adwords
6837,2731,12.6.2014,facebook
6838,2731,1.8.2015,adwords
6839,2731,1.23.2015,banner
6840,2731,2.4.2015,organic
6841,2731,2.10.2015,facebook
6842,2731,7.16.2015,organic
6843,2731,7.24.2015,adwords
6844,2731,8.16.2015,direct
6845,2731,8.16.2015,adwords
6846,2731,9.4.2015,facebook
6847,2731,9.11.2015,direct
6848,2731,9.11.2015,direct
6849,2731,10.14.2015,adwords
6850,2731,10.24.2015,adwords
6851,2731,11.10.2015,adwords
6852,2731,11.26.2015,adwords
6853,2731,12.18.2015,facebook
6854,2731,1.3.2016,facebook
6855,2731,1.23.2016,banner
6856,2731,2.12.2016,direct
6857,2731,2.18.2016,organic
6858,2731,2.29.2016,twitter
6859,2731,3.23.2016,direct
6860,2731,3.23.2016,adwords
6861,2731,3.27.2016,organic
6862,2731,5.25.2016,banner
6863,2731,6.15.2016,facebook
6864,2731,6.27.2016,twitter
6865,2731,8.8.2016,twitter
6866,2731,8.8.2016,organic
6867,2731,8.8.2016,direct
6868,2731,9.11.2016,organic
6869,2731,9.25.2016,organic
6870,2731,9.30.2016,banner
6871,2731,9.30.2016,direct
6872,2731,10.21.2016,facebook
6873,2731,11.10.2016,direct
6874,2731,11.28.2016,banner
6875,2741,7.19.2016,organic
6876,2741,8.15.2016,facebook
6877,2741,9.14.2016,adwords
6878,2741,9.27.2016,direct
6879,2741,10.21.2016,banner
6880,2741,12.6.2016,facebook
6881,2741,12.24.2016,adwords
6882,2741,12.24.2016,banner
6883,2751,10.28.2016,organic
6884,2761,10.12.2016,adwords
6885,2761,11.7.2016,twitter
6886,2761,12.8.2016,organic
6887,2771,12.19.2013,adwords
6888,2771,12.27.2013,adwords
6889,2771,1.9.2014,organic
6890,2771,1.9.2014,facebook
6891,2771,1.24.2014,organic
6892,2771,2.7.2014,organic
6893,2771,2.7.2014,direct
6894,2771,2.7.2014,direct
6895,2771,2.24.2014,adwords
6896,2771,3.8.2014,facebook
6897,2771,3.25.2014,direct
6898,2771,4.8.2014,banner
6899,2771,4.26.2014,adwords
6900,2771,5.12.2014,organic
6901,2771,5.23.2014,adwords
6902,2771,6.29.2014,facebook
6903,2771,7.19.2014,direct
6904,2771,8.6.2014,direct
6905,2771,8.9.2014,direct
6906,2771,8.13.2014,organic
6907,2771,8.27.2014,facebook
6908,2771,9.9.2014,adwords
6909,2771,9.19.2014,direct
6910,2771,10.3.2014,direct
6911,2771,10.16.2014,direct
6912,2771,10.28.2014,adwords
6913,2771,11.12.2014,direct
6914,2771,11.26.2014,direct
6915,2771,12.19.2014,facebook
6916,2781,12.10.2016,facebook
6917,2791,10.28.2016,banner
6918,2791,11.16.2016,organic
6919,2791,12.3.2016,organic
6920,2801,3.7.2016,twitter
6921,2801,3.23.2016,twitter
6922,2801,4.13.2016,facebook
6923,2801,4.13.2016,adwords
6924,2801,5.4.2016,banner
6925,2801,5.11.2016,banner
6926,2801,5.27.2016,banner
6927,2801,5.27.2016,banner
6928,2801,6.15.2016,banner
6929,2801,6.30.2016,facebook
6930,2801,8.13.2016,direct
6931,2801,9.5.2016,twitter
6932,2801,9.29.2016,organic
6933,2801,10.16.2016,adwords
6934,2801,10.29.2016,banner
6935,2801,11.21.2016,adwords
6936,2801,12.14.2016,direct
6937,2801,12.29.2016,organic
6938,2811,10.1.2016,adwords
6939,2811,10.27.2016,adwords
6940,2811,11.15.2016,facebook
6941,2811,12.16.2016,facebook
6942,2811,12.27.2016,facebook
6943,2821,7.31.2016,facebook
6944,2821,9.1.2016,direct
6945,2821,9.15.2016,direct
6946,2821,10.4.2016,direct
6947,2821,10.17.2016,facebook
6948,2821,10.17.2016,direct
6949,2821,10.17.2016,direct
6950,2821,10.28.2016,adwords
6951,2821,10.28.2016,banner
6952,2821,11.11.2016,direct
6953,2821,11.11.2016,banner
6954,2821,11.24.2016,banner
6955,2821,11.24.2016,twitter
6956,2831,4.26.2016,organic
6957,2831,5.28.2016,organic
6958,2831,6.26.2016,banner
6959,2831,8.7.2016,organic
6960,2831,9.15.2016,adwords
6961,2831,11.12.2016,organic
6962,2841,1.9.2016,facebook
6963,2841,1.16.2016,adwords
6964,2841,2.9.2016,direct
6965,2841,2.26.2016,direct
6966,2841,2.29.2016,facebook
6967,2841,3.15.2016,direct
6968,2841,4.6.2016,facebook
6969,2841,4.30.2016,direct
6970,2841,5.18.2016,adwords
6971,2841,6.10.2016,organic
6972,2841,6.15.2016,direct
6973,2841,7.3.2016,banner
6974,2841,7.3.2016,organic
6975,2841,7.8.2016,direct
6976,2841,7.24.2016,banner
6977,2841,8.7.2016,adwords
6978,2841,8.13.2016,organic
6979,2841,9.4.2016,facebook
6980,2841,9.28.2016,twitter
6981,2841,9.28.2016,facebook
6982,2841,10.5.2016,direct
6983,2841,10.23.2016,twitter
6984,2841,11.19.2016,twitter
6985,2841,12.7.2016,twitter
6986,2841,12.24.2016,direct
6987,2851,12.8.2015,twitter
6988,2851,12.25.2015,facebook
6989,2851,12.25.2015,direct
6990,2851,1.5.2016,facebook
6991,2851,1.16.2016,facebook
6992,2851,2.3.2016,facebook
6993,2851,2.3.2016,adwords
6994,2861,12.4.2013,facebook
6995,2861,1.3.2014,facebook
6996,2861,1.23.2014,facebook
6997,2861,2.19.2014,organic
6998,2861,3.8.2014,banner
6999,2861,3.20.2014,direct
7000,2861,5.7.2014,facebook
7001,2861,6.3.2014,organic
7002,2861,6.25.2014,adwords
7003,2861,7.7.2014,adwords
7004,2861,7.28.2014,direct
7005,2861,8.10.2014,organic
7006,2861,9.27.2014,direct
7007,2861,10.12.2014,facebook
7008,2861,10.27.2014,direct
7009,2861,11.14.2014,adwords
7010,2861,12.15.2014,adwords
7011,2861,1.17.2015,organic
7012,2861,2.2.2015,direct
7013,2861,2.20.2015,banner
7014,2861,2.20.2015,organic
7015,2861,3.14.2015,banner
7016,2861,4.11.2015,twitter
7017,2861,5.2.2015,direct
7018,2861,5.29.2015,facebook
7019,2871,12.14.2013,organic
7020,2871,1.19.2014,adwords
7021,2871,2.7.2014,organic
7022,2871,2.7.2014,direct
7023,2871,3.1.2014,twitter
7024,2871,3.24.2014,facebook
7025,2871,4.8.2014,organic
7026,2871,4.29.2014,banner
7027,2871,5.2.2014,organic
7028,2871,5.16.2014,organic
7029,2871,5.29.2014,direct
7030,2871,6.29.2014,direct
7031,2871,7.16.2014,banner
7032,2871,7.29.2014,banner
7033,2871,8.18.2014,direct
7034,2871,9.1.2014,adwords
7035,2871,9.16.2014,twitter
7036,2871,9.16.2014,direct
7037,2871,10.1.2014,organic
7038,2871,10.1.2014,twitter
7039,2871,10.20.2014,adwords
7040,2871,12.4.2014,direct
7041,2871,12.18.2014,direct
7042,2871,1.3.2015,adwords
7043,2871,1.3.2015,adwords
7044,2871,3.1.2015,facebook
7045,2871,3.22.2015,organic
7046,2871,4.11.2015,organic
7047,2871,5.9.2015,organic
7048,2871,5.31.2015,direct
7049,2871,6.20.2015,adwords
7050,2871,8.21.2015,organic
7051,2871,9.10.2015,twitter
7052,2871,10.2.2015,facebook
7053,2871,10.30.2015,direct
7054,2871,11.22.2015,organic
7055,2871,11.22.2015,facebook
7056,2871,12.18.2015,facebook
7057,2871,12.24.2015,twitter
7058,2871,1.12.2016,facebook
7059,2871,2.9.2016,organic
7060,2871,2.21.2016,facebook
7061,2871,4.17.2016,organic
7062,2871,5.11.2016,facebook
7063,2871,6.8.2016,organic
7064,2871,6.28.2016,facebook
7065,2871,7.18.2016,organic
7066,2871,10.13.2016,organic
7067,2871,11.14.2016,twitter
7068,2871,12.2.2016,facebook
7069,2871,12.2.2016,organic
7070,2871,12.2.2016,organic
7071,2871,12.22.2016,direct
7072,2881,12.22.2013,twitter
7073,2881,1.6.2014,adwords
7074,2881,1.28.2014,organic
7075,2881,2.25.2014,adwords
7076,2881,2.25.2014,direct
7077,2881,3.3.2014,organic
7078,2881,3.3.2014,facebook
7079,2881,3.20.2014,adwords
7080,2881,4.20.2014,direct
7081,2881,5.18.2014,direct
7082,2881,6.4.2014,adwords
7083,2881,7.2.2014,banner
7084,2881,7.2.2014,direct
7085,2881,7.26.2014,twitter
7086,2881,8.18.2014,adwords
7087,2881,9.9.2014,organic
7088,2881,9.20.2014,direct
7089,2881,10.9.2014,banner
7090,2881,11.4.2014,twitter
7091,2881,1.2.2015,direct
7092,2881,1.16.2015,facebook
7093,2881,2.9.2015,organic
7094,2881,3.3.2015,organic
7095,2881,3.27.2015,facebook
7096,2881,3.27.2015,facebook
7097,2881,6.24.2015,facebook
7098,2881,7.20.2015,facebook
7099,2881,8.3.2015,twitter
7100,2881,8.3.2015,banner
7101,2881,8.27.2015,adwords
7102,2881,9.20.2015,adwords
7103,2881,9.22.2015,adwords
7104,2881,9.27.2015,adwords
7105,2881,12.27.2015,banner
7106,2881,1.9.2016,organic
7107,2891,11.10.2016,banner
7108,2891,12.18.2016,adwords
7109,2901,3.8.2016,direct
7110,2901,4.11.2016,direct
7111,2901,5.12.2016,twitter
7112,2901,7.3.2016,organic
7113,2901,8.4.2016,organic
7114,2901,8.31.2016,twitter
7115,2901,9.29.2016,organic
7116,2901,10.14.2016,organic
7117,2901,11.8.2016,facebook
7118,2901,12.19.2016,organic
7119,2911,12.10.2015,facebook
7120,2911,1.3.2016,facebook
7121,2911,2.3.2016,direct
7122,2911,3.7.2016,direct
7123,2911,3.25.2016,direct
7124,2911,4.25.2016,adwords
7125,2911,5.22.2016,direct
7126,2911,6.21.2016,adwords
7127,2911,6.21.2016,facebook
7128,2911,8.1.2016,banner
7129,2911,9.11.2016,direct
7130,2911,10.13.2016,direct
7131,2911,10.24.2016,adwords
7132,2911,11.25.2016,facebook
7133,2911,12.18.2016,twitter
7134,2921,3.22.2016,direct
7135,2921,4.14.2016,direct
7136,2921,5.17.2016,facebook
7137,2921,6.15.2016,direct
7138,2921,7.1.2016,direct
7139,2921,7.28.2016,direct
7140,2921,8.23.2016,twitter
7141,2921,9.19.2016,adwords
7142,2921,10.16.2016,adwords
7143,2921,11.13.2016,direct
7144,2921,12.10.2016,banner
7145,2921,12.26.2016,facebook
7146,2931,12.18.2013,banner
7147,2931,12.18.2013,direct
7148,2931,2.1.2014,direct
7149,2931,5.2.2014,facebook
7150,2931,6.3.2014,adwords
7151,2931,7.6.2014,direct
7152,2931,8.3.2014,organic
7153,2931,9.27.2014,organic
7154,2931,10.21.2014,organic
7155,2931,11.15.2014,facebook
7156,2931,12.17.2014,direct
7157,2931,12.29.2014,direct
7158,2931,2.27.2015,adwords
7159,2931,11.9.2015,organic
7160,2931,12.12.2015,direct
7161,2931,1.11.2016,twitter
7162,2931,1.11.2016,adwords
7163,2931,2.7.2016,direct
7164,2931,2.7.2016,organic
7165,2931,5.20.2016,direct
7166,2931,6.19.2016,adwords
7167,2931,7.24.2016,organic
7168,2931,9.8.2016,adwords
7169,2931,9.8.2016,adwords
7170,2931,10.27.2016,banner
7171,2931,11.30.2016,facebook
7172,2931,12.29.2016,direct
7173,2941,12.28.2016,organic
7174,2951,12.22.2015,banner
7175,2951,1.12.2016,banner
7176,2951,1.12.2016,direct
7177,2951,2.7.2016,facebook
7178,2951,4.1.2016,twitter
7179,2951,4.25.2016,organic
7180,2951,5.12.2016,facebook
7181,2951,5.31.2016,organic
7182,2951,6.29.2016,direct
7183,2951,6.29.2016,adwords
7184,2951,7.18.2016,twitter
7185,2951,8.10.2016,organic
7186,2951,8.15.2016,direct
7187,2951,8.31.2016,adwords
7188,2951,9.23.2016,adwords
7189,2951,10.17.2016,direct
7190,2951,11.4.2016,twitter
7191,2951,11.29.2016,facebook
7192,2951,12.19.2016,organic
7193,2961,8.13.2016,twitter
7194,2961,9.12.2016,facebook
7195,2961,10.11.2016,direct
7196,2961,11.16.2016,facebook
7197,2961,12.3.2016,direct
7198,2961,12.30.2016,facebook
7199,2971,12.30.2013,twitter
7200,2971,1.24.2014,twitter
7201,2971,2.7.2014,banner
7202,2971,2.27.2014,twitter
7203,2971,3.18.2014,facebook
7204,2971,4.5.2014,banner
7205,2971,4.28.2014,twitter
7206,2971,5.24.2014,direct
7207,2971,6.5.2014,organic
7208,2971,6.29.2014,direct
7209,2971,7.15.2014,direct
7210,2971,8.6.2014,twitter
7211,2971,8.12.2014,facebook
7212,2971,9.16.2014,banner
7213,2971,9.30.2014,facebook
7214,2971,10.10.2014,facebook
7215,2971,10.25.2014,facebook
7216,2971,11.3.2014,facebook
7217,2971,11.17.2014,adwords
7218,2971,12.9.2014,direct
7219,2971,12.30.2014,direct
7220,2971,2.20.2015,banner
7221,2971,2.20.2015,adwords
7222,2971,3.8.2015,organic
7223,2971,4.10.2015,adwords
7224,2971,5.9.2015,organic
7225,2971,6.1.2015,organic
7226,2971,6.20.2015,organic
7227,2971,7.14.2015,facebook
7228,2971,8.25.2015,adwords
7229,2971,8.29.2015,adwords
7230,2971,8.29.2015,direct
7231,2971,8.29.2015,adwords
7232,2971,9.10.2015,adwords
7233,2971,9.28.2015,banner
7234,2971,10.21.2015,direct
7235,2971,11.11.2015,direct
7236,2971,11.11.2015,direct
7237,2971,11.17.2015,direct
7238,2971,11.22.2015,organic
7239,2971,11.22.2015,organic
7240,2971,12.9.2015,facebook
7241,2971,12.29.2015,adwords
7242,2971,1.19.2016,organic
7243,2971,2.1.2016,banner
7244,2971,2.23.2016,banner
7245,2971,3.14.2016,facebook
7246,2981,8.4.2016,organic
7247,2981,9.9.2016,twitter
7248,2981,10.20.2016,banner
7249,2981,11.24.2016,organic
7250,2981,1.1.2017,direct
7251,2991,3.1.2016,adwords
7252,2991,3.24.2016,adwords
7253,2991,4.15.2016,direct
7254,2991,5.19.2016,direct
7255,2991,8.15.2016,direct
7256,2991,8.15.2016,facebook
7257,2991,9.25.2016,facebook
7258,2991,10.23.2016,facebook
7259,3001,1.21.2016,organic
7260,3001,2.5.2016,adwords
7261,3001,3.5.2016,facebook
7262,3001,4.4.2016,organic
7263,3001,4.28.2016,organic
7264,3001,5.14.2016,direct
7265,3001,6.4.2016,adwords
7266,3001,6.25.2016,adwords
7267,3001,6.25.2016,facebook
7268,3001,7.16.2016,organic
7269,3001,7.25.2016,adwords
7270,3001,8.16.2016,organic
7271,3001,1.1.2017,organic
7272,3011,5.23.2016,direct
7273,3011,6.7.2016,organic
7274,3011,6.18.2016,direct
7275,3011,7.8.2016,adwords
7276,3011,7.8.2016,adwords
7277,3011,7.22.2016,facebook
7278,3011,8.8.2016,organic
7279,3011,9.8.2016,facebook
7280,3011,9.18.2016,organic
7281,3011,10.3.2016,direct
7282,3011,10.20.2016,organic
7283,3011,10.27.2016,twitter
7284,3011,11.10.2016,facebook
7285,3021,12.3.2016,adwords
7286,3031,4.11.2016,organic
7287,3031,6.5.2016,adwords
7288,3031,10.16.2016,adwords
7289,3031,11.14.2016,organic
7290,3031,12.10.2016,banner
7291,3041,3.10.2016,organic
7292,3041,4.9.2016,banner
7293,3041,5.9.2016,facebook
7294,3041,6.9.2016,facebook
7295,3041,7.14.2016,twitter
7296,3041,8.11.2016,facebook
7297,3041,9.18.2016,banner
7298,3041,10.19.2016,adwords
7299,3041,11.24.2016,organic
7300,3041,12.26.2016,facebook
7301,3051,12.17.2013,organic
7302,3051,1.2.2014,facebook
7303,3051,2.2.2014,adwords
7304,3051,2.14.2014,twitter
7305,3051,3.3.2014,adwords
7306,3051,3.24.2014,banner
7307,3051,4.2.2014,banner
7308,3051,4.14.2014,adwords
7309,3051,5.4.2014,adwords
7310,3051,5.24.2014,facebook
7311,3051,6.30.2014,organic
7312,3051,7.19.2014,facebook
7313,3051,8.9.2014,direct
7314,3051,9.4.2014,facebook
7315,3051,9.22.2014,organic
7316,3051,10.12.2014,adwords
7317,3051,10.26.2014,direct
7318,3051,10.30.2014,organic
7319,3051,10.30.2014,banner
7320,3051,11.1.2014,direct
7321,3051,11.1.2014,facebook
7322,3051,11.29.2014,twitter
7323,3051,12.24.2014,facebook
7324,3051,2.23.2015,facebook
7325,3051,3.23.2015,twitter
7326,3051,3.29.2015,organic
7327,3051,4.12.2015,adwords
7328,3051,4.21.2015,adwords
7329,3051,5.8.2015,direct
7330,3051,5.20.2015,adwords
7331,3051,5.30.2015,facebook
7332,3051,6.27.2015,twitter
7333,3051,7.19.2015,organic
7334,3051,8.6.2015,direct
7335,3051,8.6.2015,banner
7336,3051,8.12.2015,adwords
7337,3051,8.30.2015,adwords
7338,3051,8.30.2015,direct
7339,3051,9.11.2015,adwords
7340,3051,9.23.2015,adwords
7341,3051,10.9.2015,organic
7342,3051,10.29.2015,twitter
7343,3051,11.19.2015,banner
7344,3051,11.30.2015,facebook
7345,3051,12.12.2015,organic
7346,3051,12.29.2015,banner
7347,3051,1.29.2016,direct
7348,3051,2.10.2016,facebook
7349,3051,3.1.2016,adwords
7350,3051,3.20.2016,banner
7351,3051,4.10.2016,adwords
7352,3051,4.12.2016,organic
7353,3051,5.8.2016,twitter
7354,3051,5.27.2016,direct
7355,3051,6.24.2016,organic
7356,3051,7.17.2016,organic
7357,3051,8.16.2016,organic
7358,3051,9.6.2016,facebook
7359,3051,9.21.2016,banner
7360,3051,9.21.2016,organic
7361,3051,10.12.2016,organic
7362,3051,10.26.2016,banner
7363,3051,11.13.2016,adwords
7364,3061,2.6.2015,adwords
7365,3061,2.18.2015,direct
7366,3061,2.24.2015,facebook
7367,3061,3.9.2015,banner
7368,3061,3.26.2015,adwords
7369,3061,4.12.2015,organic
7370,3061,4.12.2015,twitter
7371,3061,5.4.2015,organic
7372,3061,5.29.2015,adwords
7373,3061,6.9.2015,twitter
7374,3061,6.22.2015,direct
7375,3061,7.12.2015,facebook
7376,3061,8.1.2015,adwords
7377,3061,8.1.2015,organic
7378,3061,8.18.2015,organic
7379,3061,9.7.2015,banner
7380,3061,9.22.2015,direct
7381,3061,10.23.2015,adwords
7382,3061,10.23.2015,twitter
7383,3061,11.22.2015,organic
7384,3061,12.20.2015,direct
7385,3061,1.19.2016,organic
7386,3061,1.29.2016,organic
7387,3061,2.16.2016,organic
7388,3061,3.21.2016,organic
7389,3061,4.12.2016,adwords
7390,3061,5.5.2016,direct
7391,3061,6.17.2016,direct
7392,3061,7.6.2016,organic
7393,3061,7.10.2016,facebook
7394,3061,7.20.2016,twitter
7395,3061,8.13.2016,banner
7396,3061,8.13.2016,organic
7397,3061,8.19.2016,organic
7398,3061,9.12.2016,organic
7399,3061,10.20.2016,organic
7400,3061,11.10.2016,direct
7401,3061,12.4.2016,facebook
7402,3061,12.25.2016,adwords
7403,3071,12.27.2016,banner
7404,3081,5.22.2016,direct
7405,3081,5.22.2016,organic
7406,3081,6.11.2016,organic
7407,3081,6.11.2016,facebook
7408,3081,6.29.2016,adwords
7409,3081,7.31.2016,adwords
7410,3081,8.9.2016,facebook
7411,3081,9.2.2016,direct
7412,3081,9.22.2016,organic
7413,3081,9.25.2016,adwords
7414,3081,10.11.2016,facebook
7415,3081,10.27.2016,adwords
7416,3081,11.13.2016,adwords
7417,3081,12.3.2016,direct
7418,3081,12.21.2016,direct
7419,3091,12.4.2016,facebook
7420,3091,12.15.2016,adwords
7421,3101,12.31.2013,facebook
7422,3101,12.31.2013,adwords
7423,3101,1.16.2014,adwords
7424,3101,2.7.2014,facebook
7425,3101,3.31.2016,banner
7426,3101,4.18.2016,direct
7427,3101,5.7.2016,banner
7428,3101,5.7.2016,adwords
7429,3101,5.16.2016,adwords
7430,3101,5.16.2016,facebook
7431,3101,6.3.2016,facebook
7432,3101,6.3.2016,facebook
7433,3101,6.23.2016,organic
7434,3101,7.4.2016,adwords
7435,3101,7.4.2016,twitter
7436,3101,7.19.2016,adwords
7437,3101,7.19.2016,twitter
7438,3101,8.2.2016,direct
7439,3101,9.4.2016,banner
7440,3101,9.4.2016,twitter
7441,3101,9.30.2016,organic
7442,3101,10.13.2016,banner
7443,3101,11.5.2016,direct
7444,3101,11.23.2016,banner
7445,3101,11.28.2016,adwords
7446,3101,12.9.2016,banner
7447,3101,12.31.2016,twitter
7448,3111,6.20.2015,facebook
7449,3121,2.7.2016,organic
7450,3121,2.23.2016,banner
7451,3121,3.19.2016,twitter
7452,3121,4.11.2016,direct
7453,3121,5.4.2016,facebook
7454,3121,5.24.2016,banner
7455,3121,6.7.2016,facebook
7456,3121,7.4.2016,direct
7457,3121,9.5.2016,banner
7458,3121,9.20.2016,banner
7459,3121,10.14.2016,direct
7460,3121,12.2.2016,adwords
7461,3121,12.21.2016,adwords
7462,3131,3.1.2016,direct
7463,3131,3.15.2016,direct
7464,3141,12.8.2013,facebook
7465,3141,12.9.2013,organic
7466,3141,12.25.2013,adwords
7467,3141,1.27.2014,banner
7468,3141,2.24.2014,organic
7469,3141,3.10.2014,adwords
7470,3141,4.5.2014,facebook
7471,3141,4.29.2014,organic
7472,3141,5.26.2014,organic
7473,3141,6.13.2014,facebook
7474,3141,7.6.2014,organic
7475,3141,7.25.2014,banner
7476,3141,12.20.2016,facebook
7477,3151,1.1.2017,direct
7478,3161,9.18.2015,organic
7479,3161,10.26.2015,facebook
7480,3161,12.5.2015,adwords
7481,3161,12.27.2015,banner
7482,3161,2.10.2016,facebook
7483,3161,3.18.2016,adwords
7484,3161,5.14.2016,organic
7485,3161,7.14.2016,direct
7486,3161,8.19.2016,facebook
7487,3161,10.26.2016,adwords
7488,3171,4.28.2016,twitter
7489,3171,5.25.2016,adwords
7490,3171,6.30.2016,facebook
7491,3171,7.25.2016,direct
7492,3171,8.8.2016,twitter
7493,3171,8.10.2016,twitter
7494,3171,8.28.2016,facebook
7495,3171,9.19.2016,facebook
7496,3171,10.13.2016,banner
7497,3171,11.9.2016,adwords
7498,3171,11.27.2016,facebook
7499,3171,12.14.2016,banner
7500,3181,11.15.2015,banner
7501,3181,11.28.2015,adwords
7502,3181,12.17.2015,facebook
7503,3181,1.12.2016,organic
7504,3181,1.18.2016,organic
7505,3181,2.8.2016,banner
7506,3181,2.27.2016,direct
7507,3181,4.18.2016,adwords
7508,3181,4.30.2016,direct
7509,3181,5.11.2016,organic
7510,3181,5.27.2016,direct
7511,3181,6.26.2016,organic
7512,3181,7.30.2016,twitter
7513,3181,8.7.2016,direct
7514,3181,8.26.2016,facebook
7515,3181,9.3.2016,adwords
7516,3181,9.14.2016,adwords
7517,3181,9.28.2016,banner
7518,3181,10.26.2016,adwords
7519,3181,10.31.2016,twitter
7520,3181,12.21.2016,facebook
7521,3181,12.21.2016,adwords
7522,3191,10.25.2015,facebook
7523,3191,11.21.2015,direct
7524,3191,12.4.2015,banner
7525,3191,12.29.2015,facebook
7526,3191,2.7.2016,direct
7527,3191,3.10.2016,direct
7528,3201,11.19.2016,adwords
7529,3201,11.27.2016,facebook
7530,3201,12.6.2016,facebook
7531,3201,12.10.2016,twitter
7532,3201,12.29.2016,adwords
7533,3211,11.29.2016,organic
7534,3211,12.25.2016,direct
7535,3221,5.22.2014,organic
7536,3221,7.15.2014,adwords
7537,3221,7.15.2014,facebook
7538,3231,4.26.2014,twitter
7539,3231,6.8.2014,adwords
7540,3231,7.23.2014,adwords
7541,3231,9.18.2014,twitter
7542,3231,10.29.2014,direct
7543,3231,12.6.2014,facebook
7544,3231,1.8.2015,adwords
7545,3231,3.2.2015,twitter
7546,3231,5.26.2015,twitter
7547,3231,7.3.2015,facebook
7548,3231,7.10.2015,banner
7549,3231,9.11.2015,organic
7550,3231,9.19.2015,adwords
7551,3231,10.27.2015,adwords
7552,3231,12.10.2015,organic
7553,3231,1.27.2016,adwords
7554,3231,3.11.2016,facebook
7555,3231,4.15.2016,banner
7556,3231,5.23.2016,facebook
7557,3231,7.9.2016,facebook
7558,3231,8.13.2016,banner
7559,3231,9.15.2016,organic
7560,3231,10.19.2016,facebook
7561,3231,11.11.2016,facebook
7562,3231,11.11.2016,twitter
7563,3231,12.19.2016,twitter
7564,3241,10.2.2015,facebook
7565,3241,10.2.2015,adwords
7566,3241,10.23.2015,facebook
7567,3241,11.6.2015,organic
7568,3241,11.28.2015,adwords
7569,3241,12.17.2015,direct
7570,3241,12.31.2015,direct
7571,3241,1.13.2016,banner
7572,3241,1.31.2016,twitter
7573,3241,2.19.2016,facebook
7574,3241,3.6.2016,banner
7575,3241,3.18.2016,banner
7576,3241,3.28.2016,twitter
7577,3241,4.9.2016,organic
7578,3241,4.27.2016,facebook
7579,3241,5.12.2016,twitter
7580,3241,6.16.2016,facebook
7581,3241,6.16.2016,adwords
7582,3241,7.1.2016,banner
7583,3241,7.1.2016,adwords
7584,3241,7.15.2016,facebook
7585,3241,8.18.2016,banner
7586,3241,8.18.2016,organic
7587,3251,12.6.2013,organic
7588,3251,1.15.2014,organic
7589,3251,2.14.2014,facebook
7590,3251,3.22.2014,adwords
7591,3251,4.24.2014,twitter
7592,3251,5.30.2014,adwords
7593,3251,6.28.2014,adwords
7594,3251,7.31.2014,direct
7595,3251,9.3.2014,organic
7596,3251,10.5.2014,direct
7597,3251,11.5.2014,direct
7598,3251,12.9.2014,twitter
7599,3251,1.8.2015,twitter
7600,3251,2.13.2015,direct
7601,3251,3.11.2015,facebook
7602,3251,4.11.2015,organic
7603,3251,5.18.2015,facebook
7604,3251,6.10.2015,organic
7605,3251,7.11.2015,facebook
7606,3251,8.13.2015,organic
7607,3251,9.14.2015,direct
7608,3261,9.18.2014,adwords
7609,3261,10.11.2014,direct
7610,3261,10.20.2014,twitter
7611,3261,11.8.2014,organic
7612,3261,11.21.2014,direct
7613,3261,12.8.2014,organic
7614,3261,12.15.2014,adwords
7615,3261,1.8.2015,adwords
7616,3261,7.11.2015,direct
7617,3261,7.25.2015,facebook
7618,3261,8.4.2015,adwords
7619,3261,8.25.2015,direct
7620,3261,9.13.2015,organic
7621,3261,9.28.2015,adwords
7622,3261,10.17.2015,organic
7623,3261,11.8.2015,adwords
7624,3261,11.22.2015,organic
7625,3261,12.11.2015,organic
7626,3261,1.4.2016,facebook
7627,3261,1.4.2016,direct
7628,3261,1.18.2016,adwords
7629,3261,2.11.2016,adwords
7630,3261,3.2.2016,direct
7631,3261,3.16.2016,facebook
7632,3261,4.12.2016,organic
7633,3261,5.5.2016,organic
7634,3261,6.2.2016,organic
7635,3261,6.3.2016,facebook
7636,3261,7.6.2016,organic
7637,3261,7.19.2016,facebook
7638,3261,8.7.2016,direct
7639,3261,10.26.2016,twitter
7640,3261,11.13.2016,facebook
7641,3261,11.22.2016,facebook
7642,3261,12.16.2016,twitter
7643,3271,3.7.2016,direct
7644,3271,4.7.2016,facebook
7645,3271,5.17.2016,adwords
7646,3271,6.7.2016,adwords
7647,3271,8.10.2016,adwords
7648,3271,9.27.2016,banner
7649,3271,10.26.2016,twitter
7650,3271,12.2.2016,adwords
7651,3281,10.15.2016,direct
7652,3281,11.15.2016,direct
7653,3281,12.22.2016,facebook
7654,3291,4.17.2016,organic
7655,3291,5.7.2016,facebook
7656,3291,5.29.2016,organic
7657,3291,7.6.2016,adwords
7658,3291,7.23.2016,facebook
7659,3291,8.7.2016,organic
7660,3291,8.7.2016,organic
7661,3291,8.24.2016,organic
7662,3301,2.9.2016,facebook
7663,3301,2.27.2016,facebook
7664,3301,3.27.2016,banner
7665,3301,4.12.2016,banner
7666,3301,4.12.2016,direct
7667,3301,4.12.2016,organic
7668,3301,5.19.2016,organic
7669,3301,6.1.2016,facebook
7670,3301,6.14.2016,organic
7671,3311,9.2.2015,direct
7672,3311,9.2.2015,facebook
7673,3311,10.6.2015,adwords
7674,3311,11.4.2015,facebook
7675,3311,12.4.2015,organic
7676,3311,12.22.2015,organic
7677,3311,1.3.2016,direct
7678,3311,3.26.2016,organic
7679,3311,5.15.2016,direct
7680,3311,6.1.2016,direct
7681,3321,8.5.2015,adwords
7682,3331,11.4.2016,organic
7683,3331,11.4.2016,direct
7684,3331,11.4.2016,twitter
7685,3331,11.19.2016,facebook
7686,3331,12.7.2016,organic
7687,3331,12.20.2016,adwords
7688,3331,12.20.2016,direct
7689,3331,12.31.2016,twitter
7690,3341,4.4.2016,adwords
7691,3341,5.2.2016,twitter
7692,3341,5.21.2016,banner
7693,3341,6.16.2016,facebook
7694,3341,7.14.2016,facebook
7695,3341,8.8.2016,facebook
7696,3341,9.3.2016,direct
7697,3341,9.29.2016,facebook
7698,3341,10.22.2016,organic
7699,3341,12.14.2016,organic
7700,3351,9.29.2016,organic
7701,3351,12.11.2016,organic
7702,3351,12.11.2016,facebook
7703,3351,12.30.2016,adwords
7704,3361,6.21.2016,organic
7705,3361,7.14.2016,twitter
7706,3361,8.4.2016,direct
7707,3361,8.21.2016,twitter
7708,3361,8.21.2016,adwords
7709,3361,9.11.2016,direct
7710,3361,9.27.2016,banner
7711,3361,10.20.2016,facebook
7712,3361,11.8.2016,adwords
7713,3361,11.26.2016,adwords
7714,3361,12.13.2016,twitter
7715,3371,12.31.2013,organic
7716,3371,12.31.2013,organic
7717,3371,12.31.2013,facebook
7718,3371,1.10.2014,organic
7719,3371,1.29.2014,adwords
7720,3371,2.21.2014,direct
7721,3371,3.12.2014,twitter
7722,3371,3.12.2014,organic
7723,3371,3.29.2014,organic
7724,3371,4.8.2014,facebook
7725,3371,4.12.2014,organic
7726,3371,4.22.2014,banner
7727,3371,5.8.2014,facebook
7728,3371,5.21.2014,facebook
7729,3371,5.21.2014,direct
7730,3371,10.1.2014,twitter
7731,3371,10.17.2014,adwords
7732,3371,10.20.2014,organic
7733,3371,11.4.2014,adwords
7734,3381,5.30.2016,adwords
7735,3381,5.30.2016,facebook
7736,3381,9.24.2016,organic
7737,3381,10.8.2016,organic
7738,3381,10.26.2016,direct
7739,3381,11.4.2016,organic
7740,3381,11.18.2016,banner
7741,3391,5.28.2016,facebook
7742,3391,6.23.2016,banner
7743,3391,7.19.2016,direct
7744,3391,9.15.2016,facebook
7745,3391,11.1.2016,facebook
7746,3391,11.1.2016,organic
7747,3391,12.6.2016,adwords
7748,3401,12.28.2016,facebook
7749,3411,12.13.2013,facebook
7750,3411,1.7.2014,facebook
7751,3411,2.1.2014,direct
7752,3411,3.3.2014,facebook
7753,3411,4.8.2014,facebook
7754,3411,5.8.2014,organic
7755,3411,6.16.2014,organic
7756,3411,7.16.2014,adwords
7757,3411,8.20.2014,adwords
7758,3411,9.16.2014,direct
7759,3411,10.12.2014,organic
7760,3411,11.14.2014,direct
7761,3411,12.13.2014,direct
7762,3411,1.8.2015,direct
7763,3411,2.15.2015,facebook
7764,3411,3.15.2015,direct
7765,3411,3.15.2015,facebook
7766,3411,4.3.2015,organic
7767,3411,5.16.2015,direct
7768,3411,6.12.2015,banner
7769,3411,7.13.2015,direct
7770,3411,8.4.2015,organic
7771,3411,9.3.2015,direct
7772,3411,10.18.2015,organic
7773,3411,11.16.2015,twitter
7774,3411,12.16.2015,facebook
7775,3411,1.15.2016,organic
7776,3411,2.25.2016,direct
7777,3411,3.25.2016,direct
7778,3411,4.21.2016,organic
7779,3411,5.18.2016,banner
7780,3411,6.16.2016,adwords
7781,3411,7.29.2016,direct
7782,3411,8.24.2016,banner
7783,3411,10.5.2016,direct
7784,3411,11.4.2016,adwords
7785,3411,11.29.2016,adwords
7786,3411,11.29.2016,direct
7787,3421,1.9.2016,organic
7788,3421,2.11.2016,organic
7789,3421,2.11.2016,organic
7790,3421,3.19.2016,direct
7791,3421,6.1.2016,twitter
7792,3421,6.24.2016,organic
7793,3421,7.19.2016,facebook
7794,3421,8.21.2016,adwords
7795,3421,9.12.2016,organic
7796,3431,12.6.2013,twitter
7797,3431,1.7.2014,organic
7798,3431,2.8.2014,twitter
7799,3431,3.18.2014,organic
7800,3431,4.17.2014,adwords
7801,3431,5.4.2014,facebook
7802,3441,6.25.2016,twitter
7803,3441,7.20.2016,banner
7804,3441,8.11.2016,facebook
7805,3441,8.29.2016,organic
7806,3441,9.3.2016,twitter
7807,3451,10.14.2016,banner
7808,3451,11.13.2016,twitter
7809,3451,11.30.2016,direct
7810,3451,12.20.2016,direct
7811,3461,12.26.2013,direct
7812,3461,1.12.2014,banner
7813,3461,2.9.2014,adwords
7814,3461,2.25.2014,organic
7815,3461,2.25.2014,adwords
7816,3461,3.15.2014,organic
7817,3461,4.3.2014,facebook
7818,3461,4.5.2014,facebook
7819,3461,4.22.2014,twitter
7820,3471,12.29.2013,direct
7821,3471,1.12.2014,facebook
7822,3471,1.27.2014,adwords
7823,3471,2.15.2014,organic
7824,3471,3.26.2014,facebook
7825,3471,5.25.2014,adwords
7826,3471,5.28.2014,adwords
7827,3471,6.18.2014,adwords
7828,3471,7.14.2014,organic
7829,3471,8.5.2014,banner
7830,3471,9.15.2014,facebook
7831,3471,9.30.2014,adwords
7832,3471,10.18.2014,direct
7833,3471,11.23.2014,facebook
7834,3471,12.16.2014,direct
7835,3471,12.16.2014,facebook
7836,3471,1.3.2015,twitter
7837,3471,1.28.2015,organic
7838,3471,2.21.2015,twitter
7839,3471,3.22.2015,banner
7840,3471,4.28.2015,direct
7841,3471,5.8.2015,adwords
7842,3471,5.8.2015,organic
7843,3471,6.1.2015,banner
7844,3471,11.29.2015,direct
7845,3471,12.16.2015,facebook
7846,3471,1.6.2016,adwords
7847,3471,1.19.2016,facebook
7848,3471,2.3.2016,direct
7849,3471,2.22.2016,twitter
7850,3471,3.4.2016,organic
7851,3471,3.25.2016,banner
7852,3471,4.12.2016,organic
7853,3471,4.12.2016,banner
7854,3471,5.9.2016,facebook
7855,3471,7.13.2016,facebook
7856,3471,7.13.2016,organic
7857,3471,7.25.2016,direct
7858,3471,8.1.2016,direct
7859,3471,10.12.2016,adwords
7860,3471,10.27.2016,banner
7861,3471,11.12.2016,direct
7862,3471,11.20.2016,organic
7863,3471,12.9.2016,direct
7864,3481,8.1.2016,banner
7865,3481,8.29.2016,facebook
7866,3481,9.23.2016,adwords
7867,3481,10.20.2016,direct
7868,3481,12.4.2016,banner
7869,3481,12.4.2016,direct
7870,3491,12.6.2013,facebook
7871,3491,12.26.2013,direct
7872,3491,1.21.2014,banner
7873,3491,2.11.2014,direct
7874,3491,3.1.2014,facebook
7875,3491,3.23.2014,direct
7876,3491,3.23.2014,facebook
7877,3491,4.19.2014,facebook
7878,3491,5.29.2014,direct
7879,3491,6.15.2014,direct
7880,3491,6.23.2014,direct
7881,3491,7.19.2014,facebook
7882,3491,8.6.2014,organic
7883,3491,8.21.2014,twitter
7884,3491,9.8.2014,direct
7885,3491,9.20.2014,facebook
7886,3491,10.9.2014,facebook
7887,3491,11.10.2014,banner
7888,3491,12.13.2014,organic
7889,3491,1.2.2015,organic
7890,3491,8.30.2015,twitter
7891,3491,9.14.2015,adwords
7892,3491,9.23.2015,twitter
7893,3491,10.29.2015,direct
7894,3491,11.15.2015,organic
7895,3491,12.6.2015,adwords
7896,3491,12.24.2015,organic
7897,3491,2.5.2016,banner
7898,3491,2.29.2016,banner
7899,3491,7.31.2016,facebook
7900,3491,8.24.2016,adwords
7901,3491,9.19.2016,facebook
7902,3491,10.10.2016,adwords
7903,3491,10.23.2016,organic
7904,3491,11.17.2016,direct
7905,3491,12.5.2016,organic
7906,3491,12.24.2016,facebook
7907,3501,5.10.2016,direct
7908,3501,6.19.2016,facebook
7909,3501,7.22.2016,direct
7910,3501,8.29.2016,facebook
7911,3501,10.7.2016,twitter
7912,3501,11.16.2016,facebook
7913,3501,12.1.2016,adwords
7914,3511,8.14.2016,facebook
7915,3511,8.30.2016,direct
7916,3511,9.19.2016,direct
7917,3511,10.12.2016,facebook
7918,3511,11.2.2016,adwords
7919,3511,11.23.2016,organic
7920,3511,12.18.2016,adwords
7921,3521,12.30.2016,organic
7922,3531,6.3.2015,twitter
7923,3531,8.14.2015,organic
7924,3531,9.18.2015,facebook
7925,3531,11.20.2015,facebook
7926,3531,12.27.2015,facebook
7927,3541,4.7.2016,direct
7928,3541,5.2.2016,adwords
7929,3541,5.27.2016,direct
7930,3541,6.2.2016,direct
7931,3541,6.18.2016,banner
7932,3541,6.18.2016,direct
7933,3541,7.6.2016,organic
7934,3541,7.23.2016,banner
7935,3541,8.14.2016,organic
7936,3541,8.30.2016,banner
7937,3541,8.30.2016,banner
7938,3541,10.6.2016,organic
7939,3541,10.29.2016,direct
7940,3541,11.13.2016,adwords
7941,3541,12.4.2016,adwords
7942,3541,12.12.2016,banner
7943,3551,4.30.2015,organic
7944,3551,4.30.2015,organic
7945,3551,5.15.2015,banner
7946,3551,6.3.2015,adwords
7947,3551,6.30.2015,organic
7948,3551,6.30.2015,banner
7949,3551,6.30.2015,facebook
7950,3551,7.17.2015,organic
7951,3561,7.2.2016,organic
7952,3561,7.3.2016,organic
7953,3561,7.29.2016,adwords
7954,3561,8.11.2016,adwords
7955,3561,8.28.2016,adwords
7956,3571,6.21.2016,organic
7957,3571,7.17.2016,facebook
7958,3571,7.19.2016,adwords
7959,3571,8.3.2016,organic
7960,3571,8.19.2016,facebook
7961,3571,9.2.2016,adwords
7962,3571,9.25.2016,direct
7963,3571,10.12.2016,direct
7964,3571,10.30.2016,banner
7965,3571,11.20.2016,banner
7966,3571,12.15.2016,direct
7967,3571,12.28.2016,banner
7968,3581,12.28.2016,facebook
7969,3591,12.3.2015,direct
7970,3591,1.2.2016,facebook
7971,3591,1.31.2016,direct
7972,3591,2.28.2016,adwords
7973,3591,3.2.2016,adwords
7974,3591,4.3.2016,adwords
7975,3591,4.21.2016,facebook
7976,3591,5.17.2016,facebook
7977,3591,6.18.2016,organic
7978,3591,7.13.2016,adwords
7979,3591,9.13.2016,banner
7980,3591,10.11.2016,facebook
7981,3591,11.20.2016,facebook
7982,3601,8.21.2016,twitter
7983,3601,9.20.2016,facebook
7984,3601,10.23.2016,twitter
7985,3601,11.18.2016,organic
7986,3601,11.21.2016,facebook
7987,3601,12.22.2016,adwords
7988,3611,9.19.2016,adwords
7989,3611,10.11.2016,direct
7990,3611,11.11.2016,direct
7991,3611,12.3.2016,facebook
7992,3611,12.28.2016,banner
7993,3621,10.25.2016,direct
7994,3631,8.23.2015,organic
7995,3631,9.19.2015,twitter
7996,3631,10.10.2015,banner
7997,3631,11.13.2015,facebook
7998,3631,11.15.2015,banner
7999,3631,12.29.2015,adwords
8000,3631,1.25.2016,organic
8001,3631,2.28.2016,adwords
8002,3631,3.31.2016,organic
8003,3631,4.5.2016,adwords
8004,3631,5.8.2016,adwords
8005,3631,6.4.2016,facebook
8006,3631,7.3.2016,adwords
8007,3631,7.22.2016,banner
8008,3631,9.4.2016,direct
8009,3631,9.4.2016,organic
8010,3631,10.8.2016,facebook
8011,3631,11.2.2016,facebook
8012,3631,12.23.2016,twitter
8013,3641,8.3.2016,banner
8014,3641,8.21.2016,facebook
8015,3641,9.3.2016,organic
8016,3641,10.11.2016,facebook
8017,3641,11.6.2016,facebook
8018,3641,11.25.2016,organic
8019,3641,12.9.2016,facebook
8020,3641,12.29.2016,facebook
8021,3651,9.23.2015,adwords
8022,3651,9.24.2015,organic
8023,3651,10.14.2015,banner
8024,3651,11.1.2015,direct
8025,3651,11.23.2015,adwords
8026,3651,1.4.2016,direct
8027,3651,1.19.2016,direct
8028,3651,2.8.2016,adwords
8029,3651,2.16.2016,twitter
8030,3651,3.19.2016,adwords
8031,3651,4.6.2016,adwords
8032,3651,4.19.2016,organic
8033,3651,5.11.2016,banner
8034,3651,6.4.2016,organic
8035,3651,6.4.2016,direct
8036,3651,6.22.2016,twitter
8037,3651,8.5.2016,facebook
8038,3651,8.15.2016,adwords
8039,3651,10.2.2016,facebook
8040,3651,10.19.2016,organic
8041,3661,4.16.2016,organic
8042,3661,5.3.2016,adwords
8043,3661,5.27.2016,adwords
8044,3661,6.8.2016,facebook
8045,3661,6.29.2016,banner
8046,3661,6.29.2016,organic
8047,3661,7.9.2016,facebook
8048,3661,8.17.2016,facebook
8049,3661,9.15.2016,adwords
8050,3661,10.21.2016,direct
8051,3661,10.21.2016,organic
8052,3661,11.24.2016,facebook
8053,3671,9.23.2016,direct
8054,3681,10.20.2016,banner
8055,3681,11.9.2016,direct
8056,3681,12.13.2016,twitter
8057,3681,12.28.2016,twitter
8058,3691,6.19.2016,adwords
8059,3691,6.19.2016,banner
8060,3691,7.6.2016,organic
8061,3691,7.17.2016,twitter
8062,3691,8.6.2016,direct
8063,3691,8.26.2016,twitter
8064,3691,9.14.2016,organic
8065,3691,9.14.2016,banner
8066,3691,10.4.2016,adwords
8067,3691,10.25.2016,organic
8068,3691,11.14.2016,adwords
8069,3691,11.25.2016,organic
8070,3691,12.14.2016,facebook
8071,3701,9.25.2016,twitter
8072,3701,10.18.2016,twitter
8073,3701,11.13.2016,twitter
8074,3701,12.3.2016,facebook
8075,3701,12.18.2016,direct
8076,3701,12.23.2016,banner
8077,3711,6.27.2016,organic
8078,3711,7.28.2016,adwords
8079,3711,10.1.2016,organic
8080,3711,11.1.2016,adwords
8081,3711,11.29.2016,direct
8082,3721,11.30.2015,organic
8083,3721,12.30.2015,banner
8084,3721,1.19.2016,facebook
8085,3721,2.19.2016,direct
8086,3721,3.24.2016,adwords
8087,3721,4.29.2016,organic
8088,3721,5.25.2016,direct
8089,3721,5.30.2016,facebook
8090,3721,7.9.2016,facebook
8091,3721,7.29.2016,direct
8092,3721,8.8.2016,twitter
8093,3721,9.9.2016,direct
8094,3721,10.13.2016,direct
8095,3721,11.16.2016,organic
8096,3721,12.29.2016,twitter
8097,3731,9.13.2016,organic
8098,3731,9.30.2016,organic
8099,3731,10.21.2016,twitter
8100,3731,12.9.2016,organic
8101,3731,12.31.2016,twitter
8102,3741,12.9.2016,facebook
8103,3751,6.14.2015,twitter
8104,3751,12.29.2015,twitter
8105,3751,1.20.2016,facebook
8106,3751,1.20.2016,twitter
8107,3751,2.5.2016,twitter
8108,3751,2.28.2016,banner
8109,3761,10.8.2016,banner
8110,3761,10.26.2016,banner
8111,3761,11.16.2016,twitter
8112,3761,12.3.2016,adwords
8113,3761,12.28.2016,direct
8114,3761,12.28.2016,adwords
8115,3771,1.26.2016,organic
8116,3771,2.26.2016,facebook
8117,3771,3.19.2016,adwords
8118,3771,4.19.2016,organic
8119,3771,5.18.2016,organic
8120,3771,7.7.2016,organic
8121,3771,8.6.2016,organic
8122,3771,9.7.2016,organic
8123,3771,10.1.2016,twitter
8124,3771,10.3.2016,adwords
8125,3771,11.5.2016,facebook
8126,3771,12.6.2016,direct
8127,3781,9.20.2016,adwords
8128,3781,11.29.2016,facebook
8129,3781,12.30.2016,organic
8130,3791,4.18.2016,twitter
8131,3791,5.17.2016,banner
8132,3791,5.17.2016,facebook
8133,3791,6.13.2016,direct
8134,3791,7.15.2016,adwords
8135,3791,7.15.2016,organic
8136,3791,8.12.2016,banner
8137,3791,9.6.2016,organic
8138,3791,10.3.2016,organic
8139,3791,10.30.2016,facebook
8140,3791,11.20.2016,twitter
8141,3791,12.21.2016,direct
8142,3801,7.10.2016,direct
8143,3801,7.25.2016,direct
8144,3801,8.6.2016,facebook
8145,3801,8.20.2016,adwords
8146,3801,8.25.2016,adwords
8147,3801,9.14.2016,adwords
8148,3801,10.3.2016,adwords
8149,3801,10.10.2016,organic
8150,3801,10.23.2016,direct
8151,3801,11.25.2016,organic
8152,3801,12.17.2016,banner
8153,3811,8.7.2016,direct
8154,3811,9.8.2016,adwords
8155,3811,10.13.2016,organic
8156,3811,11.4.2016,direct
8157,3821,3.27.2016,direct
8158,3821,4.27.2016,facebook
8159,3821,9.6.2016,adwords
8160,3821,10.8.2016,adwords
8161,3821,10.31.2016,direct
8162,3821,11.24.2016,direct
8163,3821,12.17.2016,adwords
8164,3831,11.24.2016,direct
8165,3831,11.24.2016,organic
8166,3831,12.15.2016,direct
8167,3841,1.1.2017,adwords
8168,3851,6.9.2016,organic
8169,3851,6.29.2016,adwords
8170,3851,1.1.2017,direct
8171,3861,1.1.2017,direct
8172,3871,10.20.2016,adwords
8173,3871,11.9.2016,facebook
8174,3871,11.24.2016,adwords
8175,3881,12.15.2013,adwords
8176,3881,12.15.2013,adwords
8177,3881,1.1.2014,adwords
8178,3881,1.26.2014,direct
8179,3881,2.11.2014,direct
8180,3881,3.6.2014,direct
8181,3881,4.2.2014,adwords
8182,3881,5.10.2014,direct
8183,3881,5.23.2014,facebook
8184,3881,3.19.2016,twitter
8185,3881,4.4.2016,organic
8186,3881,6.20.2016,adwords
8187,3881,10.2.2016,adwords
8188,3881,10.19.2016,twitter
8189,3881,11.28.2016,banner
8190,3891,12.2.2016,organic
8191,3891,12.22.2016,adwords
8192,3891,12.22.2016,organic
8193,3901,7.6.2016,organic
8194,3901,8.5.2016,facebook
8195,3901,10.24.2016,adwords
8196,3901,11.25.2016,banner
8197,3901,11.25.2016,direct
8198,3901,11.25.2016,organic
8199,3911,1.1.2014,adwords
8200,3911,1.26.2014,direct
8201,3911,2.20.2014,organic
8202,3911,3.1.2014,twitter
8203,3911,3.27.2014,banner
8204,3911,5.3.2014,banner
8205,3911,5.3.2014,twitter
8206,3911,5.22.2014,facebook
8207,3911,5.22.2014,organic
8208,3911,6.14.2014,facebook
8209,3911,6.30.2014,facebook
8210,3911,7.3.2014,adwords
8211,3911,8.6.2014,direct
8212,3911,8.26.2014,twitter
8213,3911,9.16.2014,organic
8214,3911,10.11.2014,adwords
8215,3911,10.23.2014,facebook
8216,3911,11.9.2014,direct
8217,3911,12.1.2014,organic
8218,3911,12.21.2014,facebook
8219,3911,1.20.2015,direct
8220,3911,2.11.2015,facebook
8221,3911,2.11.2015,facebook
8222,3911,3.11.2015,adwords
8223,3911,4.12.2015,twitter
8224,3911,4.12.2015,facebook
8225,3911,6.8.2015,organic
8226,3911,6.26.2015,adwords
8227,3911,7.12.2015,twitter
8228,3911,8.4.2015,direct
8229,3911,8.25.2015,twitter
8230,3911,9.11.2015,adwords
8231,3911,10.3.2015,organic
8232,3911,10.25.2015,facebook
8233,3911,11.16.2015,organic
8234,3911,12.3.2015,banner
8235,3911,12.3.2015,organic
8236,3911,12.13.2015,facebook
8237,3911,1.1.2016,direct
8238,3911,1.14.2016,direct
8239,3911,2.4.2016,direct
8240,3911,2.24.2016,facebook
8241,3911,2.24.2016,direct
8242,3911,3.11.2016,organic
8243,3911,3.21.2016,organic
8244,3911,4.9.2016,adwords
8245,3911,4.25.2016,twitter
8246,3911,5.12.2016,twitter
8247,3911,6.15.2016,organic
8248,3911,7.5.2016,adwords
8249,3911,7.25.2016,adwords
8250,3911,8.7.2016,twitter
8251,3911,8.31.2016,direct
8252,3911,9.17.2016,facebook
8253,3911,10.8.2016,facebook
8254,3911,10.22.2016,adwords
8255,3911,11.18.2016,adwords
8256,3911,12.24.2016,adwords
8257,3921,9.14.2016,banner
8258,3921,10.16.2016,organic
8259,3921,11.15.2016,organic
8260,3921,12.14.2016,adwords
8261,3931,11.3.2016,direct
8262,3931,11.3.2016,facebook
8263,3931,11.15.2016,facebook
8264,3931,11.15.2016,banner
8265,3931,11.30.2016,facebook
8266,3931,12.21.2016,organic
8267,3941,12.10.2016,facebook
8268,3951,10.22.2016,facebook
8269,3951,11.8.2016,adwords
8270,3951,11.8.2016,direct
8271,3951,11.24.2016,direct
8272,3951,12.21.2016,organic
8273,3961,11.16.2016,facebook
8274,3961,12.4.2016,adwords
8275,3961,12.23.2016,facebook
8276,3971,8.6.2016,adwords
8277,3971,8.17.2016,twitter
8278,3971,8.20.2016,direct
8279,3971,9.3.2016,twitter
8280,3971,9.12.2016,facebook
8281,3971,9.26.2016,twitter
8282,3971,9.26.2016,direct
8283,3981,4.22.2014,twitter
8284,3981,5.10.2014,organic
8285,3981,5.27.2014,banner
8286,3981,6.16.2014,organic
8287,3981,6.16.2014,direct
8288,3981,6.23.2014,organic
8289,3981,6.23.2014,twitter
8290,3981,7.19.2014,facebook
8291,3981,7.30.2014,organic
8292,3981,8.21.2014,twitter
8293,3981,1.18.2015,adwords
8294,3981,3.29.2015,facebook
8295,3981,4.27.2015,banner
8296,3981,4.27.2015,organic
8297,3981,5.19.2015,facebook
8298,3981,5.19.2015,facebook
8299,3981,6.8.2015,twitter
8300,3981,6.28.2015,banner
8301,3981,7.17.2015,banner
8302,3981,8.6.2015,organic
8303,3981,8.8.2015,direct
8304,3981,8.17.2015,banner
8305,3981,8.26.2015,facebook
8306,3981,9.1.2015,direct
8307,3981,9.13.2015,banner
8308,3981,3.15.2016,organic
8309,3981,4.10.2016,organic
8310,3981,5.10.2016,facebook
8311,3981,5.25.2016,facebook
8312,3981,6.9.2016,direct
8313,3981,6.26.2016,adwords
8314,3981,7.15.2016,direct
8315,3981,8.3.2016,facebook
8316,3981,8.8.2016,direct
8317,3981,8.22.2016,banner
8318,3981,10.5.2016,adwords
8319,3981,10.31.2016,organic
8320,3981,11.24.2016,banner
8321,3981,12.12.2016,facebook
8322,3981,12.29.2016,twitter
8323,3991,2.9.2015,facebook
8324,3991,2.11.2015,adwords
8325,3991,3.17.2015,facebook
8326,3991,4.12.2015,banner
8327,3991,4.24.2015,twitter
8328,3991,5.15.2015,facebook
8329,3991,6.5.2015,adwords
8330,3991,6.20.2015,adwords
8331,3991,7.31.2015,adwords
8332,3991,8.22.2015,banner
8333,3991,8.22.2015,direct
8334,3991,9.14.2015,direct
8335,3991,9.22.2015,organic
8336,3991,10.13.2015,direct
8337,3991,10.28.2015,organic
8338,3991,11.16.2015,direct
8339,3991,12.8.2015,adwords
8340,3991,12.8.2015,facebook
8341,3991,12.31.2015,facebook
8342,3991,1.19.2016,adwords
8343,3991,2.18.2016,adwords
8344,3991,3.13.2016,adwords
8345,3991,3.29.2016,facebook
8346,3991,4.19.2016,banner
8347,3991,5.16.2016,direct
8348,3991,8.23.2016,organic
8349,3991,9.17.2016,facebook
8350,3991,10.8.2016,adwords
8351,3991,10.24.2016,organic
8352,3991,10.24.2016,twitter
8353,3991,11.5.2016,organic
8354,3991,11.20.2016,direct
8355,3991,11.27.2016,direct
8356,4001,12.28.2016,direct
8357,4011,6.5.2016,direct
8358,4011,7.10.2016,facebook
8359,4011,8.1.2016,adwords
8360,4011,8.17.2016,direct
8361,4011,10.6.2016,banner
8362,4011,10.7.2016,facebook
8363,4011,10.29.2016,adwords
8364,4011,11.28.2016,direct
8365,4011,12.18.2016,organic
8366,4021,12.19.2016,organic
8367,4021,12.30.2016,twitter
8368,4021,12.30.2016,facebook
8369,4031,10.18.2015,organic
8370,4031,11.16.2015,facebook
8371,4031,12.17.2015,organic
8372,4031,1.8.2016,adwords
8373,4031,1.22.2016,facebook
8374,4031,2.22.2016,direct
8375,4031,3.11.2016,adwords
8376,4031,4.12.2016,adwords
8377,4031,5.8.2016,twitter
8378,4031,5.30.2016,facebook
8379,4031,6.28.2016,organic
8380,4031,7.14.2016,adwords
8381,4031,8.9.2016,adwords
8382,4031,9.30.2016,direct
8383,4031,11.9.2016,organic
8384,4031,12.5.2016,organic
8385,4041,10.8.2015,organic
8386,4041,11.12.2015,adwords
8387,4041,1.15.2016,banner
8388,4041,2.12.2016,organic
8389,4041,3.15.2016,direct
8390,4041,4.22.2016,organic
8391,4041,5.25.2016,direct
8392,4041,6.28.2016,organic
8393,4041,7.15.2016,banner
8394,4041,8.2.2016,twitter
8395,4041,8.25.2016,banner
8396,4041,8.28.2016,twitter
8397,4041,9.21.2016,banner
8398,4041,9.21.2016,organic
8399,4041,10.23.2016,facebook
8400,4041,11.21.2016,adwords
8401,4041,12.16.2016,organic
8402,4051,12.3.2016,direct
8403,4051,12.18.2016,banner
8404,4051,1.1.2017,banner
8405,4061,12.16.2014,banner
8406,4061,1.4.2015,facebook
8407,4061,5.12.2015,direct
8408,4061,5.30.2015,organic
8409,4061,6.23.2015,direct
8410,4061,7.11.2015,adwords
8411,4061,8.1.2015,facebook
8412,4061,8.14.2015,adwords
8413,4061,9.11.2015,adwords
8414,4061,9.28.2015,banner
8415,4061,10.20.2015,adwords
8416,4061,12.31.2015,facebook
8417,4061,1.20.2016,facebook
8418,4061,2.13.2016,direct
8419,4061,3.4.2016,banner
8420,4061,4.22.2016,facebook
8421,4061,5.11.2016,organic
8422,4061,6.4.2016,facebook
8423,4061,7.20.2016,twitter
8424,4061,8.12.2016,facebook
8425,4061,9.8.2016,twitter
8426,4061,9.24.2016,organic
8427,4061,10.16.2016,organic
8428,4061,11.1.2016,organic
8429,4061,11.29.2016,facebook
8430,4061,12.26.2016,direct
8431,4071,12.10.2016,direct
8432,4071,12.27.2016,facebook
8433,4081,11.23.2016,adwords
8434,4081,12.2.2016,adwords
8435,4081,1.1.2017,direct
8436,4091,11.22.2016,adwords
8437,4101,6.18.2016,banner
8438,4101,7.17.2016,organic
8439,4101,7.30.2016,organic
8440,4101,8.25.2016,organic
8441,4101,9.12.2016,twitter
8442,4101,9.27.2016,adwords
8443,4101,9.27.2016,banner
8444,4101,10.13.2016,twitter
8445,4101,10.27.2016,twitter
8446,4101,10.27.2016,organic
8447,4101,10.28.2016,facebook
8448,4101,11.5.2016,organic
8449,4101,11.23.2016,facebook
8450,4111,12.25.2013,facebook
8451,4111,1.27.2014,facebook
8452,4111,3.8.2014,banner
8453,4111,4.3.2014,banner
8454,4111,6.2.2014,facebook
8455,4111,6.22.2014,direct
8456,4111,7.27.2014,organic
8457,4111,9.8.2014,facebook
8458,4111,10.8.2014,adwords
8459,4111,11.11.2014,organic
8460,4111,12.11.2014,direct
8461,4111,1.11.2015,direct
8462,4111,2.10.2015,organic
8463,4111,3.13.2015,organic
8464,4111,7.27.2015,adwords
8465,4111,8.26.2015,direct
8466,4111,9.15.2015,adwords
8467,4111,10.15.2015,organic
8468,4111,11.12.2015,twitter
8469,4111,1.3.2016,direct
8470,4111,1.27.2016,twitter
8471,4111,1.27.2016,organic
8472,4111,3.4.2016,twitter
8473,4111,4.2.2016,twitter
8474,4111,5.7.2016,facebook
8475,4111,6.7.2016,adwords
8476,4111,7.11.2016,facebook
8477,4111,8.2.2016,twitter
8478,4111,8.27.2016,organic
8479,4111,9.23.2016,direct
8480,4111,10.22.2016,organic
8481,4111,12.7.2016,direct
8482,4121,10.22.2016,facebook
8483,4121,12.2.2016,organic
8484,4131,11.12.2016,banner
8485,4131,11.27.2016,twitter
8486,4131,12.9.2016,organic
8487,4141,9.2.2016,organic
8488,4141,9.21.2016,facebook
8489,4141,9.27.2016,facebook
8490,4141,10.3.2016,organic
8491,4141,10.26.2016,facebook
8492,4141,12.14.2016,adwords
8493,4141,12.31.2016,organic
8494,4151,12.22.2013,twitter
8495,4151,1.14.2014,facebook
8496,4151,2.8.2014,facebook
8497,4151,3.9.2014,facebook
8498,4151,4.8.2014,organic
8499,4151,4.25.2014,organic
8500,4151,5.27.2014,facebook
8501,4151,7.16.2014,adwords
8502,4151,8.15.2014,adwords
8503,4151,9.1.2014,adwords
8504,4151,9.1.2014,facebook
8505,4151,11.1.2014,direct
8506,4151,11.20.2014,direct
8507,4151,12.16.2014,direct
8508,4151,2.4.2015,adwords
8509,4151,3.5.2015,adwords
8510,4151,3.31.2015,direct
8511,4151,4.28.2015,adwords
8512,4151,5.23.2015,adwords
8513,4151,6.15.2015,facebook
8514,4151,7.13.2015,direct
8515,4151,8.3.2015,direct
8516,4151,9.10.2015,direct
8517,4151,10.13.2015,twitter
8518,4151,10.21.2015,direct
8519,4151,11.20.2015,facebook
8520,4151,12.22.2015,facebook
8521,4151,12.27.2015,organic
8522,4151,1.27.2016,adwords
8523,4151,2.29.2016,organic
8524,4151,2.29.2016,adwords
8525,4151,3.30.2016,facebook
8526,4151,4.27.2016,twitter
8527,4151,4.27.2016,adwords
8528,4151,5.28.2016,direct
8529,4151,6.5.2016,twitter
8530,4151,7.5.2016,adwords
8531,4151,8.9.2016,facebook
8532,4151,8.29.2016,organic
8533,4151,9.29.2016,adwords
8534,4151,10.2.2016,organic
8535,4151,10.12.2016,organic
8536,4151,11.13.2016,twitter
8537,4151,12.5.2016,twitter
8538,4151,12.24.2016,banner
8539,4161,12.21.2013,twitter
8540,4161,3.25.2014,adwords
8541,4161,4.16.2014,facebook
8542,4161,5.4.2014,facebook
8543,4161,5.19.2014,direct
8544,4161,5.30.2014,direct
8545,4161,6.11.2014,adwords
8546,4161,7.1.2014,adwords
8547,4161,7.26.2014,direct
8548,4161,8.12.2014,organic
8549,4161,9.7.2014,adwords
8550,4161,9.29.2014,facebook
8551,4161,9.29.2014,adwords
8552,4161,10.21.2014,adwords
8553,4161,11.13.2014,banner
8554,4161,11.13.2014,banner
8555,4161,11.22.2014,facebook
8556,4161,11.22.2014,organic
8557,4161,1.4.2015,twitter
8558,4161,1.23.2015,adwords
8559,4161,2.14.2015,direct
8560,4161,3.5.2015,banner
8561,4161,3.29.2015,direct
8562,4161,4.30.2015,organic
8563,4161,4.30.2015,direct
8564,4161,5.20.2015,adwords
8565,4161,5.21.2015,adwords
8566,4161,5.21.2015,facebook
8567,4161,6.20.2015,organic
8568,4161,7.17.2015,twitter
8569,4161,7.21.2015,adwords
8570,4161,9.6.2015,direct
8571,4161,9.30.2015,banner
8572,4161,9.30.2015,organic
8573,4161,10.19.2015,direct
8574,4161,10.31.2015,facebook
8575,4161,11.9.2015,organic
8576,4161,11.29.2015,adwords
8577,4161,12.19.2015,organic
8578,4161,1.24.2016,organic
8579,4161,2.22.2016,adwords
8580,4161,3.10.2016,organic
8581,4161,3.31.2016,adwords
8582,4161,4.21.2016,facebook
8583,4161,5.8.2016,adwords
8584,4161,6.2.2016,adwords
8585,4161,6.9.2016,organic
8586,4161,7.14.2016,adwords
8587,4161,9.1.2016,facebook
8588,4161,9.15.2016,adwords
8589,4161,10.1.2016,organic
8590,4171,1.31.2016,adwords
8591,4171,2.20.2016,direct
8592,4171,3.13.2016,direct
8593,4171,3.29.2016,banner
8594,4171,5.27.2016,organic
8595,4171,6.4.2016,facebook
8596,4171,7.6.2016,organic
8597,4171,7.28.2016,adwords
8598,4171,8.15.2016,organic
8599,4171,9.5.2016,organic
8600,4171,9.24.2016,twitter
8601,4171,10.22.2016,facebook
8602,4171,11.8.2016,direct
8603,4171,11.28.2016,adwords
8604,4181,5.9.2015,banner
8605,4181,5.29.2015,direct
8606,4181,6.12.2015,adwords
8607,4181,6.12.2015,facebook
8608,4181,7.5.2015,adwords
8609,4181,8.15.2015,organic
8610,4181,9.7.2015,organic
8611,4181,9.7.2015,twitter
8612,4181,9.7.2015,twitter
8613,4181,9.30.2015,adwords
8614,4181,10.26.2015,banner
8615,4181,11.21.2015,facebook
8616,4181,12.9.2015,adwords
8617,4181,12.23.2015,facebook
8618,4181,1.12.2016,organic
8619,4181,2.21.2016,direct
8620,4181,3.23.2016,facebook
8621,4181,4.26.2016,organic
8622,4181,5.12.2016,adwords
8623,4181,5.12.2016,facebook
8624,4181,6.5.2016,adwords
8625,4181,6.25.2016,twitter
8626,4181,7.10.2016,facebook
8627,4181,7.22.2016,twitter
8628,4181,7.26.2016,direct
8629,4181,8.15.2016,twitter
8630,4181,8.15.2016,organic
8631,4181,9.14.2016,facebook
8632,4181,9.22.2016,organic
8633,4181,10.12.2016,banner
8634,4181,10.31.2016,banner
8635,4181,11.17.2016,facebook
8636,4181,12.15.2016,facebook
8637,4181,1.1.2017,banner
8638,4191,11.10.2015,facebook
8639,4191,12.16.2015,adwords
8640,4191,4.9.2016,banner
8641,4191,5.21.2016,adwords
8642,4191,5.31.2016,adwords
8643,4191,6.18.2016,organic
8644,4191,7.7.2016,direct
8645,4191,7.28.2016,twitter
8646,4191,7.28.2016,adwords
8647,4191,8.10.2016,direct
8648,4191,8.21.2016,organic
8649,4191,8.30.2016,banner
8650,4191,9.14.2016,adwords
8651,4191,10.4.2016,banner
8652,4191,10.22.2016,facebook
8653,4201,4.25.2016,facebook
8654,4201,5.9.2016,adwords
8655,4201,6.8.2016,banner
8656,4201,7.4.2016,facebook
8657,4201,7.4.2016,organic
8658,4201,7.16.2016,banner
8659,4201,7.30.2016,adwords
8660,4201,7.30.2016,organic
8661,4201,9.16.2016,organic
8662,4201,10.1.2016,twitter
8663,4201,10.19.2016,organic
8664,4201,12.13.2016,twitter
8665,4211,12.12.2013,facebook
8666,4211,12.12.2013,facebook
8667,4211,1.2.2014,twitter
8668,4211,1.6.2014,adwords
8669,4211,1.23.2014,direct
8670,4211,1.24.2014,twitter
8671,4211,1.27.2014,adwords
8672,4211,2.9.2014,direct
8673,4211,2.9.2014,adwords
8674,4211,4.17.2014,direct
8675,4211,4.26.2014,adwords
8676,4211,4.29.2014,organic
8677,4211,5.9.2014,facebook
8678,4211,5.22.2014,twitter
8679,4211,6.12.2014,facebook
8680,4211,6.17.2014,facebook
8681,4211,6.30.2014,adwords
8682,4211,7.6.2014,organic
8683,4211,7.19.2014,organic
8684,4211,7.19.2014,facebook
8685,4211,8.7.2014,facebook
8686,4211,8.20.2014,organic
8687,4211,9.1.2014,organic
8688,4211,9.21.2014,facebook
8689,4211,9.27.2014,direct
8690,4211,9.27.2014,organic
8691,4211,10.13.2014,adwords
8692,4211,10.29.2014,adwords
8693,4211,11.11.2014,adwords
8694,4211,11.21.2014,direct
8695,4211,11.21.2014,banner
8696,4211,11.21.2014,organic
8697,4211,12.6.2014,organic
8698,4211,12.16.2014,facebook
8699,4211,1.3.2015,organic
8700,4211,1.9.2015,direct
8701,4211,1.23.2015,organic
8702,4211,2.13.2015,direct
8703,4211,2.25.2015,adwords
8704,4211,3.14.2015,adwords
8705,4211,3.29.2015,banner
8706,4211,4.16.2015,banner
8707,4211,5.9.2015,facebook
8708,4211,5.26.2015,adwords
8709,4211,6.11.2015,adwords
8710,4211,6.28.2015,direct
8711,4211,7.11.2015,twitter
8712,4211,7.24.2015,organic
8713,4211,1.17.2016,direct
8714,4211,2.6.2016,organic
8715,4211,2.6.2016,organic
8716,4211,2.21.2016,twitter
8717,4211,3.10.2016,facebook
8718,4211,3.10.2016,banner
8719,4221,11.3.2016,direct
8720,4221,12.7.2016,organic
8721,4231,9.8.2015,adwords
8722,4231,10.9.2015,twitter
8723,4231,11.20.2015,direct
8724,4231,12.14.2015,facebook
8725,4231,1.16.2016,direct
8726,4231,2.11.2016,organic
8727,4231,3.14.2016,direct
8728,4231,4.21.2016,adwords
8729,4231,5.14.2016,direct
8730,4231,6.8.2016,adwords
8731,4231,7.7.2016,banner
8732,4231,8.15.2016,organic
8733,4231,9.6.2016,organic
8734,4231,9.19.2016,direct
8735,4231,10.18.2016,adwords
8736,4231,11.18.2016,direct
8737,4231,12.18.2016,adwords
8738,4241,6.26.2014,adwords
8739,4241,7.16.2014,facebook
8740,4241,8.5.2014,facebook
8741,4241,4.8.2015,twitter
8742,4241,5.15.2015,facebook
8743,4241,6.11.2015,facebook
8744,4241,7.6.2015,facebook
8745,4241,7.31.2015,banner
8746,4241,8.20.2015,direct
8747,4241,9.28.2015,twitter
8748,4241,9.30.2015,facebook
8749,4241,10.21.2015,organic
8750,4241,11.9.2015,direct
8751,4241,11.25.2015,twitter
8752,4241,12.14.2015,twitter
8753,4241,1.9.2016,organic
8754,4241,1.28.2016,adwords
8755,4241,2.15.2016,organic
8756,4241,11.27.2016,facebook
8757,4251,6.5.2016,organic
8758,4251,7.1.2016,twitter
8759,4251,7.13.2016,organic
8760,4251,9.6.2016,twitter
8761,4251,10.6.2016,facebook
8762,4251,10.28.2016,direct
8763,4251,11.9.2016,facebook
8764,4251,12.2.2016,direct
8765,4251,12.18.2016,facebook
8766,4261,8.4.2016,direct
8767,4261,8.30.2016,organic
8768,4261,9.25.2016,organic
8769,4261,10.21.2016,adwords
8770,4261,11.21.2016,direct
8771,4261,12.19.2016,direct
8772,4271,12.14.2014,adwords
8773,4271,12.28.2014,organic
8774,4271,1.24.2015,direct
8775,4281,1.4.2016,adwords
8776,4281,2.17.2016,organic
8777,4281,3.4.2016,facebook
8778,4291,12.28.2013,adwords
8779,4291,2.1.2014,adwords
8780,4291,3.2.2014,twitter
8781,4291,3.21.2014,adwords
8782,4291,4.17.2014,adwords
8783,4291,5.15.2014,adwords
8784,4291,6.12.2014,organic
8785,4291,7.13.2014,facebook
8786,4291,8.12.2014,banner
8787,4291,9.14.2014,organic
8788,4291,10.20.2014,direct
8789,4291,11.21.2014,facebook
8790,4291,12.26.2014,twitter
8791,4291,12.26.2014,adwords
8792,4291,1.26.2015,twitter
8793,4291,1.31.2015,banner
8794,4291,2.1.2015,direct
8795,4291,2.22.2015,facebook
8796,4291,3.18.2015,direct
8797,4291,5.12.2015,direct
8798,4291,6.19.2015,direct
8799,4291,7.28.2015,twitter
8800,4291,8.7.2015,facebook
8801,4291,11.14.2015,organic
8802,4291,11.14.2015,organic
8803,4291,12.21.2015,adwords
8804,4291,1.23.2016,adwords
8805,4291,2.16.2016,direct
8806,4291,3.15.2016,adwords
8807,4291,4.4.2016,direct
8808,4291,4.30.2016,facebook
8809,4291,5.31.2016,facebook
8810,4291,7.3.2016,direct
8811,4291,8.7.2016,facebook
8812,4291,9.7.2016,banner
8813,4291,10.4.2016,organic
8814,4291,12.13.2016,organic
8815,4301,3.26.2016,organic
8816,4301,4.22.2016,facebook
8817,4301,5.3.2016,direct
8818,4301,5.25.2016,organic
8819,4301,6.23.2016,banner
8820,4301,7.25.2016,direct
8821,4301,9.9.2016,adwords
8822,4301,10.8.2016,adwords
8823,4301,11.10.2016,facebook
8824,4301,12.12.2016,direct
8825,4311,12.4.2013,adwords
8826,4311,12.26.2013,facebook
8827,4311,1.13.2014,direct
8828,4311,1.21.2014,organic
8829,4311,2.7.2014,direct
8830,4311,3.2.2014,adwords
8831,4311,6.24.2014,direct
8832,4311,5.4.2015,banner
8833,4311,5.30.2015,banner
8834,4311,5.31.2015,facebook
8835,4311,6.27.2015,adwords
8836,4311,7.25.2015,organic
8837,4311,8.13.2015,organic
8838,4311,9.7.2015,direct
8839,4311,9.26.2015,banner
8840,4311,10.14.2015,facebook
8841,4311,10.20.2015,facebook
8842,4311,11.9.2015,organic
8843,4311,12.2.2015,facebook
8844,4311,12.21.2015,banner
8845,4311,1.7.2016,twitter
8846,4311,2.6.2016,adwords
8847,4311,3.8.2016,organic
8848,4311,3.24.2016,twitter
8849,4311,4.21.2016,adwords
8850,4311,5.11.2016,direct
8851,4311,6.6.2016,organic
8852,4311,7.1.2016,twitter
8853,4311,7.21.2016,direct
8854,4311,8.14.2016,adwords
8855,4311,9.4.2016,organic
8856,4311,9.17.2016,adwords
8857,4311,10.5.2016,adwords
8858,4311,10.23.2016,direct
8859,4311,11.5.2016,banner
8860,4311,11.9.2016,direct
8861,4311,11.29.2016,facebook
8862,4311,12.17.2016,organic
8863,4321,2.23.2015,direct
8864,4321,3.25.2015,facebook
8865,4321,4.14.2015,direct
8866,4321,6.29.2015,adwords
8867,4321,7.14.2015,organic
8868,4321,8.1.2015,facebook
8869,4321,8.25.2015,facebook
8870,4331,12.2.2016,banner
8871,4341,12.10.2013,organic
8872,4341,1.12.2014,facebook
8873,4341,1.17.2014,twitter
8874,4341,1.28.2014,twitter
8875,4341,2.15.2014,organic
8876,4341,2.24.2014,adwords
8877,4341,5.2.2014,facebook
8878,4341,5.19.2014,adwords
8879,4341,6.23.2014,organic
8880,4341,7.6.2014,adwords
8881,4341,7.18.2014,facebook
8882,4341,8.6.2014,organic
8883,4341,8.14.2014,organic
8884,4341,9.2.2014,facebook
8885,4341,9.20.2014,adwords
8886,4341,10.21.2014,adwords
8887,4341,10.26.2014,adwords
8888,4341,11.14.2014,adwords
8889,4341,12.7.2014,banner
8890,4341,1.17.2015,direct
8891,4341,2.6.2015,banner
8892,4341,2.25.2015,twitter
8893,4341,3.27.2015,organic
8894,4341,6.14.2015,facebook
8895,4341,7.6.2015,direct
8896,4351,9.30.2016,direct
8897,4351,10.25.2016,organic
8898,4351,11.30.2016,organic
8899,4351,12.30.2016,facebook
8900,4361,10.26.2016,adwords
8901,4361,10.26.2016,direct
8902,4361,11.22.2016,organic
8903,4361,12.24.2016,twitter
8904,4371,12.16.2016,organic
8905,4381,3.3.2016,direct
8906,4381,4.22.2016,organic
8907,4381,5.18.2016,adwords
8908,4381,6.3.2016,twitter
8909,4381,6.12.2016,direct
8910,4381,7.12.2016,banner
8911,4391,10.25.2016,facebook
8912,4391,12.5.2016,banner
8913,4391,12.5.2016,banner
8914,4391,12.10.2016,direct
8915,4391,12.28.2016,facebook
8916,4401,12.21.2016,banner
8917,4401,12.21.2016,twitter
8918,4411,2.13.2015,banner
8919,4411,3.18.2015,adwords
8920,4411,4.12.2015,direct
8921,4411,5.7.2015,organic
8922,4411,5.22.2015,organic
8923,4411,6.20.2015,direct
8924,4411,7.24.2015,banner
8925,4411,9.9.2015,direct
8926,4411,10.10.2015,twitter
8927,4411,11.9.2015,facebook
8928,4411,12.9.2015,direct
8929,4411,1.18.2016,facebook
8930,4411,2.23.2016,adwords
8931,4411,3.19.2016,banner
8932,4411,4.10.2016,direct
8933,4411,5.10.2016,facebook
8934,4411,6.12.2016,facebook
8935,4411,7.19.2016,organic
8936,4411,8.16.2016,banner
8937,4411,8.16.2016,facebook
8938,4411,9.10.2016,organic
8939,4411,10.2.2016,organic
8940,4411,11.6.2016,adwords
8941,4411,12.6.2016,direct
8942,4421,8.25.2016,facebook
8943,4421,10.7.2016,organic
8944,4421,10.25.2016,direct
8945,4421,11.4.2016,adwords
8946,4421,11.27.2016,organic
8947,4421,12.10.2016,direct
8948,4421,12.22.2016,organic
8949,4431,2.21.2015,twitter
8950,4431,3.21.2015,direct
8951,4431,3.21.2015,direct
8952,4431,4.6.2015,organic
8953,4431,4.6.2015,organic
8954,4431,4.20.2015,organic
8955,4431,5.4.2015,direct
8956,4441,12.31.2015,organic
8957,4441,2.8.2016,adwords
8958,4441,3.21.2016,banner
8959,4441,5.4.2016,banner
8960,4441,6.10.2016,banner
8961,4441,7.25.2016,banner
8962,4441,8.30.2016,facebook
8963,4441,9.15.2016,facebook
8964,4441,10.19.2016,direct
8965,4441,12.18.2016,banner
8966,4451,12.9.2013,banner
8967,4451,12.20.2013,direct
8968,4451,1.6.2014,twitter
8969,4451,1.21.2014,direct
8970,4451,3.2.2014,organic
8971,4451,3.2.2014,direct
8972,4451,3.12.2014,organic
8973,4451,4.4.2014,organic
8974,4451,4.25.2014,direct
8975,4451,5.18.2014,adwords
8976,4451,8.18.2014,facebook
8977,4451,9.8.2014,adwords
8978,4451,9.29.2014,organic
8979,4451,10.17.2014,organic
8980,4451,11.8.2014,organic
8981,4451,12.3.2014,adwords
8982,4451,12.30.2014,direct
8983,4451,1.5.2015,facebook
8984,4451,2.6.2015,facebook
8985,4451,2.16.2015,twitter
8986,4451,2.16.2015,twitter
8987,4451,3.6.2015,direct
8988,4451,3.25.2015,facebook
8989,4451,4.11.2015,direct
8990,4451,4.27.2015,facebook
8991,4451,4.27.2015,adwords
8992,4451,5.17.2015,facebook
8993,4451,6.2.2015,organic
8994,4451,6.17.2015,facebook
8995,4451,7.22.2015,facebook
8996,4451,8.9.2015,facebook
8997,4451,10.4.2015,direct
8998,4451,10.25.2015,twitter
8999,4451,11.23.2015,twitter
9000,4451,12.20.2015,twitter
9001,4451,1.11.2016,banner
9002,4451,1.25.2016,twitter
9003,4451,2.10.2016,adwords
9004,4451,3.8.2016,adwords
9005,4451,3.8.2016,direct
9006,4451,3.26.2016,adwords
9007,4451,5.10.2016,facebook
9008,4451,6.2.2016,organic
9009,4451,7.8.2016,direct
9010,4451,7.27.2016,organic
9011,4451,8.29.2016,adwords
9012,4451,9.23.2016,adwords
9013,4451,11.2.2016,adwords
9014,4461,8.25.2014,facebook
9015,4461,9.20.2014,facebook
9016,4461,10.17.2014,direct
9017,4461,11.13.2014,facebook
9018,4461,11.29.2014,twitter
9019,4461,12.27.2014,direct
9020,4461,1.7.2015,organic
9021,4461,2.4.2015,direct
9022,4461,5.14.2015,adwords
9023,4461,6.15.2015,direct
9024,4461,7.24.2015,twitter
9025,4461,8.28.2015,adwords
9026,4461,9.8.2015,adwords
9027,4461,10.8.2015,twitter
9028,4461,11.15.2015,banner
9029,4461,12.19.2015,twitter
9030,4471,12.5.2016,facebook
9031,4471,12.17.2016,direct
9032,4481,10.8.2016,organic
9033,4481,11.20.2016,adwords
9034,4491,12.8.2013,adwords
9035,4491,12.18.2013,direct
9036,4491,12.18.2013,adwords
9037,4491,1.16.2014,facebook
9038,4491,2.13.2014,direct
9039,4491,3.20.2014,organic
9040,4491,4.21.2014,direct
9041,4491,6.16.2014,direct
9042,4491,7.21.2014,facebook
9043,4491,8.25.2014,direct
9044,4491,9.24.2014,twitter
9045,4491,12.7.2014,adwords
9046,4491,12.15.2014,adwords
9047,4491,2.4.2015,adwords
9048,4491,3.5.2015,organic
9049,4491,4.2.2015,direct
9050,4491,4.29.2015,adwords
9051,4491,5.24.2015,organic
9052,4491,6.26.2015,direct
9053,4491,8.5.2015,banner
9054,4491,9.2.2015,facebook
9055,4491,10.2.2015,adwords
9056,4491,11.9.2015,adwords
9057,4491,12.17.2015,adwords
9058,4491,1.11.2016,adwords
9059,4491,1.11.2016,banner
9060,4491,2.4.2016,direct
9061,4491,3.10.2016,facebook
9062,4491,4.4.2016,twitter
9063,4491,4.4.2016,facebook
9064,4491,5.6.2016,adwords
9065,4491,6.17.2016,adwords
9066,4491,7.18.2016,facebook
9067,4491,8.14.2016,facebook
9068,4491,9.11.2016,banner
9069,4491,10.4.2016,facebook
9070,4491,10.4.2016,twitter
9071,4491,11.6.2016,organic
9072,4491,12.18.2016,organic
9073,4501,5.30.2016,organic
