shipment_id,client_id,origin,destination,distance_km,weight_tons,price_eur,date_requested
1,456,Lake Laura,Sancheztown,303.8,22.08,459.58,2023-12-16
2,310,South Johnny,Owensmouth,312.2,14.28,307.9,2024-11-30
3,437,South David,East Stacieville,566.0,9.23,512.62,2023-10-16
4,434,Brianmouth,Eatonchester,696.8,12.72,1004.86,2023-08-18
5,23,Michaelhaven,Williamsfort,174.5,16.22,305.84,2023-03-02
6,135,Markport,North Victoria,58.7,19.51,108.34,2023-02-22
7,288,Brianhaven,Lake Adriana,445.9,11.6,514.12,2023-04-24
8,463,Powellmouth,Christyport,73.7,2.81,23.16,2023-01-19
9,283,Port Zacharyville,Blakechester,415.2,1.86,58.57,2023-10-13
10,461,Lake Kimberlyshire,East Sarahfurt,412.8,4.06,119.96,2024-08-16
11,184,Simonview,East Kathleen,2336.1,24.33,3000.59,2023-09-14
12,400,New Patrickfurt,North Bradley,564.7,6.99,225.77,2023-06-02
13,384,East Robert,South Lauren,1421.7,21.99,3694.33,2023-01-10
14,500,South Amy,Veronicaborough,428.7,23.32,1104.92,2024-11-16
15,92,East Micheleview,Buchananbury,2009.7,5.25,832.05,2023-01-01
16,411,Lake Trevor,Lake Stevemouth,1854.6,8.97,1915.73,2023-12-30
17,82,Melissaview,Crystalmouth,1691.3,18.64,2123.95,2024-04-24
18,440,Lake Evelyn,Lindabury,1979.1,3.59,789.02,2024-02-14
19,180,South Timothymouth,Victorfurt,1203.2,5.79,796.22,2023-06-25
20,13,Laurieview,Port Earlbury,797.7,20.09,1056.61,2023-02-09
21,36,East Steven,North Heidi,1667.1,10.56,1223.56,2024-10-17
22,205,Robertfurt,Knightport,2418.9,7.7,1767.63,2024-01-28
23,15,East Cindy,Port Leeton,1714.8,21.25,2666.66,2023-03-05
24,493,Briggsberg,Kennedytown,332.6,24.29,504.93,2023-12-05
25,177,Davidbury,Kochfort,2459.7,1.92,433.35,2023-09-17
26,262,Chapmanfurt,Atkinsonport,1834.9,8.53,1446.76,2024-12-21
27,23,West Erik,Brittneyland,333.3,22.59,476.64,2023-07-08
28,276,North Lauratown,New Roy,1786.5,1.04,213.28,2023-03-20
29,101,Port Lindseyberg,North Thomaston,1732.8,23.57,4149.26,2024-11-27
30,170,Tonyastad,Elizabethland,942.3,2.68,243.69,2023-04-14
31,461,West Mark,New Christopherton,1576.7,16.92,1566.62,2023-02-01
32,207,Port Sandraburgh,Hollowayfort,785.8,8.42,519.97,2024-04-22
33,341,Brittneyhaven,Port Cheyenneberg,1758.2,14.31,1595.86,2023-03-25
34,316,Obrienview,Lake Kimberly,2353.9,17.26,4598.98,2023-02-20
35,156,South Catherineport,South Melissaburgh,1444.3,10.75,1682.43,2024-02-04
36,336,Patrickstad,Kellyfurt,752.9,11.32,772.16,2024-06-23
37,262,Port Tracey,Elizabethborough,839.5,11.6,947.47,2023-11-21
38,87,Hernandezberg,North Brianville,1209.3,22.63,2893.23,2023-07-06
39,318,South Davidland,Kayleemouth,1664.2,7.81,1253.86,2023-04-25
40,345,Lake Timothy,Martinezside,871.2,20.64,1844.54,2024-03-25
41,24,Sharonborough,Douglasstad,810.5,20.36,995.3,2024-07-20
42,38,Leeland,North Maureenview,649.9,12.4,882.29,2023-05-02
43,368,Port Tyler,Bowersmouth,1165.8,22.27,2344.32,2023-10-30
44,336,Port Mark,Barrettshire,1756.1,12.87,1516.05,2023-12-16
45,454,North Misty,West Robert,1734.7,22.42,4287.09,2024-11-05
46,491,Eddieberg,New Cassandra,311.1,11.2,217.12,2024-01-14
47,470,Lake Henry,Port Albertstad,1755.0,12.15,1898.16,2023-08-04
48,342,Laurenstad,Aaronfort,2128.4,11.96,2700.82,2024-07-06
49,387,East Dylan,Alyssahaven,1351.3,14.41,1406.11,2024-08-22
50,259,South Kayla,South Tamarashire,2234.0,15.7,3519.63,2024-04-03
51,82,Ambermouth,West Marvinchester,1095.5,22.76,2024.95,2024-02-29
52,127,South Mariachester,Sloanshire,1872.0,12.39,1580.52,2024-04-02
53,249,Marybury,Bakerton,2107.7,7.66,1686.14,2023-06-29
54,147,Lake Rebecca,Ralphtown,1585.5,7.59,666.97,2024-09-26
55,42,North Jeffrey,Allentown,624.5,9.06,636.59,2024-02-17
56,362,North Leahview,Smithport,389.0,6.55,251.17,2023-11-30
57,239,South Vanessaborough,Kimberlybury,574.2,10.96,460.42,2024-08-20
58,464,Castromouth,New Diana,1068.6,5.96,505.75,2024-12-19
59,451,Millerbury,Smithberg,1936.0,23.71,2357.89,2023-01-12
60,181,Garyport,Robertchester,1925.7,10.13,983.42,2024-12-24
61,428,West Connor,Kyleside,781.6,10.36,910.27,2023-06-08
62,309,North Tonyaville,East Cameronview,1076.6,18.94,1799.07,2024-06-21
63,249,Port Shannonville,Dixonfort,2249.6,12.72,1977.45,2023-05-20
64,208,Kristenstad,West Gregoryborough,121.1,9.07,107.14,2024-06-02
65,319,Jessicaland,East Dustinburgh,1824.2,21.17,4416.7,2024-02-28
66,340,South Vickie,Anthonyfurt,1358.6,22.77,2828.49,2024-02-10
67,237,Garciahaven,Lewisborough,116.4,16.43,113.79,2024-09-07
68,233,Ayalaland,Port Diane,495.2,7.24,261.42,2024-04-27
69,386,Grantmouth,Morrisstad,850.8,19.27,1254.85,2024-12-10
70,241,North Shawntown,Andrestad,2380.5,11.12,2870.63,2023-06-04
71,180,Roberttown,Michelleland,97.5,13.95,163.21,2024-05-18
72,21,New Abigailville,South Troy,599.3,2.65,185.83,2023-04-15
73,11,Davidton,Johnside,1897.9,23.79,2887.65,2024-03-04
74,59,Carterville,West Elizabethberg,1572.3,6.73,879.85,2024-09-30
75,393,Lisaberg,Matthewchester,1431.7,6.23,882.7,2024-06-24
76,368,Charlesport,Richardtown,953.8,15.54,1741.02,2023-02-27
77,56,Jackland,New Carrie,330.6,20.66,802.76,2023-08-10
78,465,West Danielview,Lucasville,1467.8,23.29,3087.11,2024-10-23
79,39,New Lauren,North Joshua,2397.5,10.52,2523.46,2023-05-22
80,357,Port Jennifershire,Rebeccaport,1500.6,20.93,2104.29,2024-10-15
81,62,Goodwinton,Samanthachester,1942.6,21.41,3827.58,2023-03-20
82,273,Josephton,North Clinton,2000.8,14.58,1542.45,2023-03-14
83,175,North Patriciaton,Pachecofurt,1099.5,9.89,928.83,2024-04-01
84,222,West Erikside,North Matthew,81.0,11.08,75.67,2024-02-25
85,363,Lake Lisafort,Lake Jean,2403.9,16.25,4219.22,2023-05-24
86,334,South Adam,Barbaraborough,424.8,5.23,192.23,2023-05-12
87,248,North Russell,Leehaven,711.7,20.4,1272.88,2024-01-18
88,166,Derekshire,Bartlettport,1188.9,20.82,2264.23,2023-08-16
89,452,New Melissa,Lake Robertfort,2136.7,20.94,2508.55,2023-07-29
90,343,South Brittanyview,New Jack,1154.5,19.01,1972.81,2023-01-02
91,94,Lake Johnton,East Julie,978.5,1.69,181.19,2024-05-12
92,144,Lake Ralphborough,Susanshire,1244.5,9.52,806.64,2024-07-21
93,6,Lake Daniel,South Danielborough,2206.8,17.83,2728.29,2023-01-03
94,209,East Jennifer,Port Miguelchester,1315.7,5.59,492.0,2023-12-14
95,331,Scottborough,East Paul,1247.0,19.2,2354.56,2023-10-22
96,151,South Tracy,Samuelview,1794.0,11.76,1080.34,2023-05-27
97,298,Fordton,Lake Stephenport,592.9,17.6,745.42,2023-01-03
98,382,Rodriguezport,West Joshua,954.1,14.28,1009.08,2023-06-08
99,157,South Kristihaven,New Shawnport,1398.5,9.44,1079.41,2023-11-28
100,62,South James,Maryfurt,665.9,3.9,164.86,2024-05-15
101,99,South Jeffrey,North Kimberly,1870.1,23.82,4379.36,2023-07-29
102,390,Cruzside,North Joseph,580.1,12.62,737.36,2024-05-16
103,100,Hannahview,Julietown,1335.4,7.79,593.34,2023-10-16
104,363,East Rachelview,Port Susan,775.8,9.66,533.28,2023-02-18
105,284,Lake Tyler,East Susanmouth,1358.6,7.58,1217.25,2024-12-24
106,386,Bradleytown,Leeville,765.7,23.66,1714.74,2024-08-19
107,241,Jenniferchester,Heatherview,1252.7,21.95,2479.78,2024-07-23
108,130,Lake Richard,Codyfort,1222.8,9.18,1319.93,2024-03-31
109,206,East Mark,Michaelbury,2355.6,12.47,3159.15,2024-04-30
110,78,Trevorchester,Lake Charlesshire,1254.8,14.85,1827.07,2024-02-18
111,128,East Robert,East Stuartside,415.5,14.51,429.67,2024-11-26
112,405,North Erinside,Higginsbury,340.2,19.35,608.54,2024-07-27
113,466,East Nathan,West Alexandershire,1565.1,19.62,2352.99,2024-07-27
114,157,West Dawnmouth,North Matthew,1134.7,21.64,2929.45,2023-11-14
115,51,North Lindaside,North Thomas,1443.1,2.45,414.4,2023-07-03
116,339,Lake Katherine,Port Tracyborough,2371.6,5.99,920.14,2023-08-04
117,81,Clayville,New Brandishire,248.9,6.76,149.14,2024-09-10
118,150,South Heatherstad,Hawkinsburgh,56.6,11.81,61.21,2023-08-04
119,441,Lake Ashleyview,East Lynn,130.0,7.91,71.77,2023-01-21
120,404,Lake Harryborough,East Kenneth,1162.4,17.5,2332.69,2023-07-01
121,102,Perezberg,North Jessicaborough,1988.6,15.15,3201.73,2023-02-17
122,466,Marychester,Lake Bryan,1091.6,14.07,1464.22,2023-10-12
123,406,South Nicholas,West Austin,700.8,4.41,167.43,2024-11-30
124,148,Rodriguezburgh,North Eric,803.6,18.97,1369.62,2023-05-17
125,207,Perezburgh,Jenniferside,1125.9,12.25,983.2,2023-03-26
126,42,Oliviaburgh,South Roger,2359.6,13.01,2596.03,2024-11-17
127,310,Ramirezview,Lake Lauren,1515.2,22.35,3434.47,2024-04-19
128,429,East Richardfurt,Hoshire,663.4,3.19,248.31,2024-10-11
129,392,North Jerry,New Timothyshire,2158.3,15.09,1675.73,2023-03-31
130,388,North April,Port David,1697.1,7.47,669.57,2024-07-07
131,143,New Micheleside,East Amberland,479.2,13.46,522.17,2024-12-06
132,252,West Joseside,Port Gregory,494.6,15.05,702.95,2023-09-21
133,165,Hornborough,Port Kristy,2424.2,12.28,2339.39,2023-11-29
134,356,New Dylanmouth,South Jenniferside,1691.8,21.59,2669.55,2024-06-26
135,390,Stevenview,Anthonytown,1263.9,16.9,1666.75,2023-03-04
136,166,Port Elizabethtown,North Marcusshire,1397.7,11.92,1199.83,2024-08-28
137,423,Lake Jamesville,Bowersside,334.0,19.54,721.45,2023-03-04
138,212,Briantown,West Lawrence,2470.9,16.78,3647.86,2024-05-17
139,256,Port Robinport,Joseland,182.8,13.44,229.92,2024-06-06
140,282,New Elizabeth,Mitchellhaven,1582.3,19.24,1955.96,2024-02-28
141,249,East Gregoryport,West Nicolaston,371.0,7.91,327.68,2024-12-08
142,123,Mcdonaldton,North Ebonybury,347.5,24.36,784.05,2024-01-29
143,209,Danaland,Jenniferview,1789.0,8.46,771.23,2023-10-21
144,237,South Nicholas,East Robertview,278.4,24.81,786.75,2024-02-16
145,478,West Mike,West Kyleburgh,2370.3,16.55,2384.23,2024-02-02
146,428,Blairside,Lake Terrychester,1805.7,13.21,1649.21,2024-09-01
147,75,South Carrie,Montgomerytown,1232.1,12.33,1245.35,2023-06-11
148,451,East Caleb,Laurieville,989.8,23.12,1958.36,2024-08-22
149,438,Kinghaven,New Rosetown,384.4,2.68,107.23,2024-11-03
150,421,Suzanneburgh,Jimenezbury,1066.6,23.42,2136.81,2023-07-23
151,297,South Jennifer,New Deborah,56.3,18.43,112.71,2024-02-05
152,276,Johnland,Lake Ricardo,2497.3,12.75,1923.22,2023-11-07
153,194,Jessicahaven,Rickeyburgh,1236.6,8.98,1148.23,2024-06-10
154,358,South Katherine,West Jennifer,1165.6,8.72,642.42,2023-01-17
155,211,Lewisport,Christopherton,635.1,10.19,711.37,2024-10-18
156,416,Carterfurt,West Sophia,156.9,18.87,294.19,2024-09-30
157,334,Michelleton,South Kristina,984.0,24.72,2565.44,2023-10-18
158,258,Matthewburgh,Jamestown,2453.0,12.89,1662.9,2024-07-14
159,433,South Nicholaschester,Michellehaven,2415.1,8.97,1235.37,2024-06-03
160,370,Port Jeremiahville,Johnhaven,1128.8,13.62,1260.46,2024-03-23
161,39,Port Toni,Jessicaberg,403.2,21.9,1041.04,2024-02-07
162,355,Lake Haleyton,Gloriaton,1200.3,24.26,2146.07,2023-12-28
163,346,Johnborough,Port Madison,1023.8,2.93,218.98,2024-10-24
164,368,Brendaville,Chandlerberg,2155.4,10.12,1574.14,2023-05-31
165,317,North Codymouth,Griffithville,2224.2,12.71,2484.08,2024-09-17
166,117,New Theresabury,Lake Erikafort,217.6,16.15,402.26,2024-02-27
167,325,South Dawn,North Nicole,1879.6,11.42,1221.17,2023-06-18
168,154,Lake Chaseland,Changmouth,1774.5,3.41,373.02,2024-10-25
169,151,South Susanchester,North Rhondaborough,2263.4,2.1,502.55,2023-10-30
170,211,Port Anthonyville,Kimberlyville,928.2,11.34,706.22,2024-09-29
171,41,Port Carla,East Haleymouth,1436.5,20.02,1780.13,2024-03-02
172,255,Bakerport,Lake Rebeccatown,1543.3,10.18,1536.82,2024-01-02
173,131,South Micheal,Denniston,2286.4,4.43,833.4,2024-11-16
174,239,Cassandraville,Danielport,1175.9,17.0,2257.38,2023-03-01
175,227,South Alyssa,Maryshire,2258.0,17.26,2379.63,2023-06-25
176,493,Leeburgh,New Carolyn,2365.8,24.7,4145.44,2023-04-19
177,102,East Shannonmouth,Robertland,1089.6,7.0,832.67,2023-04-25
178,196,Lake Julieport,New Amanda,2498.5,21.48,3084.06,2023-07-18
179,152,Port Michaeltown,Johnfurt,1451.2,14.8,2566.34,2024-08-03
180,5,Burchton,North Juliechester,103.8,20.92,168.74,2023-11-29
181,26,North Sherryton,West Peter,1436.5,17.46,2561.47,2024-08-29
182,463,Port Monicatown,Mooremouth,2281.0,18.88,4663.91,2024-11-18
183,181,Shelbyborough,East Katrinaview,751.2,20.17,1401.45,2023-02-26
184,387,Michaelchester,South Ashley,586.6,5.56,220.29,2024-11-28
185,322,Colemanside,New Jason,1816.3,16.82,3320.3,2024-01-13
186,404,Kellyton,East Kevinside,288.1,16.06,244.11,2024-02-12
187,47,Deleonmouth,Johnside,1130.0,14.91,1706.15,2023-01-04
188,103,South Brandon,Lake Nicholas,2278.6,8.84,1593.0,2024-07-26
189,272,North Curtisstad,Vazqueztown,373.8,13.95,615.33,2024-07-16
190,468,New Michealshire,Port Keithshire,1279.4,7.54,593.45,2024-04-15
191,383,Lake Wandaview,South Katelyn,2070.5,12.56,2768.39,2023-05-22
192,39,Wangshire,Kaneport,2182.5,20.3,3667.69,2024-07-02
193,371,Davishaven,Dustinstad,394.9,24.2,1053.23,2024-10-06
194,286,Walshshire,East Mark,1702.3,10.54,1959.33,2024-03-25
195,275,Andrewhaven,Ashleyborough,946.1,19.98,963.57,2023-03-21
196,135,North Jackson,West Kimberly,352.8,9.85,355.96,2023-05-17
197,56,Powellside,South Cindytown,1482.2,20.74,3560.42,2024-08-25
198,483,Mooreville,Gallaghertown,1703.3,12.32,1959.3,2024-03-09
199,33,Thompsonborough,Annabury,1425.4,22.97,2144.42,2024-05-13
200,333,West Elizabeth,Debrahaven,1606.7,12.14,1932.5,2024-02-08
201,156,Port Loriport,West Susanville,1050.3,4.35,531.07,2023-04-18
202,276,Petersonside,South Brittany,2490.0,3.79,626.96,2023-04-21
203,381,South Donna,Port Andreashire,382.4,11.89,440.73,2023-10-06
204,373,Richardland,North Anna,1756.4,13.96,2234.05,2023-10-21
205,251,Garciaberg,Port Allison,428.6,10.96,267.43,2024-09-20
206,354,Tinaville,Meganview,1558.3,23.54,2552.43,2024-03-19
207,438,East Briana,Melissaview,957.8,11.64,1299.27,2023-11-06
208,462,Port Anthonyburgh,Goodwintown,938.6,24.54,1743.93,2024-05-01
209,98,Burkefurt,North Darrylfurt,2445.7,9.61,1830.19,2023-01-06
210,47,North Christopher,Port Cheryl,2422.1,23.78,6202.87,2024-01-27
211,11,North Sierrafurt,New Deborahland,1673.8,16.4,2519.95,2024-10-01
212,403,Port Joanton,Russellburgh,173.9,9.0,186.59,2023-08-16
213,107,Port Brandi,Mayberg,1433.2,2.65,393.32,2024-11-01
214,397,Jeffreyview,Andrefort,1486.6,20.51,2021.8,2023-02-09
215,440,Georgefurt,North Jennifer,411.5,22.61,467.05,2023-12-09
216,409,Lake Richard,Powersberg,2460.9,24.7,5337.77,2023-12-15
217,8,New Laurenfort,Livingstonton,477.5,16.87,417.31,2023-09-25
218,9,Port Kimberlytown,Zunigaside,927.7,19.92,1685.72,2023-05-06
219,270,East Jamesmouth,North Sharon,476.9,2.26,109.85,2023-07-24
220,186,Michaelburgh,West Ruth,328.4,2.53,67.61,2024-12-24
221,485,South Amyland,Smithburgh,1307.4,3.62,403.56,2023-11-08
222,338,North Carrietown,Rodriguezchester,1557.0,18.45,3263.71,2024-06-10
223,32,Davidfort,Nicholasborough,1327.6,11.99,1870.07,2023-07-04
224,56,Jonesside,Kurtshire,2496.5,21.34,4253.46,2023-06-19
225,42,Port Beth,East Michelleport,1251.2,22.83,1575.19,2023-02-08
226,320,Port Codyview,Wandabury,839.2,4.56,225.14,2024-02-01
227,306,Lake John,South Thomasville,1601.0,14.16,1649.55,2023-12-17
228,51,South Joyce,Contrerasburgh,1349.9,11.89,1482.73,2024-12-21
229,450,North Alexis,Lake Christopher,1993.1,3.75,716.24,2024-12-11
230,232,North Courtney,Aprilchester,1934.0,18.3,2302.32,2024-01-17
231,205,Jessicafort,Hallchester,2225.8,10.93,2625.46,2023-05-14
232,341,Port Lynn,North Melanie,1069.2,3.28,280.11,2024-11-04
233,243,Rickymouth,New Karen,674.5,23.89,1580.4,2023-05-18
234,50,South Kristenshire,Powellville,214.5,20.96,254.14,2024-07-27
235,31,Gravesfurt,Youngfurt,1874.2,9.94,1101.16,2023-12-19
236,63,Port Laura,Kathyfurt,1486.8,14.48,1573.23,2024-02-07
237,217,North Donna,East Jeffrey,1056.5,21.97,2689.7,2024-02-24
238,308,Emilyland,Sheltonstad,2176.8,18.31,4694.7,2023-09-29
239,80,Ambermouth,Lake Josephshire,815.5,3.49,243.39,2023-01-12
240,433,New Deniseburgh,New Dominicshire,1659.0,6.38,609.4,2023-04-27
241,116,Fischerton,Joeside,1412.9,3.76,369.22,2023-11-06
242,420,East Davidton,Laurenbury,2027.7,21.28,5101.05,2023-08-13
243,312,Proctorview,Deborahport,1573.2,17.2,2407.49,2024-05-29
244,93,Meghanhaven,Lake Christopherstad,2326.3,20.91,3342.81,2024-11-16
245,180,Riverston,Davisburgh,719.5,19.3,1590.09,2023-12-17
246,206,Westfort,New Kayla,65.0,21.88,127.49,2023-07-02
247,47,North Sarah,Hillland,220.5,18.78,488.75,2024-05-25
248,175,Lake Courtneymouth,Bishopfort,1878.0,6.16,918.4,2024-04-21
249,483,Port Cindy,Wagnerberg,435.7,8.48,268.63,2023-10-26
250,81,West Zachary,South Virginia,1440.6,3.04,235.1,2024-10-12
251,227,Erintown,Schneiderbury,1898.4,2.19,231.62,2023-01-30
252,140,Lake Josephtown,Karlafurt,1671.7,12.66,1713.06,2023-10-14
253,57,Ginashire,North Emilyburgh,578.1,13.3,570.21,2023-10-23
254,342,Port Julie,Josephburgh,744.0,17.28,1080.76,2023-08-06
255,29,Murrayfurt,East Michael,805.6,6.29,602.55,2024-12-26
256,71,Jacobbury,Lake Amanda,68.8,8.23,36.68,2024-09-25
257,255,Kristinebury,New Susan,1922.2,7.95,892.42,2024-03-23
258,361,West Richardview,Lake Erinmouth,1880.2,5.22,751.94,2024-12-18
259,182,Jenniferfort,West Paul,613.8,14.41,855.86,2023-05-25
260,10,South Sophia,Port Heather,226.6,21.68,260.18,2024-03-22
261,220,Curtishaven,New Jenniferstad,1176.4,2.87,242.8,2023-09-24
262,59,Lake Tracyview,Herringside,1454.8,18.03,2078.43,2023-10-12
263,486,New Lukefort,Mallorybury,1042.3,24.19,1564.01,2023-09-09
264,46,West Courtney,Lake Patriciashire,1564.4,20.97,3752.42,2023-01-06
265,206,South Carolburgh,East Adriennemouth,1119.9,3.54,319.13,2023-02-27
266,174,West Laura,Port Michaelfurt,1333.7,10.5,1004.35,2024-03-28
267,325,West Kellyville,Mariaborough,592.9,19.7,646.45,2023-08-27
268,179,Lake Glenn,Port Robert,329.4,13.24,494.63,2023-03-25
269,76,East Laurenmouth,Brandonview,910.2,24.0,2079.21,2024-07-19
270,309,Lake Michelle,West Stephanieland,628.9,4.51,180.98,2024-10-19
271,488,Gregoryfurt,Lake Brittanyfort,424.5,19.22,450.98,2023-01-28
272,390,New Jessicaberg,Smithstad,1943.5,12.86,2569.6,2024-03-12
273,330,Port Willie,Richardberg,1469.7,17.35,2849.38,2023-04-11
274,322,Angelachester,Brownmouth,1606.5,15.99,2838.45,2024-12-27
275,324,Sparksmouth,Ramirezburgh,824.5,11.55,788.74,2024-11-02
276,260,Mccarthyhaven,Tonyaview,791.9,7.59,324.16,2023-04-18
277,189,Jessicachester,Lauramouth,231.8,12.08,147.38,2024-02-25
278,438,Gregoryberg,Susanville,2087.7,2.84,655.15,2024-09-03
279,298,Duketown,Port Adam,271.2,15.26,318.31,2023-03-06
280,231,East Lauriestad,New Deborah,1408.1,20.0,3174.18,2023-01-31
281,310,East Davidville,Mirandaland,2277.2,14.72,2117.71,2023-06-30
282,53,West Matthewton,Lake Cynthia,1215.3,4.62,305.05,2023-06-11
283,44,Lake Craig,Justinhaven,2036.9,21.1,5104.44,2024-03-07
284,225,Cruzfort,South Sylvia,1286.1,5.14,445.17,2024-02-12
285,187,South Shane,Ballport,2477.9,13.58,3118.89,2024-06-20
286,174,Hernandeztown,West Meghan,963.5,7.79,590.05,2024-05-14
287,172,West Keith,New Jefferyburgh,1713.3,2.26,364.6,2024-07-27
288,146,Lake Dennisland,East Catherine,211.5,3.27,67.42,2024-07-03
289,309,Lake Kevinland,South Joannaland,667.4,21.44,1681.44,2024-11-13
290,73,South Jose,East Jennifer,2189.5,9.0,1789.1,2024-02-08
291,340,Andrewburgh,Powellland,2296.0,8.45,1861.04,2023-12-26
292,159,Thompsonburgh,Timothymouth,1010.3,15.28,1785.49,2024-05-31
293,66,Annaview,Taylorberg,1419.4,16.44,1703.3,2023-07-22
294,351,West Douglasland,Reyesside,1691.8,20.9,3596.47,2024-11-01
295,261,South Brianburgh,Hornefort,2285.5,3.24,717.78,2023-07-07
296,110,South Graceborough,Cobbborough,936.5,9.7,568.83,2023-05-17
297,71,Port Sara,Hunterberg,887.2,19.39,1091.35,2024-12-20
298,260,Lake Robert,North Jessica,429.6,8.1,365.96,2024-03-23
299,20,Dianeshire,Lake Kevinside,1938.6,21.04,4562.47,2024-09-12
300,306,East Peggy,Denisebury,1671.7,22.03,3434.62,2024-03-03
301,395,West Angela,Josephville,973.0,4.89,514.78,2024-09-05
302,23,Mclaughlinfort,East Lindsey,1580.6,22.66,3598.93,2024-01-15
303,228,North Ashley,Michelleshire,1056.6,17.23,1212.96,2023-08-14
304,120,Carrville,South Cassandra,1546.0,19.06,3090.06,2024-09-21
305,241,Smithshire,South Chad,1358.3,8.43,1220.66,2024-10-20
306,293,Johnmouth,Higginsborough,2264.7,5.66,1249.54,2023-02-13
307,196,Devonside,East Edward,2461.9,12.08,2073.58,2024-01-16
308,103,East Laurafurt,New Jacobton,1282.1,11.05,869.07,2024-09-22
309,329,West Kathleenfort,Stonehaven,2013.1,4.32,587.02,2024-11-17
310,365,Baileyborough,Elizabethstad,1227.4,9.91,1403.68,2024-11-01
311,391,Lake Amanda,Port Maryton,2122.4,21.43,3181.74,2023-05-24
312,426,West Tiffanybury,Brewershire,442.8,11.78,448.25,2023-06-06
313,231,Danielland,Maryburgh,1121.8,23.71,1743.3,2024-10-26
314,203,North Kimberlyshire,Port Sara,2217.3,23.33,4088.85,2023-06-13
315,192,Elizabethland,Jamesview,1279.9,6.66,1019.63,2024-03-31
316,366,North Cheryl,North Barbara,600.1,8.65,295.55,2024-05-22
317,147,East Gloriafort,New Tammyberg,1642.4,19.99,1957.81,2024-01-01
318,389,Lake Edwardberg,East Ericmouth,2297.6,12.34,3067.1,2023-11-05
319,41,Goodwinberg,North Catherineland,1778.6,11.77,1054.4,2023-11-15
320,482,South Richardberg,North David,96.6,6.18,36.1,2023-04-01
321,148,South Derekmouth,Randolphborough,1831.7,13.67,1446.85,2024-07-14
322,328,North Kelly,South Omar,632.2,3.92,165.27,2024-12-19
323,464,Lake Haroldport,East Kathyport,1995.1,11.97,1379.39,2023-06-11
324,295,North Justinside,Garrettberg,1274.6,13.87,1665.99,2023-05-17
325,315,Michelleshire,Tinaberg,642.7,4.45,228.93,2024-12-17
326,343,Nicholastown,Lake Melanie,914.4,14.7,848.33,2024-04-08
327,270,Francoland,Port Sarahshire,259.8,24.39,346.85,2023-09-29
328,11,Davidshire,Colonville,1383.0,19.87,2350.48,2024-04-08
329,192,Wilsonview,South Savannah,1006.6,12.28,1168.08,2023-06-27
330,177,Amberfurt,Kathrynberg,671.4,1.39,98.17,2024-03-02
331,298,West Shellyberg,East Veronicaton,640.8,16.77,615.29,2023-06-14
332,280,West Christinafort,New Troy,1851.2,8.98,882.78,2023-11-25
333,351,New Christine,Higginsland,879.4,16.43,1562.28,2023-02-16
334,416,Atkinstown,Perezberg,1188.3,17.69,1980.63,2023-12-01
335,19,Amandaville,Luisburgh,380.4,18.19,803.02,2024-10-29
336,22,East Jacquelineport,East Briantown,768.9,2.05,100.82,2024-10-04
337,418,Rebeccafurt,Elliottmouth,823.2,8.44,541.07,2024-04-23
338,98,Orozcoport,West Scottstad,1380.4,7.08,1004.01,2023-10-14
339,336,Ronaldburgh,West Timothy,751.0,21.69,868.97,2023-10-16
340,456,Port Lisa,Hamiltonville,863.2,3.99,260.93,2023-03-24
341,174,Port Davidhaven,North Jaredchester,1030.1,11.55,1391.47,2023-02-04
342,474,North Shannon,Kathrynland,2435.6,12.91,2667.25,2024-03-06
343,218,South Zachary,New Connorstad,2003.4,7.4,826.99,2024-01-15
344,280,East Brittanyville,Janetmouth,243.4,15.46,404.76,2023-12-14
345,152,New Brad,Garciaton,769.7,3.46,194.29,2023-03-07
346,354,West Christopher,Port Monicastad,800.9,15.46,988.42,2023-12-25
347,467,Travisborough,Thompsonborough,1137.6,11.73,1346.11,2024-02-17
348,406,New Ryanstad,Seanchester,913.8,24.96,1578.78,2023-01-20
349,187,Tylerborough,New Adamborough,2372.4,2.8,628.57,2024-04-08
350,16,New Richard,Weekschester,1307.1,19.0,1519.87,2024-06-05
351,18,Kimberg,West Brendahaven,399.8,15.58,652.11,2024-11-22
352,186,Lake Melissa,North Brianview,359.3,6.66,227.72,2023-07-06
353,348,Colemanport,Courtneytown,988.0,14.61,1333.14,2023-11-10
354,40,Port Darrenmouth,Estradaville,1152.3,9.9,924.89,2024-08-09
355,333,Benjaminview,New Kayla,1456.1,13.71,1554.38,2024-12-10
356,96,Port Jenniferview,West Johnland,732.8,24.05,913.16,2024-03-04
357,135,North Jonathan,Port Brittanyfort,1272.7,10.29,1169.7,2023-09-03
358,314,Loganhaven,Fowlerland,1948.7,17.9,2268.01,2024-12-22
359,63,Garzaville,Reyesside,749.7,23.0,1455.04,2023-06-04
360,366,Curtisfurt,East Javierport,382.5,2.78,66.02,2024-08-05
361,433,Castilloview,East Mariah,1140.5,3.11,346.66,2023-02-08
362,282,Samuelborough,Brandiville,2467.1,17.03,4187.52,2024-08-15
363,365,Romanland,Frederickchester,1378.3,22.39,3382.13,2024-04-19
364,186,North Jason,New Stevenside,1788.4,17.81,1980.72,2024-10-20
365,72,North Christopher,Port Erictown,1296.5,3.91,324.78,2024-10-17
366,294,Codyside,East Mikeshire,630.0,12.86,609.76,2024-05-04
367,314,Lesterville,South Sydneyside,953.8,20.29,1714.94,2024-02-03
368,368,Sarahhaven,Port Loriland,2216.4,2.58,445.29,2024-01-27
369,422,Shannonport,East Katherine,1811.2,13.62,2561.62,2024-02-29
370,38,Alejandrabury,Comptonstad,1458.5,4.01,422.22,2023-12-17
371,450,New Geraldtown,Amberchester,1152.4,17.32,1479.32,2023-12-06
372,394,Thomasland,Port Jacob,2081.2,14.23,2699.3,2024-01-04
373,29,West Caitlinland,East Williamfort,2417.3,11.38,3129.13,2024-03-13
374,83,Laceychester,South Jessica,2086.9,13.43,1998.01,2024-06-07
375,482,Beckton,Bradleystad,840.5,18.02,1124.15,2023-11-01
376,101,West Rebeccaland,Rodriguezchester,1321.3,7.82,573.67,2023-06-28
377,156,Lambury,South Justin,1605.9,14.22,1341.88,2023-02-04
378,304,West Jennifer,Danielmouth,1555.3,3.24,478.06,2024-11-25
379,369,Whiteton,Milesport,2356.9,4.7,1064.67,2024-03-27
380,22,Reyesbury,Selenachester,2259.9,9.1,2358.3,2024-10-10
381,329,Shawnport,North Scott,2071.8,1.68,185.11,2023-01-20
382,293,Curtisberg,West Bethany,1939.0,7.35,922.89,2023-04-29
383,322,Hillside,North Wayne,1070.6,16.34,1484.55,2023-07-08
384,126,West Amanda,New Blake,1386.7,16.41,1618.99,2024-03-21
385,38,West Randall,Port Alison,2021.5,17.44,2496.77,2023-12-05
386,238,South Andrewland,West Charlesville,1737.1,4.79,658.11,2024-04-12
387,368,West Donna,Port Morgan,549.9,15.56,615.04,2024-03-31
388,205,Rodriguezborough,Corteztown,832.3,24.71,1525.51,2024-07-09
389,164,East Bradley,Manuelhaven,370.4,9.89,327.19,2023-09-23
390,73,Cooktown,West Rebecca,642.3,3.94,206.18,2023-03-15
391,316,Tylerview,New Connormouth,287.2,7.97,176.0,2023-08-05
392,417,Port Jamesport,Anthonyshire,1074.4,24.1,2930.1,2024-05-20
393,391,Brucefort,Mosleyland,852.2,14.86,910.39,2023-11-20
394,451,Lake Jonathan,New Ambertown,440.4,24.9,906.63,2024-08-22
395,259,Murrayside,North Joseph,805.9,1.56,146.04,2024-11-03
396,25,Robertville,Port Mark,1170.2,6.78,720.67,2023-12-10
397,335,Simsview,Jensenside,173.8,12.88,250.19,2023-05-24
398,56,Lake Theresa,Hortonside,1697.7,7.86,674.83,2024-04-24
399,392,Sarahfurt,Haleyland,1105.8,22.18,2475.37,2023-12-09
400,288,Briannamouth,North Davidberg,1038.0,2.09,116.24,2023-09-12
401,259,North Megan,Vangbury,526.9,14.28,414.93,2024-07-15
402,320,Smallton,Danielfort,1153.4,14.2,1765.12,2024-06-25
403,202,Vegaton,Port Caitlin,1717.0,3.85,781.72,2023-03-03
404,188,Clarkmouth,South Theresa,964.3,24.68,2119.25,2024-08-07
405,257,North Xavier,Markton,1899.7,5.78,940.33,2024-05-18
406,412,Smithtown,Lindsayport,148.6,1.93,28.67,2023-10-22
407,264,Haroldport,Lutzview,1210.7,11.97,1339.62,2024-02-16
408,202,Reynoldschester,West Kristinaview,392.5,23.35,662.59,2024-09-02
409,173,Port Krystalport,Rodneystad,2477.0,18.74,3293.26,2023-05-06
410,289,Morgantown,Pattonport,1292.9,13.23,1441.77,2024-01-16
411,345,Tamiborough,South Davidstad,784.5,20.58,1223.55,2024-08-19
412,461,Liuberg,Port Robert,318.5,11.0,250.63,2023-07-20
413,243,Brianfurt,Cassandrastad,1827.0,17.51,1659.21,2024-06-28
414,297,North Heatherchester,Port Jacob,700.5,16.73,1383.4,2023-06-27
415,88,West Herbert,Pattersonfort,1465.2,18.31,2437.22,2023-05-16
416,195,Collinsberg,Christinafurt,1334.4,18.31,2546.45,2024-06-23
417,486,North Gregoryville,West Reneehaven,412.1,17.34,373.08,2023-01-22
418,215,Amandahaven,Holdertown,1766.3,5.58,797.08,2024-09-25
419,397,North Thomashaven,Olsonfort,421.0,17.57,582.34,2024-08-13
420,373,East Nancy,New Caitlin,1548.1,12.32,2086.28,2024-03-10
421,167,Galvantown,Seanchester,202.6,4.31,56.33,2023-10-06
422,490,Melissachester,East Jessicaburgh,2495.4,12.48,2378.6,2024-09-07
423,182,New John,Petersonchester,474.3,22.89,802.99,2023-02-11
424,412,Delacruzside,South Angelaburgh,1705.9,21.82,3634.88,2023-09-26
425,127,Stacyburgh,Davidside,1748.6,15.64,1735.47,2023-10-14
426,153,New Mark,Michaelview,733.6,8.16,693.82,2024-06-23
427,251,Lake Shirleyview,Deniseport,1939.4,17.92,3416.91,2023-02-06
428,408,Morganberg,Port Nicole,826.7,9.37,893.59,2024-05-21
429,279,East Eric,Mitchellside,1818.1,7.91,1296.37,2023-03-28
430,489,Flemingland,Gonzalesfurt,980.3,24.52,2578.84,2024-04-22
431,490,East Elizabeth,South Geoffrey,1944.0,4.52,465.22,2024-08-16
432,132,Cohenland,Gomeztown,1799.6,9.31,1356.53,2023-05-29
433,139,Port Melaniefurt,Port Bobby,1881.0,6.14,1246.83,2024-05-23
434,316,North Paul,West Jennifer,2335.9,17.71,2465.96,2023-09-13
435,464,West Claudia,West Melanie,1865.2,6.74,673.25,2024-01-26
436,212,Alexanderville,Lake Moniquemouth,1351.1,16.31,1182.79,2024-11-15
437,71,Willieland,Reedburgh,859.2,12.34,1035.69,2024-01-04
438,209,Jonathanstad,Joseton,62.7,14.21,102.49,2023-08-05
439,334,Port Amanda,Haleyfort,1649.6,22.14,3042.26,2024-10-03
440,331,South Janet,North Darlenemouth,538.7,24.13,942.18,2024-04-13
441,119,East Amandahaven,Morganfurt,194.9,19.45,362.63,2023-07-07
442,468,Mcneilhaven,Port Hannah,1361.1,18.35,2886.42,2024-09-16
443,479,Victoriamouth,Rileyberg,2307.6,11.03,2765.0,2023-02-17
444,254,Garciamouth,West Nicholas,2303.1,24.93,4466.39,2024-10-12
445,149,Port Jessicaside,Pageburgh,506.5,18.98,1067.66,2023-01-29
446,55,East Marie,New Shannon,2198.0,1.22,240.69,2023-07-28
447,329,East Ashley,East Theresaside,2324.7,9.04,1719.14,2024-02-10
448,436,South Samanthaburgh,East Zachary,1381.1,12.85,2053.33,2024-01-24
449,170,Lake Belindaborough,East David,1285.3,7.55,1034.61,2024-02-04
450,96,North Jacobburgh,North Bryanhaven,448.1,12.01,366.0,2024-09-25
451,346,Hamiltonville,North Williamside,84.5,9.09,54.27,2023-10-27
452,460,Espinozaville,New Christopherport,1905.3,5.21,1091.24,2024-12-15
453,206,Patrickland,Bryanbury,1043.5,11.26,857.21,2023-05-28
454,166,Sarahbury,New Williamton,1689.7,5.43,549.06,2024-11-28
455,229,Hillside,East Leslie,2342.8,1.16,208.85,2024-09-02
456,371,Marilynville,North Jamestown,1896.7,23.9,3224.68,2023-11-14
457,121,Moontown,Lisaview,1453.5,7.28,795.4,2023-12-21
458,208,Kimland,Andrewton,202.2,3.84,55.5,2023-09-13
459,395,Comptonfurt,Adamsland,1730.9,23.15,4493.73,2023-12-05
460,152,Hendricksport,Lake Christopherbury,811.9,3.82,353.97,2023-01-11
461,245,Port Sergiomouth,South Christinashire,950.5,6.3,700.7,2023-08-08
462,213,Williamstown,Kendraborough,425.3,18.95,744.71,2023-07-28
463,411,Kelleyport,South Amanda,1769.8,22.91,4176.84,2023-11-30
464,387,Mooremouth,New Jimchester,1677.0,6.24,704.5,2024-03-16
465,271,South Allisonfort,West Anthonyshire,1509.7,19.9,2607.3,2024-03-09
466,32,West Shawn,New Shawnfurt,1774.2,2.87,455.69,2023-11-30
467,275,East Andrew,East Ryanstad,2080.5,22.67,3025.68,2023-01-19
468,60,South Alexis,New Melissashire,417.1,8.87,319.74,2023-12-20
469,461,North Kristen,Matthewmouth,1716.7,18.21,2632.75,2023-10-14
470,263,Tuckerport,Lake Juliefort,1300.4,20.41,2169.48,2023-04-02
471,345,Guzmanland,New Emilyside,1067.8,14.53,1382.64,2023-08-19
472,419,Christophershire,Casechester,2026.9,18.36,2892.13,2023-04-23
473,217,East Donald,Cookshire,57.4,6.23,19.71,2023-07-26
474,479,Brownview,Josephberg,894.1,2.53,270.52,2023-02-27
475,147,Erinstad,Basston,2240.8,24.67,4590.77,2023-03-23
476,374,Chanberg,Port Beckyberg,1051.7,19.46,2120.45,2023-09-05
477,196,Tylertown,Lake Brandonfurt,1632.4,11.09,2163.35,2024-10-17
478,42,Robertton,Jacksonberg,1148.9,23.01,2020.38,2023-06-20
479,335,Braunhaven,New Cheryl,1722.7,16.88,2551.73,2023-08-05
480,202,Adamland,Meyerhaven,2157.7,3.85,992.7,2024-11-20
481,2,Lake Jose,Allenberg,1345.7,18.47,1630.2,2023-05-22
482,369,South Shellyside,Adamland,1902.6,24.48,3838.31,2023-11-22
483,127,Sherryton,North Autumntown,1383.9,13.77,2051.13,2023-02-15
484,449,Port Steven,Port Dianemouth,1178.5,4.72,351.52,2024-04-19
485,215,Millerton,Jeremymouth,1826.3,3.71,722.71,2023-05-25
486,124,East Bradley,Joneschester,1556.6,23.47,4100.25,2023-02-11
487,307,Erintown,Scottland,554.9,3.42,99.35,2024-04-06
488,23,Annamouth,Jeremyberg,1696.5,21.93,2497.57,2024-11-12
489,443,Gutierrezside,Port Meredith,1035.6,6.62,447.05,2024-09-11
490,120,New Jonathan,Mirandachester,1951.4,4.36,1017.09,2023-09-25
491,307,New Laurahaven,South James,2048.7,18.56,2750.01,2024-10-11
492,449,East Rachelland,West Martinberg,1942.7,20.64,2669.81,2023-08-30
493,154,Walkerburgh,South Patriciaborough,401.0,16.85,442.39,2023-10-01
494,377,Samuelhaven,West Monica,724.1,14.36,950.56,2024-11-15
495,254,Morenofurt,Tiffanychester,2283.4,16.02,2922.9,2023-04-28
496,196,Westshire,Lake Wendy,164.9,9.27,145.27,2023-01-31
497,77,Sarahhaven,New Kevin,1975.2,8.65,1352.19,2024-11-23
498,124,Laurenfurt,Richardberg,784.7,5.41,372.12,2023-05-18
499,413,West Matthewmouth,Mcintoshton,2130.9,8.22,1743.37,2024-02-24
500,214,Shanemouth,Christopherfurt,1184.4,2.38,222.37,2023-11-02
501,105,New Ian,New Austinmouth,1415.4,4.22,400.19,2023-05-04
502,190,Danielfort,Jessicaville,859.1,2.9,203.01,2024-12-01
503,138,North Stephanie,South Kimberlyfurt,276.5,18.39,322.04,2024-11-21
504,38,East Markport,Flemington,974.1,15.52,797.75,2023-03-15
505,287,East Cynthia,Lovestad,511.0,19.28,992.12,2024-06-17
506,156,West Lisa,Hollyland,581.7,6.01,396.77,2024-12-15
507,493,North Patricia,East Samuel,2394.7,1.37,379.26,2024-06-14
508,469,Monicaton,East Michelleton,1866.6,18.93,3632.52,2023-09-01
509,469,Danielborough,West Tammy,644.4,15.51,642.81,2023-03-03
510,239,Scottmouth,South Justinfort,636.4,8.72,387.43,2024-05-23
511,263,Padillaberg,Larsonton,1357.4,9.62,892.0,2023-03-19
512,370,Jeanetteshire,Dawnbury,2212.9,12.18,2862.35,2024-12-23
513,190,North Alecfurt,Susanborough,1200.3,21.15,2894.12,2024-06-01
514,380,East Hannahshire,North Joshuaberg,816.7,2.1,189.49,2023-08-25
515,297,East Rosshaven,Calebside,407.5,7.26,341.5,2024-12-29
516,118,East Veronicamouth,New Michael,1814.0,8.08,934.15,2023-08-21
517,336,West Gina,Dwaynestad,980.6,21.0,1749.36,2024-08-13
518,251,North Brianfort,Lake Andrewshire,2361.5,9.1,2222.79,2023-10-29
519,87,North Amymouth,Bakerbury,2417.9,16.4,3344.45,2023-11-29
520,280,Heatherberg,Lake James,1845.3,9.45,1042.75,2024-01-08
521,329,Kristopherstad,North Aaron,1246.4,23.01,2522.36,2024-10-20
522,39,Bennettburgh,Markborough,2395.2,13.57,3534.19,2024-01-17
523,212,Marialand,Lewisfurt,2365.7,17.04,4172.39,2023-05-05
524,78,Davidfurt,West Daniel,386.9,16.14,341.94,2023-09-01
525,317,Isaiahton,Lake Stacey,72.4,13.14,72.42,2024-02-22
526,338,East Kristina,Markville,1612.4,23.41,4299.02,2024-06-29
527,7,Lake Kristinshire,Lake Pattychester,1245.2,1.16,128.0,2023-02-24
528,147,West Johnside,Dixonbury,91.0,18.33,145.96,2024-10-13
529,413,North Christopher,Wallaceberg,92.0,20.52,183.46,2023-01-11
530,269,West Peggymouth,Cookshire,2352.3,5.3,1424.54,2024-04-23
531,418,Morrisshire,North George,414.8,5.61,202.11,2024-03-08
532,492,Collinsfurt,East Stephaniebury,918.4,20.08,1024.08,2024-07-26
533,116,Port Alan,South Mitchell,1044.8,14.56,1815.07,2023-11-22
534,440,North Jonathan,Wuberg,784.9,20.87,911.48,2024-02-09
535,194,Wilsonstad,East Jennifer,1642.2,1.76,226.51,2023-01-01
536,88,East Jaimeburgh,Lake Lauraburgh,1404.1,2.35,167.16,2024-03-03
537,170,Rebeccahaven,New Ashleyfort,252.6,21.29,511.67,2023-02-22
538,271,Lake Michaelville,Rodriguezville,1436.3,21.59,1757.49,2024-07-15
539,355,Lewisstad,Andrealand,2301.9,6.51,1694.68,2024-01-26
540,39,Ashleymouth,Jacksonville,2224.5,12.41,1470.28,2024-07-21
541,337,Lake Brentmouth,South Amanda,1726.9,7.73,1174.87,2023-10-24
542,493,North Amy,Franklinberg,130.6,23.29,219.04,2024-09-19
543,421,Nolanhaven,Martinport,557.5,4.46,267.16,2024-01-30
544,124,Lake Codyhaven,East Jennifer,1025.8,2.85,179.42,2024-11-03
545,277,North Brian,New Kelly,1438.4,21.39,2996.51,2024-01-06
546,353,East Elaine,North Johnathan,862.7,19.13,986.85,2023-04-10
547,28,Tonyview,Lake David,1824.2,13.02,2807.44,2023-08-04
548,310,North Robertstad,Lake Alejandro,289.3,6.57,105.15,2024-08-05
549,397,East Barryborough,West Sharonberg,1934.1,23.92,3597.89,2023-04-09
550,231,East Jennifer,Howardberg,849.6,16.22,1444.86,2023-06-20
551,222,East Nathanborough,Port Katherinehaven,1252.0,9.54,1384.08,2024-06-24
552,396,Rogerston,Kingborough,505.1,15.06,582.72,2023-03-14
553,43,West Jenniferbury,Bryantstad,1565.6,20.15,3152.08,2023-01-03
554,79,New Amandaberg,Lake Andrewburgh,706.5,10.12,749.81,2023-11-06
555,3,South Felicialand,Evanston,1862.2,8.6,920.19,2024-04-09
556,53,New Kaitlyn,North Sherry,2360.3,11.67,2845.21,2024-10-30
557,285,Johnside,Carlfurt,374.6,5.5,167.75,2023-01-23
558,284,East Ashley,North Robert,1305.5,3.48,255.66,2023-11-01
559,198,West Richardstad,Skinnerfurt,278.0,15.35,310.28,2023-01-11
560,372,South Jesusfurt,North Ashley,80.2,10.93,91.64,2023-12-24
561,293,Coxton,Biancaview,2257.8,22.72,6077.29,2024-09-16
562,138,South Tammyfurt,Lake Kevin,1326.7,17.45,1432.23,2023-08-22
563,223,Lake Jeffrey,Cooperport,787.8,12.83,550.14,2024-08-21
564,185,Jacksonborough,Port Gary,726.1,8.19,623.14,2024-05-17
565,305,Maciasville,West Tanyaview,666.7,6.92,432.53,2023-04-15
566,4,Wademouth,Josephberg,1560.8,11.99,1113.19,2023-06-18
567,412,New Jessicaville,Hernandezbury,2374.6,8.97,1989.72,2023-03-20
568,422,Rebeccaland,Bakerborough,2162.4,11.57,2005.1,2024-07-16
569,165,Lindaberg,Staceyburgh,2155.8,24.38,3128.73,2024-03-10
570,91,Elizabethstad,East John,1527.9,17.69,2257.71,2024-11-21
571,356,Port Hannahland,Lake Maryhaven,2413.2,24.25,4119.9,2023-06-07
572,167,Johnsonview,Michellefurt,1600.6,24.23,4062.01,2024-01-23
573,59,Victormouth,Matthewsview,971.3,20.6,1550.79,2024-12-12
574,93,Staceystad,South Nathan,2333.6,5.8,1621.59,2024-07-14
575,237,Philliphaven,Riversland,1720.2,14.2,2850.86,2024-01-02
576,426,West David,West Justin,2360.3,6.03,1506.35,2023-12-01
577,210,New Martinport,Port Matthewfurt,1747.4,20.66,3815.76,2023-01-18
578,130,West Kristin,Barbarafurt,1698.8,4.34,524.93,2024-04-07
579,38,Whitebury,South Mollyview,1663.7,18.17,3181.21,2023-08-23
580,274,West Kimberly,West Hunterville,1150.2,15.35,1602.37,2023-04-17
581,279,Brianview,East Laura,1291.2,23.09,2934.26,2024-12-25
582,416,Velasquezport,Oliviaborough,140.1,24.24,336.59,2023-05-03
583,394,South Ashleybury,Pereztown,1365.4,16.32,1246.72,2024-07-11
584,314,South Shelbystad,East Sarah,658.2,16.95,687.73,2023-01-24
585,205,Jessicamouth,New Juanburgh,158.5,24.61,380.02,2023-03-03
586,55,Lisaview,South Pamela,2418.7,8.96,2291.47,2023-06-12
587,266,Greenfort,North Tylerburgh,75.8,7.21,46.86,2024-01-28
588,192,Lake Allisonmouth,East Rebecca,1417.1,17.5,1623.66,2024-11-06
589,257,Andersonchester,Flemingchester,1008.3,19.54,1796.86,2023-12-26
590,152,South Adam,Rhondaton,419.3,24.94,876.26,2023-05-27
591,482,Lisamouth,North Sarastad,1069.1,24.08,1496.36,2024-12-19
592,402,North Anthonyberg,Gatesburgh,1838.9,9.36,1273.95,2023-09-10
593,225,North Kyle,Stevenborough,556.8,12.59,584.16,2024-07-20
594,23,Johnsonport,New Heather,1818.9,11.86,1180.04,2023-04-04
595,332,Port Raymond,South Victoriaton,2035.0,3.76,837.41,2023-04-06
596,380,East Nicholasstad,Jennahaven,317.9,20.2,739.09,2023-06-04
597,287,Thompsontown,New Jessica,647.6,5.19,205.73,2024-08-25
598,323,Bowersstad,Lake Nathaniel,1094.6,12.09,1400.69,2024-10-26
599,15,Margaretborough,East Gary,501.9,16.37,659.34,2024-04-22
600,220,Perezborough,North Justin,1856.6,22.19,3356.41,2024-05-12
601,386,Vazquezbury,Jeremiahbury,1002.6,17.91,1156.49,2024-10-24
602,410,Millerstad,South Randyton,1774.2,20.1,3224.3,2023-11-25
603,235,Williamsburgh,Lawsonville,2186.3,5.49,874.03,2024-03-04
604,495,Port Melissa,Johnsontown,329.2,17.1,474.35,2024-08-16
605,301,East Randystad,New Erica,1615.8,15.33,2298.47,2024-01-17
606,89,Lake Christopher,Wadechester,329.9,9.45,255.8,2024-05-05
607,315,Amandaview,Mendozamouth,2043.7,17.94,2596.58,2024-12-17
608,123,Davidborough,Lake Toni,1495.9,17.13,1843.01,2023-12-10
609,262,Lake William,Port Catherineview,798.2,5.39,423.95,2023-04-21
610,217,Annshire,Lake Lisa,1001.7,15.31,1383.87,2023-04-30
611,331,East Jessica,Richardfurt,505.1,16.25,808.81,2024-06-16
612,148,Jasonton,Allenfort,2330.2,5.16,741.64,2023-05-23
613,28,North Melissa,New Brianfurt,393.7,8.55,274.58,2024-11-02
614,100,Hillbury,South Elizabethbury,2170.5,23.84,4342.55,2024-06-15
615,254,Kelseyside,Eddieland,2047.3,24.13,4217.92,2024-10-27
616,228,Thompsonton,Elizabethbury,1052.4,12.8,1343.17,2023-06-20
617,390,Sandovalfurt,West Jessicafort,1247.3,2.98,193.88,2024-03-19
618,148,Lucasshire,Port Grantland,590.3,1.78,69.07,2023-02-04
619,393,South Tiffanyview,North Ashleemouth,462.1,11.98,564.54,2023-10-14
620,138,Nelsonshire,New Jennifershire,1263.5,13.26,1509.37,2023-09-14
621,422,Shannonfort,Lindaton,1949.0,20.76,3062.12,2023-06-14
622,112,Port Derrickview,South Tiffany,1904.1,19.24,2963.6,2024-01-06
623,385,North Cindyfort,East Jessicaland,2475.0,3.46,925.76,2024-06-01
624,135,Charlesborough,Port Jennifer,656.5,22.0,754.74,2023-04-27
625,61,Fordshire,Sullivanshire,904.0,20.6,1503.48,2024-12-04
626,302,Lewisburgh,Henryfort,1950.3,6.69,1392.81,2024-02-11
627,220,Port Carolynburgh,South Denise,1738.4,21.67,3492.8,2023-06-29
628,106,South Susanshire,Wongchester,456.7,4.34,127.77,2024-06-08
629,306,Port Dana,Lake Gail,2023.3,14.68,2591.79,2023-10-01
630,149,Jamesland,Murphyborough,1370.0,8.77,1192.88,2024-11-30
631,461,Hunterville,North Eric,1453.2,23.86,2982.22,2023-01-24
632,403,West Meganstad,Aguirreview,1714.3,3.29,662.11,2024-03-31
633,336,Marshport,Smithton,1058.4,2.42,177.79,2023-08-08
634,365,South Tammy,Fosterport,360.9,21.79,530.64,2023-01-01
635,202,Crawfordport,Watkinsport,839.1,6.94,635.03,2024-02-28
636,213,South Lisafurt,Ronaldton,1249.2,14.86,1277.33,2024-11-18
637,394,Antoniochester,West Leroy,969.2,2.81,287.66,2023-07-19
638,480,Gonzalezshire,Proctorshire,278.1,13.37,258.32,2023-06-21
639,298,South Scott,Lake Arianastad,2199.4,11.91,2204.64,2023-11-28
640,375,Walkerborough,Lake Nathanmouth,56.1,19.58,111.26,2023-04-17
641,436,East Michealville,New Evan,2431.8,16.24,3902.26,2024-07-12
642,220,South Kevin,Port Leeport,205.2,13.83,185.17,2023-11-18
643,146,Cherylstad,Robertchester,2070.9,12.87,1934.99,2024-12-12
644,249,Teresaview,Julieport,877.5,14.87,1169.53,2023-07-12
645,24,Kristenport,South Ashleyshire,1981.3,22.46,4599.42,2024-07-04
646,64,Port Janice,Joshuamouth,294.0,19.81,478.57,2023-07-09
647,491,New Nicole,Bakerhaven,2327.1,4.79,913.55,2023-08-10
648,452,East Jeffrey,Vincentberg,1098.1,24.9,3107.73,2024-08-12
649,141,Cummingsborough,Coryburgh,1642.5,4.82,912.74,2024-04-15
650,341,Port Ashleyberg,Lake Glennfort,278.7,9.65,149.99,2023-03-22
651,157,South Markhaven,Jameschester,2264.3,4.97,874.9,2024-08-14
652,47,Thomasshire,Port Kimberly,1828.7,19.13,2800.26,2023-10-15
653,68,North Brad,Ashleyport,1774.1,1.03,152.36,2023-01-29
654,5,East Jenniferbury,Port Anthonystad,1504.5,13.47,1644.65,2023-10-24
655,217,Port Danny,Cookfurt,1754.2,20.61,4308.51,2023-03-24
656,46,Allisonfurt,West Brandi,1750.4,12.46,1440.03,2024-11-02
657,452,Maynardside,Arellanoland,1840.4,3.46,458.06,2024-05-02
658,448,North Jose,Angelaborough,783.2,10.19,853.43,2024-12-17
659,272,Randybury,North Jeffreyside,376.2,24.83,560.46,2023-07-21
660,180,Brandonborough,Pamelaborough,1430.1,15.65,1376.17,2024-03-03
661,211,Mooreberg,Port Johnport,1820.0,16.07,1772.28,2024-10-05
662,460,Isaacchester,Lake Daniel,1559.4,11.62,1181.57,2023-12-22
663,197,Lake Shannon,Gordonfurt,296.1,19.06,515.1,2023-08-22
664,127,North Andreamouth,New Michelle,911.3,11.31,1086.08,2024-08-29
665,308,East Olivialand,Kimport,728.6,3.02,195.26,2023-10-24
666,14,Bakerton,Jaredmouth,1816.9,7.84,1650.79,2023-02-20
667,266,East Amanda,Staceyburgh,2127.3,16.8,2541.57,2023-02-15
668,331,Robertmouth,South Karen,1537.0,5.53,658.06,2023-05-06
669,254,East James,New Laura,183.7,22.55,483.95,2024-07-20
670,37,North Dennis,Berryville,995.4,6.79,639.82,2023-01-08
671,479,North Jerry,East Jon,1344.3,24.46,3915.6,2023-06-17
672,216,Jonesville,Loganstad,825.4,10.28,922.57,2023-12-30
673,489,South Melissaberg,Lynchstad,945.3,17.39,1699.62,2024-12-25
674,8,Johnton,West Darlene,2469.0,2.75,618.65,2024-08-06
675,405,North Shellyburgh,Lake Bonnie,692.4,1.96,73.6,2023-06-13
676,393,Lisaburgh,North Jay,1025.0,7.88,806.76,2024-08-20
677,275,North David,Stephenshire,1067.8,17.84,1062.39,2024-07-10
678,41,North Shawnburgh,Lake Laura,1367.3,4.66,355.87,2024-09-20
679,275,West Brianchester,Donnaside,1302.7,5.88,816.27,2023-08-16
680,333,Port Samanthafort,Mallorychester,850.5,15.07,1325.61,2023-12-26
681,374,West Brendan,Daniellebury,1718.6,2.59,440.25,2023-03-24
682,474,Moorefort,West William,2385.9,6.73,1077.65,2024-02-21
683,159,East Ericton,Paulside,1114.5,11.88,1226.29,2024-12-24
684,7,Robinberg,South John,1681.9,16.79,1759.16,2023-08-07
685,488,Berryland,North David,1784.4,17.84,1956.76,2023-05-26
686,133,North Alyssahaven,East Heidiside,899.4,13.41,1297.46,2023-03-08
687,138,Lake Sabrinaland,Wyattfort,459.1,4.05,194.63,2023-11-20
688,172,Port Crystalbury,West Dale,1845.7,3.83,798.75,2023-08-15
689,365,Heatherburgh,Jillville,2027.4,7.53,831.57,2024-04-26
690,262,East Gregoryfort,Goodmanbury,2438.9,16.06,3318.78,2024-01-19
691,189,Whitetown,Mercedesberg,932.3,12.99,1086.1,2023-06-21
692,346,South Gregorymouth,Brittanyfurt,435.4,19.56,958.94,2023-04-23
693,23,East Jody,Lake Amberborough,1820.8,6.48,1010.19,2024-10-22
694,187,Kellymouth,West Waynehaven,2153.8,1.29,147.86,2023-06-07
695,440,Alexandermouth,Port Gabrielstad,988.3,4.6,523.63,2024-01-23
696,336,Cannonstad,New Katiemouth,136.6,20.27,276.84,2024-04-21
697,369,Crawfordburgh,Simmonsborough,1077.5,8.72,743.56,2023-05-28
698,62,Robertview,South Samantha,833.8,20.82,1562.5,2023-05-05
699,412,Lauraburgh,Ashleytown,1280.0,22.65,1813.57,2024-01-04
700,450,South Michaelland,Port Cassandra,1313.6,2.1,215.35,2023-11-21
701,168,Ashleyburgh,New Justin,1189.5,7.78,1010.01,2023-01-22
702,150,Sandrachester,North Edward,261.6,11.96,237.23,2023-02-25
703,238,Katherineshire,Hallbury,1431.3,8.29,1110.49,2023-09-04
704,398,Lake Ricky,Elizabethburgh,952.3,24.32,2775.6,2023-12-26
705,126,Bennettmouth,Cindytown,528.8,22.61,1234.28,2023-02-03
706,278,Coltonborough,East Dianaton,418.9,23.38,506.09,2024-05-17
707,487,Audreybury,North Lori,898.7,21.15,2117.51,2023-02-03
708,378,Port Edwin,Port Charles,870.8,19.21,1277.01,2023-03-07
709,122,Williamville,Amandachester,1831.7,3.49,556.72,2024-08-04
710,73,Nicholsfurt,Patriciaville,1078.5,24.07,3065.28,2024-02-27
711,460,New Markside,South Kyleport,1793.5,3.23,663.24,2024-08-16
712,235,Port Mary,North Lauraburgh,2121.5,10.91,2608.28,2024-08-05
713,69,Ramoshaven,Sanchezmouth,2437.7,3.04,420.11,2024-03-18
714,32,Kimberlyfurt,Campbellfurt,1611.2,10.46,1540.93,2024-02-09
715,134,Kimberlyville,Ramseyborough,1115.7,24.14,1793.04,2024-08-04
716,426,North Cheryl,Stokesburgh,2134.7,23.23,3843.49,2023-08-19
717,39,East Andre,North Justinview,1851.6,8.63,1103.16,2023-02-28
718,56,Port Teresa,Jessicahaven,2361.7,4.27,1047.88,2024-02-18
719,209,North Thomasmouth,Port Kathleen,430.8,4.94,175.84,2024-12-13
720,232,Barbarahaven,Lake Eugeneborough,345.8,9.6,344.99,2024-04-01
721,81,North Jeffreychester,Ortizburgh,805.4,7.36,346.14,2023-03-28
722,309,North Adamborough,New Matthew,2028.6,8.3,1672.45,2024-07-02
723,47,Lopezville,West Crystalmouth,148.8,21.06,228.59,2024-02-27
724,26,West John,New Jennifer,1792.3,24.24,3377.32,2024-09-20
725,16,Angelaburgh,Kirbyburgh,1709.1,7.24,1476.79,2024-12-27
726,282,North Shannonside,Martinmouth,2382.6,21.51,4556.96,2024-05-27
727,72,Mahoneybury,Port Angela,662.1,12.09,850.69,2024-08-10
728,114,Port Walter,Nunezborough,347.6,2.48,90.23,2024-11-21
729,323,Russellland,Cynthiaside,370.3,20.77,584.96,2023-06-16
730,470,Thompsonmouth,East Ryanport,2347.1,3.02,645.23,2024-12-10
731,463,North Teresaborough,Lake William,2041.2,1.52,169.13,2024-08-26
732,434,East Jennifer,North Emily,1632.7,20.42,1881.64,2023-05-02
733,237,West Rachael,Mclaughlinland,2081.9,8.96,988.44,2024-10-21
734,371,Nguyentown,Cisnerosfort,174.1,23.18,324.15,2024-02-15
735,89,Daviston,Camposstad,1017.7,1.71,170.24,2024-01-18
736,229,North Cynthia,Port Destinyview,917.2,22.8,1448.14,2024-10-03
737,126,New Davidmouth,Wilsonhaven,2214.4,1.83,378.26,2023-07-12
738,246,West Tarachester,New Heather,1635.8,12.97,2371.87,2024-06-23
739,103,Thompsontown,Lake Peter,199.4,7.71,91.64,2023-09-29
740,411,Fergusonburgh,Baileyville,1624.5,20.13,2205.38,2023-10-14
741,366,Shaneport,West Mark,1382.0,1.47,155.97,2023-04-18
742,468,Emilytown,Rojasberg,929.8,14.07,1097.96,2024-04-12
743,14,South Josephfort,Port Christina,1435.8,8.72,863.02,2024-03-25
744,399,Bryanmouth,Washingtonside,831.3,6.26,586.5,2023-11-25
745,184,Parkerfort,Angieshire,738.3,20.41,1250.97,2023-01-03
746,52,Hillhaven,Port Charlene,1928.8,24.99,5696.29,2023-08-09
747,406,Danielmouth,West Mary,657.2,6.79,389.83,2024-01-27
748,113,Jamieshire,South Kellyshire,2297.3,2.34,643.72,2024-02-08
749,479,West Kellytown,Lake Danielle,1460.4,24.58,2770.85,2024-02-19
750,304,Liumouth,North Mary,2106.1,21.29,2794.67,2024-09-18
751,303,South Donald,Williamsfurt,829.1,18.71,1165.22,2023-01-25
752,289,North Maryburgh,Amandaview,119.1,17.81,246.75,2023-08-14
753,415,Port Jeffreyside,Port Elizabeth,398.2,23.76,1027.19,2023-10-06
754,252,Timothyside,New Brooke,2210.0,12.81,2027.96,2023-02-01
755,11,Marthaville,Robertbury,143.0,2.35,30.96,2024-01-03
756,104,South Kristina,North Aaronton,1339.8,1.02,156.14,2023-01-12
757,411,Jenniferfurt,New Pamelastad,2025.8,9.18,1160.86,2024-06-11
758,301,North Rhonda,Paulville,2118.5,8.77,957.46,2024-05-16
759,270,Katrinaborough,Irwinport,1776.5,4.4,451.52,2024-03-09
760,483,Hudsonhaven,Sloantown,2158.6,24.05,3953.35,2023-12-02
761,166,New Thomaschester,North Danielborough,1672.2,15.06,1852.47,2024-05-22
762,406,Pamelaville,East Josephport,384.3,4.78,213.84,2023-11-29
763,363,Davidton,Webbmouth,1616.2,12.69,1480.99,2023-08-24
764,403,Cardenasstad,West Shelby,2423.4,17.65,4919.72,2023-11-24
765,194,Port Kimberly,West Reneechester,924.2,16.97,1678.34,2023-10-21
766,374,Taylorchester,East Sheila,801.7,17.52,827.5,2024-11-08
767,436,New Alanbury,Lake Deborah,54.4,17.85,87.49,2023-05-21
768,309,Mcguireview,Parkerfurt,2486.0,24.16,3139.24,2023-08-18
769,328,Gailmouth,Carlachester,829.6,20.41,1571.25,2023-08-24
770,382,North Melanie,New Jeffrey,1435.6,23.48,2017.25,2023-09-11
771,326,Rivasberg,Masonstad,240.6,9.32,162.27,2023-01-05
772,328,East Jacquelineton,Lake Johnberg,2219.0,3.13,691.96,2023-06-19
773,108,North Sarah,Lake Kimberlybury,1836.8,9.06,845.35,2024-05-26
774,56,Lake Tara,Mooreview,661.4,2.63,118.23,2024-12-18
775,215,New Michael,Jennifermouth,1815.0,2.16,316.28,2024-02-21
776,194,Georgeshire,Georgestad,2424.3,22.23,4554.74,2024-03-06
777,404,Craigville,Tracyland,910.5,10.01,984.47,2023-04-19
778,84,North Matthewton,West Kyleland,2166.9,16.62,3533.01,2023-12-15
779,11,Gibsonview,Hallstad,1155.7,20.18,1220.65,2023-07-20
780,88,West Kelsey,Samuelhaven,830.9,23.84,1093.32,2024-05-11
781,483,Danielmouth,West Beverlyshire,2225.4,4.86,597.56,2024-07-22
782,315,West Keith,North Mathew,2250.4,3.23,665.69,2023-12-23
783,335,East Jameshaven,South Christopher,2238.4,17.91,3214.9,2024-01-15
784,52,Lake Jameshaven,South Sharon,454.2,22.35,619.21,2024-09-03
785,284,Hunterburgh,West Laurafort,861.2,24.39,1652.01,2024-02-03
786,145,Gonzalezport,Whiteland,1819.0,18.52,2309.93,2024-02-26
787,282,North Sean,Rickyborough,778.6,3.3,199.14,2023-09-01
788,219,Jessicafort,North Williamville,2107.6,4.69,743.9,2024-12-20
789,246,Jenningsborough,Joshuafurt,264.7,20.77,515.46,2023-10-04
790,150,Lake Timothyfurt,New Lisa,539.2,1.62,54.12,2024-01-21
791,402,West Jeffreyfurt,New Cassandra,2443.8,12.37,1755.92,2024-04-02
792,47,Sotochester,Teresamouth,1023.8,12.74,1255.71,2023-07-19
793,196,Lake Benjaminton,Timothyshire,1622.6,10.3,1269.69,2023-02-10
794,239,Port Sarah,Frankland,955.0,11.7,764.61,2023-01-14
795,78,Alvaradoport,Georgeport,695.3,21.09,1312.38,2024-02-24
796,177,Jillhaven,Christinemouth,1893.0,17.02,1804.24,2023-10-30
797,117,Samuelside,Madisonfort,2030.0,10.94,2286.38,2024-03-28
798,215,Karenberg,Port Brittanyburgh,1406.3,21.18,3195.63,2023-09-13
799,294,South Juliemouth,Port Devinhaven,2415.8,17.49,4882.06,2023-04-22
800,463,Lake Charlene,Roachmouth,2210.1,12.43,1525.41,2024-02-24
801,265,Karenhaven,Ruthview,2142.2,1.83,352.76,2023-01-12
802,62,Lisaview,South Tyler,2011.1,17.26,3242.73,2024-12-19
803,86,New Wanda,North Ianborough,2375.7,11.78,3258.5,2024-11-09
804,217,East Allisonmouth,Sweeneyville,2431.8,20.4,2918.63,2024-05-10
805,422,New Johnfort,West Sierramouth,242.0,17.4,270.06,2024-08-25
806,467,Port Andrewshire,Port Daniel,1586.7,21.02,2269.7,2024-03-23
807,285,West Leslieside,Middletonshire,1831.4,20.38,2093.57,2023-12-30
808,235,Port Kristina,Lake Mariamouth,1023.5,8.83,626.61,2023-06-11
809,301,Port Jennifertown,Jamesfurt,2297.0,1.3,295.71,2024-08-01
810,76,North Barbarashire,North Johnside,1330.3,11.07,1163.55,2023-01-16
811,52,Parkermouth,Davidchester,1438.2,14.98,2532.27,2023-04-08
812,147,Lake Amandaside,Port Wayneville,2316.1,14.5,1916.59,2023-02-02
813,136,Markberg,Jasonmouth,2175.3,22.12,5362.83,2023-02-03
814,20,Jonesmouth,Harrisfurt,988.5,12.65,1158.26,2023-06-10
815,349,Millerstad,Carrollborough,471.9,10.67,469.67,2023-04-19
816,170,Port Christine,Lake Matthewmouth,1749.5,1.93,379.08,2023-10-02
817,138,Davisport,Wadeland,1741.8,2.18,316.17,2024-11-09
818,156,Michellefurt,New Tony,2247.7,1.49,359.08,2024-05-20
819,351,Michaelville,South Kellyfurt,811.8,21.23,1897.11,2023-05-25
820,499,Lake Dennishaven,South Todd,290.6,21.85,377.21,2024-06-11
821,374,Port Ericchester,Ortizmouth,1872.1,19.58,2656.1,2023-12-21
822,109,West Gregory,South Lindsayview,1071.1,16.49,1115.48,2024-12-11
823,265,Jonesville,Haleymouth,2287.9,10.77,2067.65,2023-02-23
824,82,West Amanda,Robertview,2174.6,20.7,3874.32,2024-05-07
825,400,Tabithaton,Lake Ann,210.8,18.03,297.36,2023-02-03
826,99,South Tina,West Douglaschester,2135.7,22.1,2455.59,2023-01-01
827,17,Taylorhaven,West Cynthiaview,2194.2,5.82,690.03,2023-06-11
828,141,New Karibury,Lauratown,1168.3,23.03,2672.42,2023-12-19
829,473,Andrewston,Simpsonview,952.5,12.14,899.47,2024-03-22
830,305,New Glennhaven,Sheenahaven,353.5,1.73,46.52,2024-06-23
831,283,Monicastad,Port Jasminemouth,1143.0,24.05,2287.67,2023-12-19
832,384,Taylorfort,South Josephborough,906.9,4.92,502.48,2024-02-22
833,26,Shafferside,Port Danielfurt,2085.6,3.17,343.27,2023-01-17
834,439,Kimberlyton,West Stacey,449.1,14.73,777.58,2024-10-13
835,334,New Trevorside,Ramosstad,592.3,6.4,244.39,2024-04-03
836,393,Lake Jim,Campbellfort,1053.3,1.48,163.09,2024-02-02
837,89,Port Johnbury,New Alexanderville,1721.4,12.38,1262.93,2023-12-16
838,413,New Margaret,Costaburgh,1522.8,1.2,123.65,2023-09-29
839,141,South Dean,Kristinton,2360.4,18.11,4259.97,2024-02-28
840,130,Carlosburgh,North Cheryl,1088.3,10.04,813.04,2024-12-18
841,320,Shannonberg,West Katherineland,584.6,8.25,416.92,2024-07-16
842,340,Lake Hannahshire,Coryborough,1023.0,3.46,303.72,2023-01-16
843,305,Nathanbury,North Christineport,2417.9,21.15,4566.78,2023-05-04
844,33,East Karen,Johnsonside,1542.2,8.16,724.45,2023-03-18
845,142,Lake Peter,Michelleshire,873.9,7.64,485.79,2024-01-04
846,153,East Gregory,South Meganberg,689.8,18.07,1401.86,2023-11-13
847,30,Alexisborough,South Cory,511.5,13.42,458.68,2023-05-25
848,339,North Jamesfurt,Garciafurt,2023.3,20.26,3771.36,2024-02-19
849,255,South Alexanderside,Westburgh,833.0,4.36,188.07,2023-06-17
850,199,Port Austin,Kimberlybury,2493.8,7.23,1429.79,2023-02-13
851,418,Griffithland,Jamesside,1855.0,14.99,3326.56,2023-10-31
852,274,North Matthewfort,Anthonyville,515.3,18.44,623.01,2024-03-29
853,184,East Matthew,North Laurenborough,1613.9,12.42,2322.11,2024-01-20
854,449,Daviston,Jacksonland,1292.9,21.29,2996.04,2024-04-22
855,380,New Lisa,Lake Williamland,1417.7,8.05,946.72,2023-03-26
856,94,Simpsonburgh,North Lindaview,683.7,20.4,1442.23,2024-05-23
857,114,Juliaville,Rodriguezburgh,2370.0,22.59,5129.53,2023-09-03
858,404,South Marymouth,Kirkchester,920.4,18.86,1241.08,2024-02-29
859,238,Port Jeremiah,Kellyberg,2222.8,9.92,2006.34,2023-02-11
860,299,Douglasfurt,East Matthewborough,2135.5,12.29,2903.98,2023-05-23
861,100,Karinaberg,New Josephmouth,1471.8,15.9,1943.63,2024-12-08
862,153,Warefurt,East Emilychester,1276.2,21.82,2136.31,2024-09-11
863,103,Lesliebury,South Robert,1062.1,21.9,1408.5,2024-05-13
864,235,Morrisonport,Lake Dennisstad,889.5,24.69,2470.68,2024-05-21
865,42,Breannastad,South Benjaminville,400.9,21.7,544.81,2024-10-04
866,325,West Stephanieside,East Lindaside,1244.6,16.14,1253.03,2023-03-24
867,397,Holderport,Scottside,192.1,11.85,147.18,2024-11-15
868,391,Martinezmouth,Kiddtown,463.1,19.35,755.15,2023-11-29
869,220,Larryview,New Karamouth,1960.4,4.11,647.48,2024-01-24
870,20,New Danielton,Cartershire,1038.3,24.17,1928.16,2024-09-29
871,457,South Kevinton,Duncanhaven,1357.8,18.54,2932.85,2023-04-12
872,347,South Cathy,Port James,839.4,21.0,1116.53,2024-12-25
873,450,West Amber,Nelsonton,60.1,18.61,73.64,2023-09-11
874,302,North Jeffrey,Floreschester,893.7,4.09,280.9,2024-01-27
875,486,Lake Melissa,North Whitney,800.0,2.57,109.38,2023-05-26
876,173,Parksberg,West Raventown,762.5,18.47,1292.09,2023-06-04
877,462,Port Jeffery,North Andrewhaven,1112.5,17.48,1154.45,2024-11-13
878,465,Port Kelly,Chavezshire,1250.9,19.0,1462.67,2023-10-20
879,373,North Zacharyshire,North Johnnyfurt,2299.6,10.68,1620.68,2023-03-28
880,259,North Bethanyland,Bradleyberg,2463.0,6.07,770.45,2024-09-12
881,20,East Gina,South Judy,464.0,9.8,434.43,2024-09-29
882,320,Singhton,Smithmouth,969.2,16.37,1649.84,2024-03-28
883,335,Port Michelleside,Castilloview,169.0,24.87,404.91,2023-08-22
884,228,North Brent,Gabriellebury,2098.5,2.16,263.38,2023-10-29
885,79,North Jenniferbury,Millerville,981.6,14.13,1154.09,2023-12-04
886,216,West Christopherside,Heathermouth,553.5,17.46,489.5,2024-02-11
887,311,Port Ashley,Edwardtown,1671.1,16.9,1945.8,2024-01-25
888,262,Lindatown,West Jamesbury,1766.8,11.05,2204.23,2023-05-27
889,55,Jenkinsmouth,Nicholasshire,1811.0,3.83,402.16,2023-08-04
890,426,Justinview,Reynoldsberg,1269.5,15.62,2071.34,2024-04-16
891,152,North Brianberg,Nicoletown,1331.7,5.84,771.81,2024-07-10
892,353,Lake Kayla,Lake Williamberg,442.9,14.16,713.22,2024-09-21
893,344,New Sean,Tammyberg,2336.2,8.93,1047.11,2024-05-21
894,253,Taylorhaven,Vincentland,268.1,3.65,88.26,2024-11-22
895,371,Haleyberg,Perezstad,415.4,3.16,112.65,2024-01-21
896,234,South Larry,West Wendy,1822.8,22.71,3936.89,2024-05-09
897,52,West Christopherville,New Jacqueline,2472.2,8.1,1652.04,2023-01-14
898,185,Lake Robertland,Port Crystal,2042.3,21.98,4922.49,2023-03-25
899,49,Anneport,Wilsonton,2013.9,8.5,1740.88,2023-09-12
900,71,Guzmanbury,West Ronaldtown,2135.6,22.37,2421.01,2023-02-17
901,225,East Annahaven,South Christopher,1675.2,5.09,639.74,2023-02-11
902,191,East Tonya,New Jessica,2390.0,7.44,1801.54,2023-03-11
903,493,Jonesland,North Diana,2046.7,5.39,861.07,2024-12-19
904,245,Alexanderchester,Waltonbury,1168.5,21.06,2418.86,2023-07-25
905,58,Larryton,Dianaberg,2009.8,16.57,3522.85,2024-09-24
906,433,Huertaport,Bryantown,374.7,18.43,819.78,2023-12-08
907,411,West Joelstad,Ballborough,440.5,10.98,441.84,2023-03-25
908,399,Travisberg,Jimmyside,1443.9,11.52,1543.49,2024-07-22
909,430,South Yvetteside,East Shelby,928.6,1.69,153.66,2023-11-24
910,250,Lake Erinmouth,South Shawn,1831.8,22.4,3439.15,2024-08-10
911,134,Boonefurt,Sarahfurt,326.7,10.87,188.99,2023-01-03
912,269,West Tonya,Hensonchester,1654.7,1.3,238.31,2023-04-29
913,490,Dixonview,Thomasland,1930.4,14.84,2565.38,2024-10-24
914,359,New Brian,West Alexis,1691.1,9.12,1335.88,2024-05-29
915,247,Port Williamhaven,Holderberg,1564.7,11.39,1797.62,2023-11-17
916,430,West Michelle,West Brian,897.1,17.23,1189.29,2023-04-08
917,6,Kochfurt,North Edward,2074.8,22.41,4319.69,2024-07-17
918,437,Bridgesstad,West Jonathan,1626.3,4.77,848.81,2023-09-19
919,165,North Tara,Laurieland,1264.8,4.97,644.95,2024-09-02
920,115,North Ellenfort,New Andrea,640.2,24.28,831.99,2024-08-18
921,41,South John,Hallbury,1398.7,10.09,1512.86,2024-02-17
922,439,Vincenthaven,Lake Calvin,1174.8,20.23,1933.78,2023-09-20
923,382,Brendachester,South Richardtown,1271.2,8.59,1295.58,2024-02-06
924,286,Port Craigton,North Eugene,1650.8,3.46,450.45,2023-09-27
925,494,Larryview,Port Jessicabury,1395.3,20.82,3062.61,2024-11-13
926,106,North Jeanetteton,Cherylhaven,1566.7,8.31,1114.24,2024-11-01
927,423,Port Sonyafort,North Jennifer,1653.8,11.95,1459.68,2023-11-26
928,287,Brownton,East Bryan,183.0,6.35,95.07,2024-05-13
929,187,North Brooke,North Christopherview,1930.2,15.4,2977.44,2024-06-26
930,114,East Kennethfort,East Danielfort,1804.0,3.74,695.97,2023-01-26
931,410,New Lynnside,Williamsville,55.4,9.52,49.76,2024-08-03
932,24,Hensonberg,Gabrielaton,765.4,13.53,1026.75,2024-11-18
933,381,Coreyport,Underwoodmouth,2247.3,12.82,3097.94,2024-07-14
934,97,Samanthaville,East Susanmouth,1817.8,3.57,601.97,2024-11-04
935,423,Alyssaville,South Sandraside,345.8,21.45,482.81,2023-06-23
936,213,Millstown,Taylormouth,1964.5,18.2,2057.41,2024-02-15
937,64,Lake Jeremyville,Rodrigueztown,163.9,16.2,257.69,2024-04-10
938,490,Port Christinaberg,East Erica,1941.8,11.81,2203.64,2024-03-05
939,377,Kingfort,New Jamesmouth,1285.3,24.13,1560.13,2024-11-13
940,248,North Seth,Castroville,169.0,23.45,430.85,2024-10-12
941,355,East Laurenside,Lake Jenniferside,2314.7,19.75,5198.41,2024-11-29
942,199,Stevenhaven,North Geoffreyview,1467.5,18.53,1604.01,2023-10-12
943,452,Jamesberg,South Tamara,1660.9,15.55,1873.21,2024-06-03
944,391,South Brendafurt,Arnoldmouth,992.4,24.51,2775.67,2023-05-07
945,151,Estradatown,Owenstad,658.2,10.55,513.86,2023-07-21
946,359,Harveyville,New Melissa,1159.5,4.2,384.2,2023-02-21
947,281,Heidiberg,West Brianville,2221.8,13.3,3221.39,2024-12-11
948,324,Klineberg,Jonesfort,2158.7,18.08,4507.33,2024-10-13
949,352,East Jameston,Patriciaburgh,582.5,6.03,351.27,2024-12-21
950,333,Lake Kaitlin,New Amandabury,896.0,17.14,1822.83,2023-08-08
951,327,West Amber,Wesleybury,2439.2,5.27,1130.87,2024-03-24
952,246,West Robertachester,Port Alexisbury,839.8,3.77,236.37,2023-01-19
953,346,North Micheal,South Thomasstad,1477.9,23.62,3480.63,2023-02-06
954,434,Wolfefurt,East Elizabeth,1882.3,21.19,2792.61,2024-08-16
955,196,Jesseside,North Aarontown,1084.8,1.31,81.65,2024-12-27
956,385,Port Joshuafort,Greenberg,406.1,17.09,444.13,2024-09-29
957,75,Foleyville,Thomasside,1974.6,24.6,4752.46,2024-01-17
958,386,Julieville,New Kaylee,2106.5,17.57,2615.21,2023-09-19
959,316,Velezmouth,East Jimstad,1375.9,9.61,1080.03,2024-12-04
960,381,Huntermouth,Jordanfurt,2176.7,18.75,4511.44,2024-08-17
961,408,Port Emilymouth,East Jessica,1635.4,10.33,1448.88,2024-10-25
962,475,West Kristin,Changstad,2007.1,7.9,1530.34,2023-01-15
963,351,Robertomouth,Thomasstad,984.9,11.0,1139.38,2024-08-22
964,129,Garciamouth,North Margaret,816.0,14.25,591.95,2023-02-20
965,227,West Patrickview,Schmidtbury,547.6,21.85,1318.92,2023-12-27
966,332,East Connormouth,Tiffanyhaven,2083.5,22.88,4734.82,2024-01-09
967,101,South Kenneth,Port Kevinmouth,951.0,15.12,1462.23,2023-01-13
968,91,Powersfurt,East Annamouth,1951.6,24.14,3325.72,2024-07-02
969,377,Jenningsfurt,South Jacob,2459.5,2.79,805.42,2023-07-21
970,285,Wendymouth,Pattersonberg,1308.9,10.05,1052.3,2024-02-05
971,3,Delgadofurt,East Timothy,697.4,4.86,370.19,2023-01-08
972,79,West Jared,Alvarezberg,859.9,18.03,943.21,2023-02-22
973,321,East Patricia,Bowenfort,2325.1,15.33,3712.52,2023-10-06
974,294,South Paulatown,Zacharyhaven,1558.2,16.89,2219.62,2024-04-16
975,270,East Brian,Kimberlybury,1397.9,2.75,382.65,2023-11-02
976,259,West Kristinahaven,South James,588.9,5.41,174.5,2023-07-21
977,179,West Caitlynmouth,Lynntown,440.5,14.03,483.54,2023-11-21
978,185,Lake Diana,Robertton,591.9,6.12,265.28,2023-09-02
979,244,Portermouth,Pagestad,769.3,23.81,1708.61,2024-07-26
980,5,South Melissa,East Mariehaven,2491.7,20.77,6141.96,2023-07-17
981,329,Port Henry,Port Richard,331.1,9.3,205.77,2023-07-21
982,350,South Jessica,North Jasmin,1553.6,15.91,2895.01,2024-10-12
983,59,South Dakota,Port Stevenstad,2219.9,10.15,2382.41,2023-05-17
984,467,Simmonsville,Rodriguezburgh,995.4,13.97,970.59,2024-05-20
985,261,Ericside,Danielview,1316.3,19.49,2206.35,2023-02-14
986,99,Raybury,West Gregoryville,1141.6,2.05,264.17,2024-10-12
987,498,Mosestown,New Melissa,834.8,2.98,141.09,2024-10-10
988,34,North Rachel,Cooleyshire,2392.9,13.91,1681.34,2023-05-20
989,351,North Wendyview,Lake Raymond,566.4,16.11,592.4,2024-09-09
990,360,North Roberttown,South Steventown,1089.3,3.49,333.19,2024-01-20
991,419,Port Whitney,Bradshawmouth,2202.7,18.79,3330.41,2024-12-16
992,236,West Ginaton,Brandyborough,2352.4,18.93,2705.83,2024-11-20
993,92,Conleyburgh,Sabrinafurt,1806.3,1.91,190.19,2023-05-24
994,117,Port Daniel,Mooreview,1995.8,14.39,2591.86,2024-03-24
995,208,Hamiltonbury,New Jeffreyshire,2281.9,10.78,2006.75,2024-08-30
996,274,Avilamouth,Brucestad,1110.9,1.41,152.14,2023-01-26
997,382,Danielbury,East Steven,64.5,18.29,64.21,2024-04-23
998,476,Whiteland,New David,1484.7,17.82,1457.3,2023-05-03
999,311,West Denise,Theresashire,1282.0,7.96,1000.18,2023-10-29
1000,203,Brownchester,Chavezmouth,261.9,19.37,409.07,2024-09-26
1001,113,South Michelle,Michaelborough,2064.2,1.74,218.89,2024-10-02
1002,280,Bakershire,Andrewtown,384.1,10.38,421.92,2024-04-01
1003,455,Turnertown,Goodmanstad,772.7,16.22,888.15,2024-01-28
1004,192,Mathistown,North Amy,2289.7,20.08,4646.12,2024-08-08
1005,73,New Susanburgh,East Jacobland,2395.6,1.27,338.42,2024-05-31
1006,276,Kimberlyport,New Antonio,351.9,1.12,36.17,2024-12-03
1007,380,New Jeffreyburgh,Susanbury,1391.4,3.04,273.69,2023-07-21
1008,331,North Susan,West Carlos,2263.7,9.25,1651.81,2023-06-10
1009,316,Rebeccamouth,Melissaton,2136.1,4.42,593.68,2023-04-30
1010,410,West Justin,East Melissashire,2095.1,5.66,743.45,2023-03-30
1011,282,Heatherborough,Port Kimberly,1439.9,2.31,341.17,2024-01-27
1012,35,West Melissa,Ellisonshire,1180.1,14.19,1177.98,2023-05-30
1013,488,North Lisa,West Anneside,664.2,5.74,345.57,2023-11-28
1014,52,North David,Karenland,860.6,4.08,336.67,2024-05-16
1015,249,South Kimberlyfurt,Rebeccaberg,748.6,2.68,127.49,2023-05-06
1016,300,East Johnfort,Gonzalezfort,1154.1,15.79,1301.09,2023-02-13
1017,491,Briannaview,North Rebecca,423.4,14.6,658.59,2023-12-24
1018,114,New Kimberly,Danielleshire,1099.4,1.12,82.78,2023-10-26
1019,185,Petersonville,East Randall,1794.9,16.38,2039.44,2023-06-07
1020,237,North Timothy,Lake Richard,379.0,18.59,785.25,2023-03-01
1021,56,Thomasberg,Kingville,1141.1,19.59,1879.72,2023-11-25
1022,440,Lake Anthony,Martinezbury,480.6,15.56,814.56,2024-11-27
1023,376,New Brittanyside,Leslieberg,2074.8,22.39,2961.5,2023-01-21
1024,10,East Gabrielville,West Hayleymouth,2221.5,2.84,348.75,2023-07-30
1025,297,West Clintonborough,North Bonnie,2131.5,16.16,3681.66,2023-10-03
1026,283,Johnton,Washingtonshire,1042.6,15.16,1793.03,2023-03-23
1027,335,West Steven,West Heather,688.5,22.46,1357.36,2023-12-25
1028,396,East Tara,Lake Lori,1949.2,9.78,1251.14,2023-07-15
1029,257,Isabellaside,New Henrytown,1494.5,21.57,1913.93,2024-05-03
1030,340,Vasquezchester,Waltersshire,1300.5,10.52,1164.98,2023-08-23
1031,351,East Katherine,Gomezstad,635.3,24.14,1820.86,2023-06-04
1032,92,East Matthewside,Susanview,456.3,13.34,494.48,2024-11-08
1033,75,Danastad,Port Joanne,1437.6,14.58,2327.71,2023-02-14
1034,113,Hollyfort,South Kristina,1853.0,12.6,1753.79,2023-05-14
1035,120,Raymondberg,West Kevin,1915.6,6.56,860.86,2023-01-14
1036,185,Jillianland,Jacksonburgh,154.9,5.96,104.82,2023-06-18
1037,21,Port Michael,New Isaacfurt,1000.8,23.03,2574.71,2023-05-15
1038,267,Sethside,Lopezview,2452.4,8.78,2137.31,2023-05-11
1039,297,Lake Alexander,Port Francisco,1602.2,7.56,1234.69,2024-11-15
1040,188,Christophershire,New Alexander,1383.7,5.17,685.02,2024-12-17
1041,129,Fostermouth,East Roberttown,1489.8,22.56,1863.62,2023-01-11
1042,181,Mariaton,Russellburgh,972.0,22.77,1906.62,2023-07-23
1043,455,Huffton,Lake Jesseland,2052.2,9.28,2008.92,2023-02-21
1044,85,New Jeffreystad,New Christine,1530.3,13.04,1191.87,2023-02-08
1045,77,West Mary,North Stefaniebury,613.5,13.35,570.5,2023-04-15
1046,61,Lake Brandontown,South Todd,507.9,9.69,493.19,2023-10-24
1047,59,Ricardofurt,Lake Kaitlinton,1669.7,10.95,1336.79,2023-01-29
1048,83,Bergfurt,Jefferyhaven,1229.7,12.49,994.48,2024-01-04
1049,66,Alexshire,Jeremyburgh,1635.8,10.86,1191.25,2024-07-07
1050,21,Rodneymouth,Hopkinsbury,1455.0,4.87,666.55,2023-06-05
1051,473,East Tonyaborough,Wilsonview,2232.5,4.52,622.04,2024-06-06
1052,289,South Kevinborough,South Michaelport,491.1,24.0,1083.82,2023-08-08
1053,421,South Guy,Barrettfurt,1612.2,22.08,3593.85,2023-04-01
1054,242,Thomaschester,South Micheleborough,744.5,3.06,185.54,2024-02-11
1055,308,Cassandraburgh,Port Joshuachester,2174.9,5.09,1196.97,2024-09-05
1056,320,South Markmouth,New Andreatown,399.6,14.98,620.89,2024-09-20
1057,176,Harveyshire,East Kevin,1666.1,7.35,1233.07,2023-03-09
1058,194,East Justinbury,Parkerview,2309.8,15.32,1939.83,2023-05-22
1059,441,Jacksonview,Rossmouth,994.4,3.61,230.34,2023-03-02
1060,311,New Madison,Shanetown,2277.9,17.42,4279.84,2024-09-10
1061,20,Morganside,Juliefurt,285.9,12.42,330.35,2023-05-09
1062,48,South Anita,West Haleyburgh,2200.5,13.75,3106.38,2024-10-16
1063,424,Grossview,Lake Alexandertown,1231.5,4.13,469.16,2023-06-03
1064,221,Jeremymouth,Timothyview,52.9,23.51,121.26,2024-04-07
1065,272,South Jessicabury,Kimberlytown,1329.0,9.89,697.16,2023-05-16
1066,394,New Kimberlyfort,West Emilyton,1100.9,23.52,2168.52,2024-10-10
1067,390,Mathischester,West Jeffreyhaven,984.0,15.14,1518.05,2023-08-25
1068,131,Joshuamouth,South Jessicaland,2101.1,14.83,2486.02,2024-12-05
1069,146,Bridgesstad,Scottchester,1219.0,6.58,883.38,2024-02-26
1070,3,Andersonfurt,South Angela,1515.8,14.05,1449.18,2024-10-21
1071,61,West Donnaland,Lisashire,1787.4,19.95,3225.65,2024-09-20
1072,412,East Shawnburgh,North Kimberlyport,1323.4,10.0,852.0,2023-01-27
1073,334,Lake Shawnside,Smithbury,824.0,9.69,485.74,2023-09-17
1074,290,Mullinschester,West Rachelbury,1484.2,7.27,944.43,2023-10-10
1075,387,South Joseph,Vargasbury,945.8,7.61,702.78,2024-07-02
1076,92,South Timothymouth,North Lisa,549.0,14.25,696.5,2023-06-14
1077,158,New Sarahburgh,South Robert,957.0,14.32,928.66,2024-01-01
1078,71,Pruittview,New Allenhaven,1465.2,19.58,2233.96,2024-10-28
1079,229,Murphyhaven,Ericaton,2144.7,16.82,3692.05,2023-12-18
1080,261,Waltonshire,Harrisburgh,1968.6,23.78,2669.27,2023-10-28
1081,357,Archertown,Laurenmouth,1031.4,9.12,832.84,2024-06-24
1082,326,Port Emilyport,East Maria,1727.2,2.25,300.16,2024-10-20
1083,475,Brownside,Hubbardland,63.0,3.19,12.09,2024-06-23
1084,190,Vegamouth,South Peterburgh,1520.6,3.12,324.59,2024-02-28
1085,206,Port Chadburgh,South Jamesshire,246.1,1.91,36.15,2024-10-13
1086,306,Port Mary,Lake Wandaside,1554.2,13.5,2094.23,2024-03-27
1087,254,South David,South Jacqueline,190.8,19.57,232.51,2024-12-23
1088,412,Port Linda,Davistown,1125.5,5.84,630.88,2024-11-17
1089,262,Shortport,Georgeshire,1319.5,5.67,784.65,2024-02-19
1090,19,North Jamie,North Emily,1313.7,6.56,533.13,2023-08-15
1091,45,Kevintown,West Michaelshire,931.4,16.72,1842.21,2023-07-04
1092,203,Colefurt,North Christina,2492.2,19.71,3670.29,2024-04-19
1093,361,Leestad,Wendyhaven,1043.4,5.81,309.63,2024-09-28
1094,425,Jessehaven,Donnabury,218.1,3.16,48.18,2023-05-07
1095,418,Lake Dwayneland,Hardyville,1419.8,14.99,1581.81,2024-09-22
1096,477,Shawtown,Waltersview,727.4,15.55,719.57,2023-11-18
1097,260,Lake Daniel,North Noahview,1039.7,1.11,71.84,2024-05-30
1098,485,Port Destiny,West Aaronmouth,310.8,2.74,60.12,2024-11-16
1099,276,North Thomasberg,Mccoyton,336.7,13.32,305.14,2024-08-24
1100,495,East Anthonyside,New Danielleland,2042.2,14.8,2979.94,2023-12-13
1101,174,South Edward,New Sonya,973.8,12.61,823.09,2023-12-19
1102,301,Lake Molly,Marissahaven,2405.0,12.01,2375.73,2024-03-03
1103,196,Lake Melissamouth,New William,2162.0,12.57,1849.28,2023-09-11
1104,118,Stephanieburgh,Welchland,1602.5,24.86,3879.59,2024-03-26
1105,275,Fernandezchester,Lake Carolfurt,2010.4,10.9,1637.29,2023-02-28
1106,48,East Laurenfurt,Andersonside,73.8,20.97,104.27,2024-10-28
1107,284,Port Alvin,South Brianburgh,1027.4,18.97,1441.06,2023-01-26
1108,458,Leeview,Josephmouth,2331.9,12.44,2168.34,2024-12-17
1109,477,Mccoyburgh,Matthewhaven,1455.6,5.39,802.07,2024-09-15
1110,377,Yoderland,North Jill,2279.3,12.98,1892.77,2024-06-12
1111,428,West Francis,Jasontown,643.0,7.37,312.98,2023-08-18
1112,55,East Summermouth,Johnburgh,661.8,15.85,639.02,2024-03-30
1113,253,Ashleyfurt,East Chelseamouth,343.7,2.88,115.72,2024-03-04
1114,22,Port Kelly,Floresport,1553.9,19.34,2641.7,2023-01-01
1115,460,Michaelchester,Walterland,2127.6,9.91,1519.75,2023-02-02
1116,252,Clarkeview,East Morganview,2464.1,22.53,6151.96,2024-06-27
1117,204,North Michael,Boltonbury,498.0,19.34,826.17,2024-10-14
1118,410,Joshuafurt,Hernandezborough,594.1,14.84,474.24,2024-02-07
1119,178,South Benjamin,Romanhaven,1086.8,23.55,1338.05,2023-04-09
1120,500,Brendaberg,Bonnieshire,1014.6,17.47,1103.14,2023-11-13
1121,5,Faulknerburgh,Lake Brent,344.9,13.44,334.2,2024-09-26
1122,167,New Alice,East Susan,79.0,6.06,43.41,2023-07-19
1123,135,North Patrick,Jonesmouth,935.9,21.68,1280.33,2024-03-13
1124,188,Thompsonstad,Bishopshire,631.0,12.31,721.73,2024-12-24
1125,386,New Robin,East Malik,500.6,11.17,443.63,2024-12-06
1126,93,Grimesfurt,Mckinneymouth,962.2,21.5,1439.3,2024-03-05
1127,417,West Sabrina,Smithville,1450.0,24.5,3482.19,2024-04-19
1128,222,Aliciaton,Paulabury,294.7,7.48,146.6,2023-07-11
1129,379,Jameshaven,Port Carol,2148.0,5.71,1300.13,2023-03-16
1130,256,South Alejandro,North Keithton,416.4,20.34,528.18,2023-05-01
1131,274,Spearsberg,Port Kevinbury,379.5,22.44,801.74,2024-05-21
1132,288,Port Justinshire,East Kevintown,1815.4,19.85,2558.62,2024-10-24
1133,84,Morrisside,Andersonshire,2153.3,2.15,263.55,2023-06-08
1134,323,Newmanfurt,Ernestberg,197.1,20.53,337.3,2024-04-21
1135,185,West Christineberg,New Ianmouth,285.9,18.87,367.85,2023-08-19
1136,11,North Ashley,Holderchester,1422.9,23.36,2261.58,2024-10-07
1137,311,New Sherryside,Martinezshire,1058.8,9.43,974.2,2024-04-17
1138,90,Lake Vanessastad,Fergusontown,537.4,14.82,760.1,2024-10-04
1139,262,Hopkinsbury,South Christinachester,2449.5,7.83,1395.44,2023-03-08
1140,196,Armstrongfort,Port Kathy,1244.4,18.68,2609.86,2023-03-20
1141,445,Melissatown,Johnport,1553.5,12.13,2204.02,2024-12-11
1142,324,Davidburgh,Jeremiahland,460.6,20.39,691.39,2024-01-17
1143,41,South Donna,Melissaville,1550.2,10.71,1884.32,2024-05-25
1144,150,South Tracyborough,North Tyler,446.9,6.48,209.03,2023-01-10
1145,455,East Robertshire,North Dwayne,1790.6,15.53,2160.18,2023-09-29
1146,301,New Jamesfort,East Steve,1140.0,21.71,1866.64,2023-09-17
1147,438,Jessicaport,Joshuamouth,1326.3,11.81,966.64,2023-05-28
1148,482,Port Josephchester,South Karaside,106.6,18.47,189.69,2023-08-11
1149,204,Port Jeremiah,North Heatherfort,1872.5,18.99,2302.08,2023-11-20
1150,281,Charlesland,Sotoside,302.4,2.53,85.31,2023-11-18
1151,43,Christopherbury,Port Amanda,181.9,19.5,307.45,2024-10-24
1152,477,West Michaelborough,Benjaminland,304.6,15.83,269.55,2023-09-27
1153,146,Williamstad,Amyland,2219.4,8.42,1257.99,2024-03-09
1154,88,West Paulamouth,Josephfurt,1135.7,4.03,397.6,2024-07-20
1155,167,Johnville,Williamsfort,120.0,16.93,223.93,2024-06-03
1156,479,Smithport,New Johntown,2167.4,12.21,2936.52,2024-09-29
1157,358,Luisport,New Joshuatown,717.4,11.68,987.64,2024-07-10
1158,384,New Sandra,East Christopher,1371.3,15.18,1706.07,2024-08-14
1159,328,Lake Jasonfurt,Mackton,1607.8,14.54,2025.47,2024-02-24
1160,117,Roseside,Cohenview,1357.8,22.81,2592.79,2023-07-05
1161,134,Lake Seanside,East Peterburgh,2021.5,11.6,1772.89,2024-05-03
1162,389,Christopherfurt,Heatherborough,431.5,1.25,46.73,2024-04-17
1163,5,Lake Joel,Andersonton,2127.5,9.25,1630.32,2024-11-04
1164,154,New Tricia,Josephtown,1735.0,12.81,2286.61,2024-12-25
1165,119,Port Kaylachester,Williamsside,72.4,11.33,57.83,2024-01-26
1166,452,New Garyville,New Maryport,2002.1,14.16,1791.7,2024-01-11
1167,378,North Christopher,Port Peter,1423.4,10.47,915.47,2024-11-03
1168,41,West Amandaside,Annmouth,1632.7,20.88,2230.95,2023-03-19
1169,466,Allenville,New Dianaton,1084.5,6.75,757.79,2023-05-07
1170,333,Lindseyburgh,North Lawrence,1552.4,17.65,1891.43,2023-08-18
1171,437,Gregoryfort,Cranestad,1870.2,20.41,3011.8,2024-04-11
1172,234,Kennethton,Lake Paula,217.7,4.28,53.79,2024-07-06
1173,97,Christensenport,Reeseshire,1563.4,7.53,1101.81,2023-03-04
1174,12,New Joseph,Larachester,835.6,4.65,458.03,2023-09-21
1175,367,Whitemouth,Livingstonstad,505.5,3.45,120.06,2023-04-13
1176,8,East Kaitlynland,Allenstad,1124.1,1.2,75.96,2023-06-30
1177,410,Smithfurt,Williamston,1259.3,9.21,832.87,2024-01-13
1178,17,North Randy,South Maria,1271.1,9.91,1244.36,2023-11-02
1179,29,East Jessicaland,Adamstown,859.1,21.25,2128.91,2023-10-16
1180,93,North Micheleshire,New Davidburgh,702.9,10.42,644.7,2024-04-29
1181,425,Lake Anthony,Derekview,520.9,21.2,1183.9,2023-02-15
1182,198,Lake James,Shermanshire,80.9,24.39,197.37,2023-09-21
1183,18,Jesseville,South Bobby,1939.5,11.63,2292.48,2023-12-30
1184,341,Williamsmouth,Samanthafort,538.0,18.65,567.68,2024-04-29
1185,160,Dorothyview,Tinashire,2456.2,12.35,2963.67,2024-12-26
1186,382,West Justinside,Heathermouth,2343.7,4.81,1138.33,2023-04-17
1187,327,North Angelaside,Lake Amyfurt,2346.7,13.5,2145.78,2023-06-24
1188,342,Alyssaport,Kathleenfurt,782.1,9.65,404.88,2023-09-28
1189,167,Port Gary,Edwardfort,583.6,3.71,204.18,2023-11-12
1190,203,Williamschester,Smithchester,86.9,20.07,158.59,2024-04-23
1191,402,Pittmanport,Johnsontown,1983.4,1.21,127.05,2023-03-21
1192,395,Shieldsberg,Wintersfurt,1742.3,17.52,1857.43,2023-08-19
1193,317,East Michael,West Williamtown,269.2,4.78,72.57,2023-01-13
1194,31,Stephanietown,South Jerryland,879.1,24.27,2201.19,2023-02-25
1195,406,Lambmouth,Brownhaven,196.4,16.47,320.54,2023-11-25
1196,286,West Davidview,Charlesbury,313.1,12.71,287.21,2023-12-08
1197,225,Kyleshire,Brianfurt,1982.0,19.16,4040.05,2024-04-03
1198,371,Jasonmouth,Silvamouth,1846.3,1.51,213.12,2023-07-25
1199,225,Martinezland,Grahamport,380.1,22.57,720.38,2024-07-15
1200,291,Carpenterchester,Paulville,1419.6,14.03,1679.13,2024-10-20
1201,141,East Nicole,Bakerside,507.2,9.34,479.73,2024-03-06
1202,83,Paynetown,Gloriaton,2175.8,15.37,3686.63,2023-12-24
1203,135,East Victoria,Abbottland,218.7,4.72,72.98,2024-08-22
1204,260,Johntown,New Jacobtown,1376.9,11.9,1709.2,2024-02-26
1205,439,Ryanbury,East Melissa,978.7,5.45,273.69,2024-04-13
1206,33,Lewisberg,New Yesenia,942.0,15.88,1083.76,2023-04-22
1207,269,Jonathonburgh,West John,1662.8,13.93,1786.42,2023-11-11
1208,145,Donovanmouth,Williamsonshire,1723.9,19.38,2030.92,2023-05-08
1209,268,West Frederick,Sellersburgh,840.4,16.38,794.73,2024-05-21
1210,92,Deniseton,East Gina,1664.3,2.05,394.56,2023-06-23
1211,51,West Haleytown,South Christinabury,2190.1,5.85,1075.91,2023-01-17
1212,251,New Joshua,East Suzanne,128.0,16.4,162.06,2024-08-14
1213,188,New Brittanyberg,Port Emilymouth,1338.3,17.83,1620.6,2024-01-20
1214,472,Michellemouth,Hannahberg,590.8,18.23,548.38,2024-09-28
1215,41,Brownmouth,Samuelland,561.4,12.79,806.23,2024-11-27
1216,381,North Anthony,Kramerbury,1196.7,16.33,1470.83,2023-06-06
1217,363,East Kiara,Haneyberg,2348.7,10.98,1955.68,2023-06-15
1218,376,South Shannon,Robinsonland,192.8,15.81,265.29,2024-12-10
1219,492,South Richardport,Johnsonmouth,222.5,8.29,214.19,2023-11-18
1220,198,New Michael,South Lauren,1322.7,3.43,300.21,2023-01-03
1221,321,Gavinhaven,Derekport,514.2,13.63,472.47,2023-09-18
1222,383,Lake Thomasport,East Rachaelview,2371.4,14.4,3041.57,2023-03-07
1223,235,Kennedystad,South Shawn,308.5,16.33,378.12,2023-01-15
1224,406,Ashleytown,Greertown,1771.2,11.25,1141.5,2023-04-17
1225,81,East Jasmineborough,Cynthiafurt,492.0,10.64,385.42,2024-10-16
1226,463,Sonyaland,Ashleyview,1358.1,15.4,2412.44,2024-11-16
1227,191,Brewerborough,New Sarashire,822.1,24.8,1482.74,2023-09-02
1228,166,Goodmanside,Meganland,1060.2,16.2,1852.02,2024-06-26
1229,393,Johnsonmouth,Alexisport,1540.6,14.52,1453.46,2023-07-20
1230,232,East Madison,Phillipsberg,1398.1,18.87,1983.95,2024-04-08
1231,146,New Jonathan,Garciaville,1146.4,10.53,1217.32,2023-04-13
1232,155,Lake Michelleville,Christinaside,1509.6,13.42,2421.72,2023-05-02
1233,162,Jeremytown,Lake Charlesmouth,66.1,24.63,105.88,2024-12-25
1234,142,East Renee,Sheilaport,103.2,20.73,210.25,2023-12-06
1235,293,West Raymond,Francisfort,2301.8,13.27,2747.41,2023-05-15
1236,71,East Jamie,Brownside,429.1,1.91,61.38,2023-02-19
1237,132,Carloshaven,South Heidiborough,699.2,22.35,1054.67,2024-10-20
1238,470,Barbarastad,Torresshire,2037.1,3.21,509.96,2024-06-26
1239,248,Petermouth,Parksview,582.7,2.85,120.78,2024-04-10
1240,296,Leeside,North Melissa,473.6,20.82,968.99,2024-03-16
1241,20,Moorefurt,North Maryton,2057.8,3.29,642.88,2024-10-28
1242,29,South Christopher,Andersonville,1840.4,14.83,1514.59,2024-03-21
1243,223,Michaelmouth,Cohenchester,2308.6,9.03,2326.18,2023-11-22
1244,117,Victorhaven,Morrisstad,1070.5,21.83,2591.27,2023-08-04
1245,325,Bellburgh,Thomasview,1881.8,21.39,4629.18,2024-11-21
1246,22,North Paulmouth,Abigailchester,1954.7,10.18,1419.48,2023-01-05
1247,358,West Felicia,Charlesfurt,832.3,14.56,883.16,2024-09-19
1248,202,Markberg,West Michelle,591.0,2.21,132.19,2023-10-02
1249,47,Port Williamfort,Adamborough,2429.0,19.07,4181.3,2023-07-21
1250,68,Barrchester,New Kimberlymouth,594.1,7.95,366.52,2023-06-06
1251,281,Camacholand,Smithbury,873.6,12.42,1108.58,2024-09-29
1252,397,North Nicole,Lisaview,1028.0,3.04,266.03,2023-11-14
1253,102,New Dawn,East Brandonmouth,1759.8,19.29,2840.12,2023-04-30
1254,316,New Cherylside,North Tonya,1245.3,16.65,1321.33,2024-07-22
1255,137,Julieborough,Elizabethtown,2492.8,13.58,2266.81,2024-08-26
1256,46,Littlefort,Parrishshire,1953.1,8.76,1962.24,2024-03-29
1257,98,Taylorview,Veronicaside,325.7,10.93,269.02,2024-11-12
1258,157,East Michaelview,West Louiston,835.8,15.25,658.9,2023-07-28
1259,412,West Karen,Waltonfort,464.7,9.39,469.13,2023-12-27
1260,419,New Marcbury,Ericamouth,1133.4,4.5,271.04,2023-08-21
1261,373,East Dianechester,East Jenniferview,622.0,17.45,661.21,2024-03-29
1262,486,Lake Monica,Port Jesusland,2139.3,3.7,425.99,2023-07-29
1263,148,West Abigail,South Jamesport,1571.5,4.54,772.47,2023-10-02
1264,231,East Colemouth,Ruizside,83.6,17.65,85.27,2023-04-30
1265,109,Coxstad,Lake Kylehaven,1204.4,8.97,1099.8,2023-12-06
1266,248,Rojashaven,East Adam,549.3,13.56,507.29,2024-11-29
1267,343,Port Catherine,Hortonview,1576.5,24.82,3860.24,2024-02-10
1268,23,Moorebury,South Anthony,95.1,14.99,137.49,2023-03-24
1269,357,Jenniferfurt,Gabrielchester,675.9,2.44,105.63,2024-05-14
1270,5,Carterhaven,North Melinda,1564.0,2.27,340.23,2024-10-13
1271,468,Lake Aaron,Whiteshire,213.2,16.85,346.34,2023-12-11
1272,445,West Christopherhaven,South Amberberg,1667.2,21.74,1860.65,2023-06-15
1273,261,South Madeline,Annachester,2214.3,10.28,2699.36,2023-08-18
1274,444,South Sarahbury,South Jenny,2442.7,3.39,596.89,2024-04-28
1275,495,Wilsonhaven,East Nicolebury,1512.9,3.11,300.76,2023-06-20
1276,127,North Jeanettechester,Madisonside,1172.1,23.23,1402.35,2024-01-02
1277,382,Brownside,Lisamouth,2309.6,8.32,1619.81,2024-05-02
1278,321,Jacquelineland,Fishermouth,434.7,9.32,302.37,2024-03-27
1279,142,New Alicia,Port Shaunborough,790.7,24.9,2333.1,2023-09-01
1280,456,West Brandymouth,Morrisonside,2039.1,16.02,3642.54,2023-12-26
1281,486,Mikefurt,South Margaret,2499.9,24.77,7188.56,2024-03-27
1282,337,Andreamouth,Harristown,736.5,4.64,385.49,2023-06-13
1283,348,North Gina,Millerbury,386.3,18.52,618.49,2024-10-30
1284,124,Maldonadoburgh,Lake Kristietown,1550.5,16.01,1636.36,2024-04-06
1285,310,Joannaside,East Sarahside,1453.6,11.24,1174.19,2024-05-05
1286,71,Booneville,Port Lindsey,856.7,14.01,773.83,2024-02-11
1287,71,Smithfurt,Espinozaton,1473.5,17.42,1646.93,2024-05-18
1288,70,North Shawnberg,South Kimberly,807.0,17.92,1253.32,2024-11-09
1289,336,South Angela,East Joshua,1103.7,22.82,2616.96,2024-04-02
1290,286,Stanleymouth,East Jenniferton,2335.9,23.01,3882.01,2024-07-02
1291,430,Murphyhaven,Atkinsbury,1355.8,18.27,1557.8,2023-11-23
1292,451,Michaelmouth,Port Tommybury,2205.1,18.45,4214.08,2023-05-29
1293,382,Port Georgeborough,West Markton,2433.6,24.07,4172.68,2024-07-28
1294,141,Scottton,Davidland,2337.7,22.46,6055.24,2024-06-13
1295,14,Williamsonbury,Jenniferview,422.3,5.51,137.77,2024-02-12
1296,291,West Michaelhaven,North Teresa,1918.0,15.69,2066.83,2023-07-24
1297,14,West Pamton,Port Elijahbury,1550.3,15.31,1570.41,2023-08-30
1298,258,Melissaborough,Nicholsmouth,930.2,17.52,1358.56,2024-05-18
1299,95,Courtneyfurt,Lake Benjaminmouth,2123.0,12.25,2482.86,2023-03-30
1300,99,Williamsonside,Port Nicolebury,2137.7,12.79,1630.24,2024-11-13
1301,474,Lindaview,Ronaldport,604.4,10.81,769.77,2024-05-11
1302,104,Cherryshire,Angelbury,711.2,10.91,791.17,2023-07-24
1303,225,Swansonchester,Lisaland,1906.6,2.59,567.37,2024-09-28
1304,235,East Christie,Robinsonfort,2174.5,12.76,2018.36,2023-12-02
1305,312,Port David,Diazburgh,2224.6,11.26,2613.49,2024-01-29
1306,314,Lake Scott,New Phillipside,1851.6,10.13,1348.66,2024-04-12
1307,329,Lake Benjamin,West Angieport,2350.9,14.73,3031.1,2024-08-24
1308,232,Port Jeremy,West Christopher,2195.7,19.89,3775.29,2024-05-14
1309,126,Caseystad,Amandashire,1169.4,22.07,2876.24,2024-10-25
1310,286,Johnsonmouth,West Kelly,1320.8,10.49,1405.77,2023-12-03
1311,98,Fletcherfurt,Lake David,999.1,19.36,2270.46,2023-10-26
1312,424,Amyland,Adamsville,763.4,10.55,574.39,2024-07-31
1313,471,South Aarontown,East Chase,750.5,5.0,264.96,2023-11-26
1314,425,South Anneland,Patriciaville,183.6,13.41,147.62,2024-05-31
1315,93,Maryfort,Haleton,1632.9,3.17,440.22,2023-06-27
1316,70,Lisaborough,Cochranport,1957.9,23.51,4544.47,2024-07-01
1317,233,New Lisa,New Richard,1013.0,8.76,459.17,2023-01-21
1318,233,East Kelli,Port Edwardstad,1496.3,18.1,1736.98,2024-05-31
1319,365,New Jessicashire,Mannburgh,270.9,8.78,226.91,2024-12-25
1320,59,South Nicholas,Martinezfurt,2001.4,18.24,2140.98,2023-04-01
1321,363,Grahamland,East Wendyfurt,1780.3,16.22,1616.26,2023-11-19
1322,487,West Gordon,East Lauraberg,991.0,19.99,1700.04,2024-12-11
1323,88,West Christina,North Rachelborough,441.8,14.21,333.19,2023-04-14
1324,77,Stantonside,South Tracy,2285.0,14.57,3201.64,2024-07-17
1325,27,North Thomasmouth,West Edwardport,447.2,4.47,207.58,2024-04-24
1326,229,Martinezport,New Frankbury,1078.0,8.43,943.32,2023-08-03
1327,492,Bryanport,Velezchester,757.5,5.34,456.68,2024-08-26
1328,235,Donaldfurt,North Andreabury,547.0,15.94,590.44,2024-11-15
1329,312,South Jeffery,Jillfurt,1269.2,12.97,1753.51,2024-01-16
1330,244,Michaelburgh,South Gina,2212.6,6.71,1354.31,2024-11-25
1331,4,Lisaport,North Javierside,1161.7,11.61,1241.98,2023-10-19
1332,286,East Juliamouth,Bryanborough,649.5,14.14,857.63,2023-09-09
1333,29,Kimberlyview,Castilloburgh,2059.3,5.98,775.07,2024-10-08
1334,342,New Aaron,Fischerbury,1650.5,1.88,340.6,2024-02-19
1335,45,Saraview,Simonland,1466.3,15.48,1661.01,2023-02-21
1336,345,Carterborough,West Christopher,170.1,11.01,117.01,2023-10-18
1337,294,Foxmouth,Jasonberg,746.7,16.86,1246.21,2023-07-22
1338,297,West Alexismouth,Johnfort,1978.9,5.26,852.22,2024-11-10
1339,166,Colemanhaven,North Holly,932.5,1.86,180.03,2024-05-20
1340,219,Wayneton,Lake Heatherfort,953.0,10.09,526.34,2024-09-16
1341,63,West Jamieland,Christopherland,2116.1,2.56,449.4,2023-07-08
1342,269,South Timothy,Jacksonville,1751.8,7.59,1155.35,2023-07-14
1343,293,South Laurenland,Davisfurt,564.1,6.02,183.63,2024-09-13
1344,248,Rodneyberg,Kathleenton,1837.8,16.1,3524.1,2024-05-05
1345,362,East Michelleshire,East Sandra,1824.0,15.51,2975.37,2023-11-12
1346,270,West Sheriburgh,North Richard,753.6,15.61,848.8,2024-07-14
1347,315,East Brian,Sawyermouth,1459.1,15.96,2675.64,2023-02-11
1348,253,Lake Markberg,West Joyce,1428.5,13.47,1813.16,2024-12-07
1349,149,Kristinatown,Ortizton,2029.6,22.21,2988.21,2023-03-16
1350,321,Charlesmouth,North Cody,2449.2,1.04,131.64,2023-03-22
1351,316,Colemanbury,Port Jody,2002.0,18.7,2415.2,2024-10-29
1352,287,East Melissa,Benjaminmouth,2497.5,10.94,2004.54,2023-04-20
1353,354,East Elizabeth,West Nicholastown,2024.8,6.1,1171.44,2023-06-30
1354,260,Port Charlesborough,Amandaborough,740.0,19.96,1056.73,2023-03-16
1355,171,East Jeremyburgh,Hunterfurt,1397.5,19.41,1572.43,2023-06-23
1356,15,East John,Matthewchester,886.3,18.39,1517.76,2023-04-01
1357,473,Mathewborough,Jacobfurt,2088.5,5.66,1281.01,2024-06-11
1358,331,Chelseachester,East Josephhaven,1697.6,22.99,4129.45,2023-08-20
1359,443,Leeburgh,Lake Lisastad,382.6,4.73,148.84,2023-12-01
1360,212,Christensenfort,West Dorothy,1365.6,9.04,1294.74,2023-07-12
1361,290,Gregoryfort,West Richard,2323.1,2.34,470.08,2024-03-03
1362,107,West Haleyfurt,Watsonmouth,1826.2,8.57,1369.61,2024-08-24
1363,408,West Tonyfurt,West Kristin,1464.6,8.96,1497.75,2024-03-13
1364,16,New Sabrinachester,Danielfort,916.3,24.27,1548.52,2024-11-08
1365,85,Jeffreyfurt,Erikmouth,880.9,10.01,770.67,2024-08-30
1366,443,Sandrafurt,Cortezbury,1448.9,10.35,1374.6,2024-08-26
1367,364,New Beverly,Martinezshire,1966.7,8.4,1818.01,2023-09-20
1368,122,Julieberg,Jamesfurt,127.5,10.93,118.17,2024-03-04
1369,269,West Dakota,Millermouth,960.4,20.91,1429.51,2024-01-19
1370,399,Tapiaside,West Joseph,790.7,3.69,306.2,2024-11-01
1371,410,Robertmouth,Sanchezshire,545.1,3.22,149.93,2024-05-27
1372,473,Gloverfurt,West Ariana,1232.5,13.0,1014.46,2023-01-21
1373,168,New Charlene,South Colebury,1234.5,21.97,1945.33,2024-04-03
1374,481,North Philliphaven,Lake Steven,401.1,21.92,945.59,2024-06-07
1375,19,North Tyler,South David,1314.6,24.83,2100.91,2023-01-23
1376,3,Vazqueztown,West Amandachester,1175.5,18.13,1844.84,2023-02-15
1377,447,Haleytown,South Jessica,811.9,2.06,182.92,2024-09-24
1378,267,North David,West Raymondborough,263.3,12.21,171.13,2024-03-21
1379,389,Kristamouth,Whiteview,1927.1,18.89,1877.43,2024-04-04
1380,99,Lake Belinda,South Megan,814.8,22.41,1323.13,2024-10-13
1381,344,Karenborough,New Daniel,752.1,13.77,1078.05,2023-08-19
1382,8,Alexanderfurt,Williamland,338.2,4.58,107.12,2023-04-18
1383,278,East Dawnfurt,Ashleyland,2397.8,14.43,1977.97,2024-06-02
1384,361,Hayestown,Flemingside,908.3,8.64,470.15,2024-04-26
1385,160,West Jeffrey,North Danielfurt,2019.8,14.78,1850.54,2023-06-24
1386,67,West Kristen,North Richardbury,1552.5,9.13,1148.9,2023-03-25
1387,197,Jessicaton,East Jeremyview,121.0,22.68,146.91,2024-03-16
1388,306,South Samantha,Whitakerborough,181.8,11.24,127.77,2023-07-31
1389,229,Amandaville,Brandonshire,2233.6,16.11,3537.47,2024-06-16
1390,366,Christopherton,Port Ryanborough,1560.0,8.5,1421.75,2024-02-28
1391,473,West Reginaland,South Alexport,1908.1,20.42,2162.4,2023-01-30
1392,417,Port Angelport,North Edward,1901.6,12.18,1371.75,2024-03-25
1393,159,Castanedaville,Moonton,2015.8,17.77,2034.92,2024-03-12
1394,119,New Carriebury,Drewborough,1727.0,18.05,2574.14,2024-08-03
1395,133,Kevinview,North Jason,2371.2,4.45,1189.18,2023-07-20
1396,341,South Bryanfort,South Maryshire,2286.5,10.41,2355.8,2023-06-03
1397,250,New Patrick,West Kristinville,859.3,21.66,1353.74,2023-03-19
1398,237,Port Tylerborough,Port Janice,124.1,12.41,114.89,2024-10-26
1399,295,Saratown,West Rebecca,2122.1,7.77,1226.81,2024-03-28
1400,408,East Tarahaven,West Christopherberg,362.1,3.47,134.73,2024-06-03
1401,155,Rosalesport,Derrickfort,312.1,14.35,246.17,2024-10-14
1402,318,Port Sarahborough,Alvarezhaven,1355.2,10.62,1136.14,2024-12-26
1403,34,Jameschester,New Charles,647.0,4.82,261.23,2023-10-14
1404,402,North Samanthafort,Christinaville,884.7,20.53,1659.51,2024-03-06
1405,356,Martinezshire,Garyberg,2451.5,14.61,2648.77,2024-05-25
1406,477,Justinton,Lake Johnmouth,628.6,16.9,589.09,2023-04-03
1407,306,Brettchester,South Carl,1794.2,21.08,2193.76,2023-06-19
1408,91,Lisamouth,West Gregory,1184.1,14.32,1823.51,2024-03-01
1409,351,Singhland,East Cynthiaport,804.7,10.74,794.05,2024-05-24
1410,254,Lake Stevenside,Abigailstad,2044.5,19.51,3052.4,2024-01-13
1411,72,Munozhaven,North Anthony,1630.2,2.48,263.73,2023-11-27
1412,1,Ryanstad,Clarkstad,2223.8,22.68,4767.66,2023-03-24
1413,150,Oliviaburgh,Littleland,1904.8,16.86,2624.05,2024-08-27
1414,349,South Richard,Richardtown,1005.5,14.87,952.38,2023-12-20
1415,348,Sawyerfort,Lake Bradport,2199.7,8.19,1902.52,2023-07-21
1416,469,Danielbury,Port Nicholaschester,796.1,23.64,1513.69,2024-10-29
1417,262,West Billy,Stricklandville,893.4,3.14,141.86,2024-10-30
1418,190,North Tanyachester,Weaverton,1040.3,4.06,298.16,2024-11-12
1419,287,Vanessaville,Taylorberg,2257.6,24.23,2738.31,2024-06-06
1420,444,Russellborough,North Michaelburgh,2060.8,9.62,2186.44,2023-01-06
1421,321,East Andrea,East Angela,126.4,11.36,131.11,2023-04-19
1422,280,New Joshuamouth,New James,829.4,10.19,648.32,2023-08-09
1423,285,Anthonyview,North Jessicaside,567.5,5.16,174.92,2024-04-15
1424,79,Jacobsville,West Pamela,992.3,23.19,2503.58,2023-07-28
1425,6,East Michaeltown,Jamesmouth,756.8,21.95,976.58,2023-03-21
1426,250,East Katie,Port Adrian,225.8,1.38,31.31,2024-12-21
1427,71,Robertsstad,Hawkinston,1661.9,24.4,2412.92,2024-12-22
1428,404,Warrentown,New Andre,1623.5,10.98,1460.34,2024-04-10
1429,233,West Curtisport,Johnland,1753.7,23.33,3830.65,2023-02-26
1430,182,Monicaberg,Lake Josefort,1298.1,14.25,1507.64,2024-04-21
1431,256,Marshport,New Benjamin,603.1,11.19,340.94,2024-03-07
1432,211,North Paul,Tylerside,2124.7,6.68,1208.12,2023-03-08
1433,20,Lake Wandamouth,Lake Dustinbury,2320.1,14.83,1800.95,2024-05-14
1434,247,Kingbury,Carlsontown,1442.0,17.92,1496.73,2024-10-01
1435,270,Angelastad,Muellershire,2406.3,2.92,710.46,2023-09-05
1436,239,Heiditown,Jacobtown,2459.8,24.61,6327.24,2024-03-20
1437,126,Morrisonchester,Lake Kennethberg,1316.5,13.56,1654.94,2024-10-09
1438,40,Smithland,South Martinmouth,1207.5,18.8,2661.21,2024-02-08
1439,314,South Katelyn,Scottton,1726.0,13.94,2179.25,2023-07-06
1440,241,Floresmouth,Davisbury,179.3,9.25,173.31,2023-03-06
1441,170,West Brianaside,East Michaeltown,1162.4,22.75,2384.71,2023-11-21
1442,149,Jamesfurt,Lake Chloe,1081.5,24.05,2753.83,2024-02-02
1443,156,Josephmouth,Heathburgh,460.4,17.68,747.52,2023-11-05
1444,243,New Julianburgh,Lake Donald,1831.1,14.53,1444.68,2023-09-08
1445,150,East Kevin,Port Anthonyland,1466.4,14.75,2075.18,2023-07-14
1446,43,West Daniel,Matthewfurt,2031.8,15.98,2275.27,2023-12-19
1447,130,West Amandamouth,Campbellshire,360.7,2.84,107.42,2024-04-11
1448,8,South Grantfort,Smithview,374.7,7.74,319.16,2024-12-21
1449,379,Shannonbury,East Diane,1866.5,15.49,3287.57,2023-05-08
1450,134,Emmaport,Howardbury,420.3,11.72,524.85,2024-04-27
1451,271,West Danielleberg,Perezview,1967.2,6.67,822.13,2024-10-20
1452,75,New Ryan,Lake Christina,2161.9,9.23,1115.61,2023-01-16
1453,386,Moorefort,Stephanieberg,1509.1,20.72,3396.8,2023-03-12
1454,226,North Kevin,Marshallburgh,2484.3,19.49,3227.43,2024-10-06
1455,432,West Gabrielleshire,South Patrick,1828.7,5.01,828.62,2024-12-04
1456,60,Garrisontown,Walkerberg,895.4,16.41,1511.73,2023-06-13
1457,244,Karenborough,Port Jerryburgh,178.7,12.14,180.79,2024-09-28
1458,195,West Amandastad,East Edwardchester,1878.1,19.06,3124.2,2024-01-24
1459,272,North Barbarabury,West Christine,1724.6,10.36,1221.8,2023-03-15
1460,230,Millerton,North Debbieburgh,2182.2,1.28,320.96,2024-01-16
1461,490,Russellfurt,East Meagan,985.9,8.58,736.93,2024-07-04
1462,490,Hollyland,Michaelport,150.5,23.03,327.95,2023-10-20
1463,140,Rileyberg,North Justin,2118.4,15.65,3170.9,2023-01-02
1464,336,Jessicaborough,Lake Jimmy,870.7,7.41,366.98,2024-08-28
1465,124,Owensside,West Martinport,1481.2,12.07,1739.01,2023-10-27
1466,173,Marymouth,Port Jodyport,1849.1,15.13,1780.58,2023-12-09
1467,6,Jamesville,Lake Shannonfort,1710.4,24.84,3055.99,2024-08-10
1468,51,Dawsonmouth,West Gregoryfort,1698.4,20.96,1809.73,2023-11-29
1469,372,Jonestown,New Christopher,1336.9,17.45,1740.48,2024-05-18
1470,48,Thomaston,Bateston,744.1,5.63,216.41,2024-06-27
1471,112,East Chad,South Timothyside,189.4,15.26,325.38,2023-05-02
1472,62,Johnsonfort,Harrisbury,2378.7,16.31,3862.79,2024-06-11
1473,392,East Gabriella,New Michaelberg,261.6,15.51,309.65,2023-04-16
1474,459,South Lori,Deborahstad,2254.7,14.59,3871.92,2023-02-25
1475,339,South Christopher,Meganport,321.6,5.42,123.1,2023-11-18
1476,142,North Anthonybury,Greerbury,2343.6,16.33,4385.42,2023-05-30
1477,395,Port John,East Douglaschester,1934.9,17.61,3295.96,2024-03-18
1478,398,Jamesborough,South Kari,842.3,4.89,227.28,2023-09-25
1479,133,Dakotaside,Port Felicia,202.8,10.33,250.8,2024-02-20
1480,252,Ashleymouth,New Donald,2391.2,7.35,1420.79,2023-11-17
1481,331,Port Joshuatown,Laraburgh,2449.6,5.82,1104.67,2023-03-15
1482,112,Longburgh,Wallacebury,1255.5,4.45,579.98,2024-06-27
1483,133,Bryceberg,Whiteview,1554.2,3.55,446.42,2024-11-07
1484,129,Jeffreybury,Clementsstad,303.1,2.75,75.01,2023-09-03
1485,335,Edwardsfurt,Maddenview,1954.2,1.45,240.4,2024-06-06
1486,137,Dixonshire,Mooreview,1618.8,23.39,3654.7,2024-02-15
1487,2,Jeanville,West Richardberg,421.4,8.92,290.91,2024-09-24
1488,224,South Bethshire,Murphyside,1312.7,23.56,2608.63,2023-09-02
1489,36,Micheleberg,Port Robertberg,1039.6,18.47,2051.85,2024-12-22
1490,419,Liufort,New Shirley,1373.3,1.08,173.22,2024-08-06
1491,184,Jacquelinemouth,West Gail,1960.6,3.91,670.55,2024-07-28
1492,491,North David,West Samuelstad,866.9,8.27,386.16,2023-07-29
1493,175,East Dylanborough,Patriciamouth,1635.3,9.77,1753.21,2024-11-30
1494,332,West Reneefort,Hodgeberg,247.1,12.03,308.13,2024-03-03
1495,339,Port Aprilton,Johnsonbury,547.6,14.31,922.52,2023-10-18
1496,323,North Kelly,Port John,518.0,17.7,1033.78,2024-05-19
1497,225,Lake Brian,Levifurt,1737.7,12.68,2467.04,2023-12-12
1498,369,Cannonmouth,South Jamesbury,1851.5,4.36,512.74,2024-01-15
1499,406,Port Michelle,Gonzalezville,2491.1,6.72,1292.57,2024-06-05
1500,428,Port Margaret,Port Stacyton,1374.4,8.39,1007.55,2023-02-22
1501,174,Wesleyview,South Lisa,2038.9,24.2,2523.78,2024-11-23
1502,61,East Victoria,South Melinda,187.3,19.91,197.63,2024-08-23
1503,482,Johnsonhaven,Lake Amber,568.6,16.69,822.0,2024-06-08
1504,297,Cummingsland,South Alan,1711.3,21.98,2272.91,2023-11-11
1505,251,Catherineport,Mcdowellberg,620.8,2.73,171.99,2023-09-18
1506,24,Samanthaview,North Michelleberg,1651.9,12.31,2323.49,2023-01-19
1507,324,Kathrynland,West Brendan,644.6,16.57,544.79,2023-07-23
1508,234,North Danielmouth,Peterfort,172.4,8.38,152.5,2024-05-22
1509,419,New Natalieborough,West Jonathanland,1547.5,21.05,1774.58,2023-09-25
1510,113,Bryanbury,West Richardhaven,310.5,12.93,425.33,2023-02-17
1511,428,Lake Jasonmouth,New Cynthia,204.6,5.86,88.26,2023-09-22
1512,500,Zacharyborough,Collinsmouth,2456.4,17.28,3085.72,2023-03-22
1513,494,East Bobbytown,South Zacharymouth,1726.0,14.1,1764.68,2023-10-01
1514,172,Sethfort,Dunnton,1993.1,19.34,3527.63,2023-10-24
1515,87,East Pamelaville,Merritthaven,204.9,7.57,159.81,2023-03-12
1516,474,South Jacqueline,Davisstad,1755.9,14.28,2023.65,2024-06-22
1517,324,Colemanhaven,Rodriguezshire,1475.9,4.2,653.19,2024-02-05
1518,250,Serranofurt,Kellyhaven,1550.5,19.66,1557.49,2024-03-19
1519,362,East Robert,Kanemouth,247.8,1.17,33.29,2023-06-06
1520,414,West Taraside,West Jake,1646.8,22.29,2904.84,2024-11-02
1521,74,New Michaelmouth,Thorntonside,1991.0,12.42,1456.06,2023-10-04
1522,481,West Stephanie,New Diana,1617.6,13.55,1728.1,2023-10-15
1523,368,West Erik,Hopkinsville,477.6,17.6,771.14,2024-08-21
1524,401,Rogerston,Lake Markview,1274.7,23.81,2850.03,2023-12-30
1525,99,Pattersonfort,North Lisa,787.9,11.05,775.21,2024-12-22
1526,186,North Edward,Jamesmouth,337.9,13.72,262.85,2024-08-26
1527,238,Molinachester,West Levi,2163.7,24.68,4567.2,2023-05-19
1528,100,Lisaton,West David,1937.3,16.82,2259.79,2024-05-10
1529,467,Sherrychester,East Adamside,326.1,4.58,162.89,2024-02-07
1530,23,North Amanda,Martineztown,1212.3,5.23,614.44,2023-12-29
1531,129,Cannonbury,South Laura,182.4,9.74,114.89,2024-05-11
1532,23,Gillespieville,Port Walterberg,869.0,20.32,1820.35,2023-12-31
1533,81,Lake Jessica,Gonzalezton,305.8,2.26,60.55,2023-09-05
1534,459,Solomonberg,North Margaretview,1974.5,12.64,1450.65,2023-01-07
1535,215,West Emily,Robinsonton,626.5,11.68,662.85,2023-04-20
1536,399,Allisonmouth,Davischester,536.9,17.24,673.83,2023-09-28
1537,212,Lake Bethanyfort,South Michaelchester,319.8,6.47,137.8,2024-12-26
1538,242,Powellmouth,Phillipsfurt,2181.2,10.01,1428.94,2023-09-29
1539,111,East Keith,Allenstad,1483.5,2.3,274.71,2024-02-12
1540,70,Port Mary,Lake Noah,2323.3,11.92,2135.55,2023-04-29
1541,139,Jamesmouth,Lake Ian,1171.5,5.66,497.97,2024-07-07
1542,31,New Charlesview,New Jade,545.4,4.05,217.47,2024-10-12
1543,215,West Heatherfort,South Brendan,737.5,3.67,223.53,2023-12-23
1544,310,Trevorshire,North Rebeccamouth,469.4,9.25,486.51,2023-03-30
1545,464,North Chadberg,Smithhaven,434.1,20.07,1016.68,2023-01-29
1546,45,South Michael,Lake Jose,466.3,24.28,1243.7,2023-01-26
1547,111,Carlaside,East Lucas,1058.7,13.52,1579.56,2023-12-31
1548,374,West Travis,New Jacobport,1499.4,21.09,2199.08,2024-01-30
1549,223,Kennedyland,Patrickhaven,1098.9,21.94,1623.76,2024-03-19
1550,77,Mercerfurt,Erikabury,1469.7,22.4,3009.8,2024-12-18
1551,23,North Nancy,South Heatherchester,2288.7,22.56,4091.61,2024-09-22
1552,18,Dustinhaven,West Philip,148.1,12.3,189.09,2023-11-25
1553,357,Micheleshire,Lake Tyler,1093.0,10.46,1219.65,2023-09-16
1554,286,Aaronton,North Amy,2062.2,11.86,1634.65,2023-04-10
1555,112,North Kevinfurt,West Christophertown,1895.0,17.64,2622.85,2024-05-30
1556,47,Joshuaberg,Richfurt,375.1,8.1,289.66,2024-03-10
1557,236,Lake Brian,East Luke,89.0,17.06,93.11,2024-05-21
1558,233,South Carmen,Port Alexander,2151.9,18.93,2106.39,2023-11-23
1559,95,North Jennifershire,New Lorishire,1186.2,4.33,509.62,2024-12-05
1560,325,New Scottville,Port Sheliaside,1985.2,9.89,1619.79,2023-07-02
1561,354,New Dawn,West Holly,53.3,16.06,65.86,2023-02-04
1562,139,West Amyburgh,New Joditon,865.6,1.79,123.66,2023-08-05
1563,107,Jasminmouth,Colemanbury,1760.2,15.7,2494.52,2024-12-18
1564,377,Longside,New Kristinaland,1979.8,2.94,649.93,2024-08-21
1565,187,Lake Cynthia,West Melissashire,2334.0,13.35,3542.78,2023-04-19
1566,317,Shannonview,Bradfordstad,2225.5,3.66,615.72,2023-08-24
1567,361,North Victoria,North Tiffanyside,150.1,9.79,140.15,2024-12-08
1568,172,North Michelle,Crawfordborough,214.2,18.02,248.31,2023-06-14
1569,481,Montgomeryport,North Angela,634.7,3.73,197.67,2024-04-14
1570,386,Donaldchester,South Yolanda,1893.1,21.91,4114.56,2023-04-07
1571,137,Deborahville,Burnettchester,1875.3,6.41,897.82,2024-07-23
1572,191,New Tylerfurt,Lake Alyssa,1283.7,11.15,770.23,2024-01-08
1573,63,South Sara,Gardnerstad,895.8,12.67,985.93,2024-09-21
1574,461,Lake Dianaburgh,Glassburgh,1201.9,13.77,1783.72,2023-01-20
1575,485,East Ronald,Wallacehaven,766.0,15.9,1290.93,2024-04-04
1576,97,South Dawn,South Veronicamouth,1748.4,24.47,4784.0,2023-01-09
1577,460,New Sabrina,South Kellyshire,2235.2,11.99,1490.4,2023-05-12
1578,85,Arianaville,West Matthew,488.1,24.0,648.82,2023-07-07
1579,448,Marshallchester,Terrifort,726.1,17.73,1090.96,2024-01-06
1580,214,Angelborough,Susanside,550.4,23.85,677.2,2023-10-23
1581,178,Anthonyland,Davidmouth,2425.5,13.99,2010.24,2023-01-20
1582,97,Riveraside,New Chad,1079.3,18.71,1040.05,2023-03-26
1583,486,New Susan,Michellestad,204.2,21.92,296.6,2024-10-01
1584,336,New Amandaland,Port Tiffanyhaven,1323.1,9.06,1084.96,2024-09-14
1585,357,North Morganstad,North Jenniferburgh,1632.8,8.83,1319.72,2023-11-29
1586,291,Brookeburgh,Hoffmanfort,1348.9,14.16,1567.39,2023-07-23
1587,134,Riddlebury,Port Donaldborough,373.3,19.94,461.66,2023-09-29
1588,433,North Jessicaberg,Cynthialand,605.6,9.93,421.98,2023-01-14
1589,86,Houstonton,Hillshire,165.9,9.47,128.69,2024-05-15
1590,94,South Dorothystad,East Fernando,1565.6,4.86,665.56,2024-08-08
1591,342,South Cassandra,Lake Annfurt,2434.4,21.14,5069.13,2024-10-22
1592,163,North Kimberlyfort,North Shelby,1996.4,4.87,565.69,2023-05-11
1593,106,Kristenfurt,Taylorshire,1457.6,11.58,1280.73,2024-09-22
1594,177,Johnport,Lake Lisafort,1428.1,1.83,188.65,2023-12-17
1595,274,Port Dawnview,Peterstad,412.5,11.76,573.79,2024-11-17
1596,256,Gregoryfort,Brandonfurt,788.8,23.09,1426.46,2024-12-01
1597,80,Mccormickstad,Jonstad,1932.9,23.75,5276.79,2024-02-26
1598,170,Markland,Oscarchester,60.5,18.72,133.97,2023-06-20
1599,497,Gomezhaven,Lake Julie,1635.7,8.09,1491.58,2024-11-27
1600,76,Port Kenneth,Lake Shelby,2362.8,24.54,5227.81,2023-07-27
1601,174,Sotochester,Lewisfurt,2009.0,18.49,4255.51,2023-10-02
1602,72,Zacharybury,North Michelle,1738.4,18.56,3646.31,2024-10-06
1603,317,Kennedyhaven,Smithhaven,1711.1,3.81,337.28,2024-09-22
1604,29,Johnchester,Lake Maria,2110.1,11.7,1394.23,2024-11-30
1605,401,Johnchester,Michelleton,1540.0,5.68,759.7,2023-07-15
1606,276,Port Jenniferport,Laurenstad,2342.4,7.67,926.67,2023-10-04
1607,500,New Gregoryview,Fordtown,2131.2,17.25,4302.53,2024-07-13
1608,310,Gonzalezburgh,New Brandon,1303.9,5.67,534.1,2023-02-09
1609,204,Perezfort,Port Teresa,1303.3,2.35,296.09,2023-12-30
1610,191,Cynthiastad,East Annatown,412.5,21.49,672.6,2023-09-02
1611,229,Taylorside,Danielton,79.9,9.28,53.06,2023-02-19
1612,228,Lake Heidi,West Victoriatown,2192.0,3.1,685.97,2024-06-09
1613,84,New Clinton,West Jeremy,1866.7,10.97,1658.19,2024-05-26
1614,459,South Candace,Port Jeffrey,2023.9,24.29,3916.53,2023-02-20
1615,74,Jacobville,East Johnstad,1064.8,21.05,2058.85,2024-01-17
1616,172,West Victoriaburgh,Howardmouth,559.1,12.39,767.03,2024-03-23
1617,46,Edwardchester,Escobarstad,212.0,24.04,524.57,2024-09-26
1618,90,New Michaelbury,New Jennifer,66.2,16.33,74.74,2023-03-28
1619,71,Kellyland,Crystalchester,1411.7,18.05,2621.17,2023-09-29
1620,252,New Jesseville,South Elizabethport,538.2,20.97,792.99,2023-02-01
1621,156,Larrybury,Halechester,153.5,20.83,346.67,2023-09-25
1622,406,Lopezville,Bryantbury,1260.5,18.76,1553.99,2023-04-16
1623,428,Paulberg,Lake Loganfort,56.0,7.3,47.8,2023-12-10
1624,148,Ballburgh,Scottville,1609.6,3.98,618.93,2023-10-18
1625,126,Johnsonview,New Theresamouth,1072.0,12.81,1347.81,2023-05-15
1626,497,North Brianna,South Ashleyland,119.7,19.35,195.75,2023-11-01
1627,290,Allenbury,Stephaniechester,213.5,18.89,365.69,2024-04-13
1628,499,Everettport,Antoniomouth,1118.4,7.19,788.16,2024-08-01
1629,295,Port David,Alexanderville,1750.9,3.87,581.9,2024-07-14
1630,75,West Kimberly,West Wayneland,93.0,7.23,61.0,2023-05-15
1631,84,Debraton,West Cathy,833.2,22.08,1094.35,2024-05-25
1632,490,Evanston,New Gregory,179.6,9.67,164.19,2023-07-08
1633,480,North John,South Michael,922.2,7.96,639.18,2024-07-15
1634,392,Grayburgh,North Jenniferport,238.2,5.65,126.46,2023-10-16
1635,447,Lake Justinview,North Adrienne,281.5,19.06,472.48,2024-04-03
1636,139,Lake Kevin,Andradestad,824.7,21.28,1860.11,2024-07-03
1637,297,North Ginaburgh,Webbville,1729.3,17.52,1718.11,2023-06-24
1638,145,South Dylanshire,Lake Sharonberg,911.5,4.45,241.69,2023-09-07
1639,467,Lisamouth,Port Evan,963.9,12.64,899.42,2023-10-30
1640,426,Thomasland,Lake Wesleybury,449.4,6.23,238.64,2023-03-28
1641,426,East Corey,South Ashley,511.6,22.53,1071.26,2024-09-28
1642,360,Scottmouth,Stricklandville,2383.6,21.31,5073.27,2023-02-28
1643,40,West Derrickhaven,Freemanmouth,1903.0,3.74,585.28,2024-08-23
1644,179,Michaelland,Michelleton,335.6,4.15,71.33,2024-05-14
1645,456,Louistown,North David,813.4,9.7,845.75,2023-07-17
1646,89,Newtonhaven,New Troy,2469.6,13.55,3945.56,2024-05-16
1647,114,East Julieport,Nicoleburgh,1789.2,1.69,323.6,2024-04-21
1648,158,Wesleymouth,Williamston,365.4,17.66,633.44,2024-04-06
1649,354,New Kimberlyborough,Rickymouth,357.1,4.13,81.86,2023-07-31
1650,248,Kennethland,East Kristina,1919.4,3.68,362.47,2024-06-11
1651,407,North Charlesbury,South Gerald,1905.5,2.02,221.51,2024-02-25
1652,466,Craigbury,Nicholasville,1666.5,15.24,2103.82,2023-02-07
1653,387,Eriktown,East Amandaside,669.9,2.59,167.83,2024-02-28
1654,301,Lauraburgh,Port Andreaborough,286.4,3.97,104.75,2023-05-12
1655,47,Port Emilyhaven,Lake Kimberlychester,2257.9,5.43,914.72,2024-06-16
1656,297,Randallbury,Lake Shawnafort,406.6,18.91,533.73,2023-06-22
1657,374,Burkemouth,Deborahchester,902.2,4.85,372.13,2023-07-10
1658,420,North Brad,Davidview,1551.7,13.12,1115.3,2024-01-10
1659,99,Port Brentfort,South Dannybury,1466.4,1.34,128.1,2024-06-26
1660,3,Monicatown,Daltonborough,2412.4,5.12,1269.5,2023-07-28
1661,259,New Nathanville,New Josephport,2435.3,3.37,533.3,2023-12-23
1662,95,Sarahchester,Thomasfurt,2135.7,12.39,2616.21,2023-10-09
1663,182,Perryville,South Ronald,1127.2,23.99,1694.41,2023-09-25
1664,209,South Sean,Lake Karinahaven,2454.2,11.18,2359.6,2023-03-02
1665,57,Bradychester,New Michael,326.5,24.63,471.67,2024-01-24
1666,148,Lake Richard,Mcleanmouth,1323.3,12.9,1285.2,2023-03-24
1667,60,North Nathan,Clarkville,1415.0,1.97,203.4,2024-02-27
1668,352,Burgesston,Lake Donald,992.7,11.97,1206.47,2023-06-01
1669,149,Elizabethland,Kennethfurt,2441.6,11.65,2525.15,2024-06-17
1670,459,Thompsonchester,Lake Jeffery,2463.2,11.27,3052.91,2024-11-18
1671,92,North Lindachester,Lake Kennethville,2110.6,12.42,2556.86,2023-08-19
1672,203,West William,New Randyside,81.3,17.18,135.55,2023-10-18
1673,74,Clarkchester,Timothyview,1123.2,16.81,1056.4,2024-07-26
1674,380,Nicholasshire,Watkinsfort,1017.3,17.68,2130.07,2023-10-29
1675,500,East Nicholasside,North Anthony,2317.0,24.47,3091.67,2024-12-21
1676,207,South Felicia,South Jessica,537.8,5.81,340.84,2024-02-25
1677,143,Port Melvinburgh,Port Stephanie,350.8,21.11,746.2,2024-06-20
1678,388,Lake Dawnfort,South Markbury,1923.8,19.38,3413.49,2024-04-06
1679,244,North Rebeccaton,Newtonberg,1984.3,16.45,2546.59,2023-08-06
1680,262,North Amyburgh,New Eric,1683.4,23.8,4772.8,2024-03-25
1681,129,New Jamesland,South Heatherfurt,733.3,19.43,820.15,2024-01-08
1682,16,Port Mariamouth,Foxhaven,1248.9,6.54,947.21,2024-05-21
1683,348,Marissafort,Bonniemouth,294.0,2.27,36.56,2024-05-24
1684,168,West Evanberg,South Davidview,115.5,5.3,56.51,2024-04-29
1685,40,Gibbschester,Zacharyville,424.2,15.93,383.44,2024-02-29
1686,239,North Ryanfort,Lake Lauren,1669.6,13.48,1900.72,2024-03-05
1687,134,Richardbury,South Jamesville,544.7,16.89,775.72,2024-10-25
1688,10,Zavalastad,Shaneburgh,1379.0,20.43,2474.63,2023-05-11
1689,469,Garciaport,Robinsonside,2383.8,1.76,336.18,2024-08-01
1690,227,North Audreyborough,South Alyssaburgh,341.9,11.8,442.58,2024-01-29
1691,441,North Kathryntown,Jonesfort,1176.2,1.79,187.31,2024-06-25
1692,221,Port Felicia,North Paul,1959.5,22.23,2678.49,2023-09-28
1693,57,South Samantha,North Theodore,379.5,18.18,580.38,2024-09-15
1694,277,Josephton,West Hannahton,1443.7,12.77,1636.47,2024-10-30
1695,260,Chambersstad,Nathanmouth,1451.9,12.42,1980.06,2023-07-08
1696,194,West Heather,Lake Carla,186.6,7.32,124.81,2024-01-27
1697,165,East Timothyview,New Crystal,1561.5,9.47,1751.49,2024-03-31
1698,188,Kimberlymouth,South Lindseyland,200.5,15.17,179.37,2023-04-24
1699,457,West Angela,Lake Jocelynview,904.7,18.81,882.91,2024-10-09
1700,183,Dillonburgh,Port Jacquelineburgh,1581.6,10.13,1281.25,2024-10-08
1701,121,South Lisa,Lake Amberbury,1059.2,2.35,167.01,2024-07-02
1702,34,Michaelville,Lake Kendra,1637.8,15.22,2834.91,2024-03-19
1703,276,Jesusmouth,Robinsonton,2178.9,3.75,505.65,2023-07-15
1704,291,North Patricia,Harperhaven,849.0,12.06,1130.75,2024-04-13
1705,241,Kimberlyton,Dominguezport,1311.2,11.11,749.18,2024-05-28
1706,200,Taylorview,New Triciaburgh,1490.6,24.66,2809.86,2023-10-09
1707,354,South Timothyborough,Debraland,839.9,3.35,236.87,2024-06-29
1708,392,Romeroland,East Sydney,1704.0,9.06,1315.24,2023-11-22
1709,497,South Shawn,Schwartzville,1685.1,5.0,597.93,2024-01-01
1710,404,Lake Kelly,Lake Samanthaport,1118.2,12.93,1580.49,2024-01-07
1711,136,Lake George,Cliffordhaven,234.5,21.41,326.27,2023-04-13
1712,116,Port Lisa,Nunezbury,166.5,24.91,324.09,2024-11-14
1713,297,South Larry,North Patriciaville,1580.2,23.99,3799.98,2023-05-24
1714,411,Kellyburgh,Kathleenside,282.1,9.08,140.14,2024-05-18
1715,40,Erictown,Lake Joshua,1351.1,11.25,1129.54,2024-11-08
1716,222,Adrianport,Jenkinsland,1646.3,8.24,1441.86,2024-09-19
1717,129,Sandovalmouth,Fritztown,1675.5,8.52,1127.77,2023-04-02
1718,93,Dakotafort,Jamesside,1581.2,11.88,1943.1,2024-04-20
1719,96,East Taylormouth,Mariahberg,2208.2,16.07,3056.59,2024-04-26
1720,381,Veronicaton,South Michelle,1463.3,6.11,1049.18,2023-08-22
1721,415,North Dawnmouth,Floresview,2348.4,7.43,1651.6,2024-06-02
1722,290,North Cynthia,East Timothy,1555.3,19.46,2432.21,2023-05-21
1723,237,Reynoldschester,Port Gary,1830.2,2.44,286.01,2024-07-06
1724,154,East Amanda,New Johnland,412.0,4.61,186.08,2023-09-27
1725,467,New Erica,Port Laura,2118.1,10.85,2532.85,2024-04-30
1726,422,Desireeberg,Aaronchester,207.8,5.89,96.53,2023-04-09
1727,121,New Julie,Robertborough,753.3,4.85,358.34,2024-06-07
1728,126,Emilyside,East Jonathan,1044.4,3.73,247.11,2024-09-18
1729,224,Curtishaven,Grahamview,2002.8,8.45,1421.19,2024-01-03
1730,140,New Ryanstad,Gregorybury,1083.9,22.74,1580.9,2024-07-22
1731,338,South Sherry,New Mark,384.3,7.2,293.98,2024-07-19
1732,370,Adamsmouth,New Michelleburgh,1399.2,16.46,1219.63,2023-01-17
1733,43,Chelseafort,East Ashleychester,1240.3,1.48,202.23,2024-08-12
1734,490,Jasonville,Sullivanton,819.1,8.15,363.49,2023-08-09
1735,47,Martinezside,North Benjamin,1047.2,9.72,977.37,2023-07-20
1736,121,Joshuaside,Lewisview,1022.4,21.16,2357.94,2024-04-04
1737,268,Estradahaven,Jordanshire,324.2,18.63,696.43,2023-08-10
1738,269,Stephenchester,South Isabellatown,1677.3,14.93,2610.84,2024-02-23
1739,63,Silvaland,Christineland,666.9,22.23,988.33,2024-11-08
1740,378,Port Jasonhaven,Lauramouth,1944.3,8.52,1793.43,2023-03-04
1741,217,Philipstad,Reynoldsmouth,1005.4,18.96,1267.95,2023-03-21
1742,141,Chasehaven,Acevedoville,584.1,3.56,135.13,2023-01-01
1743,252,Batesview,East Justin,1126.7,7.1,730.07,2023-10-26
1744,280,Cherylchester,Andrewview,1357.0,17.79,1397.94,2023-06-11
1745,451,Lake Matthewchester,Vincentshire,1088.3,17.39,2222.47,2023-09-09
1746,189,South Matthew,East Malloryview,1971.5,4.48,735.43,2024-09-06
1747,311,Port Ann,South Marieside,2062.3,1.51,366.45,2024-12-01
1748,28,West Laurie,West Susanberg,135.3,18.75,268.72,2024-04-01
1749,283,Port Feliciabury,Monicafort,1742.2,19.93,2318.64,2023-09-14
1750,463,Port Nicholas,Willieland,992.5,16.33,1605.24,2023-11-29
1751,440,Hodgesbury,Ashleychester,2040.0,3.93,887.4,2024-05-03
1752,475,Lake Paulmouth,Jeffreyland,1133.9,1.19,158.21,2024-10-29
1753,422,Port Kathrynmouth,Burkeland,2446.1,7.13,982.22,2023-01-17
1754,83,North Katherine,Dylanfort,1903.8,8.14,1707.13,2024-09-18
1755,393,Alexandriafort,East Paulchester,2293.9,16.15,4133.01,2023-12-24
1756,42,East Julieborough,Kevinport,1628.9,19.94,2247.07,2023-04-24
1757,212,Richardfurt,East Daniel,2066.8,23.57,4042.15,2023-06-14
1758,471,East Jeffrey,Frazierland,2319.9,8.99,1659.41,2023-02-25
1759,260,South Nicoleville,Turnerstad,2059.6,20.79,4234.54,2024-01-06
1760,281,Mercadoburgh,Zamorafurt,212.6,11.1,238.45,2023-12-25
1761,27,Wallacemouth,New Christinaside,1857.6,11.88,1145.67,2023-07-10
1762,329,Cervantesview,Burchstad,1621.4,5.41,710.85,2024-12-11
1763,161,Gabriellebury,Marymouth,383.4,10.62,382.66,2024-04-21
1764,366,Melindamouth,Cobbtown,1460.7,3.66,360.72,2023-04-18
1765,434,South Paul,Grantport,2425.7,20.93,5250.69,2024-08-08
1766,232,Monicatown,Fisherstad,1505.3,10.85,1890.64,2023-01-20
1767,352,Candicestad,West Christopher,1222.0,18.64,1554.55,2023-03-04
1768,44,Mirandaborough,New Briannaton,1502.9,8.86,928.45,2023-09-04
1769,484,New Melissaton,Watsonstad,1065.5,5.37,637.1,2024-05-14
1770,12,East Julie,Matthewhaven,2095.0,14.69,1583.45,2024-07-17
1771,465,Dianachester,Johnburgh,2311.6,16.53,3586.61,2024-09-13
1772,437,Port Erica,Jordanton,268.0,12.1,221.56,2024-12-10
1773,134,Port Susanview,Johnsonshire,463.5,10.62,393.9,2024-05-05
1774,291,North Brianbury,Brendastad,415.7,23.99,617.39,2024-07-26
1775,472,Millerhaven,Bassland,337.5,18.25,495.59,2024-10-02
1776,115,Lake Oliviahaven,Lake Suzanne,2324.3,20.85,4099.39,2023-03-09
1777,401,Richardland,Jessicafort,1798.2,5.57,1105.12,2024-09-03
1778,221,Mcleanhaven,Dixontown,702.2,18.91,1019.07,2023-12-15
1779,145,Quinnchester,Lambertfurt,2148.0,15.4,3958.41,2023-08-06
1780,406,Lake Christina,Jenniferstad,1830.4,5.54,635.05,2024-03-01
1781,317,Tiffanyshire,Alvinland,407.6,7.96,221.68,2023-11-10
1782,332,Lake Jesse,North Jessica,1154.9,6.96,729.89,2023-08-03
1783,166,South Roberto,Melissamouth,1172.5,1.25,86.95,2024-03-22
1784,197,Beckerside,Thompsonberg,2437.3,10.54,1666.08,2023-08-05
1785,49,Brianland,North Amanda,1785.7,18.67,2264.91,2023-02-22
1786,242,West Toddmouth,East Andrea,1414.6,2.25,366.58,2023-10-20
1787,496,West Shawnhaven,Garymouth,2275.2,24.92,6562.94,2024-10-12
1788,3,Mariatown,West Catherine,2015.5,18.03,3877.05,2023-08-21
1789,203,North Sarahburgh,Port William,671.5,15.87,758.5,2023-08-08
1790,22,Port Michael,New Ruthchester,1694.6,4.17,794.67,2024-05-16
1791,477,Sarafort,Turnerborough,1472.2,7.25,910.04,2023-11-18
1792,364,West Charles,North Donald,881.0,12.23,606.35,2023-03-12
1793,23,Jameschester,Amandaland,1349.5,4.4,345.45,2024-02-04
1794,144,New Shari,Danaville,2447.4,12.98,3752.86,2023-09-29
1795,449,Matthewton,Janiceland,1882.2,23.23,3052.11,2024-01-15
1796,265,New Tiffany,Michaelhaven,694.9,20.91,1669.1,2024-12-13
1797,252,South Stevenburgh,New Jamie,816.9,22.42,1320.28,2024-10-14
1798,337,New Jeffreyside,New Patriciaton,1921.0,4.63,975.81,2024-10-25
1799,28,East Susanland,Michelleborough,1609.8,11.56,1176.56,2024-07-22
1800,362,Lake Catherine,West Robin,613.2,1.86,77.8,2023-07-21
1801,254,Audreybury,Port Brianaville,1194.5,3.78,508.69,2023-03-21
1802,249,New Leonardfort,West Christopher,149.9,9.56,142.78,2023-05-15
1803,76,Jenniferland,East Christopher,1171.5,3.7,435.12,2023-03-09
1804,93,Michaelton,West Jeffreyborough,353.0,3.25,127.08,2024-11-16
1805,289,Kennethmouth,Patelville,2095.6,19.0,4283.45,2023-02-15
1806,498,New Zoechester,Christinaport,2232.7,15.06,3054.73,2024-11-25
1807,472,Luischester,Youngport,60.1,19.4,73.03,2024-05-30
1808,455,Davidside,New Brittany,238.2,19.44,450.95,2023-09-10
1809,63,Mcmillanview,Ericchester,855.2,7.82,793.78,2023-04-20
1810,429,New Samanthaville,South Teresafurt,1015.7,15.17,1796.37,2023-08-27
1811,363,Vaughnland,North Paulahaven,842.7,1.69,117.09,2024-05-12
1812,305,East Elizabeth,Port Jody,1665.9,11.9,2316.74,2024-05-09
1813,319,South Madison,East Gloria,1662.1,8.91,785.92,2023-11-11
1814,376,Kellyfurt,Lake Kimberly,2379.7,8.8,2119.44,2024-05-06
1815,442,Blevinstown,Lake Joseph,2271.9,20.13,2700.66,2024-10-11
1816,29,Lake Adamstad,East Ebony,169.3,16.45,202.25,2024-03-21
1817,48,Travisberg,Williamsborough,1872.3,14.13,2438.16,2024-05-07
1818,444,North Brandon,Durhamview,1027.2,5.27,636.36,2023-05-03
1819,199,Christinaberg,Lindaside,1027.3,1.49,98.84,2024-03-10
1820,335,East Chelsealand,Matthewton,1959.8,7.84,1577.65,2023-12-26
1821,377,Lake Sarahhaven,Smithfurt,427.6,8.17,370.58,2023-09-15
1822,68,Andreaburgh,West Alexander,2025.6,8.44,1674.51,2023-02-04
1823,103,Melaniefort,Shannonfurt,929.7,3.31,233.02,2024-08-31
1824,289,Bobbyshire,West Monicahaven,1249.6,22.25,2317.45,2024-06-21
1825,189,Ryanview,North Clayton,1520.8,3.17,383.64,2024-07-19
1826,21,Courtneystad,Trujillobury,1554.0,11.42,1416.56,2023-10-30
1827,332,Schmidthaven,Lunafurt,1307.7,24.36,3101.17,2024-02-04
1828,323,Terrybury,East Pedroton,1731.3,4.72,691.92,2023-09-27
1829,41,East Megan,North Victoriaborough,1635.7,3.02,408.89,2023-11-20
1830,66,Smithview,Rivasview,2272.7,12.46,1710.47,2024-03-07
1831,219,Orrland,East Williamborough,1726.6,8.21,955.5,2024-05-31
1832,24,Port Jenniferview,Jessicaside,773.9,2.15,92.11,2023-09-13
1833,238,Kyleshire,West Steveshire,1307.9,13.26,1368.54,2023-05-11
1834,131,West Jesusmouth,New John,1669.1,14.64,1655.19,2024-07-21
1835,380,Lake Robertborough,Port Annebury,1484.6,19.45,1476.66,2023-10-06
1836,202,Snyderside,Michellehaven,1670.9,5.31,556.79,2023-04-08
1837,161,Davenportmouth,Barkerberg,160.9,10.99,175.6,2023-11-10
1838,320,West Kim,Port Norma,1488.7,11.92,1719.84,2024-04-05
1839,415,Lake Amanda,Port Kathrynhaven,2029.2,9.19,2130.91,2024-02-13
1840,310,East Nathaniel,South Rachelhaven,508.6,5.44,283.02,2023-06-19
1841,10,Nicholsport,Washingtonchester,685.3,17.16,945.08,2023-09-24
1842,245,Shawfurt,Marioside,64.3,3.8,15.15,2024-05-11
1843,382,Beltranview,Mariahfort,1177.4,10.72,1212.19,2023-06-19
1844,499,North Jerry,North Sharon,1524.6,12.68,1803.57,2023-09-17
1845,346,Gabrielamouth,New Holly,1561.0,17.58,3222.28,2023-09-08
1846,8,Amandamouth,Christopherland,1017.7,8.26,493.92,2024-01-15
1847,97,Tarafurt,South Scott,517.5,20.58,1051.41,2024-07-02
1848,333,Port Kaitlinville,Colemanmouth,2154.6,6.02,1237.45,2024-08-13
1849,276,Christiestad,Charlesstad,642.4,21.21,1499.78,2023-06-24
1850,243,Collinsville,Alexanderchester,517.7,8.22,350.82,2024-08-27
1851,379,Port Brendanborough,Jillburgh,1083.6,3.8,465.99,2023-07-04
1852,441,South Kristenton,Port Jillshire,1771.4,24.13,3547.92,2023-02-17
1853,425,East Sandra,East Alice,1151.3,6.82,554.64,2024-01-05
1854,323,West Kelsey,South Patrick,2092.9,2.22,234.87,2024-08-12
1855,254,New Courtneyview,Penaton,2126.7,11.36,1910.95,2024-03-05
1856,149,West Alanborough,West Angela,1855.8,15.3,2521.4,2023-03-06
1857,372,Monicamouth,West Laura,140.7,10.59,128.04,2023-02-25
1858,250,Rossfort,West Markview,1548.2,17.29,2868.72,2024-02-14
1859,296,West Johnberg,Williamschester,618.2,2.46,78.06,2023-11-20
1860,214,Sarahfurt,South Derek,823.8,2.52,233.55,2024-01-12
1861,331,Karafurt,Claireland,2228.4,3.81,794.59,2024-05-03
1862,148,Lake Alyssa,Rileyberg,899.6,17.74,821.19,2023-03-25
1863,260,Joannburgh,West Taraborough,1829.2,12.26,1809.05,2024-09-15
1864,309,Port Andrew,Gibsonmouth,588.3,22.82,989.97,2024-03-08
1865,453,North Robin,Whiteview,2141.0,18.16,3219.03,2024-03-02
1866,427,Raymondhaven,Keithfurt,768.8,18.07,1627.98,2023-06-18
1867,242,Hoffmantown,Greerland,2355.9,16.66,2952.25,2023-01-02
1868,145,New Williammouth,Brooksland,2009.4,21.27,3997.42,2024-06-01
1869,89,Kerryport,West Jamie,1742.2,3.07,448.22,2023-04-29
1870,213,Hardinside,New Katherine,538.7,15.54,477.7,2023-03-19
1871,286,New Kimberly,Elizabethfort,2360.5,12.85,2014.99,2024-08-13
1872,183,Wallacestad,Deleonshire,165.3,1.44,26.58,2023-07-31
1873,258,South Andrewmouth,Jessicaview,1708.5,5.19,976.82,2024-11-28
1874,317,Lake Mary,Port Ryan,128.3,2.53,26.01,2024-05-18
1875,175,Garciachester,East Jessica,605.4,14.49,737.27,2024-01-01
1876,286,Katrinaton,Sullivanbury,1973.0,19.46,3989.45,2024-10-06
1877,264,West Jasonshire,Owenston,705.4,4.63,321.08,2023-08-20
1878,485,North Davidmouth,Stevenbury,1530.5,3.5,286.74,2024-05-30
1879,57,Christinaview,Lake Charles,1122.7,11.97,1463.63,2024-08-18
1880,440,Heatherfort,East Michael,2437.9,19.76,4464.47,2024-11-25
1881,54,Haydenmouth,Scottbury,2371.1,20.77,2607.07,2023-10-11
1882,186,Deborahfort,Codyside,459.3,3.83,113.25,2023-09-24
1883,260,Taylormouth,East Michelle,434.7,8.01,281.71,2023-09-13
1884,187,Tammystad,Port Kimberlyshire,1271.1,21.89,1691.74,2024-02-21
1885,225,Toddport,Coxhaven,869.8,4.31,410.13,2024-09-02
1886,428,Powellberg,Courtneyville,2425.6,19.46,2381.88,2023-03-17
1887,44,South Gary,Lake Jill,2032.4,9.19,1594.18,2024-08-26
1888,323,Scottport,South Cristianfurt,701.7,18.16,1007.33,2024-09-03
1889,216,Schultzville,Jessicafort,1679.2,4.64,800.54,2024-09-18
1890,471,Lebury,Davidstad,1978.7,4.31,682.41,2024-06-03
1891,407,Ashleyton,South Sheila,1052.8,12.01,1386.65,2024-07-08
1892,395,Johnsonmouth,East Charlottefurt,1721.4,23.65,3296.81,2023-10-17
1893,44,North Stevetown,Port Danielton,74.4,20.35,175.71,2023-03-20
1894,223,Armstrongview,South Amyburgh,878.8,10.64,973.06,2023-10-25
1895,329,Leeville,Mckeeberg,200.6,19.22,370.95,2024-02-15
1896,366,Bethbury,Wallacebury,419.8,14.79,735.38,2023-03-27
1897,215,Port Ross,West Natasha,2007.7,22.02,5220.54,2023-10-02
1898,156,Jacquelinechester,South Brianberg,1034.9,17.34,1592.68,2024-09-09
1899,424,West Kimberly,East Lauren,1817.8,8.53,1148.84,2023-04-14
1900,359,Port Jamestown,West Jakemouth,735.5,13.67,1150.53,2024-09-29
1901,320,Frederickport,South Richard,1039.6,16.45,1917.59,2024-12-08
1902,455,West Timothy,Alexanderland,1981.4,16.65,3260.2,2024-06-06
1903,452,Abigailtown,Lake Katrina,2039.0,16.57,3523.16,2024-06-23
1904,372,Lake Brettmouth,Port Michael,788.8,1.89,109.45,2024-11-23
1905,277,Bridgesside,South Madison,1811.3,22.12,3463.02,2024-05-03
1906,267,Port Matthew,Youngfort,745.6,3.23,213.43,2024-02-03
1907,456,Jasmineland,New Michelle,884.7,16.26,742.85,2024-09-20
1908,397,Pattersonshire,North Lisaberg,2001.7,15.22,2037.98,2024-02-11
1909,375,North Joseph,West Michelle,794.7,11.15,756.45,2023-06-02
1910,182,Millerville,Clarkeside,196.9,9.95,183.94,2024-09-17
1911,230,Port Mason,Phillipmouth,353.3,19.16,784.51,2024-03-16
1912,121,Crystalview,Melendezborough,780.0,18.68,1190.7,2023-12-17
1913,458,Glendamouth,Justinland,2023.2,24.74,4484.43,2023-05-21
1914,120,Port Kelseyside,Christopherfurt,2347.0,16.97,4345.88,2023-03-26
1915,367,Lopeztown,Drewborough,908.3,7.83,746.3,2024-12-16
1916,378,Lake Brittanymouth,Palmerville,1453.3,4.36,484.33,2024-03-05
1917,422,Michelleland,Patrickberg,656.7,8.87,528.7,2024-02-22
1918,218,North Josehaven,East John,1957.4,11.9,1403.61,2023-05-09
1919,455,North Danielmouth,New Jamie,2079.7,2.97,335.73,2023-07-27
1920,347,East Aaronfort,Moramouth,368.7,6.15,125.77,2023-10-30
1921,203,Williamsshire,South Dorisfort,1339.3,15.12,1748.12,2024-12-06
1922,226,New Johnmouth,Thomasstad,2186.4,15.02,3105.07,2023-12-05
1923,214,Fisherfort,Lake Robertville,1738.1,23.75,4178.36,2023-01-03
1924,365,North Julian,Hoffmanport,2068.3,4.46,543.32,2024-01-23
1925,271,Cervantesbury,East Oliviaburgh,1171.4,24.23,2438.75,2023-03-21
1926,383,Destinyfurt,Christinamouth,339.2,6.1,172.02,2023-10-28
1927,61,New Chloefurt,West Jenniferbury,434.3,14.42,717.19,2023-08-20
1928,293,South Kristenview,New Jenniferfort,1523.9,10.81,963.04,2024-04-18
1929,157,East Kennethmouth,Lake Susanmouth,759.5,13.55,599.38,2024-05-16
1930,406,North Andreastad,East Randyside,2478.0,8.28,1723.8,2024-06-14
1931,480,Marshalltown,Ramirezville,400.0,19.81,630.14,2023-04-21
1932,420,North Carmen,Chandlermouth,2240.9,22.34,3258.55,2023-09-15
1933,35,Flynnberg,North Rodney,1862.2,1.05,172.71,2023-05-14
1934,290,New Jeanmouth,Laurahaven,2182.5,11.02,2167.35,2024-07-24
1935,428,Port Megan,East Kendra,1158.3,9.11,806.3,2023-01-09
1936,259,Port Wesley,Jamesland,1814.1,15.54,2913.17,2023-10-13
1937,77,Coxbury,Melissafort,1609.3,19.28,3000.51,2023-01-04
1938,341,Samanthafurt,Port Hannah,2172.5,8.81,2028.56,2023-08-30
1939,174,North Nancyland,Brandonland,1577.8,10.29,1834.9,2023-09-26
1940,377,East Christopher,Michaelshire,1375.4,23.99,3705.53,2023-04-27
1941,13,Knighttown,West Lindsey,729.6,3.12,140.21,2024-07-02
1942,288,Garciafort,Port Toddtown,1451.4,20.11,2904.69,2024-10-31
1943,490,West Robertmouth,New Kevinberg,1630.6,16.45,1501.05,2023-05-30
1944,292,Smithland,Kingbury,1565.8,14.84,1247.83,2023-07-17
1945,10,Jasonmouth,Hansenville,1328.3,19.01,2151.0,2024-08-13
1946,10,Gallagherfurt,Marshallchester,344.7,23.47,506.3,2024-08-10
1947,430,North Paulbury,Markshire,723.7,5.94,464.6,2024-10-28
1948,311,Rhodesbury,Lake Kathrynbury,2224.8,11.66,2762.33,2024-09-12
1949,479,East Gregory,Goodmanmouth,835.1,15.13,1066.44,2023-02-04
1950,441,Kempview,Darrentown,107.0,11.49,97.18,2023-09-16
1951,51,Pennyton,Jaclynmouth,1343.4,10.17,770.17,2023-08-23
1952,394,Port Dave,West Paulmouth,1377.4,7.85,678.89,2024-07-17
1953,87,Franciston,Wheelershire,269.6,8.36,176.95,2024-10-18
1954,366,Lisaport,Gutierrezville,194.3,24.07,293.25,2024-11-23
1955,212,North Timothyshire,Myersmouth,193.3,10.36,144.99,2023-03-23
1956,461,Emilystad,Petersonberg,2237.9,7.19,1865.06,2023-10-09
1957,301,Hernandezfurt,West William,346.4,5.86,208.37,2024-02-02
1958,487,Port Jamestown,Suefurt,629.4,13.21,709.29,2023-07-28
1959,209,Judithtown,Grayshire,331.9,2.46,67.39,2024-02-15
1960,468,Port Stephanie,Joneshaven,210.4,1.69,33.55,2024-07-20
1961,346,Caseyfort,New Katrinamouth,2221.1,7.46,1945.96,2023-04-13
1962,65,Zamoramouth,Taylorborough,298.7,19.31,551.46,2024-11-16
1963,326,Thomasbury,Mcdonaldburgh,796.3,10.76,478.74,2024-03-18
1964,277,Jonesland,South Katherinestad,1276.1,19.79,1514.37,2024-11-14
1965,217,New Carla,East Donna,2464.0,19.77,4268.62,2023-04-06
1966,417,Fernandezburgh,Jamesbury,2405.3,14.32,1822.96,2023-01-26
1967,498,North Kristin,New Bridget,1188.4,20.9,1744.78,2023-05-30
1968,140,Joshuatown,Olsentown,460.1,2.44,128.57,2023-06-28
1969,180,Knightview,Lake Sally,1514.8,21.15,2454.46,2024-10-10
1970,145,Destinyborough,Samuelfurt,2114.0,6.11,1405.94,2023-11-06
1971,154,New Kevin,New Matthew,161.4,18.74,270.45,2023-09-08
1972,372,North Kristenview,Amandaside,269.8,17.76,518.14,2024-01-10
1973,313,Amandamouth,North Darren,1413.4,7.71,874.37,2023-09-19
1974,485,West Garrettstad,Rebeccahaven,1286.8,20.25,2915.21,2024-03-25
1975,232,West Johnmouth,Wolfport,889.5,7.27,664.05,2024-09-15
1976,108,Masontown,Hawkinschester,718.9,16.89,880.49,2023-04-13
1977,355,Stephenstown,North Jeremy,1176.5,15.39,925.44,2024-03-03
1978,3,East David,South Austinland,377.6,23.13,808.89,2024-04-03
1979,459,Annchester,New Kimberly,2258.5,17.14,3055.1,2024-04-27
1980,42,New Lisa,Moorehaven,1756.4,12.74,1734.08,2024-05-29
1981,16,Port Lauren,West Laurieport,1978.9,16.58,1818.56,2024-01-22
1982,64,Lauraburgh,South Ruthshire,2236.8,20.59,3737.99,2024-03-16
1983,184,Kevinchester,East Jamesburgh,914.8,20.51,2024.9,2023-11-01
1984,5,South Adammouth,Lake Blakehaven,997.5,21.14,2252.76,2024-02-25
1985,5,Matthewland,North Dylan,355.7,9.89,223.42,2024-01-14
1986,472,North Jenniferfort,Kennethview,592.7,1.47,60.71,2023-05-04
1987,321,Hillfort,Lake Michelle,1787.5,5.6,1072.47,2023-02-21
1988,253,Port Pamelafurt,Andersonmouth,792.8,18.23,959.63,2023-02-22
1989,361,Port Connorburgh,Beckershire,2419.9,1.88,384.42,2023-09-06
1990,421,Joshuaton,Port Jennifer,1782.1,6.02,683.67,2023-12-14
1991,257,Nicholsmouth,Jessicaborough,1614.2,3.66,410.1,2023-02-13
1992,290,New Tammyhaven,Thomasbury,1260.3,14.24,1726.27,2023-06-06
1993,302,South Amanda,South Brandonland,1696.8,15.47,1635.0,2024-06-19
1994,292,Matthewberg,East Richard,364.2,2.56,63.56,2024-11-02
1995,141,Judithside,Vincentville,2145.9,22.14,4799.62,2023-02-28
1996,355,Smithstad,Lake Danielchester,520.0,17.27,1072.59,2024-04-27
1997,453,Caldwelltown,West Charles,1710.4,15.75,2630.51,2024-01-21
1998,483,North Melindaberg,Davidbury,1162.1,23.51,2591.88,2023-04-12
1999,433,New Shannon,Port Josephborough,1642.6,21.49,2563.09,2024-07-01
2000,239,Richardshaven,New Regina,2488.0,7.58,1840.87,2024-08-08
2001,370,Robinville,South Meganmouth,1264.2,13.41,899.23,2023-09-24
2002,230,Carolyntown,Cookmouth,600.1,7.67,365.48,2023-03-06
2003,451,Port Sylviaburgh,Annamouth,824.8,10.4,629.87,2023-08-24
2004,354,New Robert,Andersonland,1451.0,1.61,237.4,2024-10-04
2005,85,Lake Chad,Denisefort,1088.4,2.79,204.97,2024-02-06
2006,15,Youngchester,Castilloview,856.6,2.51,201.61,2024-07-19
2007,321,Lake Kevin,Michellemouth,1225.9,20.39,2286.57,2023-08-19
2008,243,Martinfurt,Thomasmouth,2340.9,21.17,3335.21,2024-02-08
2009,171,Goodwinport,New Michelle,634.0,9.18,313.18,2024-12-03
2010,308,Port Ericshire,Port Lindaview,1323.2,6.68,487.06,2024-05-17
2011,297,Lake Kennethport,Perkinschester,1567.9,19.34,2843.54,2024-12-21
2012,194,Lake Brendanport,New Cameronstad,355.8,24.39,990.76,2023-02-09
2013,66,South Robert,Natashafurt,817.5,21.34,951.68,2024-01-11
2014,313,East Michael,North Jeffrey,201.9,20.26,220.21,2023-10-24
2015,287,North Caitlin,Lake Susanton,1584.2,2.58,398.22,2024-08-30
2016,317,Lake Martinmouth,North Sheryl,177.9,21.4,297.4,2024-12-09
2017,338,Lopezburgh,Collinsland,1892.3,6.59,1146.89,2023-03-30
2018,220,Choimouth,Duncantown,1578.8,11.88,1547.28,2023-07-20
2019,481,Lake Cameronview,New Laura,2205.8,15.86,2580.88,2024-11-13
2020,301,Cherylview,Owenburgh,1705.7,1.62,238.2,2023-06-18
2021,35,Port Laura,Christinachester,521.6,3.46,165.43,2023-05-03
2022,65,Cobbland,Johntown,1502.6,21.18,3605.97,2024-12-09
2023,372,East Ryan,Lake Kevin,1611.5,7.15,915.68,2024-09-05
2024,23,South Mark,Lake Jamesshire,1571.1,5.46,511.58,2024-07-19
2025,492,Lake Teresaton,Turnermouth,198.2,8.48,135.31,2023-01-13
2026,278,Port Maryport,Dustinhaven,1646.7,9.59,1434.79,2023-11-12
2027,176,Port Joan,Louiston,1950.0,4.54,633.94,2024-01-15
2028,337,Gregorybury,South Christineberg,763.1,24.29,1598.47,2024-07-08
2029,428,Lake Ryanstad,Sophiabury,1711.8,2.38,348.32,2024-07-16
2030,500,West Stephanie,Matthewsview,1420.7,2.31,243.07,2024-04-28
2031,175,Lake Kimberly,Port Victoria,540.9,22.8,1294.53,2023-09-06
2032,240,New Taylor,West Stephen,513.9,12.42,628.24,2023-09-27
2033,494,East Johnfort,West Matthew,1519.4,8.95,1230.52,2023-07-12
2034,54,North Henry,South Kyle,872.4,8.19,521.61,2024-05-03
2035,113,East Kelly,Mahoneytown,1163.0,19.94,1228.0,2024-10-18
2036,239,Jamesmouth,North John,2303.9,16.33,3706.79,2024-05-07
2037,488,West Ruthfurt,East Johnberg,1578.6,6.74,1079.1,2023-09-27
2038,205,Port Anthonyland,Staceymouth,2045.9,20.37,3180.38,2023-09-11
2039,38,Brownshire,Cynthiaton,501.4,24.76,936.03,2024-02-20
2040,226,East Paula,Staceyfurt,926.8,14.31,795.33,2023-08-01
2041,23,North Brittneyburgh,Lisaland,526.3,15.06,821.04,2023-08-26
2042,113,Jesseton,Townsendland,2439.5,5.78,985.43,2023-04-13
2043,284,Port Johnstad,West Jenniferbury,2219.2,18.25,2988.41,2024-03-31
2044,135,Cherylview,New Jenniferfort,652.6,5.7,231.84,2024-07-20
2045,195,Heathermouth,Tylerville,2281.1,1.5,333.34,2023-03-27
2046,108,Reynoldsbury,New Crystal,1654.4,22.24,2711.22,2024-11-25
2047,339,Roberttown,Martinezchester,797.4,6.76,574.96,2023-04-13
2048,320,Lake Elizabethside,Patriciachester,469.8,13.65,679.31,2023-04-15
2049,74,Davidtown,Grahamland,2210.1,22.08,2663.28,2023-07-04
2050,273,West Ericmouth,Masonstad,2212.7,4.14,579.63,2023-08-31
2051,326,Larsonmouth,West Jamesborough,976.6,9.98,896.37,2024-06-02
2052,97,Johnsonhaven,Lake Kathyton,649.1,2.11,127.54,2024-06-22
2053,127,North Sabrinachester,Port Brendanborough,2143.4,8.06,1043.45,2023-03-26
2054,436,South Mariah,New Brittneyton,180.5,20.09,402.87,2024-04-10
2055,373,Douglasfurt,New Alexandra,1295.3,15.02,1638.72,2023-08-07
2056,34,Zimmermanstad,New Lisastad,249.4,12.3,295.86,2023-11-13
2057,385,Galvanton,Courtneyshire,460.2,10.31,530.31,2024-12-25
2058,165,Victoriaside,South Timothy,1297.4,12.97,1388.23,2023-10-24
2059,490,North Timothyberg,Mooretown,1795.6,13.61,2048.67,2024-02-12
2060,472,Lake Elizabethport,Mooreborough,1262.2,7.44,733.1,2024-07-16
2061,459,West Robert,South Zacharytown,1987.0,16.59,2126.33,2023-12-22
2062,157,North Kayla,Farleyhaven,547.4,21.72,923.97,2024-02-19
2063,432,Dakotaview,Tiffanyside,1091.3,10.05,669.07,2024-08-13
2064,44,Murrayland,Paulview,966.6,14.21,815.92,2023-06-08
2065,22,South Nicholashaven,Coleland,772.9,13.45,687.27,2024-03-14
2066,240,Kathrynville,South Kevinchester,1189.9,15.91,1511.23,2024-11-05
2067,140,Elizabethstad,Clarkport,1109.6,9.82,924.31,2023-02-05
2068,331,New Brandonmouth,New Sarah,986.8,5.31,347.75,2023-07-13
2069,257,East Michaelstad,Riveraborough,235.9,22.64,377.15,2023-01-13
2070,475,Warnerfort,North Erica,1306.3,16.45,2256.55,2023-07-06
2071,280,Simpsonside,Rodriguezburgh,608.0,3.85,176.07,2023-03-19
2072,155,Rodriguezport,Nuneztown,540.8,5.72,225.96,2024-10-14
2073,98,East Joseton,West Stephanie,1875.8,19.44,3981.36,2024-10-23
2074,386,Manuelton,Kennethton,1778.8,24.95,5320.77,2023-08-14
2075,395,Lake Annaside,New Melanie,1804.7,14.04,1730.06,2024-01-30
2076,207,Younghaven,Taylorfurt,783.7,20.74,1703.72,2023-11-08
2077,7,Lewisborough,Johnbury,2367.2,20.72,5054.26,2023-03-17
2078,77,North Anthonyland,Jeffreyburgh,1206.4,13.3,1657.16,2024-08-22
2079,108,Christinebury,South Heatherview,2170.4,6.46,1410.96,2024-04-22
2080,388,Freyshire,Edwardsview,1212.4,13.38,1703.6,2023-03-24
2081,44,Hernandezfort,West Cory,1198.4,20.55,1818.62,2023-11-18
2082,358,Mooremouth,South Kimberly,817.0,5.51,467.76,2024-04-15
2083,16,Brownburgh,East Benjamin,1073.3,11.53,1357.63,2024-05-05
2084,483,Benjaminfurt,Hayesville,968.0,14.86,848.46,2023-06-24
2085,182,Christianstad,Port Josehaven,1857.6,13.0,2321.17,2023-05-24
2086,207,Port Michelle,West Chadfurt,882.6,11.06,956.67,2024-10-22
2087,301,Lake Amyville,East Beth,1919.0,17.57,2393.04,2023-12-02
2088,79,Kelseyfort,New Angelaborough,106.9,19.85,243.07,2024-01-14
2089,410,West Donaldfurt,Mariaport,2444.2,24.86,5454.88,2023-11-20
2090,196,Ericberg,Port Tiffany,1527.4,15.59,2635.68,2023-08-24
2091,97,West Amanda,Leeland,550.3,10.38,499.32,2024-06-23
2092,328,Youngland,Michaelbury,1213.2,8.89,1265.51,2023-07-09
2093,284,New Anthonyberg,Sheltonshire,2242.1,3.24,416.26,2023-02-27
2094,14,West Kristinbury,Smithland,485.2,20.84,932.65,2024-09-22
2095,146,Shawnland,Port Curtisshire,507.4,2.67,159.06,2023-01-20
2096,233,Lake Leslie,Huberberg,554.4,7.99,384.09,2024-09-16
2097,441,Jessicachester,West Bryan,190.8,13.44,159.06,2024-11-21
2098,67,West Christian,East Katelynhaven,2279.0,10.39,2824.21,2023-02-05
2099,490,Port Yvonneside,West Alecmouth,1364.3,12.48,933.28,2023-03-22
2100,159,Lake Janeburgh,Daisymouth,2263.8,5.96,1496.71,2024-12-16
2101,310,West Larryton,Robertshire,1108.9,18.03,1664.15,2024-11-09
2102,367,Laurafurt,Garciahaven,1459.0,8.45,791.59,2024-08-01
2103,74,North Andrew,West Lisastad,1727.8,7.61,664.28,2023-12-23
2104,127,Nelsonfort,Port Elijah,1142.0,20.79,2192.34,2024-08-15
2105,236,Greeneton,Swansontown,1338.3,22.85,3411.12,2023-09-12
2106,331,Port Victoria,Bakershire,1183.6,1.94,129.45,2023-06-22
2107,365,Smithbury,New Daniel,2208.4,11.95,2613.23,2024-04-21
2108,436,Adkinsport,East Lisafurt,1991.2,10.39,2226.92,2023-06-27
2109,376,North Marthatown,East Ronald,479.1,6.98,377.88,2023-08-22
2110,358,Bellland,West Tracyfurt,1108.6,10.23,1090.27,2024-09-20
2111,123,Lake Maryland,New Carriemouth,1443.1,10.45,1752.31,2023-07-07
2112,276,Buchananburgh,Jeremiahton,2219.6,4.79,1188.42,2023-08-18
2113,370,Andrewview,Robertshaven,765.1,22.99,1738.97,2023-10-29
2114,391,Greeneside,Hamptonshire,2260.5,22.81,4062.54,2023-11-07
2115,54,Williamhaven,South Alexanderbury,1404.4,24.89,1935.04,2024-09-26
2116,85,North Vanessamouth,Smithland,1285.8,19.71,1994.67,2023-11-11
2117,38,Herringbury,Edwardsport,669.3,13.15,724.8,2023-12-12
2118,176,Port James,South Allisonville,1615.2,17.21,2288.67,2024-04-07
2119,6,South Danielchester,North Joshuatown,1877.6,21.54,3145.18,2024-12-24
2120,344,West Justinland,Matthewshire,664.0,18.02,712.58,2023-05-13
2121,281,Ramirezbury,Lake Ebony,1884.3,12.63,1303.61,2023-11-25
2122,242,Mercermouth,Shelbybury,1659.7,18.13,2426.51,2023-08-24
2123,10,South Kimberlytown,Lake Jim,2060.0,21.2,2705.1,2024-03-16
2124,380,Port Brianshire,South Courtney,1537.1,5.25,473.62,2023-07-09
2125,347,Lake Paul,Lake Christinamouth,1007.6,2.86,298.12,2023-09-28
2126,366,South Jayshire,Kathrynberg,719.5,11.58,520.37,2023-07-02
2127,357,Robbinsberg,Port Julie,134.4,17.2,150.56,2023-08-01
2128,340,Meganfurt,Tarabury,167.0,16.23,234.72,2024-03-11
2129,158,Port Timothy,Tranland,1805.2,22.53,3145.64,2024-10-11
2130,194,East Joshuaborough,Port Timothyfurt,1137.8,15.36,933.36,2023-07-22
2131,123,South Adamstad,South Moniquemouth,1929.4,23.29,3425.23,2023-12-09
2132,8,North Nicole,South Derektown,540.0,1.38,38.72,2023-12-26
2133,113,West Karen,Turnerborough,875.9,5.61,475.79,2023-11-02
2134,341,Smithport,Michaeltown,2398.9,3.32,863.95,2024-09-28
2135,56,New Jennifer,Dorisfort,461.3,5.01,182.8,2024-10-19
2136,320,Lake Amberfurt,Mckayshire,2048.3,8.74,1680.56,2024-06-24
2137,62,Marcoton,Andrewburgh,557.4,14.0,903.07,2023-04-28
2138,8,North Brandonland,Lake Kelliton,619.4,3.54,159.27,2023-10-30
2139,235,Rogerchester,Port Brendaborough,1035.2,8.59,686.87,2023-03-06
2140,320,Kristinhaven,East Staceybury,589.2,16.79,687.46,2024-03-12
2141,155,Lake Jodihaven,Lake Kathryn,954.0,2.62,163.21,2023-01-01
2142,365,Elizabethfurt,Port Erinside,1930.5,12.99,2992.54,2024-02-17
2143,88,Woodsborough,North Bryan,1363.6,24.77,3699.61,2024-10-24
2144,324,Allisonfort,Frybury,667.3,3.27,158.65,2024-05-31
2145,356,Chasestad,Jennyland,1756.0,17.27,3580.47,2024-05-02
2146,353,East Vanessa,East Andrew,375.7,5.21,202.24,2024-04-15
2147,172,New Jessicafurt,Davidfurt,829.0,21.44,1488.54,2023-06-15
2148,262,Port Anthony,South Jose,93.2,22.89,173.71,2023-02-19
2149,7,Lawsonchester,West Robin,1619.5,6.58,971.03,2023-04-01
2150,159,South Melaniechester,Alexisbury,619.9,15.79,1103.86,2024-04-18
2151,41,Port Barbara,Lake Ashleybury,629.2,11.28,475.87,2023-04-25
2152,78,West Donald,Lake Linda,196.8,9.99,139.12,2024-05-26
2153,372,Buckburgh,Barronbury,970.6,16.41,1061.8,2024-09-17
2154,169,Cassidyshire,Meganburgh,1515.3,23.7,3654.03,2023-12-25
2155,21,West Jackson,Gillview,379.0,8.62,343.32,2024-12-28
2156,148,Kathleenbury,Wangside,1326.1,24.46,3093.24,2023-08-23
2157,176,Port Teresaville,West Kristabury,1888.8,6.5,1243.69,2023-12-04
2158,341,South Jonathanhaven,West Annafort,643.5,13.94,1017.82,2023-06-21
2159,114,Loganstad,Port Daniellefurt,2471.5,20.23,4936.82,2023-03-08
2160,227,Port Timothy,Hickmanton,1539.8,10.16,1134.44,2024-06-26
2161,489,Barbaraberg,Lake Jessicafurt,1593.0,2.55,342.91,2023-05-14
2162,105,Jacksonchester,Lake Tammy,521.5,16.22,506.74,2023-07-02
2163,408,East Dustinmouth,Charlestown,357.6,5.17,163.47,2023-11-04
2164,372,Melvinshire,Mcdonaldbury,2332.9,6.67,863.16,2023-05-17
2165,218,Cordovashire,New Maria,1194.3,4.94,376.57,2024-07-14
2166,230,Kathrynland,West Jennifer,482.3,6.98,235.57,2024-01-15
2167,247,North Calebborough,Richmondmouth,2420.9,5.83,1557.74,2023-07-29
2168,86,Lake Allison,West Phillip,246.0,24.34,466.3,2023-01-10
2169,222,Royville,East Michaelside,1203.2,11.14,1241.95,2024-05-22
2170,11,East Jared,New Bradleyfurt,1912.8,20.67,4173.16,2023-08-15
2171,465,Lake Stacieberg,Lake Johnny,1916.7,11.26,1204.85,2023-07-13
2172,373,New Steven,Port Daniel,2307.8,15.28,2140.33,2024-05-10
2173,146,Vegahaven,North George,480.5,10.13,347.58,2024-11-20
2174,70,Lake Ronald,Kathrynport,969.1,15.54,828.83,2023-12-09
2175,3,Edwardtown,Andersonland,1801.4,5.7,1171.88,2024-02-28
2176,252,Kirkside,Devinfort,81.4,13.02,106.8,2024-04-24
2177,381,South Evelynburgh,Austinchester,1041.2,10.98,887.44,2023-07-16
2178,302,Lake Randall,East Colleenmouth,964.2,12.75,1166.33,2024-08-14
2179,64,Christophertown,West Nicoleton,224.5,22.24,596.51,2023-10-02
2180,224,New Kevinside,Jenniferberg,992.8,14.57,919.92,2024-02-03
2181,179,East Hannah,East Robertmouth,2394.9,19.51,4794.42,2023-11-30
2182,357,East Marco,Lake Destiny,1298.5,12.73,1623.14,2023-04-15
2183,127,Lake Rebeccaview,Port Danielle,191.4,10.25,156.33,2023-06-29
2184,324,Riveraborough,South Katrinaberg,643.8,1.83,125.97,2023-06-03
2185,76,Port Catherinechester,Walkerchester,1781.1,1.68,289.04,2024-10-21
2186,131,Salazarside,Acostaport,690.3,11.93,804.38,2024-10-14
2187,83,East Michele,Nathanielview,656.2,14.88,941.1,2023-01-08
2188,470,South Coryfurt,Bettytown,80.2,19.5,148.74,2023-02-19
2189,42,Kellymouth,North Markville,991.7,17.95,2103.91,2023-01-24
2190,425,Evansshire,Greerburgh,1320.4,5.53,581.27,2024-01-16
2191,273,New Davidville,West Adamtown,1095.8,17.6,1640.19,2024-02-05
2192,211,Gilbertchester,Lake Jenniferborough,1663.3,10.19,1212.85,2024-05-23
2193,56,Marymouth,Ernestbury,1893.5,23.18,4865.76,2023-04-05
2194,74,East Donna,West Wesleyside,1608.6,19.64,2341.27,2024-06-24
2195,358,Wongport,West Samantha,709.1,6.03,437.77,2023-05-30
2196,1,Lake Melissaport,Carneyburgh,804.8,24.69,2129.07,2024-07-28
2197,214,Julieborough,Brandonville,287.3,19.57,445.57,2024-12-29
2198,192,West Kimberlymouth,Williamchester,1653.6,18.59,1904.2,2023-03-09
2199,258,South Sean,South Billy,506.7,4.22,179.73,2024-10-10
2200,96,Hillshire,East Andrewstad,2373.8,11.82,3002.41,2023-03-06
2201,99,Lake Katherinefort,Port Amyland,542.3,19.0,1098.81,2024-09-15
2202,321,Margaretberg,New Victoria,685.4,22.65,1220.45,2024-09-12
2203,41,Susanmouth,Donnastad,2286.8,3.62,782.71,2023-06-21
2204,176,North Mark,Annamouth,768.2,10.07,536.66,2024-04-08
2205,390,Crawfordland,Lake Jacobmouth,122.7,6.63,68.3,2023-09-07
2206,4,North Jeanne,Taylorberg,297.0,2.47,75.29,2024-04-05
2207,109,Markville,South Aaronshire,1680.0,19.94,1773.12,2023-12-10
2208,493,Tammyshire,Buckton,1329.7,1.17,143.45,2024-11-23
2209,173,West Donnaburgh,North Kimberly,1915.3,23.37,3720.78,2024-09-11
2210,176,Fletcherfurt,North Roseborough,1530.7,9.08,1358.33,2023-06-06
2211,341,Reynoldsland,Lake William,2498.6,20.6,5963.93,2023-07-31
2212,448,North Gloria,Campbellville,1026.3,15.66,1900.84,2024-03-24
2213,358,Lake Johnshire,Rayberg,859.1,3.4,239.47,2024-07-29
2214,14,Lake Rebeccamouth,Donovanbury,1034.4,21.05,2498.64,2023-12-29
2215,359,Goodmanhaven,Nicoleberg,1524.7,21.86,2318.52,2023-06-14
2216,352,Jessicaside,Huntville,1891.0,6.96,1074.42,2024-02-03
2217,97,Kimberlyshire,Fosterbury,1664.2,12.4,1628.58,2024-02-29
2218,165,Lake Adambury,Matthewsshire,57.7,16.31,109.11,2023-02-09
2219,414,Kimberlymouth,Suttonview,90.7,9.64,46.52,2024-04-20
2220,249,Joshuaton,Powellburgh,1852.7,17.27,2122.91,2024-11-06
2221,220,Taylormouth,Destinyport,1030.4,15.7,901.01,2024-07-31
2222,338,Greershire,Lake Peterview,2350.8,23.6,4622.97,2024-08-19
2223,151,Bethanyhaven,New Zachary,2149.9,22.72,4952.93,2023-07-13
2224,449,South Lisashire,Coxmouth,1537.6,18.09,3084.43,2024-05-01
2225,66,Lake Tyler,Wadeside,1451.1,21.56,2669.44,2023-12-16
2226,281,Woodsport,West Erica,1269.9,3.09,424.83,2023-02-25
2227,489,North Wendy,Port Gloriamouth,2468.7,12.2,3395.78,2024-01-15
2228,109,Davisborough,Dianetown,333.4,16.9,376.74,2023-12-28
2229,55,South Brandy,East James,467.6,23.66,1095.21,2024-01-18
2230,476,Justinbury,South Bonnie,1115.5,18.18,1241.46,2024-07-06
2231,369,Davidside,Evelynton,849.9,10.2,603.58,2024-04-14
2232,64,East Christopher,Port Frances,681.2,12.43,955.33,2024-07-19
2233,252,Jamesmouth,West Heather,1680.4,23.15,3670.27,2023-11-01
2234,478,Lisaport,Mooreton,271.6,17.6,530.77,2024-07-06
2235,176,East John,Freemanport,1461.1,23.17,1845.93,2023-05-27
2236,196,Oliviashire,Lake Michael,973.7,18.22,1801.05,2023-11-26
2237,224,Heatherton,North Blake,1652.1,19.84,3855.88,2023-10-13
2238,45,Kingborough,Mccannview,2030.7,6.37,751.53,2023-03-30
2239,97,Annefort,Rodriguezburgh,322.9,9.17,270.79,2024-12-28
2240,437,Lake Carla,South Erica,1874.3,3.79,538.04,2023-03-25
2241,160,Port Roberttown,Mossville,817.8,10.12,840.73,2024-08-10
2242,217,East Misty,Lake Jennifer,201.6,13.85,305.18,2024-12-04
2243,408,Paulport,Grantstad,833.1,9.76,793.19,2023-01-21
2244,55,West Nathanmouth,Beverlyton,359.5,16.93,556.01,2023-07-12
2245,75,Lewismouth,Smithfort,1018.5,13.92,1165.99,2023-04-08
2246,349,Sandraborough,Lake Derrick,2049.6,8.12,1087.16,2024-01-14
2247,341,New Jennifer,West Erikachester,1166.7,15.44,1084.63,2023-11-15
2248,164,New Gregorybury,Cunninghamberg,2130.4,20.87,2329.96,2023-01-28
2249,435,East Staceyburgh,North Anne,806.8,24.77,1171.94,2023-11-26
2250,254,Ericafurt,South Kerriton,1781.0,12.48,2400.68,2023-10-18
2251,415,Johnsonland,Erikaburgh,764.2,24.2,1000.82,2023-12-02
2252,376,East Brandyborough,Kyleton,866.2,20.87,1170.4,2023-01-31
2253,473,Greeneburgh,South Ianland,2339.4,6.4,1519.69,2023-12-22
2254,201,Lake John,New Jessica,2170.3,5.3,967.66,2024-03-04
2255,82,Lake Caitlynshire,Loganberg,782.8,20.56,1832.61,2024-10-26
2256,348,Port Matthewtown,Millerburgh,2478.1,14.15,2581.45,2023-03-29
2257,37,Williamston,East William,1209.9,9.36,876.48,2024-12-15
2258,100,Wallaceview,South Kimberly,1343.2,7.79,1033.24,2024-05-21
2259,166,Christinemouth,Mossside,1767.7,14.15,1421.05,2023-09-03
2260,436,Mccormickside,North Ricardo,1893.1,14.93,3006.02,2024-11-21
2261,296,Lake Donna,North Tinaburgh,2339.7,8.3,1860.86,2023-04-28
2262,75,West Jonathanchester,Wesleymouth,387.0,17.7,482.07,2023-11-24
2263,334,Travistown,Cardenastown,563.9,20.3,729.14,2023-04-17
2264,348,Mercadoview,Mooreview,72.4,18.42,120.42,2024-05-17
2265,219,Gregorymouth,South Andrea,1974.5,21.6,3256.65,2024-12-13
2266,183,Taylorside,Alexistown,1714.6,5.04,466.15,2024-06-23
2267,264,Robertfort,Elliston,2436.7,5.31,694.47,2024-09-21
2268,322,East Rebeccahaven,Ashleyberg,1642.7,15.24,2951.12,2023-12-04
2269,204,Erichaven,Port Carolhaven,1820.2,6.88,730.29,2024-02-28
2270,335,South Gloria,Lake Dawnfurt,1247.1,17.51,2550.94,2024-09-10
2271,344,South Anthonymouth,Port Travis,1875.7,19.62,4393.39,2023-07-19
2272,333,Johnsonfurt,Danielstown,1663.4,19.67,3616.86,2024-05-16
2273,6,North Hannah,Grayfort,986.1,16.18,1294.89,2024-09-09
2274,343,Cynthiaberg,Aguilarborough,344.0,2.98,86.36,2024-11-06
2275,294,East Kathleenview,New Gail,2275.8,6.4,1326.58,2024-11-28
2276,304,Emilyview,Port Raymondtown,1224.8,17.65,1223.97,2023-07-05
2277,223,New Angelaview,New Scottville,493.7,12.62,592.66,2023-03-07
2278,366,Lake Wyattfurt,Brennanville,781.0,4.01,227.89,2024-01-02
2279,417,North Timothy,Lake Stacyfort,2276.8,20.09,2879.04,2023-10-13
2280,402,Brianbury,South Theresa,1766.8,10.45,1979.65,2024-10-04
2281,300,Jessicafurt,Lyonsport,2039.9,12.73,2241.63,2024-03-25
2282,386,Lake Brianland,North Sarashire,1370.5,20.65,2706.1,2023-11-17
2283,93,North Ericaton,South Angelastad,1894.8,24.18,5169.55,2024-12-19
2284,229,North Nathan,West Elizabeth,2161.9,17.69,1926.45,2023-01-22
2285,106,Martinbury,North Christopher,2011.3,3.95,468.87,2024-03-15
2286,386,New Rachel,Diazfort,1649.0,3.11,348.59,2024-06-07
2287,187,Craigmouth,Port Carol,135.8,24.52,284.47,2023-07-28
2288,337,Goodmanview,West Edward,2417.4,5.12,1465.41,2023-09-07
2289,266,Elizabethburgh,West Christopherport,50.2,8.21,47.91,2024-05-30
2290,72,Kimberlyborough,Carterstad,2266.3,8.04,1592.29,2023-03-29
2291,181,East Stephen,Port Sean,1463.8,17.68,2240.86,2023-03-14
2292,340,Figueroamouth,Fergusonfurt,1535.1,13.25,1996.48,2023-11-26
2293,154,Port Alyssamouth,Wangmouth,2058.4,6.69,869.83,2024-08-18
2294,283,Port Michaelport,Blackland,2147.4,6.17,786.95,2023-08-22
2295,319,Briannaton,East Stephaniemouth,579.3,9.62,328.77,2023-08-02
2296,333,Jacksonton,Seanview,1083.9,14.2,1050.42,2024-01-26
2297,131,New Christinaside,Clarkview,2264.0,10.6,1339.78,2023-09-14
2298,105,West Dustin,Doyleville,1707.5,23.56,2414.81,2023-10-18
2299,357,North Heatherton,Laurenland,222.9,18.58,495.63,2023-03-17
2300,332,Robertchester,Candaceburgh,1631.6,18.15,2649.08,2024-02-19
2301,79,West Margaret,Wilsonborough,2060.2,15.52,2538.06,2023-03-01
2302,494,Cummingsborough,Heatherside,825.1,19.91,1257.15,2023-02-10
2303,57,East Dylanchester,Ericfort,1528.8,2.86,256.76,2023-01-07
2304,46,North Matthew,Kennethburgh,1725.7,10.76,1356.52,2024-05-29
2305,445,Morseside,Lake Chelsealand,938.9,9.0,584.14,2024-09-30
2306,497,Thomasview,Seanfurt,2005.3,7.57,863.09,2024-10-25
2307,64,Gregbury,Mullenfort,594.5,23.84,1485.2,2023-01-04
2308,421,Evelynburgh,West Russellmouth,480.5,18.48,634.53,2024-07-14
2309,293,Rogerston,Mauriceberg,2026.7,3.29,496.24,2023-05-23
2310,460,South Sean,Harveyhaven,2170.2,14.24,2859.29,2024-04-27
2311,93,Lawrenceside,Shepardmouth,167.5,8.63,148.36,2024-02-07
2312,273,Markview,Blakeland,895.7,18.79,1981.93,2023-08-16
2313,304,Adamberg,South Wanda,1401.6,22.17,2429.5,2023-07-02
2314,80,Lake Markchester,Lake Shawn,362.6,1.23,38.33,2024-12-13
2315,137,Lake Bonnieview,Huanghaven,1661.0,4.42,658.76,2024-05-30
2316,363,North Ericview,Kristinfort,179.5,18.41,390.65,2024-04-13
2317,235,South Jennifer,Richardland,1954.9,17.28,2678.03,2024-04-14
2318,258,Spencerfurt,Lake David,498.6,24.67,1302.53,2023-10-07
2319,368,Port Paula,Johnsonchester,752.7,23.86,1552.44,2024-12-16
2320,440,Aprilmouth,North Nicholas,2209.4,20.54,3238.54,2023-09-18
2321,433,South Cynthia,Johnton,263.0,8.34,227.99,2023-04-12
2322,484,Horneburgh,Joneschester,270.8,2.91,79.67,2023-06-15
2323,147,West Kenneth,Robertland,279.4,14.81,231.4,2024-05-08
2324,493,East Connieborough,South Amyburgh,1407.7,12.83,2008.44,2024-09-13
2325,70,Ryanton,Butlermouth,2373.6,17.25,4719.72,2024-03-09
2326,455,Michaelhaven,Williamfurt,1225.2,13.36,1961.9,2024-06-25
2327,98,Ryanport,New Sarahburgh,1354.4,3.99,275.46,2023-06-29
2328,360,West Donald,Lake Alexandra,2281.7,18.9,4312.03,2024-05-03
2329,339,Reynoldston,Maryview,1359.1,9.28,1508.39,2024-02-24
2330,271,Gregoryhaven,Lake Mary,2379.6,20.76,5514.24,2023-10-31
2331,87,Stephensonmouth,North John,1726.0,2.02,283.82,2023-08-11
2332,116,Port Emily,Davisburgh,1702.6,22.17,3270.6,2024-06-04
2333,181,North Jared,Duffyhaven,478.3,9.81,278.39,2023-06-12
2334,192,Davidmouth,Gardnerberg,2383.6,11.15,2034.12,2023-12-06
2335,426,Jacobberg,Rodgerstown,2425.8,9.11,2155.42,2023-11-29
2336,154,East Adam,Colebury,1370.8,19.39,1548.29,2024-07-15
2337,324,Samuelland,South Hunterside,1233.7,7.35,454.8,2024-10-07
2338,478,West Dana,Lisastad,1443.7,6.22,640.6,2023-06-26
2339,479,West Pamela,East Stephanie,2399.9,13.37,3611.01,2024-01-09
2340,183,Porterton,West Markmouth,1184.5,15.83,1578.4,2023-04-11
2341,55,Janicefort,North Shelly,64.4,12.05,55.01,2024-02-17
2342,182,Walkerberg,New Maxwell,62.6,22.36,88.23,2024-08-25
2343,271,Livingstontown,Jennaview,71.7,11.34,51.9,2024-12-19
2344,250,West Matthew,Rebekahhaven,1310.1,4.69,360.48,2023-02-02
2345,241,New Laura,Banksport,66.9,19.47,87.93,2024-04-13
2346,94,South Thomasside,West Kristinachester,1018.6,8.18,666.44,2023-03-22
2347,337,Ricardomouth,New Peter,1364.2,7.47,1215.29,2024-05-10
2348,223,Normantown,Tamaraview,2106.4,4.88,768.49,2024-09-03
2349,57,Juliechester,Reeseborough,64.2,22.21,142.08,2024-02-04
2350,381,New Melanie,West Amy,514.4,1.97,78.66,2023-05-26
2351,486,Amandamouth,North Donnachester,861.5,1.76,146.52,2023-09-14
2352,216,East Erica,Shelbyshire,1224.3,16.97,1425.38,2024-11-23
2353,66,Susanchester,Anthonychester,1248.2,12.89,1572.27,2024-10-14
2354,257,Jamieland,Lake Brandon,846.0,19.35,1828.93,2023-01-19
2355,68,New William,East Jenniferhaven,1828.7,18.81,3707.91,2024-10-29
2356,80,Port Katherineberg,East Michael,318.8,3.59,58.92,2024-01-23
2357,27,West Patriciaside,North Ambertown,893.1,1.33,116.3,2024-03-02
2358,378,Loriborough,Ramirezborough,1711.9,9.21,1865.99,2023-04-01
2359,43,Ellisberg,Henryhaven,69.7,12.52,60.87,2023-09-11
2360,262,Jonesmouth,Diazchester,1914.2,6.95,807.2,2024-08-18
2361,135,Stevenshire,Michaelfort,507.8,7.75,228.46,2024-05-27
2362,102,Cherylstad,Anthonymouth,2485.9,6.94,1853.62,2023-09-22
2363,374,Lake Crystal,New Jennifer,1211.0,19.79,1371.19,2023-09-09
2364,303,Wilsonhaven,Nancyport,1280.7,5.35,818.64,2023-03-06
2365,206,New Jeffreystad,Lake Lawrence,1590.8,4.57,424.8,2024-11-28
2366,219,Douglaston,Shannonhaven,144.0,24.77,410.32,2024-07-28
2367,195,Port Katherine,Santosville,93.3,5.79,59.7,2024-05-16
2368,119,New Crystalburgh,West Marilynstad,1047.9,8.35,825.4,2024-11-09
2369,219,Jennifermouth,North Linda,593.3,11.23,361.75,2024-01-17
2370,144,South Crystal,Steventown,1627.5,8.3,930.01,2023-02-01
2371,459,West Stephanie,Port Jessica,2360.3,18.08,2871.45,2024-02-03
2372,382,East Jennifer,Port Garyport,166.5,1.98,17.69,2024-06-14
2373,311,Alecburgh,Port Samuel,838.0,7.85,457.92,2024-11-13
2374,187,New Johnburgh,Port Andreaton,296.9,5.44,187.97,2023-08-13
2375,350,West Timothy,Brandyton,869.0,3.68,309.64,2023-10-08
2376,380,West Sarafort,Christopherbury,1401.8,21.69,2225.19,2024-07-03
2377,310,West Kevin,North Angelaland,2034.6,18.83,3494.92,2024-12-03
2378,197,East Laurenbury,Lauriestad,960.4,16.61,1032.15,2024-08-30
2379,309,East Jasonchester,South Ronald,263.7,3.55,88.06,2024-01-03
2380,336,East Tristanport,North Kayla,344.9,15.08,592.16,2023-11-20
2381,51,Port Gabrielland,New Christopher,2052.7,5.63,938.45,2023-04-28
2382,372,North Kellyport,East Christineton,233.5,14.12,243.99,2023-06-23
2383,79,New Noahchester,Lisaburgh,1211.8,19.26,2038.66,2024-03-07
2384,130,Port Ashleyshire,New Ericborough,157.3,5.6,77.99,2023-05-27
2385,287,Philipside,North Scott,2234.4,19.22,4690.74,2023-05-30
2386,368,Port Ryan,Burnsport,2439.1,22.48,4462.9,2023-04-28
2387,269,South Christopherborough,New Dariushaven,337.7,11.47,324.58,2024-12-20
2388,307,Robertsmouth,North Johnborough,2331.8,13.09,1572.9,2024-09-08
2389,490,North Kathryn,West Stephanie,721.7,24.22,1228.39,2024-08-30
2390,380,Russellfort,West Patriciafort,1437.1,20.07,2842.91,2023-07-24
2391,263,Cooperfort,Reedberg,2045.6,12.88,2299.41,2024-08-21
2392,197,Hernandezland,Avilaborough,2430.3,4.97,1238.67,2023-10-06
2393,106,Johnsonborough,Moyerhaven,1428.1,10.37,1369.95,2023-04-02
2394,357,North Deniseton,Kayleemouth,501.0,4.84,158.21,2024-07-19
2395,258,East Kathleenshire,Heathborough,71.7,23.29,143.44,2024-10-19
2396,113,Rossmouth,North Michaelview,1784.0,13.6,1728.42,2023-02-16
2397,115,Sandersbury,Port John,776.1,7.44,336.85,2023-11-09
2398,76,Brownfort,Lake Erinhaven,161.8,6.72,57.34,2024-06-19
2399,448,Port Anthonyfort,West Dianaside,2358.0,7.67,1072.64,2024-09-27
2400,422,East Ian,Jasontown,1987.0,16.42,2200.03,2023-11-23
2401,324,Morganside,Carterside,564.4,3.79,204.08,2024-09-12
2402,362,New Nancy,East Taylor,1532.6,9.86,843.63,2024-06-22
2403,460,Port Beckyburgh,New Melissa,2215.8,7.34,965.31,2024-04-10
2404,418,Lake Nathaniel,Juliastad,1548.1,8.79,734.94,2023-09-10
2405,144,East Christineville,Harringtonborough,75.5,9.53,72.77,2023-09-03
2406,445,Aprilburgh,South Tyler,483.0,24.32,1029.2,2024-12-15
2407,382,New Jennifer,South Natalie,1956.6,19.73,2217.82,2024-03-11
2408,321,East Stephanie,North Jonathanbury,1735.9,23.7,2798.16,2024-10-15
2409,113,Scotthaven,Robertview,1604.0,14.22,2444.64,2023-11-16
2410,440,Rojasview,South Jerryland,844.4,5.89,467.94,2024-02-06
2411,372,South Jeremymouth,Michaelburgh,1894.6,4.74,594.69,2023-04-12
2412,254,Castilloton,West Michaelport,1113.1,4.56,423.98,2024-03-22
2413,97,North Karaview,Laurenstad,494.7,5.44,297.01,2023-01-04
2414,145,New Daniel,Jenniferfurt,1445.7,23.64,2140.41,2023-12-08
2415,202,North Robertfurt,North Kurttown,101.6,4.91,31.15,2024-11-23
2416,219,South Charles,South Kaitlyn,1734.0,5.51,573.71,2024-10-29
2417,52,Matthewview,Mataview,650.9,22.82,1751.63,2023-01-18
2418,7,Masonbury,Hunterview,1824.6,4.29,802.57,2023-05-17
2419,424,South Shannon,Lindsayborough,1528.1,10.07,791.71,2024-12-19
2420,68,Crystalmouth,Victoriashire,83.2,20.93,201.0,2023-08-14
2421,322,Frenchtown,East Victorialand,658.4,3.01,118.88,2023-10-03
2422,406,Schneiderberg,South Kimberly,1519.1,20.02,1540.62,2023-03-14
2423,363,Marshfort,Gloriaville,310.5,18.67,427.17,2023-06-21
2424,457,Manningborough,Yatesbury,258.2,4.34,115.62,2024-05-21
2425,80,Dominiqueton,Marymouth,1138.6,4.92,410.19,2024-02-20
2426,279,West Anthony,South Feliciastad,647.3,14.04,624.55,2023-01-17
2427,152,North Jacobview,East Joshuahaven,351.5,20.8,418.18,2023-01-26
2428,1,Annaborough,Hesston,301.3,22.27,530.56,2024-05-03
2429,76,Thompsonfort,Jennifershire,2284.8,1.58,288.44,2023-01-13
2430,351,West Lisastad,Justinfurt,915.6,7.88,826.24,2023-09-18
2431,58,Kellyland,Kirbystad,992.6,22.22,2373.07,2023-11-29
2432,490,Andersonmouth,New Alan,1255.0,24.78,2043.71,2024-10-18
2433,61,South Tammyland,Harrisport,2391.8,9.58,2133.21,2023-01-10
2434,23,Heidimouth,East Lawrence,933.2,23.19,1210.51,2023-12-25
2435,308,Dawsonside,Port Francis,1531.0,5.27,703.03,2023-04-02
2436,352,Higginston,North Seanmouth,494.3,11.21,623.48,2023-08-05
2437,54,East Feliciaport,Shaneland,788.8,20.62,1209.91,2024-03-08
2438,136,North Melissa,Anitaland,714.2,12.98,703.04,2024-07-26
2439,2,Glennbury,Jenniferberg,2036.3,18.07,2036.5,2024-06-26
2440,76,Lake Jason,Lake Amanda,2161.2,24.47,5523.52,2024-09-03
2441,403,Michelefort,Lake Jaredberg,834.6,10.37,869.76,2024-01-02
2442,219,Nicholasmouth,Davisland,2442.0,20.55,2906.68,2023-11-18
2443,66,Lake Jessica,Port Aliciamouth,2401.0,7.68,1038.73,2023-09-23
2444,218,Charlestown,Lunaville,495.6,10.24,367.18,2023-01-30
2445,326,Wilsonport,Scottfurt,1229.2,24.35,2757.31,2023-04-01
2446,126,North Yvonnehaven,North Katherine,867.0,20.25,1681.53,2024-07-07
2447,253,Laurenburgh,Morganfort,988.8,14.18,1229.83,2023-12-22
2448,298,Taraburgh,South Zoe,1354.6,20.71,2158.01,2023-06-15
2449,416,Wallerside,Elliston,1801.6,13.65,2566.44,2024-06-03
2450,2,Lake Dylanbury,West Sarah,1883.3,17.87,2236.8,2023-12-31
2451,243,Port Debraside,New Tanyaburgh,548.0,21.41,884.27,2023-05-02
2452,179,Armstrongshire,New Robertfurt,2396.2,23.1,2998.45,2023-11-12
2453,72,East Amberstad,New Victoria,934.1,21.38,2087.08,2023-11-16
2454,498,Stephenchester,Richardhaven,772.0,4.46,377.82,2024-10-05
2455,115,Port Jennifertown,Lake Victoria,2331.8,11.11,1677.47,2023-04-14
2456,361,Port Katherineshire,South Brandonbury,186.9,4.31,94.52,2024-01-02
2457,218,New Crystalchester,Waltonshire,400.5,18.59,735.06,2024-01-14
2458,38,North Victor,New Tamarahaven,960.6,17.83,1650.96,2023-06-24
2459,76,Williamberg,Vasquezport,1218.2,15.25,1134.57,2023-07-02
2460,292,Grimesburgh,Baileyfort,944.8,2.9,151.78,2024-02-25
2461,241,Emilyview,Randallmouth,2086.1,11.0,2376.84,2024-09-12
2462,154,Ruizstad,Christopherhaven,1871.7,18.95,3507.84,2023-04-14
2463,331,South Whitneyview,Woodsstad,1202.0,18.34,1787.34,2023-05-05
2464,452,East Kyleberg,North Jacob,1753.4,7.88,841.61,2023-01-03
2465,83,Carrbury,East Davidfurt,1624.0,15.5,1564.46,2023-05-20
2466,449,Michaelstad,Walkertown,76.6,20.98,156.84,2024-05-30
2467,293,South Karenview,Lake Patrickmouth,1163.0,18.07,1430.39,2024-04-20
2468,81,Robertsonberg,West Steven,1279.6,18.02,1836.76,2023-03-09
2469,487,Richardsonberg,Jeanborough,716.0,3.21,175.66,2024-08-01
2470,113,North Jenniferstad,South Jennifer,356.6,6.08,202.36,2024-01-10
2471,310,Burkeborough,East Travis,1011.1,20.74,2481.18,2024-08-18
2472,161,West David,Heidiburgh,2112.2,20.6,3602.33,2023-06-29
2473,28,South Donald,South Emily,1649.1,10.72,1354.74,2024-08-23
2474,56,Karenborough,North Jessebury,2018.2,16.52,2121.5,2023-05-25
2475,172,Summerston,New Heatherport,305.8,9.7,310.02,2024-07-11
2476,34,West Selena,East Juliatown,118.7,7.77,81.08,2023-04-21
2477,97,East Jesus,Lake David,569.2,1.26,81.53,2023-07-27
2478,138,New Juan,Waltersland,1401.6,16.32,1195.53,2024-05-01
2479,405,Debbieside,West Stevenmouth,258.3,14.68,201.5,2023-04-10
2480,159,Karenville,Herringshire,1235.3,2.15,150.12,2023-03-20
2481,204,Fernandezfurt,Mikestad,70.8,9.56,47.22,2024-05-26
2482,183,Jessicaberg,West Tracyside,1275.5,8.55,843.49,2023-08-27
2483,209,South Christine,South Keith,2435.9,17.86,2471.82,2024-09-06
2484,397,Lake Dustin,Gonzalezchester,2246.5,13.09,2504.05,2023-09-09
2485,301,Christinaview,New Victoria,418.0,15.09,484.1,2024-02-10
2486,350,East Carriemouth,Lake Jason,2178.6,1.9,253.68,2023-06-15
2487,368,Andrewburgh,New Williamshire,1184.6,22.24,1489.32,2024-06-22
2488,73,Maynardstad,Lake Gailtown,617.3,6.18,372.73,2024-10-02
2489,265,Alexanderchester,Mcdowellhaven,1933.6,4.87,1106.05,2023-04-10
2490,394,South Debbiebury,Troyfort,2481.1,15.61,3355.18,2023-11-11
2491,185,Mariashire,Wrightside,886.5,19.85,1297.45,2023-03-14
2492,365,Jenniferland,East Allisonburgh,1577.5,23.56,1962.39,2024-03-29
2493,313,Port Terry,East Dakota,1946.7,10.3,1295.65,2023-08-30
2494,255,Allenmouth,Jamiechester,1536.8,23.99,3306.42,2023-10-01
2495,159,Christinaport,East Angelastad,288.6,1.36,40.68,2023-06-26
2496,45,Robertchester,Jamesfort,1390.5,24.25,3530.48,2023-09-06
2497,152,Robinsonton,Lake Melissa,1272.3,11.92,938.46,2023-02-15
2498,46,Lake Lindsay,Casefurt,445.6,7.72,259.49,2023-01-13
2499,243,Walkerburgh,Jillmouth,224.3,18.06,333.19,2024-06-05
2500,474,East Stacey,West Samantha,2447.3,19.32,3827.14,2023-06-09
2501,21,Anneland,Contrerastown,394.1,3.98,140.87,2023-12-18
2502,318,New Davidtown,Anachester,940.5,7.88,582.76,2024-09-11
2503,433,Lake Scottberg,Collinsmouth,2297.0,4.1,712.65,2023-11-04
2504,212,Lake Taylor,Christinaview,1580.3,8.53,752.78,2024-08-23
2505,350,Freyton,New Jamesville,1289.6,7.31,1049.11,2023-03-12
2506,405,Carterstad,North Justinfort,154.6,24.46,204.18,2024-12-14
2507,437,Lake Joseph,Aliport,649.8,20.71,680.35,2024-09-24
2508,438,Mcguirebury,Tateton,308.0,10.02,277.47,2023-07-18
2509,48,Davidshire,Lake Martinchester,228.8,10.32,194.47,2024-08-01
2510,419,New Jamesside,Jodymouth,904.9,12.24,968.68,2023-09-25
2511,470,South Joshua,Michaelfurt,1188.9,3.06,368.26,2023-03-12
2512,206,Christinehaven,South Ericmouth,2400.9,10.53,2030.56,2024-01-30
2513,249,East Brandon,Ramirezburgh,855.4,8.61,881.96,2023-02-14
2514,233,West Kim,West John,571.0,18.79,622.32,2023-07-26
2515,328,Gregoryville,Port Curtis,143.8,4.74,56.5,2023-11-12
2516,397,Johnsonbury,Brownhaven,573.0,14.64,999.49,2023-10-04
2517,221,East Markport,Howellfurt,981.7,23.48,1735.79,2024-02-29
2518,12,West Brendaton,South Richard,2447.5,6.12,970.69,2023-11-28
2519,326,Stephenshire,Lake Judithland,2384.0,17.41,2859.28,2023-12-09
2520,42,East Gregorymouth,Port Johnshire,481.5,4.4,146.55,2023-11-27
2521,269,Halestad,Mckinneyland,780.9,18.09,1567.9,2024-09-25
2522,28,North Kristinport,West Adrianabury,574.6,22.43,810.49,2024-05-10
2523,386,West David,Espinozafurt,276.5,22.64,462.87,2023-06-16
2524,247,Port Jeffreymouth,Karatown,777.4,5.77,520.04,2023-01-01
2525,357,Kristenfort,Port April,1215.0,17.53,1304.52,2023-05-10
2526,422,North Jackport,Melissaville,1120.1,22.9,2306.53,2023-03-24
2527,40,West Angelicafurt,New Kennethshire,74.3,19.79,134.98,2024-02-25
2528,341,East Robinstad,West Matthewshire,1820.7,14.88,1628.86,2024-08-21
2529,378,Port Sarah,Patelland,2466.6,23.54,5922.42,2023-03-15
2530,479,Nortonfort,South Alantown,1846.2,1.34,278.95,2024-01-25
2531,497,Chelseyberg,Lake Frank,411.3,21.74,518.19,2024-05-13
2532,231,Andreville,Millershire,1701.2,7.31,1250.54,2024-10-11
2533,328,Port Donald,West Barbara,2361.1,21.57,4807.72,2023-06-20
2534,97,North Anna,Blaketon,2425.2,3.34,528.97,2023-05-07
2535,194,South Monique,South Tylerhaven,1079.4,14.11,938.6,2024-10-04
2536,348,Paulmouth,Amberfurt,579.5,6.03,221.48,2024-03-07
2537,9,North Hannahburgh,Mccormickberg,1463.2,1.34,209.72,2023-11-07
2538,64,Lake Jerometon,Vargasstad,789.8,8.37,709.54,2024-07-13
2539,211,Stewartland,North David,1763.3,16.57,2393.52,2023-02-27
2540,499,Port Dawnside,North Elizabethberg,911.7,20.88,1519.28,2023-12-02
2541,220,Port Erin,East Brian,1924.4,3.72,446.04,2024-11-01
2542,224,Brandyhaven,Carpenterberg,964.1,14.27,844.53,2023-09-10
2543,224,Frenchbury,Port Justinmouth,984.8,21.28,2057.9,2023-02-16
2544,464,Petershaven,Port Andrewshire,1603.6,17.85,3310.48,2024-04-11
2545,54,Schultzshire,Daltonton,2149.6,24.89,5693.62,2024-06-30
2546,54,Anthonyburgh,North Donaldton,269.6,1.39,43.2,2023-08-12
2547,52,Port Robert,South Kristiville,1266.2,19.04,2770.21,2024-10-16
2548,342,West Jonathanchester,New Jacquelinefort,1602.1,13.08,2229.89,2024-06-19
2549,233,West Benjaminside,West Roger,760.3,11.1,553.63,2024-12-05
2550,487,Juanstad,Port Richardshire,1401.4,3.75,577.78,2023-09-10
2551,212,Mariahaven,South Mariamouth,354.9,24.22,979.75,2024-06-12
2552,203,Raymondside,Lake Christine,2274.6,16.48,3933.14,2023-07-23
2553,146,Ashleyton,Scottview,68.6,9.99,45.01,2024-02-29
2554,463,Douglastown,Christinemouth,705.6,16.81,848.28,2023-03-02
2555,461,Velezburgh,Melanieside,1998.1,10.95,1463.91,2024-12-23
2556,405,Sullivanfurt,New Lindsayborough,2277.2,1.78,210.12,2023-08-12
2557,308,South Sharonport,Taylorfurt,967.3,20.6,2140.14,2023-02-04
2558,221,Haysfurt,Branditown,827.8,5.09,379.44,2023-04-06
2559,330,Andersonmouth,Millerfurt,642.5,24.36,993.64,2023-04-15
2560,220,Port Jennifer,Grahamborough,1013.6,2.24,261.64,2023-10-28
2561,89,West Lindsey,Walterchester,365.7,16.27,704.56,2023-08-28
2562,119,North Randyfurt,Port Tyler,1037.6,8.63,547.04,2024-01-11
2563,324,Bradleyland,Lydiafort,294.0,20.23,507.32,2024-01-17
2564,470,North Jennifer,West Earl,1463.5,10.41,1574.57,2023-04-13
2565,105,West Edward,Guerratown,687.6,14.27,1142.21,2023-05-20
2566,395,Juliehaven,Carolineland,278.5,1.62,22.92,2024-02-09
2567,472,North Michael,West Kendratown,1503.6,1.67,249.92,2023-12-18
2568,376,Rebekahbury,Jamesland,2432.4,14.72,1853.63,2024-05-01
2569,184,New Josephchester,West Cheyennebury,369.8,11.89,414.21,2023-05-27
2570,100,East Edward,North Cassandraberg,507.1,16.66,553.56,2023-08-12
2571,403,Sabrinabury,Port Lisaland,1361.8,6.89,981.46,2024-12-16
2572,43,Port Rebeccafort,West Heather,976.4,7.25,379.59,2023-08-07
2573,297,Lake Megan,Liufort,2340.7,16.06,3559.44,2024-09-13
2574,63,Lake Morgan,Port Edgarville,2174.0,3.66,914.27,2024-04-04
2575,48,East Christopher,Deanshire,312.3,7.78,273.64,2023-11-28
2576,107,New Danieltown,Port Erinfurt,239.6,21.27,580.42,2024-11-03
2577,38,Franciscochester,Victoriahaven,1007.5,12.78,663.58,2023-04-27
2578,215,Cochranmouth,Williammouth,1242.0,16.02,1287.74,2024-08-22
2579,414,Michellechester,Port Jacqueline,969.4,8.53,939.2,2023-08-08
2580,338,East Kaitlyn,Hollowayberg,444.7,8.17,411.48,2024-01-26
2581,500,Kennethburgh,Lake Marc,1439.9,15.56,1169.57,2023-09-02
2582,308,North Rachelhaven,New Anthony,889.9,9.32,992.31,2023-09-11
2583,475,West Matthew,New Jill,1388.9,4.8,679.46,2023-02-05
2584,266,Mooreview,Sanderschester,347.9,15.55,473.45,2023-05-26
2585,59,Ericksonside,New Amy,1303.8,4.66,672.47,2023-10-22
2586,43,Manuelhaven,Millerberg,2251.5,1.71,229.85,2024-01-20
2587,247,Edwardsland,Lake Rhonda,1833.0,23.56,2968.2,2023-02-13
2588,334,Cassandraville,Kimberlyberg,538.1,3.21,171.98,2024-03-07
2589,263,North Diane,South Maureenland,771.1,18.88,1233.18,2023-11-04
2590,102,Jeffreyville,Port Paulview,2368.5,23.14,3699.84,2023-07-19
2591,202,Michaelshire,Velazquezstad,1733.3,22.3,2693.15,2024-12-17
2592,85,Collinsborough,North Brooke,302.1,20.04,551.71,2024-07-03
2593,453,Davisville,Jeremybury,1995.5,23.89,4011.56,2024-04-20
2594,164,Kristenmouth,New Ryan,1143.1,15.31,1207.86,2024-11-20
2595,291,Johnsontown,Lake Jamieport,1576.1,15.58,1965.73,2024-04-22
2596,231,Kevinfort,Joanneside,914.6,22.55,2214.09,2023-06-25
2597,301,Lisachester,Lake Alyssahaven,459.8,1.81,71.4,2024-06-28
2598,487,Huntton,North Michael,1054.0,15.49,1818.89,2023-03-13
2599,93,South Catherine,South Samuel,2414.6,9.45,1188.72,2024-04-03
2600,126,New David,Brandyton,2032.1,11.31,1448.25,2024-12-14
2601,400,East David,East Jermaine,228.0,16.77,290.73,2024-12-15
2602,368,Josephton,Smithmouth,820.4,1.23,99.07,2024-04-12
2603,461,West Jessicahaven,Port Randy,855.7,12.17,1100.4,2023-06-10
2604,109,Stevefort,Adamtown,620.0,2.59,112.17,2023-12-26
2605,312,Cruzstad,Smithmouth,1341.8,3.47,323.42,2023-06-21
2606,294,East Melissa,North Michelle,2368.4,20.38,4681.71,2023-10-21
2607,163,North Bianca,Port Melissa,2237.0,11.12,2560.53,2023-05-21
2608,253,South Angela,Kathrynberg,2042.8,5.76,629.23,2023-11-19
2609,64,Jeanetteborough,East Melissa,1271.7,24.77,2503.83,2023-11-28
2610,122,Jenniferstad,Hudsonton,1159.3,15.43,1634.64,2024-12-04
2611,439,Moralesfurt,West Amybury,1462.2,7.84,1089.7,2024-11-30
2612,68,East Johnny,Jamiemouth,1460.6,1.11,133.47,2023-03-15
2613,471,Bethside,North Tammyport,2112.0,10.67,2539.88,2024-02-09
2614,241,Bellberg,Howardtown,1342.4,9.1,624.71,2024-10-30
2615,141,Currymouth,South Katherinetown,283.0,20.26,576.96,2024-11-09
2616,397,Port Nicholas,North Hannahmouth,827.1,9.3,427.55,2023-08-27
2617,357,Saraside,Ashleyview,817.3,15.7,994.87,2024-03-26
2618,467,New Johnshire,North Jason,2460.7,12.84,2997.67,2023-05-10
2619,15,Leefurt,Barbaraburgh,347.5,9.97,323.1,2024-10-24
2620,166,Murrayhaven,Alvarezstad,598.8,20.81,744.07,2024-01-15
2621,46,West Kristina,Jonesport,2160.4,18.38,2614.54,2024-03-17
2622,463,Scottland,Jeffreyside,518.3,22.65,890.11,2023-03-11
2623,27,Haroldfort,East James,1367.0,1.12,150.31,2023-01-19
2624,485,Lake Lisafurt,West Michelleton,686.2,19.84,786.31,2024-04-16
2625,406,North Jeffreyville,Kyletown,795.5,7.33,572.34,2023-03-14
2626,71,Isaacborough,Bonillafort,2040.6,7.48,945.18,2023-08-28
2627,76,Port Charles,North Aaronhaven,1479.5,3.88,415.34,2024-04-25
2628,212,Port Sarahview,Padillatown,1894.9,22.31,4971.93,2023-11-02
2629,124,West Tinafort,New Doris,1610.4,17.04,2374.31,2023-08-31
2630,165,Gibsonshire,Murraybury,1465.8,16.87,2926.43,2023-01-21
2631,393,Whiteton,Wilsonburgh,1943.0,12.58,1379.22,2023-10-28
2632,447,South Howard,Jeffreyburgh,775.8,2.99,206.67,2024-08-14
2633,356,Williamfurt,Pollardview,643.8,16.53,1169.67,2023-02-14
2634,7,Christinefort,Lake Meganstad,241.1,24.32,317.91,2024-12-08
2635,250,Williamsonburgh,Owensville,1692.7,12.24,1594.39,2023-10-09
2636,271,Kyleville,Loweborough,306.1,6.01,168.03,2023-03-31
2637,363,Lake Mary,Smithshire,1309.1,8.52,1295.0,2024-04-30
2638,469,Richardside,Websterton,1162.4,4.7,466.1,2023-11-26
2639,232,Emilyfort,West Vincent,368.6,23.0,652.71,2024-12-21
2640,97,Mariaborough,Hillfort,2176.3,13.32,3032.22,2024-01-07
2641,488,South James,Fosterfort,218.2,11.15,238.52,2023-02-09
2642,449,Dyerstad,Stokesview,2181.1,16.56,2178.35,2024-05-25
2643,236,Aprilfurt,Montgomeryshire,312.6,3.64,58.21,2024-07-25
2644,232,Teresaland,Michaelbury,508.2,1.69,82.74,2024-05-06
2645,182,Meadowsmouth,Lake Danielleview,912.3,3.84,310.11,2023-08-02
2646,261,Johnfort,New Deborah,1107.1,4.61,434.6,2023-01-19
2647,26,Erinhaven,Edwardsbury,867.7,11.59,763.14,2024-03-10
2648,151,Marvintown,South Linda,1639.1,18.57,2422.3,2024-05-13
2649,312,Angelaton,Warrenstad,514.2,5.24,186.76,2023-09-29
2650,331,East Jessica,Sarashire,1259.4,11.41,1403.66,2023-06-28
2651,459,Lake Catherine,South Carolyn,659.9,3.67,140.62,2023-05-27
2652,52,Lake Samanthatown,Walkerborough,137.4,7.39,55.45,2023-08-24
2653,208,Christophertown,Robinsonview,724.9,22.18,1591.2,2023-02-13
2654,451,West Daleberg,Wardbury,1010.2,3.43,351.26,2024-10-13
2655,105,Welchchester,East Patricia,1744.6,12.88,1392.54,2024-11-06
2656,376,Mcdonaldchester,Heatherfurt,901.7,7.91,654.34,2024-12-19
2657,319,Reesebury,Port Mercedes,57.6,5.44,35.58,2024-11-01
2658,123,Gonzalezshire,Bakermouth,1218.1,8.33,1151.32,2023-04-17
2659,171,Port Brian,Lisaland,467.1,17.35,499.75,2024-04-06
2660,243,North Haroldfort,Williamsside,2254.7,4.4,504.88,2023-02-11
2661,452,Dannyport,Brittanymouth,1098.4,1.5,194.76,2023-03-27
2662,305,Harrisborough,Port Mary,238.6,17.3,452.88,2024-01-05
2663,448,West Johnmouth,Atkinsstad,912.8,12.37,565.36,2023-11-28
2664,291,Riceborough,Andrewstad,656.4,3.63,255.73,2023-07-29
2665,258,South Anthony,Johnsonfurt,1716.1,7.98,903.56,2024-06-03
2666,156,Cookfort,South Christopherside,459.9,4.52,117.6,2024-10-30
2667,180,East Carolbury,Nielsenborough,2019.5,9.06,1543.26,2024-06-12
2668,187,East Jacobmouth,Michaelshire,2475.0,7.18,1493.69,2024-03-18
2669,171,Susanville,East Tyrone,1173.9,20.87,1741.39,2024-02-09
2670,462,Smithhaven,South Bethton,2233.9,19.59,4813.26,2024-12-27
2671,266,Kirkstad,North Loriview,2117.1,12.62,1840.74,2024-05-02
2672,439,Johnsonmouth,Port Amanda,1834.1,1.5,326.02,2023-02-01
2673,16,Scottview,Port Alex,589.6,24.86,1099.36,2024-05-16
2674,185,Stevenchester,Donnatown,648.7,18.78,1439.13,2023-07-17
2675,194,Natalieberg,Lopezton,555.5,3.14,199.62,2024-11-05
2676,348,East Davidmouth,Port Elizabeth,1614.9,24.17,4348.18,2024-04-22
2677,449,Johnland,Vasquezhaven,1385.0,22.9,3777.85,2023-10-30
2678,455,Stacyview,New Annashire,1340.9,7.37,963.88,2023-09-10
2679,142,Wendyshire,North James,861.4,15.14,1515.02,2024-11-30
2680,176,South Conniestad,Smithmouth,807.8,1.99,138.9,2023-05-25
2681,291,Harveyton,Lake Michaelborough,2093.7,3.95,873.93,2023-05-01
2682,497,East Catherinefurt,Gonzaleztown,2422.0,20.02,3403.34,2024-10-09
2683,349,East Michael,Gomeztown,70.4,23.25,98.7,2024-04-11
2684,341,South Carlashire,Port Michaelton,418.1,24.2,947.71,2023-07-10
2685,151,Lake Steven,North David,448.4,12.68,310.0,2024-09-16
2686,304,Jasonside,Adamport,88.2,1.98,12.19,2024-11-03
2687,181,North Elizabeth,Lake Benjamin,352.4,12.72,225.72,2023-04-10
2688,180,Mahoneyberg,West Allisonville,1667.6,1.02,114.98,2024-06-22
2689,491,New Johnton,Kennethport,2202.9,19.85,3722.94,2024-08-30
2690,139,Robinsonhaven,Scottfort,1933.8,4.72,511.33,2024-07-04
2691,471,Dyershire,West Mariah,399.5,18.59,595.95,2024-04-11
2692,182,Joelville,Micheleside,247.8,6.25,128.74,2023-09-13
2693,205,Thomasborough,South Sarah,659.4,17.28,877.79,2023-05-02
2694,155,New Michael,New Matthewstad,2418.9,3.36,555.01,2024-10-23
2695,449,Jenningshaven,West Rebeccashire,1512.7,5.16,628.4,2023-10-11
2696,103,North Sharon,New Rodneymouth,840.1,14.88,1222.97,2023-02-01
2697,157,Josehaven,Hughesmouth,662.6,10.99,465.8,2024-10-18
2698,280,Williamport,Lake Megantown,259.7,14.6,356.35,2023-01-12
2699,50,Lake Jonathan,Josephton,499.3,19.78,1070.28,2024-02-01
2700,479,Anthonychester,Michaelstad,389.6,11.61,325.35,2023-07-04
2701,239,West Michelle,Port Bryanberg,1728.7,9.58,1238.65,2024-04-12
2702,287,South Samuel,Kevinmouth,1080.2,10.85,608.71,2024-05-30
2703,72,Peckview,Autumnburgh,114.7,19.4,125.03,2024-05-02
2704,263,Natashaville,East Willie,1557.3,8.26,861.65,2023-10-15
2705,450,Jillbury,Carlsonton,964.1,15.9,1732.1,2023-04-26
2706,207,Brownport,Patriciaport,768.7,19.13,1139.45,2023-01-14
2707,266,Ashleychester,Mosleyville,1691.7,12.11,2118.5,2024-03-01
2708,425,Andersonshire,Kristinfort,1177.5,2.3,145.78,2023-12-05
2709,421,West Michael,West Rachel,2466.1,3.57,806.48,2023-04-02
2710,32,Port Shannon,Bakertown,761.9,12.56,700.4,2024-12-23
2711,368,Davidberg,South Dylan,347.5,15.03,447.9,2023-10-19
2712,380,Wardland,Lisaville,179.9,5.92,64.0,2024-01-10
2713,328,West Dakota,North Matthewstad,2419.8,4.27,1164.0,2024-06-22
2714,480,Port Keith,Cindymouth,2138.0,8.22,1261.18,2023-09-19
2715,59,Sandraburgh,South Victoriaborough,65.8,12.64,81.63,2024-11-20
2716,267,Laurafort,Perryton,214.5,4.67,111.78,2023-06-08
2717,427,Katherineport,North Wesleyton,287.3,5.9,140.97,2024-03-11
2718,154,North Thomas,Reneefort,1289.2,10.38,1536.55,2023-08-17
2719,431,Katieland,Aguilarbury,1041.2,24.58,2749.14,2024-03-10
2720,225,Eatonbury,Lake Erinton,2126.9,7.25,1432.42,2023-10-31
2721,326,Debbietown,North Miguelside,2155.3,15.81,2735.05,2024-02-11
2722,124,North Danielborough,North Evan,103.1,4.4,46.33,2023-06-02
2723,244,North Cherylborough,Lake Jay,468.4,18.8,777.28,2023-08-10
2724,302,Sanchezshire,East Reneebury,1227.1,7.95,556.07,2024-03-19
2725,358,Stoneland,New Kenneth,1257.8,17.02,1656.6,2024-02-27
2726,76,Stonechester,Reynoldsbury,2009.6,12.14,2609.08,2024-12-30
2727,6,Nicoleberg,New Jessehaven,118.5,11.97,126.94,2024-08-03
2728,337,East Kellyfurt,Carterview,1472.3,1.82,255.98,2024-06-27
2729,493,Parkertown,Stevenside,1568.7,2.02,359.64,2023-04-26
2730,5,Port Troy,Russellmouth,391.3,22.18,712.41,2023-05-31
2731,258,Aprilside,Wallaceport,2455.3,9.59,2587.95,2024-04-06
2732,263,West Paul,Alvaradoport,566.4,22.66,1113.45,2023-07-31
2733,369,Patrickborough,Johnmouth,203.8,16.74,254.61,2024-12-25
2734,72,Powellberg,New Joshua,1429.7,12.03,1893.75,2023-09-14
2735,202,Sparksshire,Port Angelashire,731.9,19.3,1005.82,2023-04-29
2736,493,Adamsshire,Myershaven,217.1,21.14,384.88,2024-09-17
2737,475,Lake Valerieburgh,New Kimberly,1205.8,16.82,1831.89,2023-02-19
2738,358,Lake Kelsey,West Patrick,1292.1,16.81,1480.14,2023-04-24
2739,317,East Rebecca,South Jared,844.0,23.92,1501.35,2024-01-17
2740,376,Brianfurt,East Xavierfort,2083.2,2.62,284.18,2024-01-13
2741,479,Jasminehaven,Tylerbury,440.0,3.32,83.9,2024-12-15
2742,396,Kristinmouth,Parksmouth,1714.3,8.77,995.39,2023-02-09
2743,461,Batesstad,Shawside,2031.0,18.58,2511.83,2024-06-08
2744,499,North Oliviamouth,Port Jessicafurt,2207.9,18.48,3137.1,2024-06-09
2745,59,Pearsonview,Sheliaview,1079.1,2.54,254.45,2024-05-09
2746,192,Sextonburgh,Johnsonchester,141.7,19.0,217.83,2023-06-16
2747,165,Suzannestad,West Lauren,1536.0,21.18,3729.8,2023-03-25
2748,327,North Kellyland,Ramosmouth,313.8,11.79,219.49,2023-05-18
2749,225,Port Miguelton,West Christopher,1455.8,5.79,570.44,2024-07-09
2750,223,New Tashastad,Port Matthewstad,1713.2,6.41,1119.58,2024-03-22
2751,299,East Jeffreyside,Brandonland,2043.9,20.41,2647.33,2024-05-02
2752,18,Vanessaburgh,Lake Anna,109.4,24.04,149.21,2024-05-01
2753,209,Nolanchester,East Melissa,2034.5,22.44,3431.79,2024-11-05
2754,350,Port Joshuaborough,New Cody,1442.3,21.75,2316.67,2024-06-05
2755,255,Lake Laurenland,Williamsstad,1838.4,22.86,3990.62,2023-11-09
2756,257,New Christopher,Michaelport,515.8,5.98,332.91,2023-04-28
2757,71,Coxtown,Melaniefort,912.7,15.84,1288.26,2024-03-26
2758,448,West Christina,Davisville,2013.9,11.53,2177.67,2023-01-15
2759,153,Jasonhaven,North Larry,223.6,2.88,67.47,2024-09-14
2760,277,Lake Timothystad,East Billyland,297.2,12.97,206.62,2024-11-04
2761,473,East Daniel,Robertsborough,860.8,6.38,636.2,2023-01-09
2762,447,Rodriguezmouth,Port Eric,2079.0,10.37,1618.09,2024-10-01
2763,295,North Chelsea,Campbellland,2185.1,24.23,2924.38,2023-08-09
2764,160,Colemanstad,Chaseburgh,641.4,13.43,799.27,2023-05-20
2765,57,South Christopher,Faulknermouth,1028.1,2.36,239.78,2023-06-22
2766,335,South Kathrynview,Nguyenmouth,1477.8,23.49,4129.01,2024-02-01
2767,172,Bryantberg,Lake Johnfort,123.4,9.11,76.74,2023-04-27
2768,419,East Shawnmouth,North Adrianstad,2225.7,2.43,347.74,2024-08-03
2769,450,Pierceton,Rileymouth,1848.0,23.18,4130.89,2024-12-02
2770,289,Port Chadburgh,Lake Alexandrafurt,202.7,12.85,277.13,2023-12-26
2771,19,Port Henry,West Lauren,2265.6,17.87,4193.98,2023-12-19
2772,379,Port Heather,North Crystal,897.3,2.7,191.73,2023-05-26
2773,485,Alyssashire,Tanyachester,1550.5,2.93,402.51,2023-10-15
2774,255,Rothmouth,Jacobville,367.2,18.36,386.2,2023-09-14
2775,156,North Dylan,South Frances,1293.6,16.61,1723.36,2024-07-02
2776,477,Courtneymouth,New Angelton,1964.8,22.03,2854.31,2023-11-17
2777,274,Port Kimberlyland,Jenniferside,185.6,19.57,387.9,2023-08-25
2778,10,Port Leslieton,East Justin,1539.9,10.11,1523.39,2024-01-27
2779,357,Jenniferbury,Harrisbury,1403.6,2.25,327.17,2024-08-24
2780,60,Timothystad,Jameston,356.8,17.83,562.81,2023-01-06
2781,189,Davidview,South Sarah,1123.0,22.53,3005.21,2023-01-03
2782,122,North Kristie,Port Tammyview,911.9,9.24,962.79,2023-01-26
2783,383,North Lorimouth,New Rachel,618.5,15.13,616.67,2023-12-09
2784,24,Port Jason,Davisside,1893.8,20.39,3380.14,2024-10-10
2785,417,Ricemouth,Jacobsstad,2477.8,1.36,338.29,2023-10-18
2786,145,Cassandrafort,Lake Kim,189.4,2.36,36.07,2023-01-29
2787,126,Port Jacquelineton,Jennifershire,157.1,9.39,141.42,2023-07-05
2788,337,Obrienside,East Jennifer,2495.3,4.11,798.38,2023-03-07
2789,279,Chapmanfurt,Dawntown,349.8,2.84,67.07,2023-02-27
2790,460,Jenniferton,Bellport,554.4,17.93,1063.02,2024-02-08
2791,483,Mariamouth,Port Miguel,2292.0,6.29,1440.51,2024-12-21
2792,126,Phelpsfurt,Adamview,949.0,14.23,1496.65,2023-01-17
2793,258,Port Alexander,Ronaldburgh,1340.8,7.42,983.37,2023-11-01
2794,487,New Dorothyburgh,Johnsonberg,305.7,9.32,224.39,2023-12-16
2795,71,Frenchland,New Ryantown,1573.6,7.71,779.5,2024-12-25
2796,284,North Veronicabury,Robersonshire,2111.5,13.5,2033.73,2024-07-28
2797,73,New Joshuashire,Port Angelamouth,566.4,9.94,603.24,2024-05-19
2798,392,Port Jamesberg,Vaughnburgh,137.9,6.64,74.0,2023-02-08
2799,18,West Sarahhaven,Marshallfort,1161.7,3.74,368.97,2024-02-14
2800,495,Gloverland,Emilymouth,712.2,15.12,764.87,2024-10-23
2801,254,Hunterville,New Matthewfurt,257.0,7.7,183.41,2023-04-15
2802,115,Johnsonfort,Harrismouth,96.2,10.18,79.4,2023-08-26
2803,27,Petershire,New Lisaberg,554.0,5.43,241.19,2024-04-06
2804,480,Michelleville,West Richard,1668.0,1.75,301.85,2023-01-29
2805,473,Robleshaven,West Brady,113.7,15.61,199.71,2024-10-26
2806,111,Danielmouth,Natashahaven,2079.0,7.3,1559.14,2024-01-21
2807,223,Lopezside,New Davidville,1905.3,9.18,1889.81,2023-11-20
2808,386,Bakermouth,Victorbury,2171.1,19.78,4938.59,2024-01-16
2809,370,Diamondport,New Joe,189.9,3.62,53.05,2023-10-18
2810,274,Waltonburgh,Duaneton,2334.6,7.9,2201.44,2023-10-28
2811,266,New Jamesfurt,Ronaldshire,1185.6,14.74,1568.99,2024-10-16
2812,474,South Lisa,New Christopherchester,687.2,24.05,1367.02,2023-04-06
2813,350,East Mike,East Courtneybury,633.7,22.79,1005.87,2024-03-30
2814,278,Hawkinston,Daniellehaven,2379.9,3.05,489.93,2024-08-16
2815,141,Brooksbury,Meganburgh,774.8,14.71,600.67,2023-04-13
2816,415,North Derek,Kimberlyfort,936.2,16.82,1649.8,2023-11-25
2817,339,Gordonville,New Eric,1940.3,1.3,180.31,2023-07-16
2818,237,West Julie,South Jerryburgh,836.4,7.35,384.31,2024-04-03
2819,184,East Beth,South Deannahaven,92.3,1.21,5.87,2024-09-13
2820,30,Rebeccatown,New Debra,1226.5,21.26,1701.39,2023-12-02
2821,283,Brookston,Markfort,1469.9,2.91,482.46,2024-06-16
2822,393,Hardyshire,South Kevinland,819.4,2.54,130.26,2024-06-22
2823,117,Lake Kevin,Danielleborough,1977.5,7.23,1210.2,2024-12-11
2824,26,New Sara,North Hannahfort,1594.3,4.53,673.51,2023-09-29
2825,260,Port Brianamouth,North Christine,620.0,16.71,651.63,2023-10-01
2826,368,Lake Kristinfurt,Shannonstad,2158.4,14.92,1704.74,2024-02-05
2827,500,New Jonathan,New Craig,608.5,23.84,1732.64,2023-11-21
2828,181,Wumouth,Port Abigailmouth,680.7,17.28,1294.16,2024-02-21
2829,56,South Ashleyview,Port Sandra,1374.1,2.07,188.95,2023-09-10
2830,122,Josephville,Port Jennifertown,239.8,11.65,239.62,2024-05-14
2831,349,Port Tommy,Greenborough,549.9,14.69,872.75,2023-08-21
2832,74,Mckenzieberg,North Danielhaven,1069.1,16.41,1952.81,2023-09-28
2833,500,New Amychester,East Susanshire,110.5,15.57,129.42,2024-09-13
2834,499,Shanemouth,New Kristopher,1049.9,16.65,1450.0,2023-07-10
2835,149,North Christopherfort,Port Jacobmouth,770.5,1.75,102.18,2024-01-26
2836,312,Brownland,Mitchellburgh,2329.3,22.88,2759.98,2023-10-14
2837,380,West Marilyn,Reginaport,568.1,8.51,483.95,2023-10-26
2838,111,North Rhonda,Port Jerryview,1295.0,14.96,1435.24,2023-11-20
2839,77,Deanburgh,Lake John,978.2,14.98,1406.64,2024-09-07
2840,40,South Maryland,Sanchezport,983.7,24.95,1361.94,2023-08-09
2841,295,Paulton,Marissaview,2398.6,24.82,5332.88,2023-06-27
2842,63,Lake Ebonychester,Port Laceyshire,1594.3,18.61,2602.87,2024-01-02
2843,242,North Scottstad,South Jamesberg,2126.6,13.67,1558.19,2024-02-13
2844,100,Cynthialand,North Rita,1665.0,13.49,1621.35,2023-02-27
2845,125,Cynthiafort,Reginaldfurt,2098.2,8.03,1130.23,2023-05-09
2846,162,New Matthewview,New Jessicamouth,2007.6,24.46,3248.96,2024-02-04
2847,376,East Jefferyborough,Myerstown,1883.1,3.77,474.75,2023-07-29
2848,287,Tinaland,Rebeccamouth,2396.1,10.84,1443.58,2023-04-20
2849,310,South Deborahville,Jessicaside,1288.8,22.95,2831.59,2024-03-04
2850,424,Lake Markport,East Christopher,614.4,19.87,806.75,2023-05-13
2851,398,Lake Ginaport,New Brandi,2075.6,4.01,729.38,2024-03-30
2852,311,Williamport,West Adamland,2277.7,17.18,3780.56,2024-04-16
2853,42,Heatherfurt,New David,687.7,7.89,390.5,2023-06-18
2854,254,South Marc,North Mariatown,1050.8,13.12,832.54,2024-10-25
2855,449,Turnerton,North Christine,1599.9,19.54,3532.33,2023-03-25
2856,392,Jacquelinechester,Powellport,1162.5,5.0,460.95,2024-01-29
2857,65,Lake Amymouth,Port Carol,1408.7,23.32,3350.78,2024-02-27
2858,86,Bryantmouth,South Larryview,2180.2,21.01,2367.03,2023-07-12
2859,471,West Jamesberg,New Diamondville,2475.3,4.18,1145.2,2024-06-22
2860,357,North Zachary,East Curtis,1000.9,11.14,656.98,2023-03-18
2861,460,East Keith,Sarahtown,1414.5,18.09,1492.62,2023-11-09
2862,56,East Nicole,Ralphfurt,2070.6,9.08,1741.22,2024-07-18
2863,182,Lake Johnburgh,East Lawrenceview,2485.6,2.09,528.39,2024-01-06
2864,380,New Rodney,Port Shanefurt,2377.3,22.86,5117.04,2023-05-04
2865,69,Kendraborough,Bowmanchester,2095.3,7.94,1387.46,2023-01-24
2866,420,Kentport,New Jaclynfort,1846.9,18.37,3096.54,2024-07-04
2867,304,North Bernard,Gregoryport,2344.7,3.01,795.33,2024-01-14
2868,165,North Johnborough,Port Mitchellland,1503.0,17.17,2109.6,2024-10-16
2869,484,Levyberg,Laurenberg,1124.5,13.21,1354.23,2023-01-15
2870,25,Ianstad,Nicolechester,1943.9,6.57,1079.58,2023-09-25
2871,433,New Gregory,Goodwinbury,1432.1,22.54,2924.14,2024-08-01
2872,388,Hollybury,Port Andreahaven,2323.7,7.85,1402.46,2024-03-27
2873,377,South Deborah,Port Mary,487.1,4.44,231.37,2024-03-23
2874,143,Blackfort,West Henrybury,2211.8,18.54,3286.19,2024-03-02
2875,146,Mejiabury,New Christinastad,1459.1,15.77,1310.71,2023-10-01
2876,115,North Lori,Maldonadoshire,455.7,7.91,303.02,2024-03-25
2877,311,Lake Jamesbury,Jasmineton,2219.1,7.92,2007.77,2023-05-26
2878,73,Port Taylortown,Mendozatown,1896.0,23.19,4249.55,2023-09-26
2879,87,Ashleyshire,Gonzalezstad,285.1,14.25,347.8,2024-07-15
2880,277,Wagnerchester,Port Chad,117.0,22.66,310.7,2023-12-21
2881,422,Port Markshire,Charlesview,1367.9,5.68,654.09,2024-02-29
2882,293,Jodiview,East Rachel,113.2,5.88,77.16,2024-03-05
2883,233,Matthewborough,Lake Austin,1094.9,11.68,752.38,2024-03-28
2884,433,West Kellyshire,Clarkstad,772.6,3.63,278.89,2023-09-12
2885,45,North Candicefort,Matthewbury,343.9,22.33,649.11,2023-03-27
2886,60,Perezstad,Port Matthewtown,2168.0,24.83,5448.51,2024-10-30
2887,114,South Johnberg,East Jose,2422.7,20.29,5018.86,2023-07-15
2888,142,Bridgesmouth,Lake Jamesburgh,1832.0,8.85,1386.13,2023-11-23
2889,38,East Zacharymouth,Port Morganshire,1161.0,18.65,2101.3,2023-06-18
2890,222,West Shirley,Emilymouth,1781.7,8.56,1749.8,2024-08-05
2891,98,Port David,South Kara,296.1,17.92,458.93,2024-11-12
2892,19,Sanchezfort,North Christopher,2111.5,16.87,3969.25,2024-03-27
2893,301,East Vicki,North Wendyhaven,2375.5,16.05,2562.65,2024-04-15
2894,136,East Brian,Dennismouth,971.7,23.64,2231.27,2023-11-09
2895,255,Emilytown,East Lisaside,1201.8,12.63,957.74,2024-08-29
2896,487,East Janetport,Jenniferton,742.4,5.77,476.81,2023-03-16
2897,223,East Carlosberg,Charlesview,1315.0,18.36,1569.16,2024-12-13
2898,92,South Brandonhaven,Teresaland,214.8,14.39,199.67,2023-01-19
2899,324,Patelborough,Port Caleb,145.1,17.51,236.12,2023-11-26
2900,337,Atkinstown,Lake David,1480.6,16.31,2025.98,2024-03-17
2901,449,Jacobport,Scottborough,2388.1,22.07,5736.9,2023-01-17
2902,201,Davidton,Wardton,765.7,12.64,1023.71,2023-08-27
2903,113,West Megantown,North Cristinaville,1514.7,14.04,1503.09,2024-09-17
2904,148,East Matthewmouth,Duncanberg,325.3,22.14,740.72,2023-06-04
2905,218,Wolfberg,Lake Jesse,1078.0,11.73,851.23,2023-02-06
2906,59,Fischermouth,Lake Christopher,333.8,12.15,293.32,2023-10-05
2907,452,Lake Alexandraside,Espinozamouth,901.6,10.55,560.86,2023-10-21
2908,211,Alvarezmouth,Michelleborough,1235.2,20.31,2113.38,2024-01-17
2909,111,Marshallland,Port Jason,1733.7,1.7,202.64,2024-01-24
2910,396,New Tashabury,Dayburgh,2230.0,19.79,2394.42,2024-02-22
2911,415,Williambury,West Michaelshire,841.8,17.2,1140.74,2023-02-02
2912,138,Matthewhaven,Nobleland,1132.8,10.57,1363.39,2023-07-16
2913,24,Claytonbury,Danielside,1239.5,6.25,732.38,2024-05-16
2914,86,South Suzanneshire,Maxwellton,805.9,10.84,786.89,2024-11-29
2915,496,West Nancymouth,Christineshire,1363.2,19.71,1550.92,2023-07-12
2916,11,Johnfurt,North Michael,1552.6,8.91,1277.5,2023-03-24
2917,400,Carolynbury,South Christopher,2378.2,1.51,274.87,2023-08-05
2918,284,Johnathanchester,New Lee,1776.6,22.89,4216.25,2024-03-13
2919,275,Smithton,Stuartland,205.5,2.18,29.0,2023-11-23
2920,441,Jamesside,Jacobstad,536.2,4.77,223.79,2024-08-19
2921,192,Jenniferbury,Josephton,1808.7,7.96,882.53,2023-10-06
2922,482,Bryanthaven,Lake Jennifer,862.2,6.17,539.07,2023-12-16
2923,270,Port Daniel,Lake Benjaminberg,83.4,21.29,182.63,2024-07-20
2924,81,West Andrewport,Wolfland,301.2,10.55,266.74,2024-06-11
2925,353,West Richard,Richardsonfort,743.6,1.58,110.68,2023-04-07
2926,402,West Codytown,Andreachester,655.9,7.54,290.08,2024-02-22
2927,449,New Robertview,South David,975.7,10.62,1111.64,2024-01-11
2928,370,Madisonfort,Lake Jonathanside,711.5,3.04,119.34,2023-08-16
2929,381,Millertown,New Steventown,1773.5,18.58,1694.07,2023-11-18
2930,377,East Mark,Lake Justinport,2084.1,15.52,1961.07,2023-06-29
2931,440,South Johnport,Hopkinshaven,1491.1,10.39,1676.34,2023-06-24
2932,12,Sandovalview,Port Jasonton,814.9,8.77,613.65,2024-03-15
2933,497,New Toni,Ramoshaven,790.3,12.01,540.8,2023-07-22
2934,48,West Richard,West Tanner,1657.3,12.31,1435.98,2024-12-26
2935,146,North Sarahborough,North Williamport,594.5,10.75,444.16,2023-08-08
2936,9,East Christopher,Sandrafurt,2273.8,13.8,2106.21,2023-07-10
2937,391,Collinville,South Michael,2483.2,18.46,5345.02,2024-09-25
2938,500,Brownbury,Johnmouth,1389.1,3.6,328.47,2023-03-04
2939,245,Lake Megan,Pamelafort,111.0,19.51,176.06,2023-07-30
2940,415,Port Lauramouth,South Devin,1429.7,16.43,1721.12,2023-08-18
2941,107,East David,Jonathanland,1593.3,3.01,428.09,2023-03-12
2942,73,Lake Derrickfurt,South Curtisfurt,2168.8,12.76,1867.93,2023-03-30
2943,430,North Kristen,Monicaburgh,1037.8,21.11,1898.07,2024-05-19
2944,130,Josephchester,Valdezbury,1438.3,6.58,981.59,2023-02-28
2945,19,Lisaside,Elizabethmouth,1059.1,18.77,2154.97,2024-08-04
2946,3,Wilsonchester,Lake Larryshire,837.5,14.57,957.37,2024-08-24
2947,251,Josephberg,Connerland,707.0,6.02,380.37,2024-07-09
2948,165,Melissamouth,Jasonmouth,1386.7,8.51,1128.64,2024-02-19
2949,379,South Alyssa,Brianville,1180.4,12.59,1320.22,2024-02-20
2950,359,Tammyburgh,East James,2482.3,2.95,419.98,2023-07-29
2951,267,Brittanystad,Lake Jamiemouth,239.9,4.05,49.51,2024-03-07
2952,498,New April,Anthonyfort,1883.0,4.99,757.63,2024-11-11
2953,321,Port Tylerhaven,New Ginamouth,328.5,22.25,618.81,2023-09-03
2954,281,West Jonathon,Rhondastad,2017.7,12.69,2622.67,2024-09-19
2955,151,Janefort,Burnsview,1074.5,1.22,76.33,2023-05-21
2956,166,Arianaview,North Kevin,1813.9,22.13,2768.87,2023-08-10
2957,73,North Ryanfurt,South Kenneth,1557.0,9.92,1475.28,2023-08-08
2958,488,Lake Emily,Lindaborough,761.0,17.44,1409.43,2023-12-04
2959,237,Wheelerside,Rebeccaport,1800.5,13.47,1639.16,2024-01-21
2960,437,Smithville,North Andrew,566.0,8.92,516.35,2024-05-22
2961,243,Andrewburgh,Jonstad,2323.2,4.94,1148.3,2024-10-19
2962,35,New Ryan,Port Ryanshire,74.1,10.99,49.29,2024-07-21
2963,103,East Megan,Taylormouth,2483.6,1.13,278.13,2024-10-09
2964,32,South Stephanie,Elizabethville,1750.4,13.91,1781.61,2024-03-13
2965,326,Phillipsville,Ayalaborough,1581.2,15.27,1320.1,2024-07-02
2966,476,Brianbury,Johnhaven,1419.9,6.42,857.04,2023-04-13
2967,219,Stacieberg,Hawkinsstad,522.0,7.82,464.56,2024-12-26
2968,207,South Christopher,Vargasview,1481.9,8.34,1158.23,2023-05-01
2969,104,Swansonmouth,Cassandrastad,2339.1,14.47,3212.46,2024-03-18
2970,144,Meganhaven,East Shaneborough,239.8,4.66,113.03,2024-07-06
2971,268,South Jennaport,South Jessica,486.9,14.53,416.48,2024-07-17
2972,396,East Melissa,Rachelburgh,1488.9,19.39,2110.7,2024-02-15
2973,378,South Michelle,South Paul,2140.8,15.51,3906.96,2023-06-15
2974,87,Hullview,Port Elizabethton,2184.8,17.04,3095.16,2023-12-25
2975,476,Rogersstad,North Frankfurt,56.5,6.56,24.15,2023-08-05
2976,448,North Tammiestad,East Jasmineberg,2018.2,4.52,561.36,2023-06-29
2977,71,North Thomas,Erinmouth,50.6,2.87,17.12,2024-02-18
2978,168,Genehaven,South Kimberly,1303.7,11.55,1453.66,2024-04-01
2979,202,Henryview,East Colleen,791.3,19.24,1017.83,2024-11-29
2980,160,Jaybury,Leeberg,974.4,10.25,831.1,2023-09-05
2981,310,Meyerborough,Carrilloshire,2104.7,8.61,1005.27,2024-07-09
2982,427,Port Susanville,North Devintown,2113.4,23.93,5875.87,2023-05-26
2983,227,Shermanland,Jamesview,730.5,4.43,260.85,2024-01-16
2984,286,Hubershire,Matamouth,1250.7,19.94,2443.41,2024-06-25
2985,444,Jonesstad,Wrighttown,2254.4,16.65,2344.52,2023-06-18
2986,373,North Ann,North Angela,945.9,12.19,1117.34,2023-10-04
2987,472,Lake Lisastad,South Cindybury,1089.0,15.81,1916.96,2023-06-22
2988,383,Hornbury,East Cherylborough,2351.5,10.18,1496.87,2023-12-29
2989,100,Shellyport,Brettburgh,2488.8,5.7,1067.78,2024-11-21
2990,189,Santiagostad,New Edwardside,63.8,8.45,30.51,2024-06-15
2991,140,North Cathyfort,East Anthony,2293.7,13.07,1526.2,2024-07-10
2992,23,Millerburgh,New Breannaview,132.1,7.6,83.84,2024-05-23
2993,30,East Caitlyn,Ashleyton,2489.6,17.9,3083.47,2023-09-27
2994,475,East Charles,Lisahaven,2429.3,20.76,5568.88,2023-04-13
2995,89,Shahville,Wardtown,1203.5,15.58,1534.05,2024-07-14
2996,414,East Alexander,Port Ryantown,1209.9,22.0,2729.42,2023-06-03
2997,366,Sheilamouth,Alexanderview,304.5,9.87,279.22,2024-11-19
2998,68,North Brandon,Snyderstad,425.3,18.67,881.09,2023-04-05
2999,228,Nguyenside,Stefanietown,252.9,21.02,310.24,2024-02-05
3000,279,Baileyville,Matthewport,1611.8,2.5,228.97,2024-04-01
3001,378,Thompsonbury,Gutierrezport,729.8,21.46,1501.27,2024-04-25
3002,163,Andersonburgh,Mosesville,90.9,21.09,209.68,2024-06-09
3003,370,West Katieberg,West Laurabury,2249.5,5.06,1354.96,2024-02-24
3004,207,Kathymouth,Lake Stephanieview,2363.5,13.39,3665.96,2024-05-20
3005,99,Thomasfort,Greenborough,1070.1,17.03,989.62,2024-12-05
3006,43,Cassandraborough,Danielfurt,2071.4,13.04,2728.85,2024-12-22
3007,353,Tanyamouth,Elliottstad,472.8,2.07,90.62,2023-12-15
3008,429,Seanland,North Randallchester,1288.4,5.15,678.64,2024-02-18
3009,61,South Keith,New Sethbury,2355.7,8.47,1780.57,2023-12-22
3010,290,Medinamouth,South Thomas,886.6,14.64,1281.63,2024-05-22
3011,94,West Bailey,South Joystad,2329.2,3.12,830.34,2023-02-26
3012,495,West Tina,Payneview,1837.4,5.46,916.75,2024-06-08
3013,327,West Benjaminshire,South Melvin,99.3,5.06,25.49,2023-12-09
3014,127,Brooksshire,South Rachel,967.6,2.95,287.44,2024-09-14
3015,443,Port Brendan,Lake Tanya,804.1,17.34,1617.2,2024-12-02
3016,28,South Stephanie,Kimberlyville,518.2,19.14,588.07,2024-07-17
3017,290,Pedrofort,North Eric,979.3,7.89,537.22,2023-04-20
3018,453,North Angelamouth,Kellershire,823.1,6.42,333.85,2023-07-13
3019,226,West Jimport,West Kimberly,538.1,24.5,898.52,2023-09-29
3020,179,North Bettytown,Sabrinaside,698.1,12.76,806.23,2023-10-23
3021,352,Valdezton,North James,1942.3,13.55,2844.07,2023-06-15
3022,198,Charlesbury,Morganborough,2087.7,1.88,425.58,2024-12-07
3023,223,Ryanside,Christinamouth,431.5,14.65,755.81,2023-04-08
3024,107,Velasqueztown,Solischester,900.0,20.46,1947.08,2024-11-03
3025,381,South Josephfurt,Port Joshuabury,888.3,24.24,1908.05,2023-02-04
3026,133,Johnsonton,Jessicaland,1996.0,3.18,661.0,2023-07-12
3027,265,Braunport,South Anita,584.7,7.26,486.19,2024-07-20
3028,301,Allenmouth,Lopezland,1662.9,5.47,543.83,2023-03-06
3029,462,Patriciafort,Marissamouth,841.3,14.53,1174.51,2024-12-05
3030,446,Marthachester,Martinezberg,132.9,17.83,222.89,2023-07-18
3031,173,Parkerview,South William,2257.5,4.81,904.35,2023-08-14
3032,157,Lake Bryan,Lake Jessicahaven,1637.3,3.4,634.17,2024-11-16
3033,225,Thompsonborough,Ginaburgh,448.7,14.12,650.31,2024-01-24
3034,223,East Jamie,New Molly,2032.6,11.95,2193.77,2023-03-05
3035,371,North Lee,North Stevenville,1840.8,12.37,1526.8,2024-10-10
3036,154,Lake Heather,Jenniferhaven,964.4,9.11,856.59,2023-06-14
3037,479,Robertfort,West Mariaview,148.3,23.3,229.44,2023-07-20
3038,397,Santosfurt,Smithmouth,2257.1,13.17,2362.3,2023-03-27
3039,84,New Christopher,South Ginaport,709.9,14.86,965.41,2023-11-21
3040,495,Delgadofort,Waltonfurt,1304.9,23.14,3383.75,2023-10-15
3041,291,Lisachester,Moralesview,1759.2,13.58,2785.68,2024-12-25
3042,492,Williamsstad,North Vincent,1892.0,4.12,571.53,2024-01-09
3043,73,Melissaberg,Collinsmouth,181.8,3.17,60.8,2024-07-26
3044,1,North Travis,West Ashleyside,2013.6,12.01,1489.06,2024-12-20
3045,158,Morenoshire,Ferrellmouth,1663.6,5.81,599.69,2024-02-08
3046,47,Joyberg,North Ryan,246.9,6.67,105.78,2023-10-08
3047,398,Heatherchester,New Margaret,1824.1,4.7,761.94,2024-06-17
3048,242,Lake Alicia,Austinfurt,966.9,12.46,893.08,2023-12-30
3049,242,Taylorchester,Harriston,1397.1,10.46,948.05,2024-09-13
3050,391,Port Michelle,Johnborough,1687.7,20.95,3515.78,2023-07-10
3051,479,New Lori,East Lori,2296.5,10.3,1709.83,2023-03-11
3052,420,North Sandrahaven,Elizabethfurt,377.1,19.56,832.47,2024-11-27
3053,274,Warrenmouth,Alexandramouth,1703.1,21.94,3429.67,2023-10-02
3054,301,Lake Keith,New Philip,225.6,12.72,292.21,2023-10-16
3055,121,West Jamesmouth,Michaelhaven,115.9,22.25,161.1,2023-09-24
3056,313,Charlesmouth,Lake Walter,954.4,9.16,940.91,2023-06-13
3057,118,Lake Johnstad,Moseschester,1518.0,10.56,888.21,2024-07-07
3058,223,Lake Valerie,Jenniferside,388.3,5.51,138.61,2024-11-12
3059,78,Carlosside,West Shirley,277.5,10.22,177.51,2023-12-06
3060,18,Lake Davidshire,Port Lynnchester,748.2,10.28,826.75,2023-10-28
3061,204,Michelleport,Fisherburgh,689.5,23.92,1031.9,2023-04-11
3062,43,South Laurie,Derrickhaven,1721.7,21.02,2987.3,2024-04-04
3063,208,Maryfort,Leefort,898.4,18.58,1600.97,2024-10-29
3064,295,North Lisatown,Lake Vanessa,2018.7,1.29,188.36,2024-03-14
3065,335,Liton,Melissaberg,1292.1,17.47,1146.96,2024-09-26
3066,156,East Ambermouth,North Robyn,2401.8,10.64,2657.61,2024-10-11
3067,414,Danashire,Lake Joshuastad,1091.2,18.81,1192.88,2023-04-07
3068,243,Jacksonport,Robertburgh,2015.9,11.81,1811.72,2024-07-21
3069,58,North Peterchester,Robinsonbury,1794.5,21.26,4502.74,2023-04-27
3070,197,Lake Michael,West Jacob,1974.5,24.54,4226.17,2024-04-12
3071,486,Andersonbury,West Alexiston,2182.3,2.92,321.72,2023-04-13
3072,417,Edwardshaven,Cameronview,2338.7,15.16,2263.18,2024-05-14
3073,238,North Donald,Allisonborough,1555.6,21.93,2744.23,2024-11-25
3074,188,Brandonview,Alexisborough,740.2,3.92,244.53,2024-08-07
3075,218,East Zachary,Johnsonview,172.7,15.38,201.47,2024-07-26
3076,278,West Sarahborough,North Rebeccatown,876.8,8.11,763.29,2023-07-29
3077,229,Davisside,East Erica,704.7,8.04,448.7,2023-12-30
3078,183,East Katherine,Wellsbury,845.3,16.26,1260.44,2024-06-29
3079,90,Gomezview,Sandersmouth,1843.2,13.75,1970.12,2024-01-16
3080,325,Kellybury,Lukeside,255.9,3.27,84.41,2023-04-09
3081,235,West Taylorville,South Richard,1259.0,22.43,2094.71,2024-12-20
3082,428,Patriciabury,Port Kelsey,1738.0,6.86,1285.15,2023-03-24
3083,21,New Joseph,Zimmermanberg,2334.1,20.69,4338.35,2024-08-01
3084,371,Brianville,West Maria,237.5,9.95,142.43,2023-02-23
3085,372,New Brent,South Christine,1612.6,22.17,2743.34,2023-06-22
3086,217,Williamport,Kennedyborough,243.0,23.26,579.06,2024-07-29
3087,370,Port Davidton,South Samantha,1031.8,5.41,570.9,2024-07-01
3088,222,East Valeriestad,New Heather,1649.6,22.19,3974.52,2024-06-18
3089,156,Stevenland,Laurieland,2414.6,20.05,4355.34,2023-10-09
3090,356,South Shelbyburgh,North Martha,1558.2,13.94,2292.92,2024-09-05
3091,390,Gatesmouth,North Adamview,2007.4,9.98,1664.9,2024-07-02
3092,96,Jakeview,South Joseph,2341.9,7.59,1745.87,2024-10-09
3093,466,Port Ethan,Chapmanview,728.3,17.11,1150.46,2023-07-14
3094,107,Lake Kathleen,Lake Brianberg,494.1,7.84,195.06,2023-04-25
3095,137,Sandershaven,West Eric,95.9,10.94,61.99,2023-05-09
3096,50,Port Courtneymouth,Elizabethville,1183.0,19.97,2231.1,2024-01-31
3097,33,East Amber,Jefferytown,592.2,1.43,61.58,2023-02-13
3098,236,North Elizabethborough,West Wyatt,1547.9,18.48,2650.33,2023-02-03
3099,200,Brewerfort,Dyerport,1490.4,16.23,1766.12,2024-10-30
3100,164,Andreaville,Martinport,1215.2,14.38,1293.23,2023-11-09
3101,381,East Keithchester,East Ivan,898.6,11.67,863.43,2023-12-26
3102,200,Gomezchester,Shawnaland,1272.5,13.77,1084.65,2023-08-11
3103,496,Kaitlynborough,Davidmouth,676.4,1.77,131.29,2023-09-17
3104,43,West Teresa,Port Veronicastad,242.6,12.68,365.9,2024-01-20
3105,150,Fosterfurt,Janeshire,558.5,24.64,1043.71,2023-03-26
3106,80,Murphychester,North Kristenbury,1889.6,11.84,1850.61,2023-10-08
3107,221,South Julie,East Ashley,1580.9,5.0,589.79,2024-07-01
3108,146,Zacharyberg,North Anneburgh,1067.7,19.36,2120.75,2023-11-03
3109,472,West Christopher,Matthewfort,1413.3,12.78,1199.86,2024-11-20
3110,64,Maryborough,Davidsonbury,1367.1,10.08,1604.27,2024-12-13
3111,293,Gutierrezview,West Douglaschester,287.6,6.24,214.37,2024-01-12
3112,377,North Jackson,Williamsland,758.9,21.76,1712.16,2023-08-27
3113,112,Mooreshire,North Allen,2448.3,14.2,2594.98,2023-06-21
3114,186,West Danielle,West Patricia,1074.5,15.38,1195.78,2024-08-28
3115,325,New Eric,Antonioport,1594.2,16.94,2648.7,2024-06-05
3116,201,Hurstside,Anthonychester,1916.3,8.63,1446.95,2024-03-16
3117,147,Jameston,Ryanborough,601.5,10.7,662.77,2024-06-09
3118,91,Karenfurt,Mcdanieltown,2074.0,11.79,2804.06,2024-05-27
3119,391,Wagnerport,Reginaldfurt,1030.1,1.08,120.25,2023-02-09
3120,197,Gwendolynbury,Nobletown,1186.9,5.13,691.14,2023-10-21
3121,97,Jasonchester,Lake Julia,1471.4,11.03,1286.66,2024-06-12
3122,318,New Markshire,West Kristin,1609.2,15.85,1522.7,2024-12-04
3123,210,New Thomas,South Omar,1283.2,2.93,338.16,2023-11-28
3124,292,East Lindsay,West Seth,2366.4,8.8,1405.56,2024-08-06
3125,12,South John,Jenniferchester,1582.5,17.42,3215.14,2024-09-24
3126,283,South Susan,Taylorborough,1870.3,22.2,3977.19,2024-12-16
3127,235,West Dana,Butlerville,1302.8,5.63,835.61,2024-08-29
3128,480,Craigport,Millerton,954.2,21.99,1306.49,2023-02-05
3129,34,Jacksonside,Toddhaven,1796.3,5.79,616.6,2023-10-21
3130,126,Benderburgh,Teresaview,2241.4,5.97,1101.04,2024-06-24
3131,91,Port Johnstad,New Susanmouth,1725.0,11.65,1345.08,2024-11-21
3132,310,East Elizabethview,Port Annaside,2433.4,13.01,1829.26,2023-11-20
3133,126,Port Craig,New Anthony,2102.8,21.93,5239.59,2023-06-26
3134,17,West Taylor,Port Derekborough,1182.4,24.1,1438.52,2023-11-03
3135,241,Morrisonbury,North Kimberlyburgh,1721.0,10.75,1598.16,2024-01-19
3136,134,North Paulville,Henrytown,2162.3,2.69,460.65,2023-05-05
3137,311,East Bethany,Edwinland,2214.2,13.9,3080.99,2024-05-02
3138,247,East Lisa,Walshborough,1635.4,13.82,1167.59,2024-12-21
3139,425,West Kaylashire,North Gary,2078.0,2.43,539.37,2024-06-11
3140,367,East David,Webbton,2064.7,19.45,3029.4,2023-02-05
3141,404,East Cindytown,North Elizabeth,2322.1,16.1,3020.89,2024-10-09
3142,423,Reidfurt,North Hollyville,353.9,4.5,108.89,2023-12-21
3143,188,South Nicholasmouth,Port Katherine,1470.5,20.0,2956.87,2024-05-24
3144,408,Melissahaven,West Vickie,1061.6,9.16,1107.67,2024-12-30
3145,356,Wilsonland,Justinfort,1232.3,7.35,662.11,2024-09-01
3146,126,Montgomeryville,Brayton,231.5,22.58,441.24,2023-08-25
3147,170,Smithfort,New Tammy,1904.6,9.22,1725.2,2024-11-28
3148,305,Port Jonathanton,Lake Vickie,1979.1,17.79,3160.86,2024-12-04
3149,14,Port Mollyborough,Courtneyshire,137.6,4.36,51.91,2024-07-12
3150,150,East Maryburgh,South Elizabethtown,591.5,9.9,441.48,2024-05-13
3151,157,Michelleborough,West Heidi,801.3,18.18,1307.22,2023-01-20
3152,381,East Felicia,Jacobmouth,1214.4,11.56,991.7,2024-02-29
3153,440,West Dylan,East Christopherville,2022.7,4.09,765.42,2023-10-26
3154,109,Mcdonaldstad,Gabrielborough,991.4,16.28,838.64,2023-03-18
3155,187,Snydertown,Lake Katherinefurt,1478.9,4.56,342.89,2023-05-11
3156,208,North Lindamouth,Doyletown,1816.8,18.89,4109.0,2023-12-13
3157,330,Codyborough,Baxterburgh,1218.6,22.6,3251.64,2023-05-20
3158,192,Halltown,East Billy,431.9,21.46,667.34,2023-12-02
3159,446,Christophermouth,Lake Mercedes,976.0,23.23,2162.65,2024-03-21
3160,8,West Latoyaland,Kimberlyton,1336.8,5.21,785.62,2023-08-08
3161,106,Anthonymouth,Aaronview,1688.4,2.55,283.03,2024-05-31
3162,405,Frankport,Hickmanmouth,599.6,7.68,481.04,2024-01-25
3163,292,Port Tyler,Ryanfort,343.0,5.73,166.89,2023-02-18
3164,434,New Dianabury,Lake Shannonview,2286.1,22.75,5658.47,2023-02-08
3165,380,Mariahmouth,West Mark,2056.3,19.9,4618.66,2024-05-27
3166,51,North Tylerburgh,Jacksonmouth,546.2,16.94,720.73,2024-11-26
3167,493,New Jacob,North Melanieside,2382.5,13.18,2166.79,2023-07-08
3168,497,East Alex,North Karenland,1360.1,18.79,2838.87,2024-12-06
3169,126,West Anthony,Port Patrick,2004.9,11.72,2035.03,2024-10-03
3170,334,New Candacestad,East Kevinfurt,677.4,18.75,1248.27,2023-01-25
3171,91,North Emilyview,Phamland,2150.9,6.48,1396.8,2023-09-02
3172,47,Lake Philipside,Sheilamouth,148.6,15.62,205.74,2023-12-24
3173,464,Gainesside,Craneland,1870.6,18.6,3974.17,2024-03-16
3174,117,Mariamouth,West Cynthiaside,2262.7,13.54,1662.38,2023-05-08
3175,51,East Amyhaven,New Bryanville,647.7,19.28,1041.59,2024-06-15
3176,325,Lorimouth,Porterfurt,1365.5,19.75,1950.37,2023-03-19
3177,244,Butlerland,Davidshire,229.0,12.48,231.3,2023-12-27
3178,250,North Timothyshire,Port Cody,533.6,14.02,486.64,2023-11-06
3179,464,Markfort,Changton,784.9,1.23,77.31,2023-11-24
3180,100,Lake Jamie,West Janestad,323.2,22.28,751.9,2023-04-11
3181,1,Shannonburgh,Stevensberg,1492.9,16.24,2494.49,2023-06-28
3182,324,Lake Eduardo,Daisyburgh,666.8,10.77,495.17,2023-09-08
3183,488,Alexandriaside,Bowersstad,482.5,13.18,546.87,2024-02-18
3184,175,Thompsonmouth,New Cathy,1630.9,7.34,1044.49,2024-07-04
3185,226,Lake Jenny,Snowtown,724.5,14.47,750.79,2023-05-28
3186,4,Anthonybury,Wadeborough,323.1,19.16,388.48,2023-05-07
3187,84,Katieport,Josephmouth,832.1,24.38,1682.48,2024-07-08
3188,49,West Jennifer,Flynnstad,488.0,19.25,912.24,2023-07-12
3189,276,New Chris,Stanleyfurt,2317.0,11.64,2552.75,2023-04-12
3190,119,South John,Port Jimmy,2065.3,5.65,672.25,2023-05-09
3191,272,South Crystalton,South Rogerbury,572.4,13.04,540.41,2023-08-31
3192,108,North Joseberg,West Raymondborough,1206.1,17.43,2416.07,2023-07-29
3193,393,Gregorychester,South George,1449.0,4.71,415.95,2023-07-18
3194,340,Whiteborough,West Stephen,1020.8,5.12,319.11,2024-11-05
3195,335,Josephstad,Lake Rebeccaport,435.0,23.96,1236.96,2023-08-09
3196,118,Monicaberg,North Danielmouth,1508.3,11.01,1674.8,2023-06-07
3197,156,Kellyshire,Timothyport,2335.5,12.33,3165.81,2023-07-25
3198,425,Lake Angelaport,Port Colleen,958.4,8.35,807.22,2023-05-10
3199,202,Youngville,Charlesville,1875.8,11.79,1764.19,2023-08-22
3200,29,Nelsonfort,West Donna,1918.6,1.14,253.28,2023-04-06
3201,500,New Caitlyn,Thompsonmouth,2423.3,9.49,2446.34,2023-08-12
3202,104,West Jason,Brooksshire,1169.4,7.58,951.09,2024-07-19
3203,192,West Johntown,South Leslieville,561.1,18.2,721.33,2024-09-22
3204,286,Tinaland,Port Joshua,108.0,11.26,93.36,2023-07-22
3205,258,Lake Rachael,West Susanside,1421.9,5.79,535.53,2024-11-17
3206,83,Markborough,North Jenniferland,1128.3,7.58,472.18,2023-05-14
3207,241,Richardport,Lake Timothy,847.4,12.51,1065.28,2023-04-19
3208,200,Caseport,Lake Brandon,2382.5,23.72,5916.11,2024-05-12
3209,144,West Crystaltown,Fishershire,1735.1,22.81,3328.2,2024-09-27
3210,29,Lake Anthonychester,Lake Sean,2468.0,15.07,2014.07,2023-10-30
3211,473,Port Dylanland,Harperton,1617.1,7.63,936.01,2023-08-29
3212,38,Albertland,Samuelstad,746.4,12.32,1026.78,2023-10-27
3213,78,North Danielburgh,Aaronborough,845.1,19.61,1308.63,2024-03-27
3214,288,Williamsview,East Reneefort,2191.2,15.16,2995.86,2023-03-05
3215,391,Mccormickhaven,Lake Dennis,265.6,6.89,164.87,2023-05-09
3216,354,North Angela,West Julieside,1668.7,14.36,2569.06,2024-12-19
3217,403,West Benjamin,Montgomeryfurt,103.5,19.53,110.69,2023-08-18
3218,185,Wagnerview,North Sarah,1763.2,18.74,3866.09,2024-04-24
3219,95,West Christopherview,West Philip,2267.5,11.7,2969.24,2024-05-17
3220,102,Walkerfort,East Janice,837.1,6.46,407.49,2024-05-13
3221,383,Jonesstad,Genemouth,1710.3,17.9,2077.95,2024-02-19
3222,219,Stephenmouth,Terryborough,2335.1,4.37,968.98,2024-07-28
3223,271,Parkhaven,New Jerome,1021.0,12.67,690.3,2024-11-26
3224,290,Victorshire,Kellerside,197.7,24.75,372.57,2023-09-22
3225,409,South Scott,South Larryville,1121.2,1.77,169.27,2024-10-21
3226,171,Brendaview,West Adamview,851.3,13.93,827.56,2023-02-01
3227,499,New Brian,West Teresa,1604.2,18.63,2676.96,2024-09-26
3228,263,Port Dennisstad,Montgomeryfurt,1417.8,3.7,320.39,2023-12-03
3229,313,Port Christinaborough,Kylemouth,2123.4,3.11,756.63,2023-11-27
3230,351,Smithfort,Meganburgh,1642.9,5.58,505.27,2024-12-05
3231,451,North Vincentberg,Martinberg,1105.8,7.64,689.3,2023-03-09
3232,94,Maryport,New Andrewberg,2486.2,4.65,845.44,2023-10-22
3233,355,Michaelport,New Michaelbury,1637.2,9.16,1303.82,2024-10-25
3234,206,Brooksmouth,Port Joshua,1861.7,23.76,4965.61,2023-09-07
3235,10,Mejiashire,Benjaminmouth,1458.1,1.15,181.06,2023-07-09
3236,439,Morsestad,Stephenbury,70.9,8.74,37.51,2024-07-15
3237,235,Annstad,West Charles,596.1,17.19,746.63,2024-01-13
3238,474,Sharonside,Robertshire,1651.4,5.81,1031.49,2023-05-13
3239,79,North Donnamouth,Port Eric,918.9,22.13,2251.26,2024-10-18
3240,52,New Joshua,Murphyburgh,512.7,4.56,167.38,2024-01-09
3241,400,Crawfordshire,East Brianbury,114.3,15.45,192.71,2023-06-12
3242,446,Josephmouth,North Annland,361.9,9.36,185.79,2024-05-31
3243,156,East Justinchester,Terrymouth,822.6,6.52,346.56,2023-09-24
3244,471,Chadborough,Brooksbury,450.1,24.78,739.57,2023-06-21
3245,461,New Justin,West Davidchester,582.2,9.53,330.75,2023-09-17
3246,14,North Joseph,Donaldfurt,2363.7,3.95,1086.42,2024-08-03
3247,195,East Joseph,Joneshaven,1137.7,18.85,2183.04,2024-09-06
3248,395,Foxborough,Thomasburgh,170.6,11.53,125.7,2024-04-10
3249,90,Wintersborough,Lake William,982.2,20.55,1140.4,2024-05-20
3250,84,Lake Stephanieland,Millerfurt,1291.4,14.88,1655.55,2023-08-11
3251,310,East Tricia,North William,1903.7,3.89,623.81,2023-02-07
3252,108,Juanhaven,Johnchester,928.1,24.89,1826.29,2023-10-18
3253,131,Lake Allen,North Jeffrey,2463.6,20.19,3739.96,2023-02-12
3254,195,Lake Ericland,New Johnchester,1296.4,23.68,1569.63,2024-12-08
3255,182,Jimenezmouth,Gibsonchester,2018.4,10.61,2356.2,2024-01-13
3256,485,Bennettstad,Kentton,933.0,8.44,429.72,2023-09-23
3257,44,Rachelhaven,New Markview,2127.1,8.22,2097.81,2023-06-11
3258,9,Kelseyville,North Donaldborough,1643.6,20.44,3739.68,2023-06-06
3259,166,Nathanbury,New Christineberg,2380.7,7.59,1722.3,2024-03-21
3260,5,East Denise,East Michaelland,161.2,21.34,214.71,2023-05-30
3261,391,Matthewtown,Johnsonfurt,363.5,4.74,169.98,2023-08-30
3262,379,South Dillonchester,South Scottville,145.5,15.31,144.1,2023-07-14
3263,81,Lake Malloryport,Kimville,1669.3,9.92,1308.88,2023-09-06
3264,78,Haleyside,Lake Vanessa,1077.1,5.19,482.44,2024-12-25
3265,451,South Heidi,Wrightburgh,1867.8,20.45,2395.42,2024-05-28
3266,105,Brianshire,Mandyburgh,2316.1,19.88,2398.83,2024-03-28
3267,136,Lake Arthur,Lake Lauren,799.9,16.01,1455.17,2023-09-25
3268,15,South Steven,East Nicholasburgh,1573.7,1.68,136.97,2023-10-08
3269,468,Alyssaside,New Elizabethshire,2227.6,1.82,450.19,2024-02-22
3270,370,Stephaniefurt,Colleenland,1048.8,13.95,1512.46,2023-08-22
3271,460,Leefurt,Yeseniachester,1336.8,4.8,327.54,2024-08-04
3272,496,Drewshire,North Jonathanstad,595.6,11.08,360.6,2023-07-15
3273,275,Morganhaven,Simpsonstad,1215.4,24.6,3286.77,2023-05-12
3274,1,Tristantown,New Briannafort,1129.0,21.57,2597.43,2023-09-14
3275,66,Kathyville,Nicholaston,813.0,12.27,1129.25,2024-04-10
3276,343,South Tracy,Rebeccaberg,841.0,13.96,1373.43,2024-08-04
3277,437,North Laurenport,South Timothyton,1805.0,12.47,2305.09,2024-12-05
3278,413,Allenchester,Lake Johnchester,1449.5,4.02,501.3,2024-10-05
3279,49,Lake Kenneth,Matthewsberg,2358.6,6.41,842.91,2023-03-17
3280,128,South Nicolestad,Morrisburgh,1807.3,7.78,1308.37,2024-09-14
3281,169,Keithburgh,Port David,604.2,5.43,315.47,2024-01-14
3282,265,Burnshaven,Samanthastad,1790.6,12.09,1977.68,2024-03-12
3283,68,South Rebeccafurt,West Michaelmouth,1464.1,22.21,3355.58,2024-06-12
3284,378,Michaelchester,Millerchester,853.5,9.99,513.0,2023-03-27
3285,198,Tinashire,South Sarah,2339.8,1.82,483.0,2023-11-19
3286,8,Kingtown,Ashleystad,1598.1,20.06,3801.01,2023-07-05
3287,83,Lake Robertland,East Brenda,400.2,1.82,76.94,2023-09-01
3288,440,East David,Sarahhaven,1022.1,1.28,109.44,2023-11-19
3289,296,Randallfurt,New Davidberg,892.6,16.09,1539.45,2023-04-26
3290,135,Bergermouth,Angelafurt,1043.9,24.82,2117.42,2024-05-13
3291,394,Tranhaven,Duncanhaven,1387.4,3.83,369.58,2024-03-26
3292,96,Stevensonland,Spearston,1310.5,9.1,1428.3,2024-05-02
3293,282,South Courtney,Jeannefurt,675.4,20.37,1157.24,2023-09-27
3294,391,East Kathleen,South Johnbury,1168.0,3.32,426.3,2024-03-19
3295,329,East Timothyfurt,North Tonyborough,1321.7,2.51,250.73,2023-01-04
3296,500,New Margaretchester,South Wendy,112.3,14.04,89.27,2023-03-25
3297,152,Port Alexandriastad,Port Paul,1170.7,3.67,380.38,2024-05-21
3298,284,East James,Lopezchester,359.4,9.34,274.18,2023-11-23
3299,259,Lake Jillian,Gibsonfurt,2461.6,2.99,814.68,2024-01-01
3300,262,Gabrielhaven,Laurentown,497.4,20.68,1151.99,2024-04-26
3301,9,Nicholeton,Port Julie,527.5,21.16,731.44,2024-09-12
3302,400,North Jeffery,West Katie,536.8,18.87,879.13,2023-12-31
3303,410,Torresfurt,Lake Laura,421.8,21.64,791.86,2023-05-16
3304,272,Port Matthew,Millerside,1356.2,13.95,1864.63,2023-04-09
3305,326,North Tammy,Lake Meganshire,458.5,4.81,215.31,2024-02-04
3306,385,Levyland,Jamesland,1604.1,15.84,2770.25,2023-09-13
3307,218,North Dianaburgh,South Toddtown,1804.4,13.98,2947.83,2024-07-05
3308,486,Lake Peter,Longfurt,2152.8,7.68,1936.64,2024-09-20
3309,216,Timothyhaven,Lake Johnchester,1032.1,10.35,924.25,2024-05-20
3310,481,Bonnieview,Alejandroborough,2239.7,12.23,1630.57,2024-10-21
3311,343,Carrburgh,Vanessatown,785.0,2.8,218.89,2024-06-15
3312,492,South Michael,Cynthiaborough,813.4,23.15,1749.67,2024-10-08
3313,247,Lake Jamesview,Davidmouth,213.7,19.12,244.43,2024-06-01
3314,487,Robertville,Brandonbury,2065.0,19.35,4255.07,2024-06-18
3315,215,Richardmouth,South Kristineberg,2446.9,10.39,1554.91,2023-02-12
3316,37,Riveraport,Lauraland,1007.9,5.64,616.22,2024-06-28
3317,206,Ernesthaven,New Wesley,604.4,23.78,859.93,2024-01-24
3318,78,Lake Charlesville,Brendamouth,352.5,18.75,767.37,2023-05-12
3319,168,Adamsland,South Jessica,554.3,4.42,169.74,2024-01-21
3320,53,Scottstad,New Rachel,76.4,3.82,20.95,2023-11-14
3321,225,Lake Stacey,Rodriguezshire,1940.6,15.36,1974.83,2023-05-10
3322,233,Dianeshire,Port Susanshire,782.1,4.0,319.11,2024-05-24
3323,369,Bettyport,Lake Melissa,426.5,22.13,970.25,2023-08-25
3324,196,Joymouth,Castillochester,886.4,7.53,795.33,2024-09-24
3325,219,Jonesbury,Coopermouth,2103.0,7.13,1407.72,2024-11-01
3326,407,Lake Patricialand,Brookefurt,1483.2,22.03,3215.23,2023-01-13
3327,46,Robertsonberg,New Heidi,1243.9,7.99,860.68,2024-08-01
3328,186,Susanshire,South Lindsay,2494.1,15.48,3549.42,2024-07-29
3329,360,New Kimberlyland,Lake Steve,641.2,21.4,1161.09,2024-12-18
3330,443,Rodriguezmouth,South Austin,2409.9,11.12,2536.82,2023-11-19
3331,464,Nicholsmouth,North Elizabeth,1936.4,21.22,4161.27,2024-02-17
3332,429,Lake Jennifer,North Ericshire,666.6,13.19,697.9,2023-01-23
3333,366,Fosterfort,Goodmouth,665.6,9.56,323.91,2024-04-24
3334,303,East Deborahbury,Kimhaven,2024.7,6.83,1170.58,2023-05-08
3335,424,Wardfort,South Danielleshire,1112.7,7.38,983.86,2023-06-23
3336,193,West Richardmouth,Trujilloborough,1785.9,14.46,2804.99,2024-05-03
3337,22,Burnston,Jorgemouth,1536.2,21.89,3252.75,2024-04-02
3338,489,North Philip,New Sophiamouth,1524.1,15.17,2440.43,2023-06-06
3339,123,Shannonside,Francisbury,291.5,3.28,112.51,2023-07-30
3340,216,Port Michaelhaven,Fergusonton,933.7,17.14,1812.65,2024-07-12
3341,332,West Jason,East Tammyburgh,2047.4,18.24,1971.44,2024-10-22
3342,268,Andersonview,Waterston,1980.9,21.45,3829.83,2023-11-25
3343,382,New Markton,Alexisland,141.3,10.57,158.86,2024-06-17
3344,291,Paulmouth,Macktown,1955.2,17.06,1727.65,2024-08-28
3345,150,North Sabrinaton,South Jasonhaven,492.8,16.13,580.48,2023-02-01
3346,435,Jonathanmouth,Lake Kyle,2305.6,20.25,4717.12,2024-12-29
3347,181,Johnfurt,Port Audrey,2232.8,9.61,2098.75,2024-01-21
3348,25,Danielville,Staceyfurt,2435.3,6.97,1378.64,2023-01-26
3349,394,New Jefferyville,North Michael,845.1,17.78,1418.99,2024-01-22
3350,281,Dianaburgh,Crystalville,1994.4,6.03,1250.21,2023-04-08
3351,400,East Katelynport,New Kellyshire,1638.3,18.78,3160.79,2023-03-09
3352,171,Port Howardshire,Howellshire,2047.9,21.27,4789.96,2023-08-08
3353,495,Port Kelsey,New Amy,911.9,13.92,1350.11,2023-01-29
3354,370,Archerfurt,Johnsonfurt,607.5,20.89,724.52,2023-12-14
3355,328,Port Jessica,Paulaland,271.6,10.75,273.07,2024-10-07
3356,363,Port Stacy,Alvinborough,506.2,10.18,353.13,2024-11-25
3357,186,Pierceside,Mitchellborough,1239.3,9.09,908.47,2024-03-14
3358,58,New Jamesbury,Lake Katelyn,1899.2,24.02,3311.61,2023-01-17
3359,329,Lake Cindy,Thorntonburgh,515.0,8.45,371.76,2024-05-31
3360,204,Allenburgh,South Davidport,1423.2,19.16,2390.84,2023-10-26
3361,365,New Markbury,Port Michelle,1565.3,2.82,249.56,2024-03-10
3362,135,Hickston,Samuelmouth,1515.0,22.05,2616.49,2023-03-02
3363,69,Snydershire,Lake Kimberly,407.1,9.16,278.81,2023-11-12
3364,418,Port Arthur,North Sandra,2307.1,3.49,941.46,2024-09-23
3365,498,Floresmouth,Arthurhaven,2197.3,20.16,4116.99,2024-02-17
3366,21,East Erin,East Robertfurt,251.4,24.99,508.74,2024-04-29
3367,14,Morenoville,West Katherine,652.5,4.72,368.0,2023-12-07
3368,126,South Mario,Brownfurt,1261.5,21.0,3147.94,2024-01-02
3369,75,Woodsview,Codyport,2194.1,11.57,2711.37,2023-08-07
3370,314,South Michael,West Scott,80.4,6.85,28.34,2023-09-03
3371,291,Ericahaven,Port Marcus,1234.0,11.53,1265.48,2023-08-22
3372,205,Penashire,Lake Danielhaven,521.0,5.47,245.94,2024-07-13
3373,383,Port Saraville,Jillfort,1586.8,22.33,4200.23,2023-10-11
3374,411,Port Jesse,Charlesmouth,690.7,20.12,1048.91,2024-11-24
3375,480,Jillfort,Lake Michealchester,695.7,9.89,777.52,2023-11-29
3376,355,New Amyhaven,North Michele,625.0,13.97,483.65,2024-08-06
3377,127,Ryanton,Port Todd,379.5,21.64,977.58,2023-06-23
3378,470,Williamsport,Nicholasbury,1999.1,14.9,1690.79,2024-01-31
3379,161,Port Amber,East Kevin,1971.3,13.18,2164.32,2024-10-25
3380,179,Devonmouth,Brownland,306.8,20.83,421.45,2024-11-18
3381,115,Jenniferhaven,South James,1808.0,16.48,2645.43,2023-09-04
3382,317,Port Danielleburgh,Wandaberg,1190.0,14.78,944.91,2024-02-27
3383,88,South Danielhaven,Mejiahaven,1122.8,15.19,929.96,2023-12-27
3384,459,Carpentermouth,Timothyburgh,104.2,11.76,117.05,2024-12-07
3385,350,Lake Taylor,Lake Angela,901.6,21.82,1187.29,2024-11-24
3386,130,Terrencemouth,South Alisha,918.3,23.91,1522.17,2024-05-20
3387,252,North Laura,East Jennifer,2371.0,18.47,4377.17,2024-03-19
3388,203,Port Lauraburgh,East William,1105.5,19.34,1268.6,2023-08-06
3389,346,Port Sheilafurt,West John,577.3,11.85,599.87,2024-06-25
3390,261,Mikaylaville,Joshuastad,796.4,6.58,554.89,2024-03-26
3391,349,Port Amberburgh,Amberhaven,2368.4,4.46,927.15,2023-08-05
3392,28,North Jose,North Pamelastad,1487.8,21.71,3810.2,2024-11-20
3393,37,North James,New Edward,1794.7,9.6,1005.8,2023-11-09
3394,376,West Elizabeth,West Tonyashire,1553.9,13.71,2154.4,2024-01-04
3395,92,Wardville,Claytonhaven,526.8,24.51,1344.92,2024-09-23
3396,374,Penaland,East Kimberly,2097.6,1.71,412.56,2024-03-29
3397,294,Brianchester,Port Amber,342.8,3.14,125.11,2024-09-08
3398,196,Paulborough,Samuelton,1767.3,17.45,3279.58,2024-12-05
3399,50,East Andrew,Port Michael,1756.2,4.32,561.65,2024-06-16
3400,130,New Carly,Randallborough,812.4,5.26,342.39,2023-12-08
3401,117,North Randy,North Melissa,1274.2,5.43,540.37,2023-11-02
3402,232,Williamsfort,Lake Phillip,910.4,16.53,838.37,2023-08-16
3403,311,New Kayla,East Jacqueline,1891.9,13.57,1320.32,2024-11-23
3404,49,Charlottehaven,Kristafort,199.2,14.37,279.92,2023-11-11
3405,3,Lake Christopherbury,Melissabury,462.9,24.13,972.2,2023-08-07
3406,291,East Sherriton,South Robertfurt,850.8,8.35,753.06,2024-10-28
3407,97,Port Tasha,Michaelmouth,1430.2,21.62,3614.65,2023-12-02
3408,500,West Karenside,Shawnfurt,1609.4,12.96,1824.33,2023-08-26
3409,308,New Michael,Lake Aaronport,895.9,21.93,2237.47,2023-04-29
3410,434,Millerfurt,Burgesston,966.7,5.25,410.32,2024-02-14
3411,420,Macdonaldport,Garzaville,2205.2,5.26,700.83,2023-05-22
3412,455,Cheyennemouth,New Maria,1140.5,15.93,2097.89,2023-12-10
3413,160,Port Jenniferberg,Joshuatown,2397.2,23.58,6020.26,2024-04-29
3414,303,Simsside,Luisfort,2340.8,3.59,821.96,2023-11-20
3415,309,Port Maria,South Michaelburgh,1320.3,22.61,2532.51,2024-11-09
3416,233,Ericborough,West Joseph,430.4,15.72,498.09,2024-12-08
3417,230,South Charlesland,Lake Stevenburgh,2325.1,14.15,2540.52,2023-07-17
3418,127,Andrewbury,West Danielletown,2362.8,17.05,2198.89,2024-04-23
3419,97,Hamiltonville,Amberbury,945.9,6.75,684.65,2024-10-14
3420,472,Lake James,South Kathrynview,1995.4,2.0,215.92,2024-12-23
3421,387,Michaelland,New Samantha,1227.0,21.25,2507.67,2023-12-20
3422,340,West Karen,East Adam,2105.7,3.37,613.03,2024-11-03
3423,360,New Susan,West Kristiburgh,1654.3,22.88,3384.19,2024-08-31
3424,103,Dillonmouth,Kelleyville,1353.2,10.46,1249.09,2023-02-06
3425,150,South Catherine,West Tammie,742.3,4.25,326.35,2024-09-25
3426,43,Katherinefort,Lake Derek,2363.4,11.23,2135.48,2024-10-23
3427,248,East Paigeport,North John,1251.6,12.79,1160.67,2024-08-05
3428,395,West Brandon,South John,1543.7,8.34,1537.98,2024-06-18
3429,426,Port Teresa,New Susan,753.6,17.42,707.03,2023-11-05
3430,301,Port Ritabury,Daystad,152.0,23.72,257.78,2023-08-18
3431,161,New Brandy,Ericside,1882.2,14.71,1720.34,2023-07-19
3432,156,Jotown,East Tricia,1861.2,13.82,1371.09,2024-08-11
3433,422,Davidsonville,Angelabury,993.0,9.44,821.56,2024-02-11
3434,269,New Deborah,Lisamouth,2072.2,21.97,4629.92,2024-10-06
3435,23,Sharonhaven,Guerreromouth,2130.6,13.21,2749.21,2023-02-14
3436,457,Port Leslieside,East Steven,2281.1,3.37,895.55,2024-03-30
3437,254,North Christinafort,Keithfort,592.8,8.69,515.05,2023-05-13
3438,473,New Daniel,South Davidview,556.5,16.37,465.44,2024-03-20
3439,149,North Jamesview,Prestonhaven,984.6,22.61,1294.37,2024-10-25
3440,426,Rosehaven,Riverafort,61.6,6.77,44.6,2024-06-18
3441,117,South Kelly,Carolfurt,860.3,5.25,349.1,2024-08-08
3442,73,South Derekfurt,Blairport,960.9,21.11,1077.78,2023-10-20
3443,473,Bakerberg,New Danieltown,1516.9,15.92,1643.9,2024-10-23
3444,321,Blackborough,West Mary,1086.0,14.69,1762.24,2023-05-30
3445,468,Adamborough,Port Michael,808.9,23.57,1825.23,2023-04-14
3446,212,East Randymouth,Mccannstad,717.9,17.57,997.88,2023-11-09
3447,399,Barnesport,East Elizabethville,974.0,21.22,1307.57,2023-04-13
3448,203,South Terry,South Leslieview,1246.1,15.4,1801.12,2023-11-28
3449,354,East Matthewfort,Tannerburgh,152.4,19.41,174.59,2024-10-09
3450,462,Port Christina,East Stephaniestad,596.3,16.3,564.42,2024-04-18
3451,86,Derekfurt,New Desireestad,1988.4,2.6,452.8,2023-07-06
3452,477,New Linda,Hobbsport,2361.6,7.16,1651.4,2023-05-27
3453,439,North Christopherfort,Spencermouth,1752.8,7.84,962.63,2024-07-01
3454,422,Harrismouth,Johnsonshire,1446.8,3.6,303.96,2023-07-31
3455,434,New Tonyamouth,New Kylefurt,2219.7,5.85,727.89,2024-04-23
3456,241,Baileymouth,New Paul,1270.0,4.05,615.62,2024-10-30
3457,199,Lake Jamesview,West Theodorefurt,1223.1,3.67,236.39,2024-08-28
3458,124,North Apriltown,Lisafort,502.0,19.3,1031.34,2024-02-25
3459,227,Rubenview,North Thomas,1118.1,9.9,1125.56,2024-11-17
3460,393,Port Dalton,Stanleyland,1512.7,1.99,347.24,2024-07-08
3461,23,Bentonshire,South Lukemouth,2437.5,19.45,4776.2,2024-06-10
3462,487,South John,North Antonioside,1443.6,23.77,2535.64,2023-05-21
3463,462,Scottside,Coleville,664.5,5.21,285.07,2024-10-29
3464,150,Murphyfort,New Marie,1628.1,10.39,1027.08,2023-04-23
3465,172,Port Kayla,East Melissaside,1288.7,6.41,775.71,2024-03-05
3466,36,Rhondaburgh,Barbarashire,1662.1,11.53,2127.08,2024-04-29
3467,83,Johnsonhaven,Corystad,2116.4,15.44,2292.19,2023-02-19
3468,351,Nancyborough,Reeveston,401.2,24.14,522.7,2024-06-10
3469,369,Jasonchester,North Alyssa,209.6,13.43,144.19,2024-07-02
3470,74,Maddoxtown,Underwoodchester,466.3,23.39,828.11,2023-10-14
3471,2,Jonathanville,Karatown,2258.7,17.42,1983.58,2024-08-06
3472,62,Lake Jessicaton,Woodton,1428.6,20.53,3044.62,2023-01-04
3473,280,Port Michelle,North Jessicaport,2149.7,19.29,2175.55,2023-04-26
3474,480,South Kaylafort,New Robert,231.1,16.57,435.61,2024-08-25
3475,199,East Jessica,Karaport,1450.2,10.27,1459.46,2024-07-29
3476,314,Bradshawview,Wandafort,1151.7,18.95,2134.49,2023-04-30
3477,246,Port Nicholas,Norrischester,662.6,24.52,1536.46,2024-03-23
3478,185,Victoriamouth,Williammouth,2302.6,4.68,943.47,2023-11-13
3479,494,Lake Todd,North Marymouth,598.4,7.88,477.05,2024-10-11
3480,189,West Deborah,Port Russellfort,2420.1,24.98,6754.88,2023-05-26
3481,22,New Mariofurt,Port Cynthiafort,1863.0,11.36,1502.41,2023-12-23
3482,117,Lake Andrew,East Michaelton,1176.8,18.06,1868.24,2023-08-13
3483,107,Davidville,Flemingfort,2469.3,4.0,927.02,2023-02-06
3484,376,Dylantown,Rodriguezberg,2357.6,11.11,2075.55,2023-12-28
3485,173,Johnstonmouth,South Russellmouth,1158.2,23.86,2278.37,2024-11-15
3486,106,Marksport,Lake Stephen,848.7,10.57,902.74,2023-01-08
3487,486,Lake Kellyhaven,South Rebekahchester,652.7,18.1,1060.73,2024-03-18
3488,461,Taylorburgh,Johnsonstad,2190.3,16.82,3438.04,2023-12-25
3489,192,North Randy,New Carl,1185.3,21.7,2712.16,2023-08-31
3490,56,Wendyview,Martinezchester,1627.8,6.12,596.66,2024-02-01
3491,490,Patrickmouth,Lake Bradley,1379.9,11.86,1854.67,2023-02-12
3492,112,Oliverfurt,West Jenniferstad,1947.7,15.97,1666.03,2023-06-08
3493,480,South Renee,West Anthony,877.3,22.36,1886.62,2023-01-26
3494,356,Perezberg,Port Kelli,1317.9,5.33,569.04,2024-04-29
3495,382,Reyeschester,Cordovaport,555.8,14.62,504.32,2023-02-13
3496,295,West Jimmyburgh,Ericville,1717.5,19.46,3171.35,2024-05-24
3497,240,Levineview,West Jeffrey,1965.6,5.75,890.5,2024-06-21
3498,250,Mcintyremouth,West Angelaland,652.0,18.72,1261.84,2023-05-10
3499,377,West Shawnburgh,East Nicholasmouth,824.7,23.39,1791.3,2023-07-06
3500,34,Phillipsmouth,Dennisville,1588.8,1.85,166.94,2024-10-27
3501,28,North Scottstad,Tinatown,260.1,1.21,34.73,2023-09-02
3502,183,New Sophia,New Raymondfort,862.2,3.16,313.89,2023-10-10
3503,431,Keithberg,West Sarah,547.4,4.61,163.8,2024-11-21
3504,464,Riosmouth,Carlsonfurt,211.8,15.96,243.67,2024-03-31
3505,149,Ryanton,Wongmouth,2079.2,12.4,2558.93,2023-07-11
3506,451,Bryanland,Mcbrideshire,792.9,20.26,982.92,2024-05-31
3507,317,Nealstad,Port Brendafort,422.4,10.96,403.98,2024-11-08
3508,359,Briannaborough,Port Tiffanymouth,1053.7,14.48,1434.33,2024-11-12
3509,500,West Kathy,Lindsaymouth,2459.1,17.56,4890.58,2024-09-15
3510,50,Lake Carlfort,Wattsville,327.7,23.69,882.23,2024-02-16
3511,195,Robertland,Ramirezfurt,1901.4,4.25,619.54,2023-06-03
3512,419,Edgarchester,Johnberg,1218.4,19.41,2152.84,2023-03-01
3513,230,Rebeccamouth,Lake Ericaville,937.8,11.58,977.74,2023-04-10
3514,291,West Allisonville,New Jennifer,2240.3,24.29,6326.63,2023-01-02
3515,190,Bradleyside,Johnport,892.4,9.15,456.86,2023-02-26
3516,202,Port Derekfurt,South Karenbury,218.8,4.24,65.87,2024-03-06
3517,492,New Melissamouth,West Melissahaven,2296.1,3.66,970.23,2023-01-07
3518,365,West Allenborough,Jennifertown,1688.8,24.08,2946.23,2023-02-02
3519,410,New Maryville,West Nicholasbury,1992.3,19.88,2963.78,2023-09-22
3520,87,Patrickshire,Lake Jackville,1262.1,15.92,1834.91,2023-09-23
3521,267,North Colton,Carrollchester,944.8,7.07,574.05,2024-08-27
3522,86,Lake Charles,Rebeccamouth,2265.5,1.56,255.52,2023-01-18
3523,230,Parsonsberg,East Janicestad,177.4,6.73,85.32,2024-10-06
3524,389,South Kimberly,South Lorettaview,2490.6,9.1,1566.08,2024-03-15
3525,17,Brendamouth,Port Geraldtown,1658.9,16.83,2046.6,2024-04-28
3526,377,North John,Lake Meganchester,370.1,24.48,848.85,2024-10-31
3527,241,Schmittstad,Baldwinville,1455.4,8.27,770.01,2023-10-14
3528,357,Myersfort,East Andrewshire,981.0,1.86,177.05,2024-08-12
3529,402,Melissaport,New Ashley,969.1,9.8,815.63,2024-04-29
3530,178,Robertsville,Nelsonton,1090.1,17.97,1160.92,2024-08-08
3531,137,Thomasshire,Jamesberg,1811.8,14.26,2175.88,2024-02-15
3532,413,Port Jeremy,Ferrellview,254.1,11.8,290.92,2024-08-20
3533,59,Cruzville,South Corey,1682.2,8.65,1245.79,2024-11-24
3534,125,Lisastad,Kingside,106.4,4.08,44.86,2023-06-18
3535,411,New Juliemouth,New John,232.3,9.96,140.63,2023-11-05
3536,371,New Jeffreyview,Maryfort,630.5,3.1,108.05,2024-11-18
3537,317,Annehaven,New Georgechester,82.9,20.37,187.29,2024-02-04
3538,497,Watsonborough,West Elizabeth,222.4,14.99,392.04,2024-04-20
3539,55,Patrickmouth,Barkerberg,1178.9,21.96,2719.06,2024-04-09
3540,471,Ryanland,South Matthew,1550.8,2.35,217.61,2023-07-06
3541,488,Davidborough,Tammyfort,1877.9,2.95,312.55,2024-12-04
3542,108,East Rebeccaberg,North Michellefort,274.4,11.39,306.27,2024-10-10
3543,272,South Davidport,Mikaylatown,172.5,2.91,36.36,2023-03-04
3544,254,Guerreroshire,Josephbury,522.0,20.62,1071.81,2023-04-14
3545,347,Elizabethview,Port Dawnbury,1533.4,5.47,588.52,2024-08-26
3546,260,North Juliaburgh,Lake Isabella,1499.9,21.66,2630.74,2024-04-27
3547,74,Masseychester,Gateston,65.5,5.22,21.83,2024-10-04
3548,64,Hendersonfort,Thomasberg,2201.5,14.81,2062.35,2024-11-21
3549,165,Lake Saraland,West Aaronbury,1772.0,2.82,315.28,2024-08-06
3550,429,Johnmouth,South Andrew,1902.9,6.47,955.72,2024-01-31
3551,147,Harrisonfort,Dawnborough,1501.2,15.44,1980.97,2023-03-07
3552,124,Douglasmouth,New Jeremy,584.7,7.02,304.29,2024-11-04
3553,129,East Joseph,Nicolefort,1349.8,16.72,2657.9,2024-04-23
3554,253,Carrillomouth,Kingmouth,739.6,4.87,195.63,2024-01-06
3555,419,Brandonville,Jacobville,893.3,18.59,1550.86,2024-06-07
3556,229,Aliciachester,East Jenniferborough,1103.7,17.18,2140.85,2024-12-27
3557,302,New Margaret,Weaverhaven,79.4,18.86,84.12,2024-02-17
3558,311,Gregorytown,Stevenshire,1939.9,22.95,4401.55,2024-11-09
3559,430,West Elizabeth,Sergiofort,1711.6,2.58,301.92,2024-08-22
3560,190,Johnstonbury,New Matthew,831.7,9.59,851.58,2023-02-13
3561,382,East Vickimouth,Richardchester,1274.3,19.32,1771.2,2023-04-12
3562,181,Vargasport,Reesemouth,516.2,15.09,412.76,2024-07-07
3563,408,Foxland,Lewischester,1053.8,22.12,1694.77,2024-05-15
3564,461,Port Jeffreyshire,Christineport,2123.9,24.33,4260.75,2024-08-02
3565,198,Tiffanyshire,Lake Teresa,1187.8,4.66,562.65,2024-08-29
3566,163,Kaitlinburgh,Lake Martin,1078.0,1.59,102.43,2023-03-31
3567,188,North Christinemouth,South Tony,984.6,21.89,1303.02,2024-05-04
3568,89,South Emily,Warestad,84.2,19.99,162.13,2023-11-25
3569,9,Sheltonshire,Lake Timothyberg,420.0,23.71,649.17,2023-08-15
3570,12,North Bradley,North Kristinaville,1008.7,4.6,341.56,2024-09-21
3571,438,Gregorychester,Carlsonfurt,1268.4,4.8,658.05,2024-07-30
3572,371,Christopherfort,Brendaville,1395.9,6.47,759.16,2023-05-22
3573,250,New Hollymouth,Lake Heiditown,1272.9,11.44,1596.16,2023-07-16
3574,35,North Jenniferstad,Mcculloughview,2424.3,2.43,691.02,2024-05-30
3575,73,South Michaela,Nancyshire,2384.7,17.94,3959.31,2023-05-02
3576,214,Baileyberg,Lisaborough,626.1,23.64,1572.66,2023-11-03
3577,174,West Dannyville,Mooremouth,1251.7,23.96,2825.29,2024-10-24
3578,63,Lake Jay,Jamiebury,1594.6,17.42,2223.06,2023-02-19
3579,192,South Steven,Frazierfort,1517.8,13.71,1537.31,2023-09-12
3580,497,West Rebecca,South Lauren,2027.5,21.74,3344.17,2023-12-12
3581,127,Amandafort,Brandonland,1210.1,1.43,131.34,2024-08-20
3582,447,Jeanneshire,Greeneview,563.2,8.83,329.92,2023-01-08
3583,244,Gainesland,Port William,2261.3,16.21,4146.81,2023-01-01
3584,170,Millershire,South Meganfurt,1977.7,14.32,2560.34,2024-09-04
3585,401,Munozfort,Thomasland,1760.9,22.64,4687.66,2023-11-02
3586,304,Port Shariport,West Peter,1600.1,24.31,2568.26,2023-12-23
3587,289,Port Veronica,East Ericborough,1543.0,20.52,2135.21,2024-01-24
3588,49,Jenniferstad,Amandafurt,1200.9,1.47,151.41,2023-10-28
3589,271,West Jessica,Montesland,991.2,4.56,327.76,2024-01-16
3590,491,Lake Victorhaven,Lake Caitlin,1252.8,15.46,2176.29,2024-08-02
3591,99,Randallview,Curryland,1833.2,2.61,369.71,2024-09-22
3592,435,Davisborough,Santiagobury,1988.6,7.63,910.62,2023-05-23
3593,2,Thompsonmouth,Prestonport,1955.5,12.37,1587.64,2023-03-25
3594,75,New Mikayla,New Lucasmouth,851.7,20.8,1484.17,2023-07-18
3595,161,Robinsontown,Lake Phillipfurt,1970.0,23.96,3961.54,2023-11-02
3596,331,Port Vickistad,South Jonathonmouth,1531.7,13.87,2287.83,2023-04-23
3597,152,Bergton,Maryhaven,511.1,23.17,1093.69,2024-02-01
3598,410,East Joycestad,Port Sarah,1846.9,18.65,2192.27,2023-03-25
3599,359,Goodmanbury,Diazburgh,1285.1,6.96,682.63,2024-07-20
3600,74,Port Laurie,Beverlyside,2055.5,1.26,176.81,2024-01-10
3601,216,Murrayton,Michaelhaven,775.5,1.69,124.61,2023-11-01
3602,76,South Christopherburgh,Lynchville,242.8,12.16,335.65,2024-04-05
3603,228,Janeburgh,Smithberg,1144.4,10.17,709.82,2023-09-10
3604,142,East Kimberly,East Tinafurt,1908.2,3.59,473.7,2024-03-21
3605,301,South Lisa,Smithland,534.6,15.56,581.73,2024-01-31
3606,445,Changside,Charlesfort,364.9,23.95,512.77,2023-07-13
3607,426,Lake Derekland,Geraldstad,850.0,12.45,634.13,2024-01-10
3608,331,Lauraland,Grahamstad,1815.2,14.2,2423.5,2023-02-19
3609,390,East Jeffrey,Michaelberg,843.5,5.27,413.03,2023-09-18
3610,292,Angelatown,Leeberg,134.6,7.79,93.94,2024-06-20
3611,366,New Kimberly,New Sarah,146.5,13.28,195.71,2024-08-19
3612,78,West Stephanie,Rosefort,373.1,2.53,51.68,2024-09-11
3613,48,Jessicaborough,Leahchester,300.5,4.92,147.8,2023-03-22
3614,212,Hardingchester,Melissafort,1898.9,24.34,3405.02,2023-08-22
3615,32,Hillstad,Arthurberg,891.8,2.67,185.82,2023-07-26
3616,80,North Katherine,New Stacyton,1335.5,16.4,1702.22,2024-11-27
3617,82,New Timothyfurt,Loristad,1392.8,3.15,283.02,2024-02-13
3618,123,Lake Ericaside,Lake Alexanderhaven,332.4,22.87,518.86,2024-08-05
3619,330,North Annaside,Tuckerfort,188.5,17.4,169.56,2023-01-09
3620,113,Jonchester,New Jasonside,2115.1,6.41,718.12,2024-09-16
3621,71,Bennettfurt,Paulmouth,1908.4,23.8,5305.48,2024-09-22
3622,344,East Kevin,Ramosshire,1276.4,8.75,1149.43,2023-07-08
3623,13,East Stephanie,East Laura,1019.7,13.25,949.48,2023-11-14
3624,21,Gillespieburgh,New Sarastad,1690.6,17.73,2652.79,2024-12-24
3625,252,East Todd,New Olivia,540.3,1.86,66.39,2023-01-01
3626,189,West Valerie,West Tamaraville,67.5,17.84,109.23,2024-01-23
3627,78,Alantown,Thomaschester,1297.4,20.9,2109.67,2024-04-11
3628,145,Linshire,Martinland,1363.8,22.96,3196.97,2023-01-21
3629,428,Stefaniefort,Youngchester,700.8,9.98,539.86,2023-07-29
3630,168,New Amandamouth,New Angelamouth,543.9,15.58,622.11,2023-10-21
3631,232,Toddbury,Grahamborough,2249.9,10.42,2239.66,2024-08-06
3632,263,Brewerhaven,Alexandriaport,120.6,15.48,178.47,2024-04-21
3633,199,Rebeccastad,Wilsonville,1936.5,5.91,662.52,2024-01-28
3634,103,Susanview,Brownchester,2021.4,18.83,4232.46,2024-09-13
3635,354,Herbertfort,Timfort,1911.4,18.66,2528.87,2023-07-08
3636,185,South Danielle,East Jeffreyview,1701.8,22.28,4066.51,2023-08-04
3637,456,Wallacefurt,Port Mercedesland,1186.3,16.55,1297.5,2024-02-05
3638,159,Riverafort,East Jessica,2216.7,7.06,1342.4,2024-12-21
3639,106,Lake Kimberlyton,Bridgetmouth,80.3,20.91,185.08,2024-09-24
3640,235,Jodimouth,South Marc,1274.0,18.28,2338.14,2023-08-11
3641,252,Antonioshire,New Jeffreyport,2461.4,15.44,2339.83,2023-10-10
3642,342,West Riley,Garciaberg,1226.4,15.32,1985.0,2024-12-19
3643,453,East Sharon,Port Tiffanychester,2150.5,6.96,1394.16,2023-05-27
3644,6,East Nathan,Lake Miguel,50.7,1.75,4.75,2023-09-19
3645,196,Sarahshire,New Randyburgh,2369.6,23.32,3936.73,2024-01-02
3646,189,Lake Jane,Hendrickshaven,1835.4,24.07,2509.59,2024-01-27
3647,449,Gallaghermouth,Gordonside,577.5,5.58,256.58,2024-01-16
3648,153,Joycemouth,Wrightshire,963.4,7.72,712.16,2023-04-24
3649,135,Bryantshire,Port Samuel,1937.6,22.56,3109.84,2024-12-24
3650,469,Johnsonfort,Gordonmouth,1169.5,23.37,3247.76,2023-10-26
3651,350,Theresaton,Joshuastad,551.4,23.07,1298.77,2024-12-23
3652,90,South Janetfurt,New Patricia,1992.3,22.13,5081.02,2024-05-29
3653,446,Lake Christophermouth,Lake Hunter,85.1,3.07,17.36,2024-07-20
3654,12,Kellymouth,West Keith,2221.8,17.68,2715.11,2023-04-25
3655,79,West Christineland,Ronaldville,1772.0,12.51,2243.38,2023-07-04
3656,20,Ramosborough,Martinmouth,577.9,10.54,465.48,2023-02-22
3657,499,Lake Natashaside,Lamberthaven,1268.7,20.93,2094.3,2024-03-06
3658,492,Adrianmouth,Kathyside,82.5,22.54,178.45,2024-06-05
3659,246,West Jamesfurt,Christinefort,1935.4,7.74,1044.25,2024-09-18
3660,494,Boydstad,Port Shawntown,546.6,7.41,392.83,2023-04-21
3661,1,Port Jameston,Obrienmouth,2186.4,6.64,1181.15,2023-09-29
3662,439,Port Davidville,Paulbury,2489.8,2.06,458.66,2023-05-22
3663,119,Harringtonburgh,Grimeshaven,1116.6,23.85,2242.24,2024-03-05
3664,46,Jeffreyshire,North Keith,1803.1,18.82,2377.31,2024-12-28
3665,84,West Christopher,Garciabury,1515.2,11.95,1504.18,2024-07-17
3666,277,Barkershire,Port Susanstad,964.5,22.64,2201.84,2023-01-02
3667,90,North Ricky,Franceshaven,407.0,18.64,563.49,2024-02-17
3668,393,Osbornehaven,South Scottborough,1471.5,9.93,1736.58,2023-06-08
3669,254,Colemanchester,South Thomasstad,766.5,20.54,1615.58,2024-02-21
3670,45,Annemouth,Lake Robin,1705.5,10.79,2158.54,2024-12-26
3671,184,Kellytown,Sherrymouth,1525.3,22.23,2485.29,2024-09-06
3672,349,West Tiffany,Benjaminmouth,1631.4,11.82,1692.0,2024-01-09
3673,441,North Courtneymouth,Allisonberg,452.5,2.03,78.49,2024-06-18
3674,324,Toddport,Kristenberg,2457.6,4.48,813.81,2023-06-14
3675,72,East Keithville,Port Justinstad,2088.4,4.83,1068.33,2023-02-06
3676,203,Mossport,North Richard,2444.2,20.01,5268.81,2023-02-16
3677,257,South Katieville,West Cynthiafurt,250.3,11.06,160.1,2023-01-11
3678,131,East Deborahtown,Scottstad,1382.8,13.47,1681.63,2023-12-06
3679,117,North Monicaport,Andreaton,2339.5,16.95,2439.91,2023-02-04
3680,167,East Connie,South Morganshire,1725.8,19.91,2894.63,2024-05-12
3681,203,Lake Patrickport,West Samuel,1843.0,20.13,3279.29,2024-04-28
3682,180,Lake Jeffreyfurt,New Jeff,1331.6,20.66,1797.42,2023-09-28
3683,116,Taylorburgh,Michaelhaven,1887.1,17.51,3937.3,2023-08-16
3684,459,South Benjaminbury,West Calvin,1619.1,11.89,2086.9,2024-12-12
3685,497,Monicaburgh,Josephchester,1895.6,18.19,3879.9,2024-08-15
3686,37,Lake Catherine,Lake Austinstad,1286.1,3.59,277.51,2023-11-08
3687,156,West Jacquelineside,Simpsonburgh,1752.6,8.36,1507.75,2023-06-14
3688,418,Dantown,Rodriguezmouth,2071.8,14.01,1647.54,2024-10-16
3689,107,Clarkfort,New Walterville,518.0,1.39,50.91,2023-02-09
3690,130,Montesside,East Patriciabury,505.0,19.63,545.16,2024-11-20
3691,339,Noahville,New Cody,1158.9,3.85,518.19,2024-10-28
3692,199,South Johnnyview,Cruzberg,1037.4,17.75,1307.66,2023-02-12
3693,471,Hallberg,Jefferyville,968.5,8.29,749.48,2023-10-15
3694,252,Powellhaven,Fosterburgh,1222.2,15.76,1019.55,2023-04-09
3695,131,Sarahshire,Tracystad,2443.7,13.0,2370.05,2024-09-02
3696,276,Lake Annehaven,Wilsonbury,1766.5,21.67,2942.31,2023-01-29
3697,451,North Katherine,Davischester,1936.0,11.14,1964.73,2024-05-21
3698,14,Geraldland,Maryview,910.1,24.31,1865.58,2023-01-29
3699,45,South Masonview,Katiestad,980.9,24.11,2439.05,2023-12-14
3700,371,Greenstad,New Rebecca,1213.4,14.05,951.42,2023-05-24
3701,195,Jessicastad,Christophershire,2085.0,16.15,1905.22,2023-11-18
3702,18,Port Jeffreymouth,West Brookefort,1885.2,6.79,1521.72,2024-09-11
3703,232,Taylorborough,South John,841.0,14.26,1190.66,2024-10-05
3704,66,Jillport,Port Thomas,580.6,10.85,319.51,2023-11-01
3705,260,Lake Laurieport,West Samuelview,1503.9,17.21,1345.26,2023-11-20
3706,357,South Heather,West James,1138.9,13.05,1225.02,2023-01-03
3707,371,Michaelfurt,New Jameschester,1434.4,20.23,2538.96,2023-05-01
3708,252,Port Christopher,Sheilastad,169.4,15.06,252.25,2024-07-13
3709,21,Port Alanstad,Sarahstad,476.1,11.84,618.66,2023-09-25
3710,80,Port Timothy,West Richardside,761.2,8.95,392.94,2024-08-23
3711,128,New Rebeccahaven,Lake Alexander,2423.0,2.84,576.31,2024-01-26
3712,464,Jonesfurt,East Kurt,63.9,19.62,133.49,2023-05-02
3713,115,Lake Christine,Morenoville,482.7,10.04,344.86,2024-06-21
3714,118,East Richard,South John,883.2,17.39,1677.0,2024-07-23
3715,60,Martinezmouth,Gonzaleschester,1798.9,20.4,4270.23,2023-05-01
3716,485,Rhondahaven,New Cynthiaport,298.8,4.34,132.05,2024-11-16
3717,407,Medinamouth,Goodwinshire,1532.8,1.57,203.9,2024-08-15
3718,356,New Keith,Port Charles,1762.4,1.49,227.84,2024-06-16
3719,18,Reedfort,Port Maria,952.3,14.04,1060.31,2023-11-20
3720,34,Ortizview,Lake Markfurt,733.3,14.37,838.34,2024-08-05
3721,244,Merritthaven,Port Jacob,263.7,22.07,561.79,2024-05-19
3722,449,South Davidborough,South Shannontown,1033.3,23.06,2703.59,2023-05-29
3723,96,West Blake,New Erin,386.9,1.58,34.26,2023-09-23
3724,192,East Cristian,Lauraville,1678.4,11.71,2353.7,2023-06-22
3725,337,North Raymondview,East Johnberg,1415.6,12.47,2082.3,2024-02-02
3726,119,Port Davidbury,Stephanieland,504.5,10.92,491.29,2024-02-22
3727,201,Joshuabury,Stephensville,546.0,8.21,458.42,2023-03-27
3728,58,Sanchezland,Bethanyland,77.4,2.44,19.86,2023-10-07
3729,156,Hamptontown,Mathisbury,1335.2,7.38,858.62,2023-01-17
3730,441,Gomezport,Johnsonberg,2206.9,4.29,1083.58,2024-07-09
3731,245,Port Douglas,Arnoldberg,1227.0,6.13,725.69,2023-11-15
3732,325,Danielside,Port Susan,1222.9,3.38,318.89,2023-04-23
3733,342,Port Kimberlymouth,South Davidton,1586.2,21.61,1884.05,2023-11-28
3734,35,Antoniomouth,Richardshire,361.0,13.24,527.11,2024-02-16
3735,85,South Derekhaven,North Annefort,1220.3,24.76,1664.26,2024-01-21
3736,186,Ivanchester,Barnesstad,655.3,19.08,1360.14,2024-05-14
3737,386,South Andrea,Hawkinsburgh,2347.1,20.87,3842.67,2023-02-08
3738,15,Bobbybury,Duketon,1108.1,21.9,2539.44,2023-03-30
3739,231,Millerview,New Andrew,521.9,18.44,732.93,2024-02-13
3740,66,New Patriciaberg,North Matthewfurt,1535.8,21.81,3430.06,2024-04-25
3741,209,Flynnfort,Lake Gregoryport,1224.4,23.79,2495.39,2023-05-18
3742,307,Williammouth,Hansonside,1632.8,19.13,1905.67,2024-01-18
3743,308,North Jerry,Perezville,1327.1,12.93,948.12,2024-10-16
3744,457,Sheilaberg,East Derek,125.7,2.59,18.21,2024-11-22
3745,143,Port Mark,North Kennethbury,1953.8,19.55,2016.65,2023-12-19
3746,470,Tracystad,Jimmyland,1013.5,12.15,1311.16,2024-03-03
3747,471,Cobbstad,Shawnton,886.6,21.07,1725.55,2024-01-28
3748,198,Cervantesshire,Lake Toni,804.9,23.76,1640.89,2023-02-14
3749,287,Robinsonchester,South Megan,1905.7,21.15,3678.66,2024-08-08
3750,294,Deborahview,Amyside,2312.5,15.52,3455.15,2023-10-07
3751,500,Benjaminfort,Costashire,386.3,9.09,345.53,2024-01-18
3752,129,North Scott,North Crystal,888.9,13.41,1122.83,2023-02-12
3753,305,Port Michael,West Jamesbury,1591.3,23.42,4145.44,2023-03-02
3754,465,Emilyshire,Bakerville,1308.1,8.51,1262.44,2023-03-27
3755,99,West Richardland,East Mark,636.6,5.59,420.14,2023-02-07
3756,136,Jacksonburgh,Brownshire,2073.1,13.42,2192.51,2023-01-06
3757,314,South Juliaberg,Rossbury,1514.5,17.07,1633.48,2023-06-10
3758,152,South Codyton,East Daniel,2231.8,4.34,1006.31,2023-06-29
3759,284,Millermouth,New Lauraport,515.4,17.46,898.84,2023-02-19
3760,89,Morseview,West Kathrynshire,836.8,20.15,1529.72,2023-09-03
3761,127,New Charlestown,Port Mariamouth,337.2,18.35,435.62,2023-10-09
3762,94,Yatesbury,Ericchester,554.0,19.96,1195.65,2023-11-17
3763,201,Carlyland,Marshbury,2223.8,20.43,3464.2,2023-06-25
3764,276,West Daniel,East Janethaven,1236.6,7.5,832.6,2023-10-08
3765,64,Mendozaville,South Robertchester,886.4,7.11,346.9,2024-08-31
3766,2,West Bianca,West Nicole,2418.0,20.51,5895.18,2023-01-17
3767,254,Robertsport,West Thomasfort,213.0,20.49,296.06,2023-12-08
3768,142,East David,Shieldsfort,1164.2,24.78,2620.94,2023-09-19
3769,219,Frankville,Alisonhaven,1302.2,11.09,990.67,2024-06-23
3770,224,South Lisaside,North Thomas,1588.9,12.75,1166.19,2024-04-30
3771,186,Michelleville,North Jonathanview,997.9,3.87,242.05,2023-03-24
3772,36,West Jacqueline,Virginiaport,1912.3,24.86,2513.54,2023-04-01
3773,402,Robinsonborough,Jonesfort,729.5,14.16,710.57,2023-11-20
3774,21,Christophertown,Moralesmouth,284.9,18.83,427.18,2024-11-26
3775,173,Diamondside,Thomastown,2233.7,14.6,1653.1,2023-08-29
3776,124,Adrianville,South Richardland,2443.2,18.27,3119.84,2023-05-30
3777,137,South Damonton,North Emilymouth,614.7,15.84,875.76,2023-12-25
3778,12,Port Christopher,South Franciscobury,2323.2,9.49,1467.14,2023-06-15
3779,413,Matthewsstad,Greentown,1406.6,8.6,791.02,2023-09-04
3780,9,Lake Kimmouth,Melissafurt,2417.7,10.2,2168.15,2023-02-19
3781,499,Lake Patriciamouth,Port Kelly,2388.5,3.19,775.89,2024-07-15
3782,433,Bergborough,Kathrynburgh,710.8,12.67,510.61,2023-04-06
3783,457,Port Davidfort,Nataliefurt,1045.7,6.81,659.94,2023-08-24
3784,123,West Renee,East Jeremy,475.2,6.29,171.92,2023-12-06
3785,435,Lake Ronaldport,Lake Charles,1694.3,11.44,2137.2,2024-10-16
3786,42,Knappview,Brownhaven,997.4,6.12,348.09,2023-03-03
3787,455,Coreymouth,East Joshua,1050.9,11.66,741.67,2024-09-18
3788,278,Myersberg,Port Karenport,992.0,15.76,1197.74,2024-06-19
3789,224,Markbury,South Karenview,1924.4,5.92,1106.57,2023-11-26
3790,256,Albertton,Debbieport,1984.5,13.57,1953.63,2024-03-26
3791,106,Lake Nicolefort,East Darleneport,1293.5,10.31,1079.59,2023-03-22
3792,358,Newtonbury,Port Francesfort,963.8,17.88,1586.56,2024-05-12
3793,112,Lake Timothychester,Shawnfurt,1724.0,5.04,680.18,2024-02-27
3794,149,New Laurenhaven,North Joshua,819.8,10.72,592.45,2023-02-11
3795,492,Cynthiaview,Tracyfort,2251.2,10.11,2536.36,2024-06-24
3796,358,West Jacqueline,Valeriefort,109.5,23.45,172.26,2023-07-06
3797,293,Blakefort,North Elizabethhaven,208.5,18.11,194.58,2023-07-13
3798,371,Ericstad,North Elizabeth,895.7,10.14,766.25,2024-08-22
3799,179,Roblesmouth,West Tonyashire,1141.1,11.18,1028.45,2024-10-15
3800,246,Smithville,Christineside,610.0,9.8,716.15,2023-06-16
3801,265,Adamstown,Garytown,437.3,6.26,249.07,2024-03-20
3802,196,Antoniostad,Dorseyberg,1517.8,20.44,3388.21,2023-09-12
3803,469,New Josephberg,Sanderston,943.2,19.26,1022.71,2024-01-26
3804,129,Lake Natasha,West Chase,438.9,15.77,613.92,2023-11-05
3805,151,North Candiceview,Port Hannahfurt,244.2,23.37,466.36,2024-05-08
3806,96,Hunttown,South Wayneborough,397.0,11.46,504.87,2023-05-18
3807,119,East Susanville,Zunigamouth,611.3,8.48,448.07,2023-03-11
3808,401,New Edgar,East John,2185.9,15.9,3130.89,2024-04-13
3809,91,West Peter,Taylortown,1971.4,23.89,5458.78,2023-03-05
3810,86,New Melissa,Martinezburgh,756.2,12.29,740.04,2024-10-02
3811,365,Lyonsview,East Joshuaburgh,628.8,20.39,816.42,2024-06-19
3812,401,Lopezborough,Debrabury,238.8,19.55,321.35,2024-01-21
3813,390,Royburgh,Lake Paulaberg,487.9,3.98,159.96,2024-06-27
3814,96,Jacobmouth,South Jose,953.9,5.29,440.81,2023-01-10
3815,393,Jonesport,West Brent,651.8,1.21,86.66,2023-10-15
3816,459,Wendyberg,Jeremytown,717.2,20.52,1251.88,2024-10-29
3817,80,Michaelside,Snyderbury,189.3,4.24,42.85,2024-11-01
3818,189,Emilyburgh,Clarkshire,2124.0,6.81,1339.81,2023-11-04
3819,90,Hernandezhaven,South Susanland,1456.0,7.7,753.45,2023-09-28
3820,311,North John,North Donnaland,1790.0,18.12,1989.75,2023-04-10
3821,1,North Daniel,Murphystad,1898.6,2.61,378.69,2023-07-05
3822,387,East Mirandafurt,Stephanieport,753.6,13.69,869.67,2024-08-17
3823,269,East Jasonberg,East Melissa,1017.8,14.0,1115.33,2024-07-06
3824,403,New Timothybury,Oliviafort,1193.2,16.54,1704.67,2024-12-04
3825,385,Jamieville,South Alexander,1533.5,18.24,2865.75,2023-02-16
3826,440,Annamouth,South Christine,666.0,23.48,964.57,2024-02-14
3827,308,North Roger,East Nicholas,1274.3,20.32,1669.7,2023-04-07
3828,463,New Wendyborough,Jonesville,2487.1,21.21,3064.2,2023-02-12
3829,162,North Sara,Josephside,1060.4,10.02,809.15,2024-04-30
3830,397,New Aaron,Littlemouth,1243.7,19.01,1538.9,2024-03-10
3831,405,New David,Port Jason,1614.2,4.53,808.48,2024-11-20
3832,203,Baileyfurt,West Megan,1909.0,4.36,878.63,2023-02-17
3833,225,Anthonyfort,North Manuelbury,649.0,1.39,59.44,2023-09-01
3834,191,Marchaven,Port James,669.7,10.58,707.85,2024-12-14
3835,27,Lake Davidhaven,Lake Angelaburgh,2211.8,12.12,2120.6,2023-07-24
3836,52,New Victoria,Port Sarahside,651.1,4.49,277.15,2024-03-14
3837,198,Olsonside,West Zachary,773.8,2.27,145.01,2023-08-06
3838,151,Jeffreyland,Ronaldport,2223.3,21.93,2704.48,2024-07-25
3839,479,Nicolebury,Lake Arthur,919.2,13.3,1019.57,2023-03-19
3840,170,South Robertfort,Lake Pamelafurt,2454.3,21.33,2865.8,2024-08-22
3841,52,North Cory,Lake Ryanland,524.0,23.13,746.8,2023-06-15
3842,13,Matthewbury,New Johnborough,407.6,18.07,507.27,2023-03-23
3843,230,Port Jameston,South Trevor,1298.3,16.14,1592.31,2024-07-18
3844,319,Smithborough,Armstrongborough,1038.4,20.16,1721.21,2023-03-01
3845,300,Davisside,North Paula,850.0,9.83,886.4,2023-01-22
3846,391,Zacharyton,Thomasville,352.1,11.52,341.23,2023-08-11
3847,384,Port Joseph,Davidchester,1309.2,16.99,1965.4,2023-10-31
3848,478,Sarahbury,West Natasha,1437.6,2.61,441.89,2024-03-10
3849,375,Brucechester,Maryshire,2070.5,8.92,1846.87,2024-12-16
3850,469,West Jenniferbury,Romanmouth,1820.2,7.41,808.65,2024-05-28
3851,113,East Andrewmouth,Lake Jessica,531.0,15.8,581.44,2024-04-29
3852,100,Thomastown,West Heather,152.6,8.27,147.34,2024-04-27
3853,453,Alexside,New Cassandrachester,1075.0,5.65,643.59,2024-06-29
3854,470,Joshuachester,Stephaniemouth,421.5,14.13,404.16,2024-02-24
3855,20,Port Jessicaview,Wendyton,566.0,24.78,861.69,2024-07-31
3856,240,Brianstad,West Sandramouth,700.5,12.58,481.38,2023-09-02
3857,59,Salinasview,New Kristinton,2292.1,4.97,1105.94,2023-11-23
3858,316,Brewermouth,North Sandy,245.9,12.03,334.15,2023-04-01
3859,490,East Nicoleland,Morganstad,1833.4,9.93,1507.88,2023-01-19
3860,417,South Crystaltown,Port Jonathanview,682.3,14.41,1103.56,2024-07-27
3861,80,Kyleview,North Alexanderport,1868.2,16.16,2199.57,2023-12-03
3862,350,West Jenniferview,Johnathanmouth,1686.0,21.05,3239.72,2023-01-30
3863,116,West Jessica,Bellstad,733.5,15.25,1261.33,2023-10-27
3864,482,West Victoriaside,Port Julian,2046.6,11.41,1612.51,2023-11-12
3865,208,West Scott,North Tammyhaven,1296.6,12.97,1693.45,2023-11-27
3866,132,Morrisonland,New Danielville,175.7,15.2,283.4,2023-01-31
3867,402,Gomezstad,New Emilystad,310.9,4.55,92.87,2024-09-07
3868,79,Carolynport,North Matthew,586.4,23.95,1158.71,2024-03-15
3869,212,Parrishland,Scottchester,2318.8,17.74,3513.35,2023-01-17
3870,42,Timothyfort,Humphreyville,1869.2,11.06,1512.98,2024-06-15
3871,340,Lake Sydneybury,Lake John,644.1,15.95,1195.77,2024-05-01
3872,224,Moraleston,West Kyle,212.5,8.53,203.47,2024-03-29
3873,16,South Williamport,Noahchester,1044.5,11.37,938.15,2023-10-19
3874,250,Kathleenhaven,West Felicia,867.8,9.89,614.17,2023-08-08
3875,302,East William,Port Christopherbury,2203.8,12.8,3302.64,2023-03-07
3876,125,Chenview,Katrinaburgh,574.4,11.32,432.12,2024-11-02
3877,168,Goodmanmouth,Lake Micheleport,1545.9,4.96,468.83,2024-08-29
3878,43,Andrewtown,Patrickside,1503.9,21.48,1842.81,2024-02-16
3879,253,Youngshire,Lake Kaitlyn,2000.7,1.2,210.86,2023-07-18
3880,358,Castrofort,South Ray,2246.6,23.42,5553.62,2024-03-11
3881,91,Barnesview,Schaefermouth,1637.5,24.8,2036.43,2024-05-11
3882,348,West Johnberg,Danielville,130.1,7.99,113.36,2024-02-17
3883,293,Martinezberg,Parkerchester,1729.9,20.84,2704.11,2024-10-26
3884,52,Reynoldsfurt,Lake Cherylshire,264.4,4.97,94.2,2024-09-18
3885,315,West Frank,Davidshire,145.4,14.99,259.74,2023-04-04
3886,460,North Shane,Brucetown,50.5,23.14,123.01,2024-05-25
3887,304,Robertmouth,Barbaratown,1007.6,24.84,1439.85,2024-02-17
3888,314,Meganchester,Port Patricia,764.0,21.08,886.07,2024-05-03
3889,134,Washingtonport,Kristenfort,746.9,2.56,176.74,2024-04-04
3890,255,West Austinmouth,Duffyton,435.6,19.63,735.73,2024-01-09
3891,437,Wendytown,West Miguelport,1535.9,17.54,1407.39,2023-04-15
3892,232,Barryside,Stephenmouth,879.7,4.91,358.88,2023-07-18
3893,362,Pedroborough,Greenview,928.9,13.21,865.77,2023-04-13
3894,407,Michaelmouth,Myerschester,2045.9,11.03,2598.16,2024-12-26
3895,124,Port Matthew,Teresatown,2462.3,8.42,1510.63,2023-06-13
3896,31,Anthonyshire,Stephanietown,1180.2,17.88,1109.45,2024-07-04
3897,230,Martinfort,New Colleen,1489.8,3.83,328.3,2024-06-16
3898,171,South Paul,Emilyside,359.0,18.35,459.64,2024-06-24
3899,223,Lake Angelaview,Lake Nicole,1734.9,14.9,2592.88,2024-01-22
3900,344,Johnsonchester,Shepherdside,1054.2,23.32,2379.21,2023-11-28
3901,108,Port Steven,Josephburgh,1402.7,15.1,2448.93,2023-01-25
3902,201,Jamesstad,North Susanfurt,2244.2,16.75,2837.87,2024-05-13
3903,437,South Michaelfort,Harrellmouth,519.1,2.59,70.18,2024-09-14
3904,238,Donaldfort,South Victoriashire,2018.9,10.35,2233.25,2024-06-12
3905,166,South Jameschester,Andrewfort,1662.9,10.54,1746.39,2023-02-20
3906,363,West Catherine,Barryfurt,1151.6,20.58,2421.41,2024-09-15
3907,291,West Ronaldfort,South Colleenberg,1084.8,8.55,1058.14,2024-04-16
3908,85,South Elizabethtown,East Jasonport,2176.9,5.42,1307.8,2023-06-11
3909,172,East Jasonfort,Jessechester,2388.0,10.98,2204.67,2024-10-02
3910,310,Port Kimberly,Connortown,413.0,22.22,613.03,2024-03-22
3911,93,Chambersstad,North Deannaburgh,1263.6,7.67,621.81,2023-03-12
3912,365,Robertview,East Carlosville,1073.8,19.5,1972.62,2024-03-20
3913,54,New Steven,West Ryanstad,890.3,15.76,1032.73,2024-02-26
3914,109,Codyland,North Lisa,1232.9,20.78,2179.6,2024-04-03
3915,381,New Lisa,West Carriefurt,412.1,17.33,785.9,2024-10-03
3916,303,Lucasview,East Audrey,1287.2,13.74,1985.64,2023-12-02
3917,487,Margaretside,Lake Timothy,1550.5,15.69,1957.03,2024-12-21
3918,303,Oliviahaven,Paulfort,1841.6,1.95,421.92,2024-11-14
3919,23,Allenside,Brianbury,1390.5,13.93,1993.22,2024-07-12
3920,495,Port Shane,Lake Laura,747.0,1.43,97.48,2023-01-08
3921,476,Port Charles,West Brandon,1990.0,12.39,2748.57,2023-12-19
3922,473,Michaelburgh,Ramosberg,1185.7,22.22,2372.03,2024-10-15
3923,154,Emmahaven,Lake Steven,822.2,15.18,1016.56,2023-08-04
3924,343,Farmerfort,Lake William,2234.2,21.45,5136.04,2023-11-03
3925,272,Michelleland,Port Alisha,2265.7,7.1,1103.14,2024-06-01
3926,123,Martinfort,Scottside,611.6,6.32,415.54,2023-12-05
3927,411,North Kellymouth,Bushburgh,1022.6,11.32,1355.58,2023-10-25
3928,482,Clinefurt,Ianport,2018.0,13.85,3157.28,2024-04-08
3929,407,Toddland,East Andrewtown,1071.0,13.04,1629.56,2023-03-19
3930,340,Lake Paulamouth,New Cesarview,1928.6,19.91,3986.64,2023-07-24
3931,339,South Brian,South Michael,175.4,24.73,281.68,2023-07-13
3932,474,West Christinebury,Louisland,1403.3,19.71,3038.8,2024-02-15
3933,280,West Jason,Lake Christopherville,2473.7,14.46,2611.23,2024-03-28
3934,169,Williamstad,Ramosbury,1657.5,1.34,177.83,2024-07-12
3935,67,Port Jefferyton,Lake Heidiland,1634.8,23.72,1995.04,2024-11-10
3936,150,Hillborough,South Michaeltown,2331.2,18.54,2672.39,2024-05-30
3937,105,Duartetown,North Janice,1695.9,10.97,2110.01,2024-09-14
3938,148,Lewisborough,Port Caitlin,1836.4,9.67,1838.95,2024-06-27
3939,36,North Mckenzietown,Lake Nicoleport,808.3,14.02,1001.87,2024-09-22
3940,480,South Eric,Port Erik,236.8,4.73,65.52,2024-03-15
3941,407,Alexistown,Joneshaven,58.2,6.75,41.06,2024-07-17
3942,392,Josephshire,Houseton,1908.2,7.48,892.48,2023-10-24
3943,400,Melissaview,West Amy,1155.7,3.91,468.24,2023-05-13
3944,315,Marialand,Port Angelatown,1359.8,13.26,1508.95,2023-02-02
3945,181,West Matthewland,Julieland,731.8,3.0,231.02,2024-09-02
3946,129,New Sherrychester,Port Tamarafort,482.2,20.36,865.63,2024-07-03
3947,497,Port Pamela,Laurafort,1827.0,22.86,3901.87,2023-11-12
3948,75,Butlermouth,Robertamouth,1993.6,3.07,333.19,2024-01-12
3949,100,West Thomas,Port Joshuaburgh,888.1,13.53,1180.78,2023-10-20
3950,16,Hancockton,Garzaview,1222.8,23.19,2671.49,2023-08-29
3951,54,Shermanfort,Melissaville,883.4,10.34,940.59,2024-05-29
3952,86,South Kimberly,Port Darrellside,2027.8,19.62,3110.11,2024-07-27
3953,383,South Brianside,North Ashleymouth,515.9,16.3,875.75,2024-03-09
3954,428,Williamsburgh,Vasquezside,1758.5,24.43,4387.33,2023-10-03
3955,395,Paigeview,Jessicaland,1659.7,22.91,3217.05,2023-10-24
3956,461,Rebeccaview,New Teresa,1171.7,8.73,775.57,2024-12-01
3957,182,Lake Richard,New Amberstad,152.8,11.87,91.16,2023-07-22
3958,174,North Markville,South Elizabeth,91.9,16.95,118.51,2024-10-20
3959,442,Krauseburgh,Hicksmouth,1068.1,21.1,2656.44,2024-05-26
3960,267,Douglasland,Swansonhaven,1185.5,4.22,283.75,2023-02-03
3961,254,Edwardtown,Daughertyside,1425.5,3.8,322.33,2023-04-01
3962,62,Valdezton,Nicholsview,1406.3,14.24,2068.87,2023-03-03
3963,163,Wardfort,Lake Sarah,1581.1,1.78,305.26,2023-06-20
3964,20,Myersville,West Johnmouth,652.8,13.89,723.53,2024-04-07
3965,494,West Benjaminfort,Smithmouth,2153.7,2.32,354.83,2024-08-31
3966,79,Lake Juliatown,South Ritaside,2496.1,17.7,4731.72,2023-09-28
3967,500,New Justin,Michaelchester,737.6,21.39,1872.63,2023-07-14
3968,154,Mccallfort,South Ronaldberg,1350.9,2.8,270.78,2023-03-21
3969,95,New Jessicaburgh,West Brenda,1046.8,1.63,119.37,2024-06-18
3970,309,Jamieshire,North Michael,1793.9,21.87,4519.54,2023-04-02
3971,500,Lake Michael,Nicholsborough,1518.9,3.4,299.2,2023-12-18
3972,94,Buckview,New Ericaville,697.3,9.01,704.84,2023-11-25
3973,26,West Brittanyview,Haileyfurt,1462.2,14.97,1215.26,2023-05-13
3974,278,North Gregoryburgh,Karinaberg,727.5,21.2,1365.16,2024-04-03
3975,479,South Cody,Port Anitaton,2286.8,2.91,664.77,2023-02-17
3976,283,Traviston,Port Richardburgh,1464.5,17.57,1821.89,2023-04-26
3977,477,Lake Desireebury,Brownstad,1661.9,3.41,443.48,2024-07-11
3978,337,Christineville,Davidmouth,149.8,23.05,274.2,2024-12-21
3979,49,Mullinschester,Hernandezshire,866.5,18.79,970.09,2024-11-29
3980,245,Amberfurt,South Melissa,2375.0,15.12,2064.04,2023-11-12
3981,55,Port Michael,Palmerborough,154.2,20.43,247.04,2023-02-12
3982,407,Port Bruce,East Mark,697.5,15.18,945.34,2024-12-20
3983,471,Brandonside,South Christinatown,656.6,9.02,372.88,2023-08-03
3984,9,Hansenmouth,Port Susan,1444.1,21.8,2964.25,2024-04-20
3985,378,Pruittside,Lake Pamela,1202.3,18.49,1308.63,2024-05-19
3986,209,Port Brianton,South Perryside,2395.4,21.73,4459.71,2024-11-23
3987,407,Victoriabury,North Katherine,63.0,13.55,59.01,2023-08-16
3988,122,Brownmouth,Smithside,1838.1,21.2,3292.21,2023-08-03
3989,99,Clayfurt,Annettebury,195.5,6.06,114.54,2024-04-18
3990,499,Cindytown,Justinton,2071.3,8.02,988.98,2024-01-01
3991,128,Juliebury,West Terryberg,1497.4,22.86,2400.81,2024-05-08
3992,131,East Melindachester,Michealborough,1560.1,22.35,3468.81,2024-01-15
3993,208,West Samanthaton,New Amymouth,1638.4,12.94,2511.18,2023-01-04
3994,296,Murphyfort,New William,1497.3,18.92,2787.31,2024-12-12
3995,344,Hectorport,South Ernestburgh,501.7,16.38,479.91,2023-01-01
3996,128,Kristenmouth,West Leroy,659.5,18.07,788.44,2024-01-25
3997,69,West Heatherside,Charlesstad,1875.0,18.55,3404.55,2023-05-23
3998,2,North Jacobburgh,Taylorland,2414.8,7.64,1067.89,2024-11-28
3999,8,Tranfort,Alexanderstad,1647.0,18.21,3242.06,2024-09-14
4000,76,Port Cindy,New Cynthialand,1062.7,9.19,793.95,2023-04-05
4001,167,West Kaitlynport,East Andrewtown,1824.6,19.85,4013.57,2024-02-03
4002,141,Crystalton,Jessicastad,2444.3,10.09,2128.92,2024-01-18
4003,106,Ronaldborough,Port Kelsey,1136.4,5.84,626.85,2023-02-22
4004,485,Gravesberg,Hoffmanshire,1003.6,5.51,534.24,2024-01-03
4005,224,Perezmouth,North Ashley,1672.6,12.76,2485.11,2023-07-26
4006,32,Gregoryborough,South Tiffanystad,169.9,1.07,14.99,2023-04-28
4007,269,South Lisa,Millerport,1964.4,21.01,4225.54,2023-11-17
4008,73,East Thomasport,East Deannaside,758.2,10.92,924.75,2024-10-06
4009,243,New Jeffreychester,Laneborough,744.4,5.25,405.79,2024-09-24
4010,179,Jaredchester,Ericaborough,1975.0,13.71,2465.49,2023-12-01
4011,443,Rachelmouth,Nathanchester,792.8,6.38,324.04,2023-03-07
4012,83,West Anthonyside,Victoriaport,725.3,12.44,697.83,2024-03-04
4013,400,Port Denise,New Sethside,1226.9,11.52,838.76,2023-10-24
4014,486,Richbury,Lake Katherine,624.3,12.66,516.27,2024-03-25
4015,138,North Juan,East Lisa,1401.8,16.41,1383.17,2023-04-10
4016,140,North Doris,Smithberg,1817.0,13.53,2416.45,2024-06-21
4017,207,New Jessicaberg,Smithtown,2161.9,13.4,2077.55,2023-09-09
4018,124,Johnside,Hickmanchester,99.7,14.61,163.05,2023-01-19
4019,491,Tannerfort,South Brad,2252.0,7.05,1065.33,2024-02-05
4020,410,Edwardshaven,Farleyborough,1687.7,14.34,2249.58,2023-05-05
4021,271,West Jamiefort,New Brian,2314.9,23.12,5026.98,2023-11-18
4022,354,East James,New Stevenland,58.3,24.01,102.07,2024-03-06
4023,247,West Steven,Lake Gracestad,1935.7,11.07,1583.35,2024-04-17
4024,392,Taylortown,Francofurt,523.9,3.6,134.75,2023-03-19
4025,103,New Deborah,South Amyshire,1090.9,17.7,1333.01,2023-12-24
4026,290,North Nicholasfurt,East Tomton,1590.7,17.08,3185.47,2023-10-28
4027,101,West George,Nicholashaven,1431.9,3.31,393.53,2023-08-31
4028,183,South Amyland,Carlsonburgh,2231.1,8.79,2158.15,2024-12-22
4029,117,Craigmouth,Smithville,1204.9,6.79,600.01,2024-05-05
4030,53,New Jasonside,New Amystad,1105.5,14.5,1575.42,2023-02-02
4031,23,Jonathanhaven,Pierceton,1434.6,4.29,484.67,2024-11-18
4032,38,Phyllisside,East Jonathan,552.2,10.9,720.57,2024-09-28
4033,368,Ambermouth,South Brian,301.4,24.75,659.43,2024-11-30
4034,50,North Elizabeth,South Jacquelinechester,382.5,18.71,467.27,2023-03-19
4035,62,West Sandrashire,Reidport,139.7,1.28,16.29,2023-08-20
4036,458,New Victorside,Port Jacquelinemouth,2478.7,16.43,4572.86,2023-06-22
4037,61,Lake Kimberly,South Daniel,562.3,9.18,343.63,2024-02-12
4038,383,Johnsonland,Kristinmouth,279.1,7.01,179.77,2023-11-21
4039,353,East Crystalmouth,Lake Christian,1591.3,19.26,1627.18,2024-01-13
4040,374,North Mary,Paulberg,728.8,5.01,376.13,2024-09-27
4041,111,Wheelerview,Johnville,65.6,21.21,149.15,2023-07-29
4042,258,South Jeremy,West Debrafort,1999.5,22.3,2541.86,2024-01-21
4043,219,Taylorhaven,Mallorymouth,1478.1,23.2,2381.12,2023-11-14
4044,285,Jenniferfurt,Pennyville,1756.1,23.43,4226.99,2024-02-09
4045,322,Colechester,Taylorfort,1755.1,1.65,164.56,2023-09-15
4046,422,Meganmouth,West Rebecca,1450.7,17.02,1567.33,2024-02-01
4047,101,Edwardmouth,Moralesburgh,434.5,18.7,822.84,2024-05-30
4048,32,New Catherine,Martinchester,2076.8,5.74,842.21,2024-04-18
4049,61,Bradleytown,West Veronicaview,1671.1,6.42,637.44,2024-01-02
4050,388,New Frank,New Richard,1828.1,18.38,2542.38,2023-03-22
4051,79,East Christina,Port Amanda,2206.4,8.19,1772.22,2024-02-22
4052,194,Taylorstad,Rodneyhaven,1735.4,21.01,2229.02,2024-08-06
4053,351,Lopezchester,Birdton,68.7,9.99,59.92,2024-07-28
4054,81,Richardfort,Darleneton,2115.1,11.09,1312.11,2023-06-26
4055,118,Jamesland,Marissashire,568.9,4.69,153.66,2024-03-10
4056,366,Thomasbury,Adamfurt,1764.2,4.99,879.97,2023-05-05
4057,478,Lake Chrischester,Hensleyfurt,1409.7,17.25,2832.91,2023-01-25
4058,169,New Laurenland,Cassidyton,1499.6,24.09,3287.17,2024-05-09
4059,273,North Brandonville,Myersshire,2221.7,4.78,1272.3,2024-03-16
4060,89,Kyleport,North Brian,1668.3,6.17,838.23,2024-11-09
4061,134,Melissaberg,Acostaburgh,1546.8,20.07,2158.89,2024-01-04
4062,428,Lake Leroyberg,Elizabethside,1535.4,23.23,3776.5,2024-09-16
4063,275,Parksborough,South Kimborough,99.1,10.74,81.19,2024-03-19
4064,408,South Victoriastad,Hudsonville,1188.9,3.18,342.9,2023-05-03
4065,359,Brownside,Potterland,1751.6,22.62,2618.23,2023-02-05
4066,203,Port Troyborough,Aaronberg,1357.2,21.57,2611.45,2024-11-02
4067,70,North Richardburgh,South Victoria,2277.9,14.94,3458.75,2023-10-05
4068,410,Johnshire,Kathrynchester,179.4,5.32,106.23,2024-12-06
4069,311,South Emily,Brucemouth,359.7,22.79,701.62,2023-09-20
4070,43,Victorfort,Christopherchester,1382.0,2.78,337.06,2023-05-30
4071,171,New Nathaniel,Jamesside,880.8,13.9,834.69,2023-01-12
4072,252,Cooperside,Leblancshire,1394.8,20.87,1545.17,2024-02-22
4073,113,North Jorge,Lake Maxmouth,2133.1,5.93,1343.37,2024-12-24
4074,227,Port Jeremy,South Sandraview,1762.0,3.15,334.95,2023-05-08
4075,378,North Renee,Lake Tammy,225.0,18.3,363.46,2024-07-19
4076,434,Ellisview,Dawnport,1912.3,12.06,2253.05,2023-04-15
4077,14,Port Jennifer,New Jacqueline,877.3,1.79,79.79,2023-06-26
4078,371,Foxfort,Natalieton,1949.5,17.58,3783.72,2023-09-26
4079,414,Hahnberg,Daisyfurt,124.4,8.74,112.02,2023-08-18
4080,247,Robinfort,Port Miranda,1610.7,2.95,466.4,2024-07-12
4081,276,Lake Kim,New Laurachester,2385.1,3.36,840.31,2024-07-27
4082,496,North Antonioshire,Hansenport,1636.5,2.37,365.2,2023-12-17
4083,161,New Ashley,South Cynthiaberg,1531.9,18.26,3333.99,2023-05-15
4084,331,New David,Williamfort,978.7,3.76,419.5,2023-04-05
4085,280,Port Katieport,North Matthewstad,760.2,8.01,372.35,2024-08-24
4086,245,West Katiehaven,Jeremystad,2041.3,15.41,2841.99,2023-12-31
4087,78,Bellville,Port Jeffrey,753.6,13.53,1057.95,2024-11-24
4088,404,Joshuamouth,New Kelseychester,480.5,19.32,790.0,2023-06-08
4089,223,North Shelby,New Mark,154.0,10.11,82.25,2024-10-24
4090,339,Johnmouth,Melodytown,1194.9,2.06,131.49,2024-05-18
4091,175,Clarkville,New Frank,690.1,6.89,352.68,2024-07-30
4092,77,Port Charlesfurt,Danaville,267.3,18.37,340.07,2024-05-09
4093,77,West Jonathanfort,Port Steven,1042.7,14.51,1006.21,2024-05-27
4094,190,South Briantown,Johnsonstad,2004.4,13.28,3176.82,2023-12-20
4095,402,Lake Richardberg,Barnettburgh,1670.2,9.79,1757.93,2024-05-16
4096,21,Whiteview,East Ronald,1463.2,18.51,2401.74,2023-12-11
4097,211,North Susan,Obrienton,1581.3,2.27,231.72,2023-12-18
4098,182,Williamshaven,South Cassandra,1525.2,15.74,1973.39,2023-07-18
4099,326,Simpsonmouth,Lake Tara,1977.0,1.41,261.22,2024-02-06
4100,65,Houstonborough,Knightville,2385.1,21.55,4461.81,2023-05-29
4101,63,Michaelview,Port Erikashire,208.1,7.43,82.39,2024-09-21
4102,456,New Robin,Dudleyshire,2169.9,7.07,1334.69,2024-02-28
4103,321,South Lindsey,North Robertstad,1411.7,13.7,973.75,2023-04-30
4104,281,Carrieshire,Gabrielport,1846.5,24.09,4228.67,2023-03-23
4105,265,Rosariostad,Jessicaborough,2373.7,12.96,3542.78,2023-12-13
4106,332,Lake Seanbury,Port Elizabethport,524.9,18.24,604.49,2023-06-09
4107,34,Riverafurt,New Marieville,207.2,7.43,93.66,2024-09-26
4108,372,Grayton,North Leah,396.7,10.6,409.79,2024-10-29
4109,375,Port Bradleyfort,Parkershire,468.6,14.71,667.7,2024-09-14
4110,451,Browntown,Davidberg,803.4,8.14,336.46,2023-10-05
4111,372,New Priscilla,Port Debrachester,1078.5,18.21,1488.24,2023-09-10
4112,492,New Isabelmouth,South Mary,2120.3,11.34,1377.41,2023-05-31
4113,421,East Jessica,Schultzburgh,1956.8,2.97,645.92,2023-10-25
4114,81,Mitchellfurt,East Randall,1006.0,23.69,2245.33,2024-07-04
4115,444,Stewartland,Lake Nicoleburgh,919.0,19.01,1800.06,2024-02-05
4116,370,Katherineborough,Andersontown,2190.0,5.48,1262.6,2024-06-03
4117,151,Seanborough,West Michelleport,1705.6,9.16,1528.32,2023-12-12
4118,343,Lisaville,Kellermouth,519.6,21.77,1143.02,2023-07-15
4119,144,Thompsonview,New Joshua,257.3,10.05,203.72,2024-06-11
4120,272,Port Trevor,Port Michaelbury,2164.6,13.31,3376.57,2024-03-22
4121,375,Ricetown,Brownville,1287.8,23.03,3085.7,2024-06-01
4122,266,West Christopher,Port Anthonyborough,317.0,6.79,212.7,2024-11-26
4123,498,Chaveztown,Kellyville,487.2,24.58,876.7,2023-03-11
4124,345,Mariastad,Jordanland,378.9,15.64,585.51,2023-08-01
4125,30,Shaffermouth,Hoganland,1736.2,1.9,323.54,2024-04-25
4126,111,Brianview,West Wanda,2483.2,7.99,1276.25,2024-07-13
4127,425,North Vanessafurt,Matthewfurt,561.9,19.36,814.3,2024-08-20
4128,63,Stevenchester,Coxmouth,1339.2,15.09,2260.19,2024-06-23
4129,53,Lake Donald,Castilloport,1017.1,6.33,385.65,2024-11-16
4130,239,West Aaronhaven,Christinaberg,270.6,18.07,400.14,2023-03-06
4131,311,North Cheryl,Patriciachester,1817.1,19.9,3185.95,2023-07-07
4132,348,North Lance,Fieldschester,2440.2,6.79,934.48,2024-08-13
4133,166,Port Nicholasmouth,Port Mary,535.1,6.2,259.93,2024-10-12
4134,18,Port Mary,West Jamesport,2498.6,1.94,380.34,2023-12-26
4135,314,South Jennaland,Hernandezborough,1822.2,23.95,4986.9,2023-05-09
4136,200,Rodriguezton,Rodriguezton,1915.3,12.92,2903.14,2023-02-18
4137,399,Martinezton,South Melanie,283.5,24.06,750.9,2023-12-02
4138,6,West Barbaraview,North Steveshire,1403.7,21.74,3430.89,2023-12-24
4139,416,Ramoschester,North Brooke,2283.2,6.01,711.62,2024-05-11
4140,58,Ramosshire,Nunezside,122.0,3.56,45.39,2023-08-10
4141,7,Christinaland,East Cassie,1396.9,21.1,2554.59,2023-12-25
4142,360,North William,Weaverport,648.7,10.05,541.5,2024-12-23
4143,306,Chavezshire,West Kimberly,1268.5,18.5,2525.38,2024-07-07
4144,2,Christyhaven,Medinachester,343.3,18.39,499.29,2023-12-20
4145,313,Downshaven,Lake Jimmy,2211.6,17.32,2965.69,2023-05-18
4146,160,New Jenniferland,Jonathanmouth,1990.6,4.21,453.01,2024-11-08
4147,328,Allenborough,South Shaun,1529.0,20.4,3460.99,2024-04-03
4148,116,North Maryfurt,Hubbardhaven,1941.1,7.88,1342.15,2023-04-28
4149,14,Andrewburgh,West Karen,616.8,13.72,626.28,2023-02-21
4150,88,Sharonville,South Christopher,1487.1,19.16,2236.96,2023-11-12
4151,309,Brianview,Lake Lisa,2046.6,4.78,636.77,2024-09-07
4152,172,West Rebeccachester,South Tonya,1289.3,2.76,290.34,2023-06-18
4153,19,North Nicole,West Danielland,877.4,2.84,169.1,2023-03-08
4154,267,South Lindsay,North Joshuamouth,1753.8,21.57,2669.87,2024-07-04
4155,188,West Ryanport,Carmenton,1363.5,23.58,1704.01,2024-04-06
4156,253,Faithside,West Coreybury,1594.7,19.67,2309.43,2024-08-21
4157,381,Rebeccafort,Port Jacquelineland,2342.2,11.29,3110.81,2024-04-23
4158,66,South Kristine,North Cindychester,163.6,17.65,167.93,2024-04-28
4159,484,Lake Robertohaven,Port Kellyland,1095.0,21.32,2701.51,2024-06-10
4160,105,Pittsfurt,North Thomasmouth,522.7,24.77,1118.88,2023-11-30
4161,419,Port Chelsea,North Robert,935.2,10.55,912.83,2024-06-15
4162,234,Williamstown,Joystad,2184.5,1.65,219.07,2024-11-03
4163,488,West Yolanda,West Cindyfort,228.1,23.57,348.92,2024-03-06
4164,183,Jacquelineburgh,Yolandaton,480.0,6.25,338.47,2024-01-12
4165,224,East Christopherland,Davisstad,177.5,11.32,177.86,2023-06-29
4166,218,Thompsonberg,Cherylmouth,1451.5,12.65,2007.28,2024-04-02
4167,108,Deannaville,Brittanystad,1919.5,16.46,1895.12,2023-11-22
4168,494,East Wendy,New Ashleyland,2460.6,20.95,3625.38,2024-11-01
4169,3,Port Michelle,Hallview,148.8,6.81,114.25,2023-01-08
4170,176,East Scott,Terryfort,1994.8,24.64,5142.12,2024-12-25
4171,282,Barbaraburgh,Hunterbury,781.2,12.45,940.47,2023-02-12
4172,109,Judithview,Lake Joshua,1854.8,13.69,1993.85,2024-04-24
4173,28,North John,North Davidmouth,622.7,9.98,625.62,2024-02-23
4174,10,Guzmanville,Mollyville,301.1,9.89,292.96,2024-01-06
4175,290,Tonibury,East Thomas,1533.9,2.14,248.74,2023-06-13
4176,294,New Troy,South Luisburgh,1473.1,2.56,264.94,2023-01-11
4177,131,Edwardbury,West Jimmy,495.4,1.38,81.82,2024-09-25
4178,362,North Joanne,Laurenfort,1478.1,4.97,756.18,2024-06-26
4179,320,Nguyenchester,New Adam,1453.3,23.62,2727.33,2024-09-06
4180,152,West Andrew,Fletchermouth,1453.2,10.02,1523.62,2023-06-03
4181,382,Jenniferton,Kimberlyburgh,2084.2,16.4,3526.26,2024-08-22
4182,234,Bobbyside,New Nicholas,1837.9,17.28,3769.35,2024-04-21
4183,402,Adrienneburgh,Port Jessica,269.7,13.53,219.54,2023-10-11
4184,128,Port Ronaldburgh,Mistymouth,947.1,10.22,1128.96,2023-12-17
4185,396,South Andrew,West Michaelberg,410.0,14.57,421.79,2024-07-16
4186,500,South Douglas,Lake Elizabeth,1276.1,8.43,1003.84,2024-10-03
4187,56,Brookstown,North Mitchellberg,2149.2,23.88,5765.5,2023-11-14
4188,151,Burgessborough,Katieport,503.1,19.73,1065.63,2024-05-08
4189,289,Woodsmouth,Rosalesside,1962.3,19.63,3085.11,2024-12-28
4190,359,Lewisfort,East Vanessashire,1421.6,23.5,2624.08,2024-01-31
4191,328,Smithtown,Johnburgh,106.3,14.39,93.08,2024-04-01
4192,16,Port Gregoryberg,Lake Misty,338.4,19.33,772.29,2024-02-24
4193,288,Shawnstad,Port Deanna,1622.7,5.17,546.26,2023-10-31
4194,113,Nelsonport,Danielmouth,2360.4,18.39,3750.41,2024-09-07
4195,333,Mooreburgh,North Amber,848.2,16.9,1627.69,2024-12-20
4196,460,Port Juan,Guerraview,647.7,23.8,920.24,2024-11-12
4197,146,New Ariel,Martinezhaven,1424.8,1.42,217.12,2024-09-13
4198,455,Jonesfurt,Lake Ryanshire,2078.6,22.53,5488.64,2023-02-14
4199,290,New Carol,Charlesfurt,1675.8,24.56,4657.29,2024-09-11
4200,435,New Jennifer,North Patrick,1544.5,9.19,1255.42,2024-05-26
4201,279,Smithburgh,Hunterfort,1971.0,10.75,2191.23,2024-03-28
4202,402,Port Brianchester,Lake Alexander,1707.6,11.42,1338.2,2024-09-09
4203,323,Denisechester,West Courtney,1399.0,14.75,1529.7,2023-10-20
4204,247,Austinland,East Luis,228.4,20.9,243.67,2024-06-17
4205,452,Lake Tammyside,Farmerhaven,2031.4,3.36,738.13,2024-02-29
4206,293,North Stevenport,East Jane,407.0,5.57,197.22,2023-02-23
4207,432,Port Teresa,New Debraside,875.3,23.17,1184.66,2023-01-20
4208,124,Joseview,Port Marissa,520.5,7.41,339.03,2024-05-29
4209,140,Port Jameschester,Chaneychester,1489.6,19.56,3189.97,2023-04-15
4210,492,Port Sherri,Lake Sandraton,1583.8,1.97,162.44,2023-06-14
4211,342,Jesseport,North Kellie,452.4,19.06,431.73,2024-09-14
4212,454,Riverafurt,Gregoryside,2137.9,11.42,1888.42,2023-12-31
4213,391,North Lisafort,Stevenland,1003.8,24.96,1457.56,2023-04-05
4214,99,North David,Kellymouth,998.6,5.85,325.3,2024-07-08
4215,438,Smithton,Lake Jason,2045.1,9.04,2179.04,2023-08-29
4216,29,South Allisonmouth,West Gregorybury,112.4,23.69,203.07,2023-04-14
4217,311,South Melissa,Port Christophermouth,1549.6,7.7,841.35,2024-11-05
4218,209,North Robert,Port Josefurt,229.2,18.71,230.72,2024-04-19
4219,447,Port Shawn,Davisshire,1945.5,21.71,3654.6,2023-09-25
4220,74,New Mauriceville,North Teresaland,1477.0,11.64,1354.4,2023-03-21
4221,139,Port Mario,South Michelle,173.2,9.84,161.27,2023-12-24
4222,145,East Amy,North Jasonmouth,91.2,12.89,95.21,2023-05-12
4223,454,North Melissa,Port Candicetown,1007.3,2.4,280.44,2023-01-25
4224,344,Paulfurt,Port Janetfurt,392.3,10.68,462.6,2023-02-28
4225,409,Simpsonfort,North Cynthia,368.6,4.29,81.22,2023-01-28
4226,423,Brandonshire,South Jillborough,275.6,21.94,609.2,2023-08-08
4227,83,Jeremyborough,Anthonyfurt,1211.6,10.23,661.11,2024-06-19
4228,399,South David,North Larryshire,1435.3,23.38,1834.77,2024-07-05
4229,274,Maysfort,North Natalie,695.7,10.53,634.98,2023-07-31
4230,233,Port Jessicamouth,East Jeffreyberg,693.9,24.29,1076.87,2023-10-10
4231,161,Ramoston,West Theresa,618.7,23.49,1697.39,2023-01-23
4232,469,Clarenceborough,Ashleychester,926.8,23.33,1387.79,2024-01-07
4233,41,Johnshire,East Laurabury,2404.5,3.61,764.97,2023-11-19
4234,465,Timothyborough,New Craig,1187.4,5.92,841.62,2024-05-28
4235,1,Lake Alexanderside,Curtisberg,452.5,3.44,143.53,2023-09-06
4236,423,Freemanton,Lake Kylehaven,980.6,6.25,487.44,2024-06-13
4237,254,West Petertown,East Beckystad,1307.6,17.07,1322.84,2023-07-07
4238,98,Williamport,Daltonport,1388.0,24.43,2587.88,2024-11-04
4239,152,North Connor,Port Debbietown,584.7,2.78,157.27,2024-05-14
4240,87,East Aaron,Maddenville,802.4,15.22,1231.26,2023-04-20
4241,203,South Julieville,Cannonton,2168.2,8.75,1135.64,2024-04-11
4242,221,Davidshire,South Lisa,770.3,2.03,167.66,2023-12-21
4243,105,Walterstown,Richardfurt,724.7,24.88,1200.03,2023-12-25
4244,274,Lake Dustin,Victoriachester,1721.0,20.97,2810.83,2024-05-17
4245,405,Medinaside,Muellerburgh,315.3,4.4,114.35,2023-09-26
4246,39,North Jonathan,Millertown,1274.2,13.32,1935.9,2023-01-08
4247,252,South Krista,Jeremyfort,84.3,4.88,23.23,2024-10-05
4248,53,Christopherport,Lake Tamara,2241.0,15.14,3661.34,2023-10-20
4249,215,Wilsonshire,Pacemouth,1589.3,7.27,1330.36,2024-10-30
4250,252,Port Kennethshire,Michaelside,470.5,14.11,673.29,2023-06-19
4251,389,East Courtneytown,Higginsstad,1971.8,17.48,2779.95,2023-02-09
4252,277,Gonzalezmouth,Pruittview,1093.8,20.83,2534.28,2023-08-25
4253,279,Wattsshire,Jamesland,645.4,3.76,208.87,2023-04-16
4254,118,New Abigailburgh,Marcushaven,1719.8,8.64,773.28,2023-01-30
4255,253,Jennaport,Williamsborough,1452.4,11.79,1741.75,2023-04-01
4256,220,South Kennethfort,Port Ronnieburgh,1974.7,15.13,2997.96,2023-11-21
4257,245,Geoffreymouth,Lake Dominique,1036.8,23.25,1406.07,2023-05-15
4258,121,Juliamouth,Lopezburgh,1765.3,10.66,2176.76,2023-05-27
4259,441,New Michaelland,Woodton,2255.8,13.44,3229.84,2024-02-29
4260,277,Wrightmouth,West Kelseyview,1991.4,9.76,974.87,2023-03-16
4261,115,New Daniel,New James,401.9,16.81,418.64,2024-03-06
4262,202,Montgomeryville,Port Sallyside,1591.5,8.87,863.16,2024-08-09
4263,172,Pearsonstad,Farleyberg,1712.9,16.83,1471.34,2023-05-08
4264,136,Port Maryfurt,Paulchester,1370.7,11.73,921.98,2024-09-22
4265,334,Bennettmouth,Patrickmouth,1042.1,4.61,264.71,2024-10-11
4266,72,New Josestad,Lake Erinport,1936.7,5.18,1191.0,2024-11-29
4267,305,West Taylor,New Bethburgh,852.1,10.55,736.89,2023-07-12
4268,350,Wilsonberg,Courtneyville,2389.5,14.38,3003.09,2024-02-04
4269,148,New Erica,West Frances,707.9,11.32,742.26,2023-07-14
4270,65,East Jacobside,Rogersshire,1969.2,21.83,5017.35,2023-04-20
4271,18,Port Maryhaven,Port Michaelhaven,2235.8,1.91,312.43,2023-04-02
4272,431,Port Cassandra,Port Michelleborough,2380.9,17.6,2769.25,2024-10-27
4273,355,Burnstown,Port Brian,1378.6,24.4,3090.5,2023-01-12
4274,153,Andrewchester,Marshallfurt,664.4,24.26,1537.46,2024-03-12
4275,263,Lake Haley,New Michelleville,2212.1,9.11,2045.04,2024-04-05
4276,178,West Alexanderfort,New Stephenstad,1406.2,2.58,202.74,2024-07-24
4277,415,Teresaport,Sharonview,1157.1,14.1,1338.69,2024-01-12
4278,47,Garzaville,Johnmouth,1890.4,1.86,336.98,2023-01-20
4279,206,Ruizside,Johnmouth,924.5,5.3,552.04,2024-09-12
4280,498,Robertchester,Carolmouth,1146.6,12.46,1253.64,2024-08-01
4281,141,New Nicholas,Perezfort,1659.0,1.63,251.73,2024-04-30
4282,369,West Stacie,Avilaborough,982.1,2.87,262.08,2023-06-19
4283,273,New Elizabethton,Robertmouth,1588.2,24.36,3274.71,2024-06-09
4284,295,West Bryanbury,Jamesmouth,1256.6,14.01,1936.4,2024-06-14
4285,79,East Stacy,Cruzside,2292.5,13.14,3021.32,2023-11-05
4286,101,Johnsonstad,New Dakotatown,2100.8,4.11,743.66,2023-03-08
4287,273,Jacobbury,Currymouth,1260.1,18.99,2520.64,2023-05-05
4288,96,South John,North Jefferyland,829.7,13.59,878.39,2023-07-14
4289,357,Jamesland,West Michele,1721.7,20.02,2612.97,2024-02-13
4290,185,Port Samuelside,South David,709.9,1.72,137.52,2024-01-10
4291,170,Stevenburgh,South Jamiemouth,1901.1,10.36,1988.02,2023-03-26
4292,64,Blackwellbury,Larryview,1729.8,14.66,1322.32,2024-02-23
4293,383,Sarahchester,Shannonborough,461.4,22.59,649.5,2024-10-02
4294,479,Port Randyside,Brittanyfurt,889.4,9.99,600.49,2023-02-19
4295,72,South Dana,North Amyhaven,1332.8,12.06,1247.06,2023-11-09
4296,327,Jeffreyborough,North Kennethstad,914.9,20.57,1328.5,2024-11-20
4297,379,South Nathanielchester,New Alyssaton,654.2,23.84,1526.03,2024-01-04
4298,444,Pennyhaven,Port Stephanieberg,1461.3,7.46,843.73,2024-11-22
4299,462,Stacyburgh,South Cameron,594.4,23.57,1236.14,2023-08-07
4300,85,Heatherton,Robinsonchester,2313.2,23.43,4000.54,2023-06-09
4301,96,North Jose,Lake Clayton,688.8,17.43,1370.1,2024-10-10
4302,248,South Rhonda,New Joanna,1355.9,9.11,1473.09,2023-03-08
4303,496,West Matthewbury,Port Rachaelhaven,485.9,23.68,888.68,2024-02-08
4304,445,West Ashley,South Justinchester,1459.8,10.69,1423.8,2024-09-03
4305,352,Lake Thomas,Petersville,1751.8,9.24,1498.16,2023-07-18
4306,259,Lake Thomas,Lake Evan,956.6,6.37,727.57,2023-06-08
4307,14,New Charlesstad,Lake Bethany,310.2,18.05,424.67,2024-01-14
4308,198,North Sarah,East Raymondland,2381.5,12.75,2076.89,2023-10-11
4309,165,Lake Johnhaven,Charlesfort,2376.5,14.41,1749.74,2023-11-13
4310,134,Powellberg,Collinstown,1902.2,19.55,2607.3,2024-08-12
4311,62,South Robin,Alyssaland,599.3,5.66,318.75,2024-01-02
4312,39,Heatherbury,South Timothyland,2200.5,22.45,5320.66,2023-01-03
4313,248,South Chelsea,New Deborah,2319.5,3.72,722.08,2023-05-15
4314,171,Port Wendy,Port Ivan,453.8,5.78,284.1,2023-09-13
4315,430,West Ronaldstad,New Levi,1475.8,7.46,579.52,2023-12-15
4316,151,Lawrenceberg,Port Grant,942.3,10.47,554.21,2024-10-04
4317,55,Lake Kevin,Garcialand,1161.5,8.84,748.96,2023-12-07
4318,110,Marshburgh,North Lisa,580.7,5.16,279.73,2023-09-22
4319,269,Tranland,Paulton,2053.0,12.42,2784.7,2023-10-29
4320,163,Janeland,New Paige,288.6,20.17,473.33,2023-03-07
4321,434,Kennethville,North Vanessa,162.2,24.04,267.5,2023-01-01
4322,146,Andersonside,Parkermouth,416.7,21.74,961.77,2023-06-06
4323,182,East Lisa,Parkfort,2378.4,20.02,2498.08,2023-11-09
4324,63,Port Laurie,Stevenschester,484.4,10.19,429.66,2024-12-20
4325,310,Mccannborough,Daniellebury,1755.4,13.57,2127.29,2023-01-20
4326,140,South Michaelfort,Charleschester,1844.6,4.16,640.44,2023-11-13
4327,286,Deannachester,Huynhbury,934.4,6.64,533.57,2024-04-06
4328,71,South Judith,Robertland,2148.3,9.36,1234.54,2024-06-08
4329,398,Michaelmouth,Chavezfort,2341.2,14.38,3834.69,2024-12-04
4330,396,Annaview,Williamchester,1099.0,2.4,191.78,2024-11-21
4331,276,South Kelly,East Katherine,1479.7,10.97,1668.69,2023-02-27
4332,253,Johnsonberg,Josephtown,1133.4,8.17,571.62,2024-11-19
4333,458,Marissafurt,Bowmanberg,1779.9,13.25,2802.23,2023-05-22
4334,302,Burnettburgh,Kristineshire,1689.8,13.99,1743.89,2023-04-04
4335,404,South Katherinetown,South Jennifer,1083.8,9.73,1167.12,2024-03-07
4336,66,New Kelly,Port Laura,1796.1,15.73,1764.22,2023-06-11
4337,43,West Jasonview,Lake Ericside,796.1,15.75,731.07,2024-09-28
4338,70,New Jessicamouth,Micheletown,2040.4,11.27,1684.65,2024-12-29
4339,80,Frankville,Hardintown,2334.8,1.15,141.66,2024-02-12
4340,332,Charleshaven,New Krystal,2014.0,9.94,1322.67,2024-11-04
4341,330,East Davidport,East Ericastad,2202.1,2.75,403.01,2024-06-10
4342,410,Hunterton,South Nathanielstad,2199.6,22.19,5266.28,2024-04-01
4343,166,Thomashaven,Lewisberg,848.6,8.62,472.43,2023-10-11
4344,325,North Ginafort,Port Matthewton,882.8,1.81,102.72,2024-03-07
4345,146,Vickifort,New Jennifer,1092.9,18.72,1999.66,2024-11-07
4346,197,Darrellshire,Smithtown,793.0,21.43,1473.98,2024-08-15
4347,74,Reillyville,Johnsland,995.3,15.88,1583.25,2024-08-02
4348,114,Jamesland,Graytown,1274.0,21.41,3254.95,2024-05-27
4349,369,West Kelly,Nicholasmouth,1086.5,22.57,2580.19,2024-09-16
4350,4,New Christopherborough,Port Hannah,2376.2,16.44,2362.61,2024-06-29
4351,361,Delacruzmouth,Stephenstad,367.9,21.3,932.01,2024-11-13
4352,491,Floydfurt,West Kimberly,460.9,9.85,293.46,2023-07-24
4353,363,Smithborough,Port Alicia,220.5,6.24,147.15,2023-05-21
4354,98,Cathyshire,Chapmanfurt,1381.2,20.59,2889.2,2023-05-03
4355,450,New Janetville,Toddhaven,2099.0,4.03,782.12,2024-07-17
4356,48,West Danieltown,South Tina,2110.9,1.17,176.19,2024-03-07
4357,267,Aliciaview,Danielfurt,194.5,18.72,407.74,2024-12-29
4358,368,Port Shannon,Port Fredborough,649.6,7.3,290.27,2023-04-04
4359,393,New Deborahport,Jasonland,1404.2,9.28,1137.29,2024-11-13
4360,234,North Kylie,Victoriamouth,1205.6,13.45,909.62,2024-06-17
4361,238,Lawsontown,South Jacobfurt,483.5,5.34,192.37,2023-09-14
4362,322,Andersonbury,South Daniellechester,836.1,18.92,1193.12,2023-10-28
4363,293,Boyerborough,Wolfestad,700.8,4.26,181.61,2023-09-28
4364,262,West Coryfurt,Gibsonfurt,2358.2,8.81,1938.44,2023-03-26
4365,196,Lindaborough,Lake Stephanie,2050.8,21.52,4498.64,2024-01-13
4366,201,Mendozamouth,New Robertmouth,2254.1,14.29,3255.54,2023-07-30
4367,492,Aguilarville,North Mary,180.1,21.86,394.8,2023-09-13
4368,352,Josephtown,New Janet,346.3,12.25,230.91,2023-08-26
4369,112,Rachelborough,South Mary,576.9,11.63,672.3,2024-11-17
4370,490,Duncanville,Lake Paul,2318.2,16.73,4563.4,2023-12-14
4371,80,Katiehaven,Randallshire,2102.8,1.7,224.23,2024-01-14
4372,380,New Katiehaven,Hallland,1462.8,14.6,1986.97,2023-10-31
4373,219,New Heathermouth,Lake Jennyport,1059.3,5.11,308.85,2023-08-19
4374,328,Lake Juanport,Stevenburgh,2008.5,16.77,3063.84,2024-04-18
4375,460,South Devinport,Matthewberg,792.8,14.28,680.08,2023-12-22
4376,126,Brownmouth,Steveburgh,458.1,16.68,757.79,2024-01-09
4377,164,Ramirezton,Stewartland,1983.9,21.54,3752.46,2024-03-02
4378,251,New David,Patricktown,1412.1,8.39,938.93,2024-11-08
4379,253,Payneside,East Leehaven,1825.7,12.11,2256.38,2023-07-05
4380,483,Lake Rebeccaside,Amandafort,586.2,20.4,840.55,2024-04-09
4381,296,Lake Terrytown,East Barbaraborough,97.9,8.98,97.22,2023-12-23
4382,372,West Phillip,Monroefort,2036.4,19.6,3703.36,2024-10-12
4383,435,Kerrifurt,North Kathryn,335.4,22.44,694.33,2024-06-21
4384,90,Jonesfurt,South Richard,2158.5,11.53,1569.8,2024-01-08
4385,342,Jonesbury,Port Anna,1128.3,4.89,403.75,2023-12-08
4386,255,East Alexborough,Lake Lauren,2257.6,12.24,2401.03,2023-06-11
4387,419,Gailhaven,Turnerview,1811.0,6.14,1107.0,2023-04-11
4388,469,Diazview,Chavezmouth,850.8,14.91,1130.04,2023-11-09
4389,346,Phillipsbury,Tammymouth,1321.4,4.14,284.28,2023-06-24
4390,204,East Danielmouth,Jacksonside,1894.2,3.37,673.62,2023-08-12
4391,97,Port Charlesburgh,West Samantha,1836.5,18.43,1820.96,2024-05-21
4392,284,North Kristyshire,Port Andrew,474.5,22.2,722.33,2023-05-08
4393,239,Morrisport,Reginaldchester,1247.9,20.46,2502.68,2023-07-11
4394,179,Georgeton,New Garyborough,1320.6,13.14,1558.7,2024-04-25
4395,450,Port Rebeccaberg,Alexisview,1724.8,17.64,3059.07,2023-05-27
4396,327,West Danamouth,Heatherberg,961.9,13.34,807.45,2024-11-24
4397,473,Holmesland,South Shane,1360.7,23.18,3340.46,2023-12-25
4398,104,Port John,Port Mark,1889.0,24.94,4890.18,2024-12-13
4399,199,Rebeccatown,New Josephmouth,92.5,24.47,150.61,2024-12-30
4400,294,Mccartyland,Meltonburgh,1631.2,20.55,3682.73,2023-12-14
4401,447,Brianchester,Cameronborough,835.8,12.05,748.12,2024-11-17
4402,461,Bryanfort,Lake Henry,449.4,6.04,274.04,2023-03-02
4403,330,Margaretborough,Cynthiachester,2324.9,3.25,789.79,2023-11-13
4404,301,Juanland,Port Donna,1464.1,19.7,2915.53,2023-10-14
4405,102,Port Katherine,Joanchester,1885.7,16.94,1803.97,2023-02-17
4406,99,South Jorge,North Moniquehaven,1221.0,16.69,2067.29,2023-12-20
4407,296,Lake Valerie,West Erinmouth,188.9,20.76,446.34,2024-04-24
4408,304,Nancyview,West Crystal,1068.2,12.28,849.08,2023-06-14
4409,204,Martinezside,Draketown,1274.7,15.61,1155.32,2024-09-27
4410,107,Port Katherinehaven,Tanyamouth,168.6,4.62,47.22,2024-01-21
4411,492,Melaniebury,Kimmouth,435.6,21.8,1089.0,2024-09-09
4412,28,Christinehaven,Andrewside,1177.8,12.2,1382.5,2024-06-06
4413,60,Lake Jorge,Emilymouth,332.2,19.51,629.59,2024-11-18
4414,93,Robertstad,East Briantown,326.1,10.66,205.32,2024-08-20
4415,70,Rodriguezstad,Robinsonmouth,152.5,15.82,126.02,2024-05-29
4416,390,Johntown,North Leslie,1821.3,16.88,3528.96,2023-05-01
4417,383,Parkerview,Patriciaberg,1122.2,6.97,897.81,2023-07-31
4418,221,Lake Luketown,New Veronicaborough,1837.7,1.89,312.7,2024-02-29
4419,92,Sarahton,Castrobury,981.7,6.0,300.04,2023-03-25
4420,398,Gabrielleshire,Port Benjaminview,1165.6,22.04,2743.37,2023-01-12
4421,91,East Julie,South Douglas,1326.4,4.59,638.95,2024-05-07
4422,350,Erinstad,Sheilafurt,296.1,7.83,244.11,2024-11-25
4423,441,New Kevin,Watsonstad,1017.2,13.6,1584.47,2024-09-28
4424,77,Paynebury,New John,71.4,16.96,143.79,2024-07-23
4425,422,Jaredtown,Christopherside,1511.0,10.01,774.38,2024-03-26
4426,496,Kathleenside,Schmidtburgh,1498.9,17.82,2021.2,2024-01-27
4427,415,Lake Meghanmouth,Whitehaven,907.4,10.13,968.54,2024-09-01
4428,110,Stonetown,New Carriechester,1868.2,16.72,3322.77,2023-07-08
4429,399,Crystalshire,Richardtown,1803.4,14.65,1959.47,2024-09-23
4430,50,Molinamouth,Mooremouth,1751.7,12.92,1158.67,2024-10-08
4431,98,Bowmantown,East Seth,610.7,11.89,435.18,2024-06-11
4432,188,Kellymouth,Brianshire,1088.5,9.62,762.99,2024-12-30
4433,434,Lake Davidfort,Oliviaberg,999.1,19.3,1140.05,2024-03-04
4434,399,Richardshire,South Tinaborough,116.3,23.6,307.86,2023-02-05
4435,28,Lake Raymondview,Timothyfort,432.6,4.38,158.65,2024-03-27
4436,119,North Edward,Makaylaview,1085.0,9.68,644.21,2023-05-28
4437,318,Youngville,Millerside,1415.9,7.67,669.46,2023-01-11
4438,221,North Carloston,Port Raymond,200.7,18.25,430.3,2024-05-21
4439,67,New Erin,Lake Ralphview,1094.2,15.18,1309.93,2024-12-07
4440,462,South Christopher,Perrychester,359.9,7.75,266.39,2024-12-21
4441,82,Jonestown,Bensonbury,312.2,8.67,315.89,2023-08-02
4442,114,South Matthew,Derektown,2078.0,17.43,3438.79,2023-09-27
4443,31,North Stephanie,North Denise,1767.9,21.79,2013.45,2024-02-27
4444,208,Millerhaven,East Christopher,355.5,15.79,637.44,2023-02-28
4445,232,North Maryfort,Chadfurt,2393.6,14.55,3614.64,2023-05-03
4446,34,Dawsonview,North Andrea,953.0,22.43,1530.04,2024-11-11
4447,179,Eddiebury,South Travisborough,958.7,15.16,1518.6,2023-01-19
4448,127,Patrickview,Thomaston,961.3,11.2,668.32,2023-04-12
4449,415,Port Phillipchester,Chungbury,665.6,21.2,840.72,2023-10-23
4450,285,Riceburgh,West Davidville,665.2,11.42,438.62,2024-01-17
4451,63,South Eugenetown,Thomasside,195.5,3.84,78.71,2023-01-31
4452,406,Lake Danielville,Brownstad,144.9,1.64,27.04,2024-07-13
4453,142,Nelsonchester,Amberstad,1060.8,6.52,563.36,2024-08-19
4454,265,Shannontown,Port Jessica,1920.4,3.16,372.19,2023-12-20
4455,373,Harrellmouth,Kaylaland,154.4,1.32,11.58,2023-11-06
4456,16,Port Brandyshire,Lake Makayla,1692.0,11.75,1200.2,2024-10-09
4457,32,Amberfurt,Franciston,2177.7,3.6,580.06,2024-01-11
4458,232,West Leslieborough,West Natalie,1185.5,5.69,357.32,2024-02-22
4459,171,Cherylside,North Kristin,299.1,2.29,68.41,2023-01-20
4460,185,North Andrewfurt,Baileyview,245.3,2.15,58.5,2024-10-21
4461,103,Jameschester,Kristyland,2426.4,23.89,4894.84,2023-12-13
4462,13,New Donald,North Thomasberg,2012.5,5.2,1039.01,2023-11-26
4463,441,North James,Williamland,92.7,11.44,78.93,2024-09-29
4464,220,South Sue,Port Anthony,1343.9,9.53,1022.2,2024-01-04
4465,288,Port Sonyaview,New Pamelahaven,1510.6,12.91,1254.35,2024-08-18
4466,447,Gilmoreland,East Kelseyhaven,63.4,5.78,35.54,2024-07-08
4467,415,Kevinbury,South Tinamouth,1953.7,15.57,1854.38,2023-01-17
4468,224,Martinezville,South Daniel,2302.7,11.55,1803.1,2024-12-17
4469,181,North Annetteville,Kiddchester,2229.6,11.48,1546.6,2023-11-11
4470,359,Davidmouth,South Timothy,1483.6,13.59,2180.5,2023-06-30
4471,137,Wilsontown,Hubbardfurt,2141.7,1.46,168.95,2024-10-05
4472,170,Foxchester,Robertport,1037.3,11.21,834.23,2024-02-19
4473,60,Thomasbury,Nancyport,1585.8,1.6,138.91,2023-03-20
4474,64,Jamesmouth,Tiffanymouth,173.9,15.12,254.15,2023-11-29
4475,135,Stephenfurt,Lovebury,2289.1,1.9,445.5,2023-05-14
4476,35,Christopherfurt,East Jessicabury,1484.6,14.05,2417.59,2024-06-12
4477,363,Singhtown,West Ericatown,2060.3,14.51,2959.46,2024-05-24
4478,128,Jenniferton,Flynnland,1596.1,7.47,598.67,2024-11-15
4479,89,New Chelseafurt,East Jeffrey,1685.9,17.99,2188.77,2023-09-30
4480,414,Tonyfort,West Jennifer,153.6,15.65,204.64,2024-05-20
4481,255,Lake Christopherstad,East Linda,1494.6,16.52,2267.98,2023-11-22
4482,253,Christopherberg,South Jacobhaven,2326.7,10.48,2253.74,2024-01-28
4483,303,Jenniferchester,Brownborough,1615.3,16.55,1708.43,2023-03-09
4484,309,West Shellyhaven,West Sarah,1125.6,3.89,346.0,2023-01-21
4485,196,South John,Rosehaven,1413.5,8.02,892.87,2023-08-01
4486,488,Gilbertbury,Tonyport,2390.9,4.56,915.23,2024-01-23
4487,120,Clintonchester,Hughesville,170.3,12.52,146.33,2024-12-01
4488,108,Mcgeebury,New Richardfort,2085.7,19.29,3242.09,2024-09-13
4489,305,New Danielle,South Allison,1855.6,24.21,4352.3,2023-08-23
4490,313,Alexandratown,New Melinda,758.3,14.64,643.62,2024-07-20
4491,467,Powersside,New Larryview,1142.9,1.35,153.99,2023-03-22
4492,490,South Donald,Bullockbury,697.1,22.2,1692.55,2024-02-13
4493,264,West Adriana,Lake Kayla,1667.8,1.63,224.85,2023-03-21
4494,55,Longfurt,West Adrian,1178.8,22.7,2919.32,2024-10-15
4495,341,New Scottview,Samanthamouth,268.1,2.32,37.99,2024-09-11
4496,133,Jenniferberg,Richardfurt,1665.2,16.14,2586.33,2023-11-27
4497,484,Shelbyville,Watkinsland,282.9,23.34,763.0,2024-02-05
4498,360,Charlesville,West Gwendolyn,2434.4,3.01,555.84,2024-01-06
4499,454,Markmouth,Lake Conniemouth,1889.8,14.72,2550.43,2023-04-22
4500,460,West Lindamouth,Feliciahaven,2483.0,15.03,4219.28,2023-01-06
4501,375,Perryport,Holmesville,324.3,24.42,929.55,2023-02-03
4502,149,North Harold,Williamsside,2098.9,13.09,2503.91,2023-06-25
4503,436,East Michael,Amberberg,2323.1,13.2,3283.36,2024-08-23
4504,134,Michaelport,South Moniqueborough,223.0,14.12,245.38,2024-12-15
4505,232,Lindsayport,South Rodneystad,795.1,4.32,353.95,2024-11-14
4506,378,Rodriguezview,North Deannashire,2369.7,22.2,4552.44,2023-08-30
4507,260,North Destinyport,Linshire,2321.4,14.71,2759.99,2024-05-24
4508,32,Lake Garyshire,Port Lawrence,965.8,23.38,1981.14,2024-05-12
4509,243,Anntown,East Stephenland,2039.1,7.23,785.45,2023-07-14
4510,93,Pettyville,Paulhaven,834.5,17.0,1532.38,2023-04-16
4511,305,Port Martha,Port Brittanymouth,2113.2,10.13,1197.9,2023-09-20
4512,479,Tonyview,New Aaronborough,1037.9,19.35,1943.24,2023-08-07
4513,303,East Ashlee,Port Richardville,436.7,22.38,950.01,2023-01-23
4514,287,Nguyenport,East Heatherbury,712.5,4.97,343.24,2024-04-14
4515,201,Kingberg,Bowmanside,2264.3,4.61,1052.55,2023-12-27
4516,245,New Alexis,East Andrea,1467.6,24.98,4220.19,2023-12-18
4517,182,Robertchester,North Angelastad,1678.2,2.2,195.75,2023-10-26
4518,46,Lake Mistyhaven,North Hollytown,611.9,3.83,265.6,2024-03-26
4519,23,Sarahmouth,New Teresa,1985.8,11.16,1658.19,2023-01-01
4520,250,Sotoberg,Port Yolandatown,1261.2,14.24,1209.89,2024-11-03
4521,286,North Traciside,Port Rogerburgh,746.1,22.45,1647.61,2023-12-19
4522,399,East Morgan,Grayfurt,599.1,18.35,822.13,2024-12-30
4523,338,West Josephstad,New Victoriaton,2331.0,14.94,3835.28,2023-05-10
4524,24,Port Kimberlyberg,Grossburgh,1691.6,10.56,1259.35,2023-12-12
4525,145,Melindaberg,Robinsonside,2217.7,23.23,5107.45,2024-10-08
4526,369,West Brandy,Gonzalezshire,2096.0,10.03,1855.81,2024-08-20
4527,232,Newmanview,Michaelland,698.8,15.68,567.51,2024-08-22
4528,79,Port Kim,East Michael,1303.7,4.64,490.44,2023-02-11
4529,478,Stanleyberg,West Ricardo,1424.0,3.45,294.59,2024-10-21
4530,209,South Christophertown,Manuelside,921.1,19.24,1910.19,2023-06-17
4531,496,Jaredberg,Millershire,724.3,14.12,511.6,2024-01-15
4532,274,Port Nancyport,South Taylormouth,1456.0,19.94,1902.8,2024-04-12
4533,22,Lake Bobby,Larsonhaven,1030.3,17.72,1204.16,2024-05-02
4534,246,West Markview,Port Chadville,2206.8,4.3,646.19,2024-04-22
4535,309,New Joshua,Amandafort,420.8,24.7,903.27,2024-01-03
4536,33,Bradton,South Ivan,1460.6,11.2,1531.61,2023-07-30
4537,58,Reedside,South Dianetown,268.5,2.77,89.18,2024-12-08
4538,184,New Danatown,Stephentown,1486.9,19.16,2869.81,2024-10-05
4539,84,Mitchellborough,Seanberg,1669.9,24.69,3908.87,2023-03-04
4540,56,West Maurice,Morganchester,2496.5,21.96,5484.04,2024-05-25
4541,1,Lake Graceview,Meyerstown,620.0,12.4,603.77,2024-01-24
4542,131,West Heatherside,East Kimberlyfurt,887.2,24.54,1155.33,2023-01-02
4543,400,West Jane,Christineport,837.0,13.27,866.82,2024-10-27
4544,465,Gregorytown,West Darren,2083.6,1.53,196.34,2024-09-01
4545,135,South Paulamouth,West Heather,2392.6,19.01,3852.05,2024-06-21
4546,17,Williamsstad,Norrisburgh,355.2,3.34,85.72,2024-08-29
4547,404,Amandafort,Stephenbury,2189.0,17.73,2683.86,2024-10-12
4548,387,Lake Amandamouth,Andersonside,1439.7,10.65,834.45,2024-11-28
4549,34,New Codyton,Lake Hannahchester,1863.8,22.52,4835.06,2024-04-13
4550,276,Danielleport,New Alexisview,1942.4,4.04,534.47,2023-07-14
4551,278,North Erica,East Alexis,1454.4,14.12,1086.94,2024-11-21
4552,237,Hutchinsonmouth,East Tracey,2393.2,18.51,4901.19,2024-08-29
4553,227,Haneyburgh,Graymouth,2091.7,4.49,648.08,2024-10-03
4554,404,Michaelmouth,Grantfurt,713.6,13.41,1145.16,2023-10-07
4555,202,Angelchester,Adamshaven,604.9,8.83,336.12,2024-11-12
4556,316,Lake Richard,Rodriguezton,1585.1,23.73,3318.12,2024-01-06
4557,358,East Matthewview,Davidsonmouth,1674.8,15.82,3022.05,2023-02-09
4558,226,East Justin,Derekview,2439.4,10.5,2389.71,2024-10-21
4559,353,Keithtown,Lorettaport,813.5,13.16,960.36,2024-05-08
4560,134,West Elizabethfurt,Port James,2236.7,3.17,523.41,2023-10-16
4561,64,Morrisonmouth,Port Cameronville,2448.3,20.29,2655.23,2023-02-01
4562,30,Wongborough,Foleystad,1553.6,18.34,2779.97,2024-04-03
4563,127,Markview,East Bailey,2119.8,19.75,5008.35,2024-05-23
4564,180,Lake Jamesberg,Charlesmouth,1757.6,10.16,1761.32,2024-12-30
4565,373,Higginsland,Port Danielfurt,327.8,12.39,323.18,2024-10-19
4566,395,Phillipsborough,Williamsview,201.6,20.98,370.71,2023-12-09
4567,128,Port Brittanymouth,South Cory,1410.3,10.48,1174.82,2024-02-28
4568,264,Lake Robert,Thomasborough,1056.4,18.02,1119.4,2023-07-20
4569,195,Kimberlyfurt,Lake William,1469.2,8.86,1197.11,2024-05-08
4570,334,Welchland,Trujillofurt,1239.5,2.18,247.48,2023-03-05
4571,498,Alexandraton,Jaimechester,1452.4,20.37,2097.9,2023-08-27
4572,193,Franciscoland,Hoodton,1471.9,5.29,549.19,2024-05-07
4573,463,Port Manuelland,South Andrew,2496.7,17.38,3001.82,2024-05-12
4574,255,Evansberg,Sarastad,1864.4,14.36,2153.7,2023-09-05
4575,83,Hendersonmouth,Annetteville,1055.6,8.84,751.24,2024-02-22
4576,217,South Zachary,North Tyler,85.2,19.97,122.08,2024-05-12
4577,276,Camachoville,West Bonnie,2169.7,12.76,2242.98,2023-07-07
4578,158,East Jillview,Brandyburgh,2236.5,14.71,3447.02,2023-08-27
4579,260,Port Mitchell,Lake Herbertstad,1931.6,24.15,2960.3,2023-06-06
4580,439,Jonesville,Chaneymouth,2022.9,1.69,202.25,2023-09-05
4581,196,West Curtis,Candicehaven,1966.5,7.19,1107.24,2023-07-29
4582,215,Harrisfort,East Jamiemouth,1969.0,21.5,2662.89,2024-09-30
4583,324,East Alicialand,South Aaronfort,874.4,7.94,399.82,2023-07-19
4584,28,Port Kenneth,East Joshua,868.3,15.6,894.32,2023-10-29
4585,439,East Debrafurt,East Jenny,72.4,23.37,134.99,2023-11-19
4586,494,Charlesfurt,New Linda,507.5,5.2,186.28,2023-11-06
4587,245,Johnsonburgh,Edwardstad,1917.0,11.85,2669.26,2024-05-30
4588,392,West Ericabury,Melissaville,1750.2,12.37,1690.57,2024-07-14
4589,41,Lake James,Leblancstad,824.2,2.62,112.16,2024-01-04
4590,191,Jessicaport,Gavinton,483.3,18.02,496.36,2023-02-03
4591,129,Port Jennifer,West Justin,2281.3,21.44,5236.91,2024-05-07
4592,31,East Jonathan,Sarastad,1356.9,13.41,1404.32,2024-01-01
4593,56,North Kathryn,North Victoriatown,65.0,22.71,129.28,2024-09-15
4594,365,Michaelhaven,South Michael,1212.7,13.39,1262.11,2023-01-04
4595,41,East Joseph,Johnsonstad,1261.6,14.41,1158.26,2024-05-07
4596,228,East Matthew,Richardhaven,473.6,15.29,839.44,2023-11-22
4597,140,New Kaylaside,Nicoleshire,2330.3,22.53,6046.56,2023-10-15
4598,135,Phillipsfurt,North Morganstad,1143.0,24.86,2233.37,2024-08-27
4599,76,Port Michelle,New Aaron,2139.2,16.33,2785.89,2024-01-15
4600,271,South Crystal,New Emilytown,1839.6,23.07,2280.83,2024-04-29
4601,176,Stephenstad,North Spencermouth,665.5,18.65,1389.04,2023-08-25
4602,198,Robertfurt,Kimberlyhaven,608.5,9.3,516.17,2023-01-13
4603,180,Lake Raymondside,Dillonfort,2172.7,13.77,2461.79,2024-04-07
4604,136,East James,Hunterview,2435.6,16.25,2999.84,2024-11-03
4605,344,North Reginaldland,Port Benjaminchester,2372.6,5.2,727.35,2023-07-06
4606,450,Masseyville,South Katherine,1415.9,19.03,2296.82,2024-10-24
4607,138,Port Emilyland,Tinaberg,670.4,20.13,1600.48,2023-09-21
4608,157,Port Ericfurt,East Lisaborough,165.5,17.22,228.13,2024-10-09
4609,379,Sheltonville,Aaronberg,1649.4,7.84,1069.49,2023-05-03
4610,58,Sarahport,East Jose,406.8,5.72,259.69,2024-05-09
4611,230,East Justin,East Jesseberg,392.9,5.65,256.23,2024-04-06
4612,375,North Anthonyborough,South Alicia,749.4,13.89,1078.12,2024-08-24
4613,418,New Donna,West Eileen,2444.0,17.37,3967.39,2024-04-13
4614,204,Lake Brendafort,Lake Sarahmouth,2459.1,11.82,3286.9,2023-09-16
4615,329,New Marcus,Wilsonfort,1922.2,6.83,926.13,2023-06-28
4616,99,New Juan,Rickyfort,1712.4,4.99,528.76,2023-11-16
4617,87,Mitchellside,Ellisstad,2175.6,14.32,2385.37,2024-09-13
4618,7,Jonesview,New Jaimemouth,2058.1,22.55,3469.35,2023-06-17
4619,311,South Johnbury,Brownfort,1654.9,2.46,444.87,2023-01-31
4620,131,Lake Tarachester,Francoburgh,1970.9,24.1,5123.64,2023-05-26
4621,312,South Julieborough,Lopezberg,855.9,16.25,727.74,2023-11-24
4622,280,Lisaside,Zimmermanmouth,2486.1,24.49,4429.35,2023-08-15
4623,118,Lake Kevin,North Joshua,1282.5,4.48,538.3,2023-06-01
4624,19,East Jacob,New Melissa,861.0,6.51,400.15,2023-05-10
4625,380,East Vincentmouth,Lake Frank,2151.7,21.72,4914.12,2023-06-02
4626,226,South Duanetown,Samanthaton,304.4,2.66,89.94,2023-09-20
4627,432,West Kevinburgh,Matthewburgh,1211.7,7.88,1082.29,2024-11-12
4628,131,West Lisa,Ramostown,1091.2,24.73,1876.02,2023-05-25
4629,219,New Jasmin,Austinchester,2296.1,23.93,3753.65,2024-02-10
4630,451,Lake Tammy,East Dawn,181.0,13.76,267.39,2024-12-06
4631,112,Danielborough,Angelabury,936.0,2.58,222.64,2023-12-23
4632,329,Romeroshire,Kristinland,1153.3,19.82,1314.37,2023-06-10
4633,343,West Johnton,Matthewfort,1731.3,19.14,3513.58,2024-07-22
4634,275,Brianburgh,Lindseyfort,835.2,16.45,805.57,2023-10-08
4635,448,East Joyce,North Adam,1168.4,13.06,1469.09,2023-04-11
4636,297,Sawyerland,Morrisonport,1370.2,10.26,1315.11,2023-01-04
4637,80,Phillipmouth,Stevenstad,1092.7,15.07,1416.4,2024-01-26
4638,157,West Amystad,Boothton,2217.8,19.34,3942.64,2023-05-11
4639,69,Duncanberg,Richardtown,2483.4,8.55,1921.9,2024-03-07
4640,349,West Lori,Leahview,2101.9,3.51,802.56,2024-08-02
4641,46,Port Danielton,Michaelchester,386.9,10.04,204.13,2024-11-24
4642,494,Tiffanyberg,Kellermouth,2161.5,24.68,4685.43,2023-05-19
4643,464,Port Deborahshire,Stephaniemouth,984.3,7.06,477.73,2023-11-23
4644,231,Turnerton,East Roger,549.2,14.36,519.3,2024-03-17
4645,53,Port Keith,Kathleenberg,448.7,6.65,267.83,2023-07-27
4646,282,Floresbury,South Cynthia,419.8,3.71,148.31,2023-01-19
4647,484,West Miranda,South Charles,1274.9,10.41,1422.51,2023-08-18
4648,444,Jamesville,New Calvinchester,2209.8,6.04,828.44,2023-04-27
4649,474,Lake Renee,Johnland,1311.0,2.19,259.73,2024-02-19
4650,60,East Victoria,Lake Michelle,569.6,4.5,136.19,2024-08-03
4651,9,Brendaport,Dunnton,86.5,6.52,63.29,2023-11-09
4652,195,Santosfurt,Juanhaven,204.4,13.53,227.58,2023-12-04
4653,324,North Steven,South Alexandriaton,330.8,22.84,646.41,2023-11-18
4654,347,Lake Benjaminberg,Yvonneport,1512.3,21.83,3775.71,2024-07-22
4655,43,West Peterport,North Daniel,1228.1,10.27,640.52,2024-02-11
4656,48,Parkershire,North Joshuashire,2053.7,5.54,874.48,2024-01-31
4657,284,Lake Tanyaton,Jacksonborough,757.5,23.01,1158.51,2023-02-24
4658,484,Lake Maryport,North Justin,758.9,8.66,440.84,2024-06-18
4659,248,North Jennifer,Robertsview,258.4,13.25,182.54,2024-04-11
4660,282,North Brian,Lake Melanieborough,727.1,19.79,1491.46,2023-03-08
4661,444,Port Michaeltown,North Michael,1621.7,5.68,660.02,2023-02-28
4662,51,Dunnton,Perrychester,2457.0,8.59,2054.42,2024-02-10
4663,9,Deborahview,West Alexandrastad,135.4,5.77,81.34,2023-12-12
4664,2,West Richardshire,Davidberg,1169.8,19.04,2541.79,2024-12-28
4665,488,Wellsberg,West Kimberlyside,956.6,20.57,2283.39,2024-12-24
4666,170,North Tamiville,North Rebeccachester,1868.4,10.1,2045.34,2023-10-29
4667,498,Mathisview,Port Mitchell,97.9,17.54,138.26,2023-05-16
4668,38,Danielfurt,Lake Melodymouth,2247.4,10.36,1602.04,2023-05-30
4669,154,Stephaniefort,West Michael,82.0,16.54,154.79,2023-01-09
4670,457,South Jamesland,East Adam,2175.4,18.02,3892.06,2023-04-05
4671,414,Jessicaside,Manuelburgh,2483.1,6.4,1108.51,2023-04-23
4672,419,New Zacharyton,Craigberg,1145.2,8.77,782.56,2023-08-22
4673,241,Port Jimmy,North Emilyshire,2309.9,15.2,3653.94,2023-09-04
4674,288,Port Charles,Port Janetview,152.8,15.76,182.32,2024-07-25
4675,151,North Lisahaven,East Marymouth,1912.5,11.32,1913.31,2024-08-23
4676,290,Port Brendaburgh,Mathewsport,1407.2,10.07,1428.29,2024-07-03
4677,402,West Jenniferview,Port Michael,1573.5,4.82,701.43,2024-07-23
4678,285,West Jasmine,East Richardview,87.8,6.62,46.7,2024-05-08
4679,271,South John,Garrettfurt,1324.1,16.25,1254.03,2024-05-15
4680,315,Shannonside,North Benjaminland,2487.8,16.85,3520.0,2024-10-14
4681,220,New Danielle,Lake Natalie,228.0,1.74,42.13,2024-08-17
4682,233,Jacobchester,Ruizhaven,492.5,11.88,324.3,2023-04-26
4683,65,Gibsonhaven,North Trevorhaven,2247.1,1.56,321.2,2023-07-01
4684,360,West Susan,Lake Michael,104.6,3.09,25.93,2024-06-20
4685,324,East Julia,West Shawnburgh,1921.8,9.6,2019.25,2024-07-10
4686,195,Lake John,Cruzfurt,1328.8,14.42,2128.58,2023-02-12
4687,3,North Christopher,New Lisa,86.0,24.47,186.73,2024-05-14
4688,479,Lake Donaldfurt,Lake Annachester,1914.6,24.53,4227.56,2023-09-10
4689,172,Parsonsland,New Josephbury,391.0,2.75,88.46,2024-03-31
4690,250,Lake Ashleyfort,Villanuevaborough,1300.7,24.32,1842.45,2024-04-30
4691,71,Smithhaven,Perezborough,1169.4,17.95,2035.42,2024-08-11
4692,39,Bradleyfurt,Dayfort,1246.3,10.24,803.27,2023-06-19
4693,283,Port Jenniferstad,New Debbieton,286.6,17.15,532.98,2023-11-29
4694,207,Lake Charleneside,North Robert,404.4,3.21,129.67,2023-09-21
4695,73,West Brandon,West Tonyastad,2352.9,11.46,1682.35,2024-04-28
4696,39,Reillyport,New Audreyport,1527.7,12.46,1634.28,2024-11-23
4697,468,Port Davidborough,Joneston,1150.7,20.47,2631.43,2024-08-24
4698,470,Lake Hectorshire,South Raymondshire,2215.5,18.3,3067.16,2023-10-16
4699,151,Lake Rachelport,South Trevor,373.1,20.76,575.21,2023-04-02
4700,223,East Dennisland,Ramosshire,963.5,21.0,1075.94,2023-07-24
4701,73,North Katiechester,Cooktown,1959.8,4.03,862.02,2024-10-09
4702,1,West Jacobfort,Darleneborough,359.5,21.87,666.61,2024-06-22
4703,33,West Loristad,East Christine,1790.3,1.43,259.6,2024-07-27
4704,176,Port Angelica,East Staceyton,1598.7,6.27,995.26,2023-02-10
4705,109,Simpsonside,Ramosstad,1054.5,23.82,2063.59,2023-06-15
4706,91,Kennedystad,Port Laura,2076.8,7.68,1762.71,2024-11-16
4707,455,Johnfort,Jamesberg,1282.6,23.07,2745.08,2023-02-28
4708,46,New Danielton,Gardnertown,1816.7,19.9,1820.41,2024-01-21
4709,265,Fernandeztown,North Johnberg,1239.4,16.65,2349.8,2023-06-11
4710,124,New Edwinbury,Rebeccafurt,497.8,17.53,874.35,2024-09-15
4711,483,New Stevenfort,Danielfurt,270.7,24.85,370.48,2023-01-08
4712,192,New Andrewfurt,Larryton,2338.2,23.18,5725.57,2023-11-06
4713,483,Port Brittany,Robbinschester,65.3,2.58,17.7,2023-08-07
4714,47,East Hannah,Norrismouth,1428.0,17.75,2950.78,2024-05-17
4715,92,Garciamouth,Kimberlyton,334.6,9.92,166.2,2023-04-13
4716,418,Smithburgh,Melissachester,2117.4,22.26,2716.98,2023-05-12
4717,383,Brendaland,Patrickhaven,1659.5,8.56,1135.26,2023-10-04
4718,419,Leachshire,Port James,2206.3,18.85,2741.48,2024-09-19
4719,70,Krausestad,New Tabitha,2162.4,11.57,2688.47,2024-03-30
4720,221,East Jesusport,Jenkinsport,539.0,1.79,53.03,2024-02-18
4721,248,Jeffreybury,Mckeefurt,1504.4,17.33,1311.96,2023-08-24
4722,45,New Tanyaton,Samuelbury,678.2,17.82,1440.09,2024-08-21
4723,365,Morrisonmouth,Molinaville,2199.3,14.78,2335.79,2024-08-27
4724,73,Lake Jonathan,North Ericshire,851.7,8.03,730.09,2024-02-15
4725,285,Medinamouth,Port James,2003.7,13.53,2139.64,2023-05-09
4726,68,West Chadburgh,Port Lisafort,1454.1,21.76,2494.87,2023-11-07
4727,60,Port Alexandrachester,North Andrewchester,1508.2,7.7,964.53,2023-11-10
4728,407,Williammouth,Lake Lance,1062.9,18.58,2313.63,2024-11-09
4729,104,Melaniestad,Port Barbara,1816.3,23.22,4994.23,2024-07-24
4730,462,Johnton,Jennifermouth,2021.7,20.46,2307.49,2024-03-08
4731,171,New Andrea,New Nicole,1937.8,19.56,1989.42,2023-01-14
4732,313,Nicholasfurt,New Davidview,161.2,9.44,135.9,2023-06-04
4733,457,Daviesberg,Leonbury,1038.0,17.43,991.65,2023-08-17
4734,373,Port Chase,North Timothy,777.1,24.3,1980.07,2023-05-23
4735,422,New Bradport,Blacktown,931.9,7.14,688.5,2023-12-29
4736,272,Bryanbury,West Lisa,642.8,21.91,853.43,2023-02-28
4737,223,New Allison,Michaelland,198.2,21.69,509.56,2023-02-24
4738,281,East Kimberly,West Debraport,145.3,11.3,104.36,2024-01-30
4739,154,Andrewport,New Megan,586.6,18.23,722.85,2023-04-23
4740,496,New Michael,Lake Jenniferton,2330.8,13.08,2692.03,2023-02-05
4741,409,Westmouth,Aaronmouth,483.3,20.2,749.61,2023-12-11
4742,469,Timothyfurt,Lake Jeffreymouth,2274.0,24.26,3908.82,2023-05-28
4743,229,South Carlos,West Thomas,387.9,2.14,60.91,2023-06-12
4744,202,Kathyland,Navarroberg,2049.9,23.25,4734.0,2023-03-07
4745,187,Samuelland,Williamburgh,932.3,15.88,1105.49,2024-04-23
4746,374,Denisechester,Amyland,2404.3,4.83,1039.57,2024-06-27
4747,171,Lake Shannon,Juliefort,2070.4,15.26,2775.84,2023-12-11
4748,323,Port Paulview,Johnsonfort,2260.7,8.79,1052.7,2023-06-07
4749,308,Katiefurt,Anthonyton,1764.6,18.53,3159.47,2024-06-04
4750,52,West Robert,Port Erica,299.2,6.61,230.55,2023-02-17
4751,308,Calderonmouth,Lake Lindsay,1183.6,13.18,1203.58,2024-12-21
4752,152,Woodsfurt,Jorgeberg,2466.4,1.46,262.86,2024-03-08
4753,352,Sheilafort,West Melvinborough,1775.2,11.68,1601.41,2023-06-24
4754,368,Donnatown,New Deborah,1771.6,5.04,461.31,2023-12-17
4755,471,Cardenaschester,Henrybury,1571.4,23.07,2612.29,2023-05-07
4756,91,Mendozafurt,South Mitchell,2333.8,17.77,2314.99,2024-12-10
4757,94,Emilyview,East Kimberlyshire,2495.6,22.43,5411.81,2023-07-15
4758,290,New Shane,Markfurt,1122.5,8.53,1010.84,2024-05-07
4759,441,Courtneyburgh,Lake Brandon,925.5,24.09,1131.27,2024-05-25
4760,41,Samuelmouth,Nicolefort,1073.3,20.5,2515.52,2024-03-25
4761,477,Howardborough,North Shirleymouth,832.8,9.09,835.73,2024-11-03
4762,336,Port Sean,Miahaven,498.6,22.08,1295.36,2023-10-27
4763,456,Rebeccaberg,Brownstad,1731.6,15.12,2115.77,2024-02-24
4764,490,West Denise,Jeffreyberg,1563.2,1.77,193.06,2024-08-20
4765,98,Roachbury,Lanceburgh,2095.1,3.4,577.03,2024-10-01
4766,477,Bruceview,West Hollyhaven,2119.1,12.13,2276.2,2024-09-15
4767,330,Parkside,New Jenniferfurt,917.0,18.84,1679.0,2024-02-12
4768,34,Sharonburgh,Martinmouth,118.7,6.53,79.5,2023-06-04
4769,347,Garciastad,Pierceborough,168.0,24.58,289.68,2024-09-17
4770,7,West Pamelaville,Moorefort,1574.0,24.28,3978.37,2024-01-09
4771,143,Randolphland,Lake Allison,548.0,22.53,719.75,2023-06-14
4772,220,North Kelly,North Ashley,903.1,23.5,2365.93,2024-01-20
4773,146,South Ronaldville,Jacksonfurt,161.7,15.68,299.34,2024-10-17
4774,466,Mendozafurt,Lake Charles,207.8,14.03,273.7,2024-04-24
4775,451,West Steven,East Jonathan,279.8,6.31,169.1,2023-04-18
4776,184,Gonzalesmouth,South Meganland,1557.7,22.41,4090.84,2023-11-11
4777,352,Aprilshire,Steveberg,898.0,19.0,1939.12,2024-05-10
4778,37,Herreraburgh,West Wendy,1439.4,4.52,489.87,2023-09-17
4779,482,North Kristenborough,Katherinebury,131.5,10.78,119.19,2024-04-09
4780,220,Allenmouth,Davidport,1465.1,16.46,1877.27,2024-08-26
4781,38,North Michaelmouth,Port Henry,2360.1,22.81,4754.87,2024-01-07
4782,23,Port Arielland,Davistown,1389.5,18.21,2110.89,2023-02-21
4783,257,South Stephenchester,Port Monica,1956.8,22.49,5269.05,2023-12-17
4784,490,Port Melanieport,Johnborough,704.3,17.33,1222.58,2023-06-12
4785,158,Prestonburgh,Marcustown,583.6,5.65,360.66,2023-05-31
4786,116,West John,Port Jessica,1473.6,24.12,2710.09,2024-10-26
4787,389,East Matthewport,Hayesland,100.3,10.42,85.8,2023-01-26
4788,112,Melindamouth,Williamsville,2127.8,4.77,740.58,2023-08-15
4789,253,Smithchester,West Andrea,443.7,9.35,210.64,2024-06-29
4790,461,North Rachelborough,Kristopherfurt,570.7,10.11,391.52,2023-05-25
4791,131,Port Randy,Jensenhaven,1008.3,7.86,651.11,2024-09-16
4792,485,South Vincent,South Cynthia,500.2,2.47,77.93,2024-06-17
4793,114,Tonyaport,Rachaelhaven,1453.1,19.7,1869.81,2024-10-08
4794,378,North Dorothyborough,Port Robert,803.9,21.54,950.34,2024-11-11
4795,457,New Donald,South Loritown,1979.3,14.71,2766.57,2023-12-15
4796,3,Port Victoria,Dylanberg,1083.3,17.24,1399.43,2023-08-02
4797,212,North Christinaburgh,Seanborough,1611.2,24.02,3440.71,2024-08-10
4798,463,Brendanfort,North Barbara,1300.6,6.83,538.34,2024-05-13
4799,407,New Timothy,North Devontown,335.8,10.22,278.27,2024-07-27
4800,348,Lake Brittany,New Katherine,383.4,23.26,621.68,2023-06-17
4801,172,North Migueltown,Christyport,869.6,24.41,2416.62,2024-04-07
4802,279,Millerside,Lake Courtneyfurt,1897.9,24.9,4203.76,2024-01-16
4803,45,East Benjamintown,Port Teresaview,1155.3,21.57,2747.39,2024-02-03
4804,160,Meyerland,North Lori,468.9,18.69,911.21,2024-11-06
4805,124,Jasonbury,Smithstad,460.3,2.11,113.37,2024-12-02
4806,5,Jamesville,North Reneestad,1076.7,20.3,1367.0,2024-01-19
4807,267,Christineberg,Port Francesville,2217.6,4.4,740.62,2023-07-26
4808,456,Kirbyton,East Nicolasland,507.0,7.14,430.17,2024-04-08
4809,228,Stewartshire,North Regina,110.4,15.3,84.59,2024-01-16
4810,116,Tiffanyport,Port Raymond,330.6,20.23,728.53,2024-10-04
4811,221,North Roberthaven,North Katelynmouth,1798.6,14.22,1602.73,2024-11-30
4812,312,Lake Robert,Carterport,1766.0,5.04,848.16,2024-11-25
4813,467,Lake Joseph,Clarkton,1827.6,5.1,696.07,2023-10-10
4814,251,Johnsonville,Jamesborough,1334.9,3.99,479.89,2023-01-03
4815,223,West Jeffreystad,Mcgeeport,1820.8,17.47,2849.74,2024-09-16
4816,275,Port Laurenfort,West Robertside,310.7,3.69,92.36,2024-06-09
4817,302,Marcusville,Hudsonborough,960.0,14.21,759.96,2024-11-17
4818,499,Anthonymouth,Shermanport,2207.8,14.66,2669.01,2023-05-07
4819,285,Lake Arielstad,New Corey,1202.6,17.9,1218.27,2023-03-19
4820,396,New Dawn,Lake Randyfurt,1316.1,18.01,2430.24,2023-01-02
4821,414,Mcdanielstad,North Toni,882.2,6.67,514.57,2024-01-22
4822,193,Ericafurt,West Heatherborough,1763.4,21.59,2082.6,2024-12-10
4823,246,Drewtown,Port Zacharyhaven,1541.2,4.71,824.65,2024-04-15
4824,493,West Kim,Timothyborough,2253.1,20.29,3169.35,2024-03-31
4825,264,East Timothyborough,Ruizland,2211.1,21.79,4625.99,2024-04-17
4826,1,West Tammyside,Bradleyport,388.4,18.34,593.89,2023-04-30
4827,275,Jamieton,Kingmouth,182.2,14.23,241.26,2024-02-08
4828,70,Port Jacobtown,Heatherville,362.3,23.24,998.23,2024-03-04
4829,143,Alexiston,New Craigfurt,1673.1,4.73,535.27,2024-12-18
4830,375,Johnstown,West Xavierstad,732.9,24.7,1734.93,2023-02-28
4831,57,Lake Melissaberg,Lake John,372.6,18.98,613.44,2023-08-25
4832,296,North Nancyshire,Erikaburgh,211.8,24.37,603.69,2024-12-19
4833,65,Nicoleshire,Thomasstad,1526.0,5.71,441.9,2023-09-05
4834,325,West Josephberg,Brownton,1852.5,18.63,2033.82,2023-12-02
4835,357,Lake David,Dustinview,559.3,2.22,143.53,2024-04-20
4836,225,Drakeville,North Nicoleport,415.7,21.46,527.59,2023-03-25
4837,449,East John,New Richardmouth,1270.2,21.41,1601.88,2024-02-05
4838,461,Lake Robert,East Davidchester,302.9,9.95,191.61,2024-12-21
4839,172,Zacharyton,North Calebborough,1953.3,4.14,457.28,2024-07-08
4840,2,North Robertshire,Rogersstad,2221.5,10.77,1859.28,2023-06-20
4841,407,Santosbury,East Amy,1721.3,20.8,2653.38,2024-04-30
4842,236,South William,West Johnport,1507.4,23.44,2854.87,2024-05-17
4843,276,East Laurie,Lake Tommyton,921.9,22.67,1185.35,2023-11-02
4844,334,New Emily,West Jessicastad,599.4,19.43,1139.77,2023-09-01
4845,453,Evanland,Danielsfurt,446.7,15.36,542.73,2023-01-06
4846,153,Stephaniefort,North Anthony,2041.7,24.48,2758.04,2023-04-29
4847,82,Lopezport,North Marissastad,976.4,15.59,1678.11,2024-01-25
4848,484,West Joyceshire,West Matthewland,1476.0,23.94,2306.41,2024-03-28
4849,380,Brittanystad,New Roger,1973.6,7.33,1576.13,2024-03-04
4850,201,Donaldville,Gonzalezside,1376.0,7.62,979.38,2023-07-11
4851,104,West Kimberly,Howeburgh,447.4,14.62,694.01,2023-08-26
4852,29,Lake Fernandoberg,Lake Sarahburgh,2350.3,11.08,1327.57,2024-03-16
4853,431,Kimberlybury,Dustinport,948.9,14.37,1033.59,2023-10-26
4854,489,Maryhaven,East Danielstad,1073.3,24.27,2019.52,2024-04-30
4855,359,Taylorstad,North Jeffery,1895.2,22.38,3258.35,2024-08-14
4856,412,West Melissa,North Alexis,1015.3,4.67,426.37,2024-11-17
4857,147,North Juan,Marissaburgh,1014.6,9.68,699.51,2023-03-29
4858,19,Johnfort,Port Nathanberg,1958.1,19.8,2754.06,2023-03-06
4859,351,South Tammy,Lake Davidton,1130.4,11.36,1522.71,2024-07-27
4860,291,Annafurt,Salazarhaven,800.1,19.49,1562.66,2024-07-29
4861,193,Dominguezstad,Powerschester,1071.2,1.2,122.51,2024-12-28
4862,198,Christianborough,Alexismouth,459.8,5.55,278.81,2024-05-18
4863,152,Hartmanfurt,Jacksonmouth,380.0,22.17,490.51,2024-06-20
4864,341,Leeshire,Hunterton,2423.2,7.14,1816.81,2024-07-02
4865,336,North Christinaport,Edwardsstad,386.7,20.89,598.16,2023-12-11
4866,52,East Brandon,East Nicolefort,1409.3,8.69,1189.72,2024-05-08
4867,489,Lake Julianberg,Sarahbury,1714.0,21.4,3467.55,2024-09-24
4868,305,East Kathryn,Port Kevinborough,146.3,18.64,317.54,2023-07-02
4869,477,Jacobsonland,Mercerfort,2378.4,15.82,3830.11,2023-03-28
4870,465,Rhondachester,Williamsville,1048.5,16.35,1726.38,2023-08-27
4871,350,Priscillaville,West Troymouth,2060.6,3.03,574.76,2023-03-28
4872,413,New Brian,South David,981.7,6.29,550.67,2023-04-10
4873,145,Sharihaven,Smithfurt,636.6,4.22,315.92,2024-05-17
4874,188,East Richard,Lake Mary,2370.7,24.38,3645.08,2023-08-23
4875,126,Jennifershire,South Chad,1683.4,9.75,1091.63,2023-09-21
4876,415,Hollandfort,Michellehaven,688.8,5.86,432.16,2023-08-07
4877,188,West Debbiemouth,North Pamelafort,1739.3,2.86,494.7,2024-06-04
4878,192,Crystalview,North Ericfort,2128.4,13.7,2285.98,2024-02-15
4879,399,Kimview,West Kurt,2451.3,7.41,2006.22,2024-10-03
4880,138,Lawsonborough,Priceton,1833.0,22.99,3769.91,2023-06-29
4881,365,Amberfurt,Wilsonside,1273.5,20.11,2000.05,2023-08-11
4882,396,South Carlosburgh,Lovebury,2242.5,20.14,3106.27,2024-02-12
4883,103,Fordshire,Kimhaven,2359.7,22.99,3986.54,2023-08-18
4884,242,Nicholasberg,Kempbury,933.2,6.76,479.13,2024-07-29
4885,373,Lake Zacharyhaven,West Robertmouth,2478.3,7.5,1432.45,2024-05-13
4886,33,Davidborough,Joshuastad,1506.9,13.07,2311.41,2024-10-26
4887,91,Harpertown,Burketon,1105.7,22.74,1479.78,2023-09-24
4888,466,Mayport,Matthewborough,891.0,9.88,770.13,2024-01-05
4889,317,North Toddville,Damonfort,69.4,8.97,67.68,2023-01-21
4890,175,Brianaville,New Connie,2296.8,8.35,1076.43,2023-05-14
4891,403,Westberg,Brianstad,504.1,10.58,319.9,2023-10-05
4892,433,West Melissa,South Taylorside,2352.9,14.82,2712.72,2023-09-23
4893,7,Floresfurt,Ritaview,1144.4,3.71,486.49,2023-10-03
4894,189,Parkerhaven,Port Eric,1160.3,24.54,1696.17,2023-06-17
4895,93,North Joshua,South Kellyshire,1953.5,15.12,1722.19,2023-05-24
4896,342,South Fernandomouth,Lake Bryan,992.8,23.4,1626.53,2023-11-12
4897,127,Lake Joshuamouth,Williamschester,2386.5,16.62,3603.3,2024-10-05
4898,60,South George,North Ashleyburgh,1992.0,4.78,753.0,2023-12-17
4899,368,Peterborough,North Nicholas,787.4,8.6,485.03,2023-04-02
4900,337,Chandlerton,Englishfurt,2033.5,11.87,1904.11,2023-01-01
4901,349,Lake Jennifermouth,Josephstad,1937.3,6.42,1458.59,2024-12-08
4902,375,South John,Charlestown,2264.0,1.72,370.69,2023-04-09
4903,471,Port Pamelaburgh,New Ashleyfort,348.9,23.56,883.96,2024-09-13
4904,374,West Brianchester,East Sonya,459.2,23.37,596.22,2023-11-10
4905,144,Davidmouth,Davidfurt,1395.0,3.22,517.81,2023-03-17
4906,337,New Ricky,Alexandrastad,829.9,6.02,535.05,2024-01-03
4907,464,West Erikaborough,Rachelburgh,734.4,22.51,1327.57,2023-07-02
4908,349,Serranoport,North Kristy,1288.4,12.06,1067.38,2023-01-26
4909,255,Ellisburgh,New Steven,1643.7,17.29,1517.68,2023-02-05
4910,479,Ritashire,Lake Ricardo,525.3,24.16,1407.19,2024-04-24
4911,408,Frankfurt,North Toddfurt,2048.9,1.61,287.1,2024-12-25
4912,464,Contrerashaven,Moseshaven,886.5,18.81,1006.03,2024-11-19
4913,205,North Daleborough,Lake Michaelshire,1139.5,11.87,1222.89,2024-08-15
4914,2,New Jeffrey,East Jason,1720.8,10.76,1178.5,2023-04-27
4915,24,Bradleyport,South Deniseburgh,323.1,22.86,703.15,2024-01-19
4916,79,Andreafurt,Robertview,2316.3,16.1,2796.85,2023-07-25
4917,475,Lake Garyville,Ramseystad,2043.5,23.38,2599.15,2024-10-17
4918,24,Davidshire,East Donna,2343.3,8.81,1782.45,2023-09-10
4919,350,Brownville,Ellenland,139.1,23.1,269.49,2024-03-19
4920,164,Salazarton,Thomasfurt,486.5,4.07,141.86,2024-07-29
4921,218,East Tammychester,Josephland,1184.6,21.32,1607.29,2023-02-26
4922,355,Port Lauraborough,Marshallton,114.9,8.23,111.33,2024-03-31
4923,204,Elliston,Alexmouth,1989.8,19.46,2525.93,2023-05-10
4924,85,East Stacy,Port Joshua,1346.3,16.06,1212.52,2023-11-18
4925,319,Kelseyfurt,West Amandastad,2275.7,5.76,837.18,2024-06-02
4926,201,North Brendaton,Floresfurt,897.4,18.02,1395.03,2024-11-08
4927,96,East Michelle,Washingtonland,481.2,18.3,810.72,2024-07-22
4928,127,North Lisahaven,Danielstad,1460.3,16.15,1979.27,2024-08-13
4929,181,Lake Shawn,South Candiceberg,892.7,18.26,1917.7,2024-04-13
4930,466,East Nicole,West John,2076.8,21.64,4395.41,2024-08-15
4931,395,New Scottfort,Millerfurt,624.8,5.06,299.7,2023-07-19
4932,458,Martinview,Maryhaven,2046.0,6.44,1226.92,2023-10-18
4933,187,South Ryan,Richardsborough,1329.4,15.59,1038.33,2024-11-01
4934,401,Brandonborough,South William,2139.5,17.59,4063.75,2023-07-02
4935,117,West Marthashire,Port Paul,2087.4,19.76,2713.44,2023-11-01
4936,18,Reyeshaven,New Shirleyfort,1086.9,3.09,250.21,2024-02-10
4937,500,Robertbury,North Brandonberg,1200.4,3.2,205.23,2024-04-02
4938,255,Alexanderborough,Hopkinstown,1174.8,13.27,1204.08,2024-01-12
4939,82,Russoberg,East Patriciamouth,1980.4,3.9,659.57,2023-08-07
4940,8,West Douglasville,Port Thomas,2082.9,5.8,636.66,2024-09-14
4941,331,South Maria,New Gregory,1253.9,4.74,338.69,2023-12-16
4942,458,Mayohaven,Morganmouth,2121.0,20.77,3909.87,2023-04-22
4943,94,South Madeline,New John,2408.7,17.27,3920.57,2023-07-21
4944,407,South Jessica,East Karen,1779.9,24.13,3629.6,2024-07-20
4945,135,Thompsonhaven,Port Victoriastad,2112.4,11.43,2402.92,2023-01-24
4946,103,Lake Reneechester,Lake Waltershire,1358.6,7.2,764.73,2024-04-20
4947,108,New Amandaton,Andrewborough,844.6,19.09,954.05,2024-09-12
4948,79,Cummingsmouth,West Kimberly,2450.2,24.14,7023.84,2023-06-29
4949,9,East Timothy,Derekfort,397.0,4.87,193.04,2023-09-13
4950,79,Lake Jane,Whiteberg,1605.1,19.11,2160.72,2023-06-30
4951,290,Wendybury,West Brent,898.0,24.77,2448.22,2023-03-21
4952,324,Montgomeryshire,Port Morgan,428.0,20.58,1051.32,2023-03-16
4953,208,Kingville,Lake Elizabethmouth,2157.6,5.29,1336.37,2024-03-16
4954,173,South Adamfurt,Port Susan,190.0,5.39,114.89,2024-09-24
4955,125,Natashabury,New Ronald,567.1,16.75,1073.52,2024-10-09
4956,443,Lake Stephaniemouth,Meganshire,2091.1,16.25,3416.53,2024-09-23
4957,273,Manningfort,Lake Claytonland,2006.9,2.6,497.49,2023-11-12
4958,142,Lake Adam,East Jillian,185.8,10.52,206.23,2023-06-14
4959,162,New Josefurt,Saraton,306.1,6.67,171.48,2023-04-03
4960,63,Pinedachester,Wendyland,611.3,14.41,628.44,2024-08-25
4961,338,Khanchester,Michaelshire,1650.3,8.78,738.23,2023-10-21
4962,339,Boltonchester,Sullivanburgh,225.8,19.59,275.21,2023-02-28
4963,118,South Joshua,Ashleyshire,190.5,19.83,364.46,2023-04-18
4964,198,Ginaport,South Elizabeth,1448.7,18.28,2541.75,2024-09-07
4965,24,Jamesview,West Catherine,205.0,18.53,400.2,2024-07-27
4966,90,Mooreborough,South Taylorview,935.8,7.03,362.42,2024-10-23
4967,220,Dylanberg,Port Jacobport,2345.1,16.83,2990.89,2024-07-04
4968,393,Port Jennifershire,Leehaven,2444.5,7.42,1005.3,2023-04-12
4969,9,East Jonathanborough,South Markton,2299.9,9.21,1694.11,2023-03-13
4970,193,New Sarah,Lake Anita,1445.5,17.09,2231.63,2024-05-28
4971,281,East Gary,North Kennethborough,1501.4,6.08,661.57,2023-01-12
4972,412,Christopherborough,Debraborough,1266.8,20.32,1395.54,2024-07-25
4973,223,Wendyland,Mccartyland,51.3,4.29,14.91,2024-06-06
4974,444,Hallborough,Joseland,2442.2,17.0,2282.56,2024-11-25
4975,46,Monicaborough,Lake Cynthia,1647.5,3.31,550.93,2024-06-28
4976,125,West Kevin,Owenside,416.7,2.76,73.75,2024-11-29
4977,207,Lake Emily,South Sandraberg,1892.1,11.32,2490.22,2024-03-19
4978,19,Matthewside,East Sarahport,1183.8,14.6,1413.33,2024-03-18
4979,85,Wilsonside,Berryville,1437.7,13.56,1269.01,2023-09-27
4980,409,South Juliastad,Candiceborough,1094.6,22.44,1625.88,2024-08-10
4981,334,Marcochester,Coryborough,1524.8,19.49,1760.21,2023-03-24
4982,174,Rodriguezbury,Owensport,1004.0,19.35,1597.45,2024-12-16
4983,244,Millerville,Mckenziemouth,1753.9,24.13,3700.33,2024-10-21
4984,327,East Shawn,South Karenbury,1639.4,11.09,1210.96,2023-07-31
4985,461,Millerfort,Timothychester,2343.1,23.58,5411.53,2023-10-25
4986,309,Sylvialand,North Shawn,2293.8,17.63,2596.68,2024-04-15
4987,97,Melissafurt,Taylorchester,274.7,19.48,390.73,2024-02-15
4988,297,Port Brian,New Russellborough,125.6,13.3,168.31,2023-12-13
4989,24,Lake Nicholasmouth,Edwardsside,1610.5,5.36,506.96,2023-02-20
4990,13,Travisview,Port Nicoleberg,438.4,15.07,493.11,2023-10-27
4991,145,Melvinville,Villegasmouth,1947.8,12.67,1887.16,2024-05-10
4992,246,West Peterville,Rodriguezbury,1429.4,11.95,1956.09,2024-09-12
4993,496,Brandonmouth,Port Nicholas,66.9,2.2,8.8,2024-02-25
4994,341,Michaelchester,New Kellyview,1425.1,10.5,1072.03,2023-09-19
4995,230,Sarahton,Philipchester,1918.2,12.91,1754.33,2023-04-11
4996,46,East Williammouth,New Katelyn,1503.1,23.16,3896.73,2024-06-10
4997,219,North Shelia,New Christine,1078.5,5.83,706.34,2023-05-25
4998,17,Huntport,West Amanda,1742.0,1.81,347.0,2023-11-29
4999,113,Christinaville,Maciasmouth,106.5,6.86,52.63,2024-06-14
5000,500,New Michael,Padillashire,1202.1,1.9,232.37,2023-11-14
5001,238,West Jennifer,Jeremychester,717.4,11.24,508.43,2023-04-25
5002,333,Sullivanhaven,Davismouth,1131.4,3.64,388.97,2023-06-02
5003,165,Port Samuelborough,Candicemouth,927.3,14.66,1041.47,2024-09-23
5004,369,New Joseph,Lindsaychester,554.4,17.67,896.84,2023-09-27
5005,271,Wayneberg,Amandabury,69.5,9.83,39.43,2024-05-31
5006,154,New Audreymouth,New Matthew,444.7,10.92,312.96,2024-08-30
5007,149,Davidshire,Lake Marissa,625.2,2.88,129.61,2024-06-23
5008,292,Ritaland,Pennyville,2294.6,15.9,3253.34,2024-04-23
5009,145,North Michael,Jenniferton,1920.5,15.68,2240.67,2023-07-24
5010,170,Fordfurt,West Renee,1064.2,11.43,862.38,2024-03-26
5011,150,Troyton,Andrewstad,1896.6,21.99,4835.7,2024-03-03
5012,38,Fieldsmouth,East Michealmouth,1876.1,8.38,1069.36,2023-05-04
5013,292,Peckbury,South Kristinamouth,1989.7,8.33,969.46,2023-12-01
5014,125,Florestown,South Janestad,2323.6,15.14,3613.22,2024-03-18
5015,297,New Melissatown,Jacksonbury,2092.8,23.67,3373.12,2024-08-18
5016,450,Garciaton,Davidland,1154.7,6.43,829.08,2023-08-06
5017,429,New Ericberg,North Briana,1054.3,1.41,153.32,2024-01-23
5018,25,Christopherborough,North Harrystad,1660.6,14.47,1447.19,2024-10-01
5019,371,Port Jillport,Scottmouth,1503.6,13.01,1153.78,2023-02-04
5020,343,Lake Michaelstad,Davidfort,1218.7,23.44,3404.62,2023-05-18
5021,299,Lake Christine,Christiefort,2053.1,16.42,3767.76,2024-01-27
5022,54,Parkport,Nicholasside,2152.4,7.47,1084.37,2023-09-25
5023,229,Derekfurt,East Jason,2420.0,24.94,6229.67,2023-08-08
5024,246,Nicolechester,Carlton,366.3,17.59,374.09,2023-07-10
5025,437,Annaton,West Christopher,1916.1,12.49,1701.45,2023-06-10
5026,402,South Laurafurt,Dorisview,1320.5,5.63,699.73,2023-02-01
5027,68,East Michaelshire,Port Wanda,1061.4,9.08,1021.81,2024-09-16
5028,22,South Feliciaborough,West Jennifer,2154.9,4.02,581.36,2024-12-21
5029,196,Port Jeanne,Port Jademouth,789.3,14.6,1260.45,2024-05-20
5030,291,Port Theresa,North Lauren,2325.8,4.56,983.84,2023-03-28
5031,448,South Elizabethshire,East Carl,183.8,1.66,34.42,2024-06-04
5032,376,Murrayhaven,Lake Christophertown,921.6,4.27,228.38,2024-12-22
5033,183,East Sarabury,South Wendy,2166.2,9.0,1511.78,2024-02-27
5034,299,Browningberg,Shannonmouth,1345.5,15.28,1301.85,2024-06-12
5035,2,Rodneyview,North Catherineborough,876.6,17.26,1255.72,2023-07-06
5036,473,Reneemouth,New Peter,1410.7,11.33,1701.12,2023-09-28
5037,362,Martintown,East Wayne,1455.5,6.24,497.85,2024-04-04
5038,168,North Jeremiah,Schultzland,933.2,8.16,519.0,2023-07-23
5039,479,Alejandroton,Lake Jamesstad,1021.5,6.31,354.99,2023-07-22
5040,152,Taylorfurt,New Matthew,1378.0,9.9,1527.26,2024-08-18
5041,478,North Patrickfort,East Jason,2231.1,5.57,975.76,2024-03-23
5042,100,South Patrick,Loriport,1693.3,4.26,793.9,2024-02-08
5043,107,Port Gregoryport,Myersshire,809.6,8.03,445.71,2024-02-24
5044,231,East Sydney,Amymouth,1657.3,1.45,159.18,2024-07-01
5045,346,North Charles,Lake Hollystad,1799.8,10.98,2013.76,2024-07-28
5046,426,Kevinport,Travisberg,2012.4,10.51,2273.85,2024-06-11
5047,487,Nelsonstad,Port Jessicaside,118.6,14.25,191.17,2023-01-04
5048,292,Smithborough,East Curtis,1645.3,18.06,3351.84,2024-10-26
5049,26,Bryantton,West Kimberly,2157.9,10.15,1988.32,2024-05-21
5050,340,New Charles,East Adam,424.8,20.31,485.54,2024-08-04
5051,239,Lake Brettfort,New Kathleen,2432.1,11.52,1961.9,2023-08-02
5052,431,Port Nicole,Jacksonmouth,695.6,24.85,1229.82,2023-02-12
5053,406,Murphystad,East Ryanmouth,830.4,4.72,343.19,2024-09-27
5054,418,South Kathrynchester,East Jacqueline,2095.1,23.73,3054.39,2023-02-13
5055,174,East Michael,Hugheschester,1419.8,23.66,2672.24,2024-09-10
5056,386,North Rebecca,Mitchellburgh,493.9,19.04,950.62,2024-10-11
5057,267,East Kevin,Annastad,2309.6,4.83,714.76,2023-03-18
5058,70,Raymondland,New Savannah,2485.3,15.97,2634.01,2023-11-06
5059,56,New Paulashire,Nancyland,89.8,8.92,72.21,2023-09-11
5060,113,Vernonborough,Pattersonborough,578.0,22.07,842.95,2024-08-06
5061,376,Hodgesburgh,Susanport,533.3,10.8,465.77,2024-08-09
5062,234,Amyport,Kimshire,1746.0,17.09,2385.47,2024-08-20
5063,219,Ericafort,West Davidchester,944.7,20.58,1567.56,2023-10-06
5064,385,Shelleyton,Marshallshire,397.9,12.48,460.32,2024-10-31
5065,89,Michelleland,West Brendatown,2043.9,6.98,1460.7,2023-11-18
5066,483,Port Whitney,Robertmouth,731.1,9.88,389.5,2023-09-01
5067,285,Moniquechester,Nicholasfort,2263.6,22.85,5246.3,2023-01-03
5068,15,Brandonside,Port Kimberlyfurt,1935.5,20.59,2468.59,2024-04-24
5069,68,Lake Stephaniefurt,New Janet,581.1,18.2,1232.67,2023-11-13
5070,485,New Nathan,Curtisberg,164.3,13.96,188.29,2024-09-28
5071,470,Riveraburgh,Lake Christinaburgh,2431.9,14.96,3707.17,2024-08-15
5072,491,North Jack,New Alexander,1937.9,3.18,617.72,2023-09-17
5073,452,Josephfurt,South Nicholas,450.3,20.13,638.93,2024-03-27
5074,212,Port Kellymouth,Brittanyfort,964.6,11.54,1241.24,2023-09-09
5075,237,West Ellenberg,Joshuaside,2294.9,7.21,1850.15,2024-05-04
5076,244,Lake Traci,Jeffreybury,1837.6,24.0,4772.71,2024-04-09
5077,134,Ashleyland,Garzabury,1623.4,17.58,2068.48,2023-09-15
5078,480,Douglasside,Pearsonmouth,1064.1,15.94,1836.42,2023-09-28
5079,185,North Ashley,North Amyfort,2162.6,23.22,2686.7,2023-03-03
5080,226,Karenmouth,Port Bryan,1617.6,6.46,1160.62,2024-06-02
5081,174,Patriciachester,East Rodney,427.5,17.26,693.77,2023-03-03
5082,163,Port Briantown,Emilymouth,1289.2,23.35,1884.18,2023-01-20
5083,353,Reidville,Yoderview,1517.1,20.26,2795.34,2024-04-15
5084,365,Port Janetfort,Kimberlyborough,890.9,10.46,814.13,2023-02-17
5085,485,Michaelview,North Allen,674.1,13.17,903.46,2023-07-23
5086,294,North Erica,Lisahaven,656.1,6.98,289.13,2023-08-21
5087,67,Floresshire,Port Stevenmouth,1935.1,2.83,345.24,2023-05-26
5088,235,Markstad,Davidville,257.1,24.5,367.52,2023-05-16
5089,353,New Jamiestad,Malonetown,2416.7,2.01,479.84,2024-04-15
5090,26,Claytonshire,Sandovaltown,1404.4,20.38,2919.19,2024-10-11
5091,233,Davischester,Danielstad,1690.5,22.38,4272.02,2024-10-28
5092,356,East Lisaview,South Melanie,2144.9,21.71,3908.32,2024-09-26
5093,78,Briannastad,South Steven,138.3,16.1,146.48,2023-09-01
5094,129,Aguilarberg,South Carol,913.7,15.11,1288.93,2023-02-17
5095,454,Port Nicholasshire,Carlychester,1751.4,5.28,668.44,2024-05-24
5096,90,Port Alexandraburgh,Colemantown,2248.6,3.63,466.41,2024-11-19
5097,131,Lake Jeremiah,Lake Derrickview,398.2,12.81,393.52,2023-01-09
5098,11,Silvamouth,Harrisview,661.9,14.38,597.03,2023-10-11
5099,193,Nicoleside,Sarachester,933.8,7.94,445.63,2024-04-11
5100,134,South Michael,Brittanyland,481.6,17.3,816.15,2023-06-05
5101,99,Zamorahaven,Harrellville,1498.2,16.51,2708.51,2023-07-08
5102,277,Lake Kristaland,Lake Jerryfort,2276.5,18.76,2139.86,2024-03-11
5103,155,Natalieburgh,East Clayton,2050.3,5.86,844.55,2024-04-18
5104,258,West Christopher,Smithmouth,1134.9,22.72,1322.68,2023-07-02
5105,473,East Tracyfort,Allenhaven,2109.5,12.98,2517.59,2024-11-13
5106,86,Port Williamland,Lake Stacey,860.0,7.5,331.9,2024-01-12
5107,393,Port Williamberg,North Kevin,75.3,9.98,73.51,2023-05-15
5108,448,Donnabury,Danielfort,1293.3,9.38,1126.32,2024-02-08
5109,132,South Nicoleshire,Thomaston,817.4,19.91,1324.31,2024-02-04
5110,325,Teresamouth,North Jacquelineburgh,1578.6,22.69,2786.97,2024-09-14
5111,380,Frankview,South Bradleyville,1661.9,4.84,896.34,2024-02-02
5112,472,Port Courtney,East Troyview,825.5,6.6,342.97,2024-02-23
5113,467,Austinton,Joannefort,1270.1,8.65,680.44,2023-06-12
5114,454,West Jasmine,South Jeffreybury,928.8,4.69,345.37,2024-03-21
5115,310,Abigailbury,Masonburgh,1028.5,14.03,864.68,2024-12-16
5116,475,Lake Natalieberg,Jensenside,377.9,16.7,568.55,2023-02-06
5117,166,Richardland,South Stephanietown,436.3,15.22,386.42,2023-10-13
5118,112,South Frankhaven,North Madeline,2313.9,23.92,5745.3,2024-05-07
5119,341,South Maryfurt,Mitchellmouth,153.0,15.19,167.58,2023-07-28
5120,238,South Edwin,North Katherine,1767.8,10.65,1515.81,2024-06-02
5121,89,Bradleyville,East Josephfurt,1687.5,20.5,3293.42,2023-07-10
5122,489,Anthonyberg,Port Marciaport,2075.3,18.35,3674.34,2024-02-25
5123,340,Michaelshire,Jillmouth,490.7,11.36,308.37,2024-01-31
5124,283,Kennethberg,West Tracyport,685.1,13.34,870.43,2023-04-20
5125,115,South Marychester,New Jonathan,882.1,5.67,503.5,2023-04-08
5126,140,Lisamouth,Port Justinview,1654.0,19.25,1682.12,2023-01-02
5127,439,Bensonstad,Collinsland,1456.0,21.44,2051.29,2023-08-26
5128,436,Jocelynburgh,Dennishaven,434.7,20.65,501.43,2024-09-11
5129,40,Evansmouth,New Cheryltown,422.0,23.79,623.47,2024-08-10
5130,453,North Thomas,Ericbury,961.7,8.11,751.8,2023-07-14
5131,223,East Kimberlyfort,Jorgebury,326.0,9.94,196.88,2024-12-30
5132,153,South Todd,Lake Kimberly,1381.4,13.86,2286.06,2024-04-22
5133,272,West Johnberg,West Darrell,2239.4,3.5,711.68,2023-12-09
5134,159,Lake Jameshaven,West Katherine,850.5,14.35,660.2,2023-09-04
5135,345,Thomasburgh,Port Melissa,2472.6,19.0,5102.06,2023-05-25
5136,476,North Sean,New Timothyborough,52.4,20.07,65.66,2024-12-10
5137,269,Williamston,Youngbury,1281.1,23.38,2424.84,2024-10-01
5138,398,Hurleyborough,West Erik,1227.1,20.97,2224.68,2024-04-07
5139,485,Sabrinaborough,Diazside,1855.0,10.31,1494.07,2023-01-01
5140,61,South Sherry,North Allison,2182.0,18.97,4315.38,2024-11-24
5141,338,Natashaton,Kathyshire,1509.7,18.38,1810.29,2023-08-07
5142,224,New Davidville,Howardville,491.7,15.65,769.82,2024-07-02
5143,9,West Dennis,South Jonathanborough,2031.2,5.3,683.94,2024-01-21
5144,314,Matthewport,East Justin,798.8,2.54,141.83,2024-05-26
5145,145,Josephmouth,Lake Alexander,669.7,6.21,491.08,2024-06-09
5146,291,East Kelly,Kimberlyton,1845.2,23.5,4951.64,2023-02-09
5147,242,New Deannamouth,North Nicholas,1942.6,17.8,1999.81,2024-11-03
5148,209,West Deborah,Lake Zacharyfort,2163.6,11.72,2732.94,2023-06-22
5149,295,West Jonathan,Port Ashley,1490.9,15.26,2113.75,2024-08-17
5150,358,Wilsonberg,East Michaelside,1742.1,3.32,354.32,2023-01-23
5151,113,Michaelland,East Kevinville,537.9,18.65,515.57,2024-04-01
5152,353,South Kathy,Kellystad,2194.2,11.13,1256.86,2024-03-17
5153,179,South Patrickshire,West Douglasside,1875.6,17.95,1830.38,2023-05-18
5154,100,North Sarahshire,Snydershire,2343.8,18.95,3897.28,2023-06-13
5155,165,South Richardton,New Brandonstad,1382.7,5.53,433.89,2023-10-05
5156,126,Teresaberg,Kimton,1597.9,8.84,883.72,2023-08-03
5157,1,East Connor,West Megan,2221.4,22.58,4438.5,2023-04-01
5158,214,North Tonyatown,South Michelle,2341.5,14.28,2050.63,2023-10-13
5159,290,Thomasport,New Kimberly,2114.0,15.78,3209.09,2024-08-05
5160,274,New Joseph,Mataland,1929.9,2.5,393.59,2024-01-04
5161,224,Lauriestad,Port Paulton,1758.9,4.94,712.64,2024-08-01
5162,285,North Grant,New Erikchester,2337.2,21.59,3149.31,2024-12-20
5163,313,Stantonmouth,North Donaldhaven,2482.7,5.96,1643.13,2023-05-31
5164,105,Lake Monicaland,East Oscarbury,2237.7,17.16,4292.75,2024-12-26
5165,43,West Benjaminmouth,Angelaburgh,575.5,12.61,820.11,2023-12-09
5166,494,Ernestberg,West Juan,1288.9,16.24,2340.78,2024-06-09
5167,207,Rogersview,Bennettland,1378.7,20.47,3045.17,2024-11-22
5168,283,West Mitchellton,South Matthew,483.7,11.92,388.31,2023-12-02
5169,39,Ericborough,Mooreview,796.5,19.65,783.46,2023-10-03
5170,103,Hayesfurt,East Robert,515.2,16.93,919.13,2023-12-06
5171,345,Pricefort,Dawnshire,2255.2,18.21,2491.33,2024-06-26
5172,179,Lindamouth,Port Douglas,1374.4,13.19,2138.37,2023-01-10
5173,439,Lake Bradley,Greenberg,2249.4,12.07,2497.99,2024-07-16
5174,392,Cassandraside,South Josephfort,205.1,12.44,254.07,2023-10-12
5175,459,Williamsborough,Melissahaven,1853.9,17.81,2589.41,2023-03-06
5176,217,Gainesbury,North Ronnieville,1231.6,10.26,1207.33,2024-04-28
5177,86,Singletonbury,Jacobland,1901.0,18.36,3762.0,2023-09-28
5178,52,Joshuaburgh,Adamstad,65.4,22.57,129.42,2023-03-16
5179,39,Jasonmouth,Lake Aliciaside,2147.9,20.52,2966.92,2023-01-18
5180,210,West Alison,Patriciahaven,1571.9,12.21,1556.96,2023-01-21
5181,181,South Jose,Cynthiamouth,336.1,23.04,763.81,2024-05-15
5182,330,Andrewsfort,Deanport,2426.3,11.06,2944.48,2023-10-17
5183,255,Lake Beverly,Lake Kaylaport,655.0,17.63,860.25,2024-12-17
5184,421,Morenofort,Richardview,486.6,17.21,999.46,2023-06-15
5185,357,Mercadohaven,Bryanmouth,1843.1,17.84,2511.47,2024-03-30
5186,88,Solomonfort,Port Logan,2385.7,10.58,1941.34,2024-02-10
5187,71,West Alyssaside,Richmondhaven,1548.5,9.49,1587.97,2023-02-14
5188,304,Nathanville,Lake Rebecca,843.0,5.9,463.41,2024-06-08
5189,115,Robertland,South Matthew,1435.5,23.86,2535.95,2023-05-04
5190,5,Yodertown,Lake Dylanstad,1525.7,17.11,2453.3,2023-06-18
5191,297,Leeland,Bellton,1921.8,18.72,4031.54,2024-11-05
5192,244,Port Herbert,South Charles,2161.1,1.54,228.87,2023-10-12
5193,156,North Keithchester,Kristyville,399.7,15.82,503.42,2024-06-15
5194,249,Mooreshire,Chadton,204.2,11.51,219.31,2024-04-27
5195,235,Snyderhaven,South Ashleybury,102.9,1.09,11.75,2023-06-14
5196,181,Billland,Jonesborough,802.1,17.31,941.97,2023-04-30
5197,142,Port Johnfort,New Stevehaven,1729.7,21.41,2588.44,2024-11-18
5198,411,Bassshire,New Stevenbury,234.4,13.22,329.06,2023-07-25
5199,125,Lake Daniel,Phamberg,1285.0,8.25,835.03,2024-01-05
5200,176,Chelseafort,Robertton,758.0,12.0,1055.69,2023-12-14
5201,274,North Taramouth,Cartertown,555.3,18.59,903.79,2023-03-07
5202,274,Brownhaven,East Mitchell,311.7,10.14,329.81,2024-04-06
5203,310,Jamesland,South Claytonhaven,118.5,7.96,47.82,2024-06-08
5204,449,Kristinmouth,North Victortown,458.3,16.36,798.02,2024-12-08
5205,455,East Karenberg,East Jacquelineside,74.3,24.16,104.62,2023-03-19
5206,235,Port Tiffany,West Codyton,2467.1,4.94,728.42,2024-10-05
5207,462,Port Robinside,Lake Nicholasborough,145.8,10.61,137.22,2023-04-05
5208,274,Jessicaville,Port Patrickmouth,200.0,21.16,264.67,2024-09-05
5209,114,Cameronton,West Christinaland,2092.2,9.61,1152.2,2023-12-05
5210,98,Perezburgh,Lake Edward,51.3,22.05,101.94,2023-03-05
5211,157,Scottberg,Williamfurt,2193.6,20.31,3256.38,2023-03-29
5212,305,Griffinville,Port Toddberg,1683.6,13.98,1567.25,2023-04-05
5213,55,Jonport,Stewartton,1855.4,7.29,1485.45,2024-09-23
5214,8,Sandraburgh,Port Aprilberg,1405.7,10.98,1706.83,2023-05-02
5215,469,Marthaview,West Heatherstad,416.0,24.04,1051.88,2024-12-12
5216,177,Aaronburgh,Donaldview,81.2,1.02,4.41,2024-04-24
5217,304,South Jason,Harryville,1814.5,19.23,2729.69,2024-05-20
5218,105,Sotoport,Jimenezville,2227.1,19.69,3285.03,2024-05-27
5219,150,East Aaron,South Christopherborough,92.4,24.24,168.03,2024-10-17
5220,423,North Joe,Colemouth,287.9,7.27,187.48,2024-04-23
5221,151,Aprilburgh,New Julie,1123.8,13.99,1715.69,2023-08-06
5222,246,South Rhondaton,Port Rachelchester,1108.4,14.67,1385.14,2024-03-06
5223,272,Lake Bethfurt,Myersmouth,2289.3,22.89,5017.71,2023-06-28
5224,18,Thompsonfurt,Lake Ericchester,1206.7,10.95,1255.16,2024-08-11
5225,191,Meganland,West Laurafort,126.5,16.14,131.25,2024-05-20
5226,471,Evansmouth,Vanessamouth,2227.0,3.95,582.03,2023-04-06
5227,308,Jessicachester,Taylorville,774.3,23.79,1246.05,2024-05-10
5228,341,Rodriguezborough,Garyhaven,1508.5,2.04,258.12,2023-07-10
5229,206,Lake Megan,Carrilloberg,890.2,11.13,1121.25,2024-08-02
5230,20,Port Taylor,Simmonsmouth,2055.3,9.98,1457.61,2024-12-29
5231,166,Davidport,Tinaport,975.7,19.9,1142.14,2023-07-19
5232,245,Deborahborough,Lake Anthonyville,2279.9,15.67,2877.13,2023-09-24
5233,95,Jesuschester,Katherineshire,385.5,23.38,935.26,2024-10-22
5234,170,Rachelborough,East Derek,2350.4,5.34,1162.6,2023-08-17
5235,151,Kristinemouth,East Michael,628.0,23.36,1398.44,2023-07-13
5236,246,East Kim,Cabrerafort,1127.0,1.71,163.66,2023-11-21
5237,403,Kevinberg,Port Tiffanyside,2256.9,8.29,1313.42,2024-06-05
5238,168,East Jessemouth,Jonesland,847.9,15.33,1196.56,2023-01-01
5239,274,Emilyfort,North Robinland,468.3,21.35,1072.25,2024-11-30
5240,497,West Kaitlynhaven,Lake Oscarberg,601.8,1.15,74.83,2023-03-31
5241,53,West Johnview,New Charles,386.1,8.99,258.03,2023-06-14
5242,29,Hutchinsonfurt,Benjaminland,457.2,20.89,1078.9,2023-10-06
5243,95,New Shane,Andrewmouth,58.1,6.98,23.9,2023-10-20
5244,368,North Monica,Calebside,2368.9,23.33,3026.35,2024-09-29
5245,74,North Anthonyshire,Kennethtown,1958.9,6.68,1367.64,2024-10-06
5246,396,South Tony,Port Alexis,1601.6,12.12,1183.97,2023-01-28
5247,317,Randyport,South Dawn,713.2,16.42,1185.19,2023-10-19
5248,284,New Alan,South Michelle,898.9,8.7,760.6,2024-05-03
5249,88,Port Phillip,Butlerbury,845.6,5.34,437.11,2024-12-26
5250,161,North Kyleland,South Matthewhaven,1719.1,9.31,1598.82,2024-06-23
5251,251,Riddleview,West Melissaburgh,298.4,3.78,96.06,2024-11-02
5252,173,Dennisbury,Port Nicholasview,952.2,3.02,157.18,2023-12-02
5253,186,Onealport,New Jessica,2294.8,13.7,2973.2,2024-07-21
5254,158,South Tylerberg,Rebekahton,805.9,3.23,211.83,2024-10-09
5255,110,Dianeview,New Krystal,709.7,6.53,350.49,2023-10-04
5256,271,Wileyberg,Owenburgh,923.7,4.39,327.18,2023-08-16
5257,427,Matthewmouth,East Sara,1842.9,21.48,2798.92,2024-05-21
5258,154,Michaelport,Lake Deniseview,1984.2,12.07,1794.96,2023-08-12
5259,134,North Albertport,Wilsonfort,1770.7,24.52,3567.29,2023-04-28
5260,171,Laurenstad,New Joanne,759.0,22.63,1103.09,2023-12-13
5261,100,Lake Michaelside,Cruzberg,616.9,13.25,426.02,2024-05-19
5262,404,Wheelerborough,New Matthew,355.8,6.23,123.73,2024-07-31
5263,267,North Julieberg,Joannaborough,218.2,5.82,136.88,2023-07-07
5264,20,Michelleburgh,Richardborough,2300.2,24.53,4508.2,2024-04-07
5265,416,Barnettborough,East Lisaburgh,1306.8,13.14,1927.89,2023-12-19
5266,246,Alyssafort,North Jeffreyville,2288.3,2.64,637.99,2023-08-30
5267,285,North Seanville,Youngborough,1381.1,5.71,551.76,2024-07-27
5268,93,South Douglas,Marisaburgh,1115.2,8.58,520.35,2023-10-11
5269,426,Christopherchester,Larryside,349.5,17.6,483.49,2023-04-07
5270,248,Jonesland,West Stephanie,1669.2,23.24,3919.01,2024-01-20
5271,263,West Paula,North Robinview,2039.8,19.82,2162.95,2024-11-17
5272,245,West Ryan,Lewischester,1433.1,3.58,409.11,2024-02-23
5273,45,Jamesborough,South Christopherberg,510.6,7.7,301.58,2024-09-02
5274,84,New Robert,Grantberg,1851.3,11.62,1646.17,2023-01-01
5275,159,Olsonville,Jeffreymouth,1501.6,10.54,1824.05,2024-06-01
5276,310,North Heather,Callahanstad,600.0,20.53,733.64,2024-09-05
5277,221,Bennettshire,Lake Sarahberg,1460.2,22.33,3066.21,2023-01-29
5278,301,Tammyfurt,Annetteview,691.9,22.74,844.69,2024-07-23
5279,58,South Justinshire,East Cory,1459.0,19.97,2863.06,2023-08-15
5280,117,North Luisside,Larrytown,168.1,15.29,189.74,2024-12-04
5281,477,Goodmanberg,New Blaketown,1464.7,13.75,1336.8,2023-05-13
5282,44,Port Tiffany,East Jerry,1725.2,9.17,896.43,2024-07-09
5283,464,New Markburgh,New Donna,1373.7,10.83,1287.54,2023-10-14
5284,377,Raymondborough,Port Scottbury,754.4,16.61,968.49,2023-11-29
5285,385,Millerport,Erinview,2347.8,19.64,3265.93,2024-09-12
5286,235,North Adam,Kimberlymouth,2350.9,21.14,4624.65,2023-08-28
5287,449,Harrisonport,Lake Pamelachester,1478.0,11.51,1518.69,2024-07-27
5288,326,Mindyhaven,North Richard,958.8,19.6,1584.57,2024-09-30
5289,485,West Jeffrey,Lake Ryan,1789.4,9.36,1446.98,2023-06-05
5290,92,Stephenstad,Wattsfurt,1319.9,3.67,443.05,2023-01-31
5291,375,South Yvonneburgh,Andrewfurt,401.5,11.59,422.84,2023-11-10
5292,324,Williamsfurt,Andrewstad,1370.1,16.85,2225.05,2023-11-29
5293,277,South Christopher,South Williamchester,2104.5,20.68,3087.68,2024-07-06
5294,461,Micheleborough,South Kathryn,509.5,15.6,875.82,2023-10-17
5295,298,Nelsonville,Calebview,250.8,1.35,24.71,2023-07-17
5296,169,Jameschester,Zacharyborough,1346.3,22.98,2115.8,2023-01-11
5297,106,Williamstown,New Donnaberg,2036.7,19.96,4294.39,2023-09-05
5298,201,Garciaborough,New Jasonshire,1092.4,19.25,1286.77,2023-01-07
5299,112,South Christopher,New Brittanybury,2456.0,3.52,542.53,2024-05-05
5300,386,New Amandaberg,South Martinville,1613.6,6.04,830.32,2024-03-10
5301,296,South Jillianmouth,Garnerville,1114.3,13.87,1611.61,2024-10-20
5302,276,New Ryanmouth,Karaberg,652.1,24.67,1358.06,2024-02-02
5303,6,West Carla,West Davidhaven,245.5,23.69,427.81,2023-11-16
5304,337,East William,Brennanmouth,2224.4,1.54,361.89,2024-04-22
5305,323,South Stacyborough,East Christophermouth,2296.5,24.19,5577.98,2024-09-08
5306,296,Ashleyville,West Devin,2122.5,21.0,3617.98,2024-11-30
5307,218,Rhodeschester,Port Laurie,165.1,8.57,126.24,2024-09-08
5308,405,South Rodney,Bryanhaven,2315.3,15.04,2279.83,2023-09-24
5309,382,West Samuel,Garrettmouth,965.5,16.07,1489.33,2024-11-13
5310,238,Lewisville,Jacksonville,1286.3,19.02,2515.49,2023-03-27
5311,164,Johnathanborough,Jacksonland,2404.9,1.29,336.69,2024-08-18
5312,382,West David,Andrewborough,528.1,17.16,465.78,2024-11-05
5313,41,Smithfort,Victoriachester,347.8,14.82,541.77,2023-08-09
5314,437,Nguyenport,Ronniemouth,75.6,24.0,158.37,2024-10-18
5315,444,Amberville,Robinsonside,1455.1,12.38,1070.19,2023-08-25
5316,22,North Katherine,Rebeccahaven,822.1,3.91,323.52,2024-05-27
5317,274,Mullenview,Port Michaelborough,1456.2,17.56,1865.81,2024-02-26
5318,22,West Carlport,Brooksside,2004.1,21.53,4323.57,2024-08-20
5319,109,Morrischester,Norrisbury,744.3,2.46,108.93,2024-07-01
5320,176,Mccormickport,Wilkersonland,1800.9,5.96,589.02,2024-02-28
5321,106,Christophermouth,Lake Laurie,2335.0,20.08,4086.89,2023-06-27
5322,41,West Michelle,North Rodneymouth,978.8,10.65,1188.89,2024-10-11
5323,206,New Jessica,Fisherfurt,581.7,9.37,547.47,2024-10-04
5324,317,Duranton,Meyerston,1442.5,6.02,581.29,2023-10-12
5325,165,New Jesse,Alexanderfort,197.9,1.17,16.99,2024-11-04
5326,221,Larryville,Port Jillside,2439.8,24.44,6494.09,2023-12-19
5327,341,New Taylor,Lake Kelseyville,271.4,16.19,309.48,2023-07-15
5328,421,Lake Brian,East Emilyview,653.5,16.62,1197.49,2024-02-08
5329,183,West Jillian,South Jill,970.2,15.03,1308.99,2023-01-28
5330,149,Gonzalezberg,East Christophertown,899.5,22.05,1132.29,2023-03-30
5331,338,Fosterchester,Colinhaven,652.9,23.96,1453.92,2023-12-06
5332,249,Thomashaven,Moranmouth,378.4,13.19,333.4,2024-12-24
5333,305,Michaelhaven,Harveystad,495.2,1.68,50.82,2024-02-13
5334,3,Millerport,South Samanthaport,1083.5,19.38,1605.83,2023-12-28
5335,43,Lake Mikaylaton,Chapmanburgh,890.6,6.98,387.88,2023-11-20
5336,361,Lake Jennifer,Coleside,975.4,7.12,380.63,2024-09-13
5337,320,East Kathleen,Longchester,1723.2,2.84,550.71,2024-10-30
5338,325,Dustintown,East Sheri,2498.0,12.08,3512.93,2024-02-25
5339,326,Brucebury,West Ruthview,2234.5,9.03,2240.79,2024-12-30
5340,500,West Kariton,Cuevasstad,2301.7,10.83,1709.82,2023-03-14
5341,287,Port Jeffreymouth,Port Anna,964.6,3.99,243.33,2024-10-17
5342,5,Thomaston,Lake Veronica,1389.8,4.25,700.58,2024-04-11
5343,69,Royland,New Josephshire,696.9,12.68,570.83,2024-08-07
5344,325,Brownmouth,New Summer,2337.4,13.22,1766.62,2023-05-08
5345,387,Rossberg,Jenkinsfurt,684.9,7.49,298.17,2024-02-26
5346,475,Lake Shelbyborough,Kevinmouth,1468.6,15.21,2358.77,2023-04-29
5347,215,West Jenniferville,Joycehaven,102.9,10.88,118.46,2023-11-10
5348,470,Lake Natasha,Johnland,1263.5,7.24,941.6,2024-05-01
5349,471,North Aprilmouth,West Brandontown,1665.2,15.56,3046.13,2023-05-19
5350,391,West Dalton,Johnsonfurt,58.8,5.17,25.96,2024-11-04
5351,392,Isaacbury,Sharpborough,2152.6,23.52,4335.9,2024-07-10
5352,58,West Lisa,West Bryan,710.6,8.68,723.29,2023-03-02
5353,169,Martinezhaven,Pittsfurt,2146.4,6.69,1553.69,2024-11-17
5354,252,Port Timothyfort,Jessicaburgh,1367.2,22.43,1824.8,2023-05-07
5355,329,Port Daleberg,Staffordside,352.1,7.38,165.68,2023-03-18
5356,62,North Jeanette,South Katietown,2421.2,20.35,5774.11,2024-08-18
5357,421,Suttonchester,North Jeffrey,1982.6,19.18,4134.98,2024-07-22
5358,104,Lake Michelleview,Velasquezchester,713.9,18.3,1411.34,2023-08-01
5359,268,Christopherfurt,Jacksonland,797.4,6.0,407.97,2024-06-27
5360,241,Toddchester,Saraside,2257.8,13.17,1914.6,2023-08-03
5361,114,Maxwellchester,Port Kayla,1135.8,18.94,2523.92,2024-12-01
5362,244,South William,Fordmouth,1844.1,6.15,792.5,2024-10-20
5363,368,North Barbara,Port Heather,1151.3,20.91,1362.58,2023-04-06
5364,483,South Noahfort,Lake Michellefort,70.7,1.3,10.47,2024-11-08
5365,448,North Davidmouth,Hamptonview,2381.2,5.63,1445.36,2024-05-09
5366,203,Isaachaven,Stacytown,1076.9,1.56,148.08,2023-08-26
5367,21,East Catherinefort,South Vanessaport,376.4,7.35,170.64,2024-06-27
5368,442,Marthaport,Lake Kathrynside,2313.4,2.63,665.11,2023-11-26
5369,371,Carolynhaven,Terryborough,2181.2,22.47,4547.53,2023-11-19
5370,138,North Jason,East Nicholas,1648.3,11.81,1155.85,2024-06-26
5371,354,Masontown,South Michael,1907.0,2.59,266.52,2024-10-29
5372,52,Schmidtport,Timothyfurt,1262.1,15.2,1904.79,2024-07-27
5373,400,Jasonshire,West Julie,1434.3,4.83,526.41,2024-11-19
5374,319,Jamiehaven,East Davidburgh,638.5,14.22,501.82,2023-11-22
5375,325,Woodview,East Frankfurt,1232.7,15.79,1107.82,2023-09-26
5376,488,Lake Lauren,New Juanmouth,2312.8,4.46,715.8,2023-08-26
5377,244,Hallport,Lake Susan,1190.8,15.1,1824.66,2023-10-15
5378,478,East Lindsey,Travischester,420.0,10.35,295.18,2023-11-24
5379,41,New Edwin,South Suzanneton,1457.1,5.91,537.54,2023-01-02
5380,95,West Leslie,Nelsonmouth,2480.0,21.21,5551.57,2023-02-08
5381,331,New Carrie,Salazarbury,759.6,7.36,627.86,2024-05-23
5382,274,Port Laura,East William,1699.9,5.14,497.84,2024-05-26
5383,196,New Sean,Spencerborough,2079.7,2.24,295.67,2024-07-16
5384,26,Boydhaven,West William,1338.3,3.38,346.97,2024-03-04
5385,356,New Monica,Rasmussenville,1213.5,4.58,433.26,2023-12-14
5386,399,Baileyberg,West Benjamin,1649.4,2.35,446.13,2024-12-08
5387,122,South Amy,Hallstad,136.1,15.27,217.3,2024-09-19
5388,36,New Cassandratown,Mcmahonview,1007.8,20.26,2052.03,2023-04-14
5389,299,Johnsonborough,West Gregory,1449.5,5.72,970.81,2024-12-18
5390,161,Brianfurt,Mooreberg,126.4,9.14,96.24,2024-12-06
5391,171,Lopezland,South Richardmouth,123.6,3.3,27.34,2023-11-14
5392,409,Drakeside,Nixonbury,2390.5,14.51,1764.23,2024-07-29
5393,386,Jonesland,West Denisemouth,1180.4,15.77,1047.34,2024-06-28
5394,48,Masonshire,East Antonio,1957.8,16.7,2027.65,2023-07-25
5395,22,Ramirezchester,West Donald,317.4,13.97,339.86,2023-06-17
5396,200,Lake Joeberg,Traceyfort,1870.9,12.34,1276.47,2023-04-02
5397,422,South Michael,Kimberlyville,1264.3,5.46,357.21,2024-01-22
5398,144,Websterland,East Betty,672.0,21.88,1465.87,2024-04-21
5399,57,Allenstad,Whitemouth,1871.5,20.02,4492.93,2023-01-17
5400,36,New Andrea,Cannonfurt,1445.2,14.13,2440.2,2023-11-09
5401,126,Austinmouth,New Sarah,1211.2,1.15,94.69,2024-05-28
5402,116,Meganhaven,Aliciatown,1047.3,24.6,1549.14,2024-07-03
5403,463,Hamiltonshire,Port Heidi,1911.0,8.04,1614.13,2023-01-21
5404,204,Hannahmouth,Port Josephtown,372.8,9.65,203.26,2023-07-27
5405,301,Adkinsstad,Brooksbury,87.7,9.22,52.58,2023-08-30
5406,468,Stephaniemouth,South Mary,711.2,2.97,246.72,2024-10-11
5407,157,Garciaton,Portershire,2344.5,18.53,3946.15,2024-04-25
5408,453,Bryantberg,East Heidi,1867.7,11.71,2383.47,2024-04-15
5409,94,Crossland,Sarahbury,491.7,15.81,502.01,2023-08-27
5410,116,East Tylerberg,Roweton,1080.6,16.01,1247.47,2023-01-27
5411,239,Kirbyfort,Bensonbury,2311.2,12.29,1577.12,2024-10-26
5412,497,West Danielstad,Port Angela,1526.6,8.2,1114.16,2024-10-27
5413,424,North Sarahhaven,East Kathleenton,2428.2,4.21,1189.53,2024-05-19
5414,196,Monicaton,South Cherylland,1745.5,15.02,1954.58,2024-01-22
5415,57,Alyssastad,Port Brenda,140.8,3.54,44.98,2023-09-28
5416,431,Port Douglas,Jonathanstad,833.2,23.32,1762.34,2024-05-28
5417,208,Ianburgh,North Kevin,272.8,20.33,487.13,2023-12-05
5418,411,Joshualand,New Laurie,2483.8,17.87,4495.16,2024-02-21
5419,220,Dianamouth,Elliottborough,1362.9,10.93,1244.27,2024-03-20
5420,216,East Andreamouth,Silvashire,1988.4,22.8,3896.98,2023-06-12
5421,465,South Alexanderchester,Jeanettetown,360.9,12.13,525.06,2024-12-09
5422,133,Shortborough,Bergerland,73.7,13.61,72.06,2024-10-14
5423,337,New Melissa,Blakehaven,107.9,18.98,165.23,2024-09-19
5424,293,North Shawnborough,Lake Nicholasbury,1415.9,3.13,396.73,2024-05-18
5425,67,North Joshua,New Scott,129.7,8.0,113.35,2024-10-08
5426,293,Taylorshire,North Kimberly,260.1,8.22,114.44,2024-09-17
5427,394,Brianberg,New Michaelmouth,1855.6,19.34,4138.89,2023-05-26
5428,493,New Shariville,East Deniseton,2239.6,24.39,4234.04,2023-10-25
5429,167,Juliehaven,Nguyenside,1839.4,4.07,477.75,2023-07-24
5430,224,Josephtown,New Sherry,2450.1,7.69,1296.87,2023-02-22
5431,81,Gomezport,Jonesburgh,712.5,23.67,889.37,2024-10-06
5432,164,Mayton,Jonmouth,337.3,14.78,433.45,2024-12-03
5433,5,Johnsonfurt,Hernandeztown,722.1,5.5,397.19,2023-08-26
5434,373,Port Nathantown,Josephfurt,462.0,24.95,737.16,2024-10-28
5435,8,West Alexville,Port Pamela,1254.6,23.53,1782.67,2024-11-07
5436,390,West Brian,Fullerfurt,930.2,8.89,922.09,2024-08-28
5437,266,Port Triciastad,West Christinahaven,583.6,2.46,73.61,2023-12-03
5438,207,Dawnmouth,Riveraside,973.4,20.04,1990.96,2024-10-24
5439,2,Port Linda,New Cole,1160.9,15.25,1643.84,2024-11-23
5440,47,Tonybury,Hernandezshire,1314.6,14.72,2021.59,2024-04-12
5441,12,Lake Jamesberg,Lake Krystalshire,347.2,3.86,141.9,2024-10-17
5442,291,Mortontown,North Devinchester,1470.1,21.54,1787.99,2024-07-22
5443,72,Tylerport,West Emma,1894.8,16.07,3271.12,2024-12-05
5444,426,North Craig,East Samuelchester,1729.5,5.84,827.94,2023-06-26
5445,373,East Todd,Lake Sarah,1475.8,13.77,2116.17,2024-08-14
5446,5,Port Kristina,New Rebeccaside,1176.6,18.19,1137.13,2023-03-26
5447,432,West Mitchellburgh,South Amanda,1377.4,18.59,1818.38,2023-07-09
5448,281,East Kyleborough,Lake Nicole,2379.8,23.63,6223.04,2024-08-19
5449,21,Bakerberg,Robertfurt,1091.9,25.0,2107.25,2024-02-04
5450,498,Gutierrezside,Lake Dominiquemouth,174.1,23.11,430.97,2024-11-29
5451,223,North Brandonstad,Samanthaborough,1494.2,7.66,747.83,2024-12-15
5452,488,West Taylorstad,North Melissaview,340.9,3.32,122.74,2024-02-27
5453,44,Shawnville,South Shawnview,1141.9,23.31,2306.09,2023-06-21
5454,190,Port Julianhaven,West Elizabethville,829.9,16.89,1245.7,2024-04-25
5455,294,Ronaldland,Johnnymouth,1751.0,8.91,934.63,2023-08-18
5456,97,North Mikaylachester,Robertberg,2409.0,8.42,2395.4,2023-03-14
5457,36,Myersside,Kellymouth,1608.0,20.32,3154.11,2024-12-08
5458,212,Jimmyfurt,South Sarah,939.4,8.77,549.86,2024-06-02
5459,295,Hamiltonstad,East Elizabethview,1057.2,11.72,944.82,2024-01-21
5460,361,East Patricia,Port Ronaldburgh,1537.7,7.01,978.12,2023-08-07
5461,367,Comptonhaven,Christinaville,719.7,10.71,623.68,2023-10-24
5462,452,Davisfurt,New Zachary,181.5,2.41,26.09,2024-02-13
5463,395,Lake Matthew,Lake Nathanielborough,1627.7,1.38,134.21,2023-11-10
5464,472,Lake Michaelborough,Lake Tiffanystad,1370.7,3.2,374.98,2023-06-05
5465,473,Port Danielmouth,East Toddport,387.5,6.34,199.66,2023-12-01
5466,457,West Kristopher,South George,1929.3,24.24,2827.04,2024-01-04
5467,455,Port Christine,South Kathrynland,1008.2,1.81,135.52,2023-05-17
5468,70,Grantburgh,Alexamouth,221.6,7.29,117.5,2024-04-18
5469,498,Dorisville,Lake Janet,1195.5,19.95,1791.05,2024-06-01
5470,114,Torreshaven,Parkerview,522.0,8.48,516.01,2023-09-01
5471,45,Leefort,New Courtney,893.9,11.91,538.59,2023-01-22
5472,487,Reedmouth,Washingtonshire,440.7,3.27,149.89,2023-03-23
5473,60,South Davidbury,Josemouth,391.7,17.83,401.6,2024-09-21
5474,403,New Benjaminmouth,Matthewland,1732.2,23.52,3829.03,2023-04-07
5475,147,West Dan,New Susan,1597.3,8.86,1266.78,2024-03-30
5476,17,Amytown,South Meganland,1680.6,22.41,2184.77,2023-07-04
5477,136,Williamsfurt,Catherineville,199.0,15.44,200.74,2024-06-05
5478,288,Markbury,Norrisstad,1094.9,1.56,95.6,2023-08-25
5479,46,North Cole,Patrickville,643.6,4.44,160.22,2024-10-16
5480,463,Everettville,Cohenport,1822.3,18.9,2145.86,2023-08-03
5481,219,Nicolebury,South Ronald,361.5,18.64,773.34,2023-03-01
5482,464,Adrianland,West Charles,218.2,3.15,35.78,2024-02-07
5483,255,North Christinefort,New Nicholasville,698.0,13.78,732.91,2024-01-17
5484,490,Rebeccaville,Brandiville,1851.8,11.45,1542.68,2024-05-25
5485,387,Markborough,Mathewsfurt,2046.5,22.39,5220.92,2023-08-06
5486,449,Port Stuartfurt,Barberhaven,683.4,10.16,369.53,2024-03-02
5487,226,Johnhaven,South Mariaport,798.4,5.26,252.41,2023-02-08
5488,197,Port Taylor,East Denise,1076.5,6.25,635.01,2024-02-16
5489,171,South Sarahport,Hillmouth,2071.8,1.6,310.08,2023-01-19
5490,409,North Elizabeth,Powersview,629.7,9.78,617.96,2023-01-03
5491,252,Lake Chelseyton,Port Williambury,1583.5,5.92,948.98,2023-10-05
5492,493,North Gregoryfurt,Lake Virginia,2121.1,7.23,1142.2,2023-06-13
5493,87,Whiteborough,Walkerchester,1083.5,12.79,1090.46,2024-09-19
5494,348,Brianborough,Lake Paul,449.8,8.63,221.68,2024-04-21
5495,202,Brendaview,Hallborough,359.2,12.01,503.4,2023-02-04
5496,215,East Robert,Jorgeborough,1160.0,1.09,97.91,2023-09-12
5497,358,Michelleshire,Onealport,1773.8,10.3,1362.51,2023-02-10
5498,142,Colinstad,Phillipschester,1968.8,23.86,5163.31,2024-10-17
5499,227,Hollowaytown,Mooreview,2459.7,23.95,5507.95,2023-02-16
5500,262,Lake Leonview,North Sabrina,2215.5,10.81,2112.46,2024-11-16
5501,243,Christopherland,Lake Jamesstad,2147.8,7.47,1502.5,2023-10-28
5502,31,Jenniferburgh,Sandraburgh,1194.3,2.93,214.07,2023-11-23
5503,500,North Robertside,East Jaime,1615.8,9.68,822.01,2023-11-29
5504,290,West Melissa,New Debbie,2335.0,20.35,3384.73,2023-07-21
5505,121,Michaelside,East Mark,1234.3,8.23,611.43,2023-09-05
5506,28,Ramirezfort,Gregoryview,817.4,7.53,398.0,2024-05-12
5507,194,Ellisfurt,Leroyburgh,802.7,11.06,903.1,2024-04-28
5508,173,Wandaborough,South Tracy,1391.8,23.74,2000.89,2024-02-04
5509,378,Kendraton,North Jill,1987.0,11.39,1532.06,2023-11-25
5510,403,East Courtney,East Dawn,1890.5,4.93,633.53,2023-03-02
5511,142,Kellyborough,Gregoryport,471.6,24.28,1101.47,2024-12-25
5512,64,Port Laura,Ericamouth,2012.5,16.43,1856.82,2023-08-12
5513,101,Robertshaven,New Roger,297.6,18.05,453.98,2024-08-09
5514,128,New Heather,Edwardport,1389.4,2.93,245.37,2024-02-09
5515,116,New Mercedesmouth,Port Matthew,56.2,17.05,63.57,2023-06-17
5516,448,Bryanborough,Kristinechester,876.5,15.08,926.89,2023-02-19
5517,271,Port Ryanside,Lake Jonathan,2166.8,20.35,4439.47,2024-10-22
5518,12,Thomasmouth,Snowtown,1316.2,15.08,1575.64,2023-03-21
5519,10,Lake Reneeton,Port Andrew,2483.0,10.72,2944.78,2024-02-28
5520,23,Lake Donaldshire,Susanville,900.9,3.36,172.7,2023-05-20
5521,160,Port Lisahaven,East James,495.3,4.86,268.33,2023-05-19
5522,372,Rhondaville,Theresaburgh,530.4,18.99,561.61,2024-03-07
5523,206,Lake Dean,North Kenneth,506.9,21.72,641.79,2023-11-14
5524,218,South Daniel,West Marcfurt,174.8,15.67,319.31,2023-09-06
5525,52,Snyderhaven,Port Marialand,60.3,23.7,121.14,2024-01-15
5526,28,Lake Michaelville,East Roberto,1798.1,16.4,2517.36,2024-06-11
5527,358,East Rebecca,Leestad,2469.3,5.86,786.79,2023-08-20
5528,304,Robertton,East Jennifer,544.0,15.27,735.6,2024-09-08
5529,46,North Austin,Seanshire,1576.1,22.9,1929.69,2024-09-30
5530,153,East James,West Kellymouth,2028.6,1.78,183.88,2023-12-20
5531,55,Rasmussenside,Kimburgh,2301.5,12.4,1660.21,2023-04-17
5532,422,Smithburgh,West Ruben,1888.0,12.91,1387.45,2024-05-04
5533,400,North Cindy,Hicksland,1193.3,16.65,1570.52,2023-01-18
5534,453,Alexanderside,Simpsonshire,1885.6,22.23,4318.99,2024-04-10
5535,351,Lake Alicia,New Whitneyville,2321.9,19.25,5175.57,2023-11-01
5536,370,Annamouth,Paulburgh,1802.5,24.47,5263.91,2024-11-19
5537,433,New Heathertown,East Keithstad,1293.0,3.36,414.29,2023-07-02
5538,445,South Melaniemouth,Escobarmouth,2446.5,12.2,2586.92,2023-09-19
5539,106,Jamesburgh,Johnsonhaven,943.4,1.23,67.81,2023-06-13
5540,85,Ortizchester,Lambside,2397.6,9.18,1620.79,2024-08-25
5541,286,Jasonland,Martinland,1780.1,1.54,314.11,2023-10-14
5542,382,Gomezland,Jaclynview,1344.8,21.81,2377.35,2023-02-16
5543,390,Clarkfurt,Gabrielleport,58.5,4.3,20.82,2024-10-16
5544,213,North Andrew,Scottland,187.8,6.44,69.95,2024-08-04
5545,57,East Erinberg,Riverachester,309.2,1.66,50.46,2024-05-29
5546,67,Amymouth,West Mikayla,1959.0,12.28,2608.58,2023-02-02
5547,302,West Rachel,North Jose,2239.7,17.24,4306.76,2023-08-21
5548,397,Garyville,West Jasmine,1602.7,10.22,1370.62,2023-08-03
5549,117,Williamsberg,Port Claudiahaven,345.5,5.75,146.45,2024-12-25
5550,55,Lake Josephshire,West Davidport,148.8,22.08,292.99,2023-03-25
5551,281,West Aaronton,Alexisland,2254.2,1.17,279.25,2024-08-01
5552,402,Lake Joseph,Jenniferfurt,86.6,18.35,140.53,2024-06-30
5553,8,Port Robert,East Georgechester,912.2,21.81,1691.78,2024-12-06
5554,100,Taylorview,Lake Bailey,465.8,7.17,369.94,2023-08-24
5555,494,West Matthew,Smithport,2006.1,4.24,947.07,2024-11-01
5556,300,Anthonyland,Campbellview,506.2,24.29,719.39,2023-04-09
5557,391,Emilyshire,Ricemouth,143.2,24.84,327.87,2023-04-18
5558,204,South Laura,Gordonburgh,986.9,9.46,764.74,2024-08-06
5559,350,New Deborahville,East Kristopher,1682.6,1.48,264.11,2023-01-15
5560,61,Priceview,Port Katie,1722.5,2.59,416.6,2024-08-20
5561,187,Smithtown,Matthewstown,652.5,21.39,1591.2,2023-01-31
5562,46,Craigstad,Port Mariamouth,1757.6,23.55,4802.76,2024-04-16
5563,459,North Taylorborough,North Scott,838.5,18.66,1700.94,2024-04-28
5564,246,Paulabury,Georgetown,780.6,4.48,192.65,2023-04-16
5565,482,Williamsbury,Hinesstad,2323.0,6.22,1090.59,2024-02-17
5566,458,Whitestad,South Christopher,2389.7,16.57,4105.41,2024-03-03
5567,384,Lake Dannybury,East Angel,1965.3,7.77,990.0,2023-04-18
5568,296,West Stephanie,Nelsonview,1752.4,15.88,3077.77,2023-06-05
5569,34,East Sandrabury,North Michaelchester,385.5,14.0,380.48,2024-12-12
5570,379,New Kelly,Ericchester,590.0,1.25,84.0,2024-01-26
5571,8,Gonzalezstad,Nicoletown,1091.5,20.42,1230.8,2024-05-24
5572,189,East Dawnport,East Charlesfurt,825.2,6.49,323.02,2024-04-05
5573,391,Jamesfurt,Crawfordborough,2283.4,10.05,2303.51,2024-05-12
5574,149,Robertborough,Christopherport,2028.5,14.2,2222.84,2023-11-08
5575,445,East Zachary,East Donald,1040.5,20.06,1381.26,2023-09-10
5576,282,Port Kyle,Jessicamouth,2342.5,21.7,3369.52,2023-09-10
5577,61,Lake Jonathan,Kellymouth,272.3,1.08,15.06,2024-08-15
5578,133,Andreabury,Gregoryfort,2207.1,7.63,1429.85,2023-12-21
5579,414,Phillipschester,Christopherborough,1933.3,4.73,780.85,2023-01-01
5580,164,West Juanberg,Josemouth,1483.8,11.19,1944.98,2024-12-23
5581,392,North Nicole,Wutown,1207.5,14.24,1246.05,2024-01-26
5582,40,Gonzalezfort,East Debrashire,2290.3,3.67,741.53,2023-03-25
5583,51,Curtistown,Davidfurt,2269.3,22.78,3777.13,2023-03-31
5584,255,Michaelburgh,Cantuland,378.3,15.21,595.85,2023-06-06
5585,193,Valentineview,Shelleyborough,1291.4,9.19,809.06,2023-05-26
5586,416,Barnesfort,Mendozaport,2142.5,16.35,3621.03,2023-10-28
5587,10,Sotoburgh,Carlsonchester,1516.5,4.86,747.37,2023-10-30
5588,378,North Patricia,Lake Jessebury,426.1,19.88,681.56,2024-07-04
5589,396,Gilbertside,Port Cody,2114.3,9.88,1454.16,2023-04-13
5590,227,East Daniellechester,Martinezshire,1183.3,4.39,389.95,2023-12-18
5591,257,West Melissaport,Port Amberville,299.3,12.06,195.93,2023-10-26
5592,387,Gomezville,Stevensonborough,1186.4,9.68,1221.77,2023-08-28
5593,118,Brandymouth,South Anthony,1648.2,13.76,2151.92,2024-02-28
5594,250,Port Eric,Knightfurt,1228.8,18.34,1468.37,2023-11-22
5595,398,Kimberlytown,Reyesstad,829.2,24.49,1768.86,2023-02-25
5596,431,New Nicole,Lake Matthew,505.0,11.62,630.78,2024-04-22
5597,344,New Williamton,Carrollborough,789.2,21.32,1672.44,2023-12-17
5598,171,West Jill,Doyleland,493.6,2.2,97.06,2023-02-12
5599,207,North Derrick,North Marie,685.9,19.04,1279.41,2023-03-02
5600,265,East Morgan,Daniellemouth,2454.1,22.44,3470.27,2024-05-19
5601,220,Lake Gloriashire,North Steven,2093.1,24.93,4247.98,2024-06-29
5602,194,North Kristine,West Jill,664.1,1.25,79.43,2023-04-25
5603,441,East Barbara,Carlosville,1723.8,4.45,891.3,2023-04-27
5604,373,Hinesfort,New Madison,2095.3,5.96,920.09,2023-07-07
5605,355,South Andrea,Pricemouth,1393.8,23.1,2682.38,2023-12-22
5606,271,East Peter,Ianshire,389.0,15.49,393.18,2024-02-19
5607,27,Pachecochester,Daltonview,1106.5,13.09,1205.99,2024-08-21
5608,135,Laurafurt,Stephenborough,1045.8,17.12,933.07,2024-06-17
5609,303,Mooretown,Roseport,1316.7,23.47,3694.61,2023-01-19
5610,400,Lisaville,Thomasburgh,1714.6,5.23,883.95,2024-06-09
5611,404,North Jasontown,Johnborough,957.8,6.65,321.16,2024-10-16
5612,396,West Rachelshire,Port Veronicamouth,112.2,13.6,165.41,2024-03-30
5613,43,Wrightborough,Lake Matthewtown,404.7,5.8,186.06,2024-04-03
5614,220,Ashleymouth,Port Justinbury,2394.6,8.86,2328.74,2023-12-20
5615,350,South Colin,New Angela,2381.3,19.64,3367.3,2024-10-19
5616,378,East Jasminview,Kathleenville,1657.8,8.72,1178.4,2024-05-19
5617,364,Millerfurt,Lake Suzanne,1210.5,15.29,1525.77,2024-09-10
5618,40,West Mariah,Tinaville,880.6,7.11,504.29,2024-09-20
5619,401,Hallbury,East Tracymouth,1487.4,21.7,2158.88,2024-11-23
5620,108,Charlesbury,Jenkinsburgh,1341.1,4.53,380.7,2024-01-10
5621,374,Farrellmouth,Davidmouth,2157.8,18.99,2422.4,2023-05-17
5622,484,Sarahside,New Michael,555.3,2.43,84.1,2023-04-10
5623,39,Youngfort,Port Davidport,1626.5,12.57,1174.55,2024-09-15
5624,251,Jenniferchester,Lindaville,2098.0,20.92,4195.35,2024-09-03
5625,217,East Gabrielle,Port Rachelton,1093.5,3.9,360.05,2024-10-01
5626,453,Port Cassandra,West Adriennemouth,452.7,19.71,544.58,2024-11-20
5627,283,Port Coreystad,North Margaretton,1380.8,3.74,355.16,2024-06-16
5628,90,Patrickberg,Port Julie,1040.2,14.28,776.37,2023-03-14
5629,5,Cynthiashire,Hickshaven,2353.0,21.05,5788.88,2023-07-14
5630,16,North Kristenton,Port Donaldbury,558.0,21.56,752.41,2024-04-04
5631,292,Perezland,Simpsonfurt,2251.3,18.93,5098.84,2023-09-19
5632,456,East Shawnfurt,South Allison,1997.0,1.33,318.14,2023-11-03
5633,425,Monicahaven,Mullenside,702.0,17.29,835.12,2024-05-06
5634,37,Port Stephanie,West Victor,239.7,11.14,138.24,2023-03-01
5635,472,Burgessstad,North Deborahview,1153.9,22.2,2642.69,2024-11-28
5636,100,North Veronica,East Whitneyburgh,579.3,24.95,1127.44,2024-01-04
5637,351,North Janet,Maryburgh,1141.8,19.68,2520.58,2023-03-15
5638,107,Port Jodibury,West Kathleenport,76.4,1.79,12.42,2023-08-30
5639,470,Patelshire,Dwaynemouth,502.6,21.04,664.6,2023-10-24
5640,442,Walkershire,Port Andrewland,735.2,14.86,1198.45,2024-03-13
5641,228,Barnesbury,West Michael,2030.4,4.84,683.03,2024-04-03
5642,277,Daltonstad,Lake Christopherton,1111.4,6.8,671.6,2023-02-17
5643,388,South Kimberlyfurt,South Adamville,594.6,14.51,879.16,2023-06-16
5644,180,Hawkinsview,Collinsside,2327.6,7.24,1026.94,2023-10-29
5645,167,Port Danielle,New Alexaberg,1558.7,15.71,2915.56,2024-06-07
5646,116,Kaylaland,New Paulfurt,316.4,15.49,498.29,2024-02-17
5647,253,East Kimberly,Pennyton,361.7,17.82,769.54,2024-04-14
5648,294,Scottport,Avilaburgh,491.4,21.67,651.75,2023-09-11
5649,25,Port Ashley,Lake Tammy,338.8,10.3,259.5,2023-03-06
5650,31,Lake Teresaland,Smithview,781.2,19.54,1636.33,2023-04-29
5651,203,Stephaniefort,Port James,357.3,11.33,321.37,2024-03-29
5652,86,North Scottfurt,Hintonhaven,1632.4,20.78,2773.17,2024-11-25
5653,302,Sanchezmouth,North Heidi,1404.8,8.29,1378.93,2024-12-16
5654,192,Kristinshire,Port Michael,1248.7,15.96,1870.6,2024-09-08
5655,280,Port Lindafort,Port Michellestad,107.3,18.35,168.14,2023-07-14
5656,254,Davisburgh,Stewartstad,1115.4,20.59,1821.41,2024-06-22
5657,12,Craigchester,Randallchester,2484.6,19.08,5179.32,2023-10-26
5658,473,West Stephenville,Port Davidton,465.6,14.1,633.9,2023-12-22
5659,305,Smithhaven,Lake Matthewhaven,303.0,24.04,794.78,2024-12-28
5660,191,Port Michael,Henryshire,163.8,5.47,49.68,2024-08-19
5661,122,Port Stacy,Whitemouth,1952.7,23.67,5165.05,2024-09-19
5662,468,Stevenland,Anthonybury,1568.3,7.71,1063.52,2023-04-17
5663,179,Monicahaven,Amandahaven,134.8,6.4,97.41,2023-05-26
5664,491,New Ryanhaven,Port Alejandro,2394.9,6.93,1031.18,2023-11-21
5665,415,West Stephanie,New Carrie,461.0,9.58,233.41,2023-07-16
5666,437,Fernandezborough,Port Miranda,966.9,16.65,1178.39,2024-05-31
5667,116,North Jenniferbury,North Annette,2434.9,3.72,1013.86,2024-06-20
5668,350,North Johnchester,Angelashire,2473.8,7.81,2042.84,2023-08-06
5669,259,North Patriciaton,Ryantown,2248.8,6.42,1130.98,2024-05-28
5670,402,Shannonfort,Lake Joditon,2042.2,20.4,2913.7,2023-04-25
5671,99,Cherylberg,Mossshire,560.0,5.65,330.02,2024-04-19
5672,471,Peterfurt,Port Brookeshire,2194.1,8.07,1190.58,2023-01-06
5673,276,New Kathyhaven,Ibarrahaven,449.9,11.24,255.41,2024-12-08
5674,331,South Dean,Millerborough,115.3,14.54,170.71,2024-08-08
5675,138,Powersfort,South Sallymouth,614.7,4.03,291.36,2023-10-30
5676,30,New Robert,Sarahburgh,1894.0,3.17,669.92,2023-09-05
5677,161,Deanstad,Jasminemouth,1138.6,9.0,941.64,2024-06-19
5678,488,Lake Danaville,West Mark,2273.8,15.68,3317.0,2024-12-19
5679,206,Goodwinfort,West Benjaminside,188.3,4.42,97.95,2023-05-08
5680,191,Morganmouth,West Russellview,535.3,12.55,481.21,2024-09-16
5681,94,New Juliaside,Ramosshire,730.7,2.57,95.85,2023-08-18
5682,290,Michelleville,New Daniel,1508.5,21.81,3121.07,2024-07-09
5683,408,New Steven,Mccallland,547.7,11.76,602.55,2024-03-24
5684,39,North Craig,Maryside,289.6,4.18,94.04,2023-08-21
5685,370,Jasonburgh,West Allenfurt,1772.3,3.4,458.36,2024-10-28
5686,141,Thomaschester,Port Michael,1031.9,23.66,2681.91,2023-05-18
5687,323,East Robert,South Ruth,1210.0,4.63,614.65,2023-12-08
5688,464,New Donnatown,West Lucas,2298.6,7.04,925.65,2023-06-30
5689,62,Randyhaven,Lindabury,397.6,1.61,59.83,2023-08-19
5690,293,Port Bryan,Port Rosemouth,1149.0,19.39,1155.2,2024-08-14
5691,463,Hartville,Stevensborough,1503.1,16.84,2823.71,2023-08-18
5692,98,Knighttown,Lake Monicashire,708.0,21.99,1073.22,2023-02-14
5693,118,Randychester,South Andrewshire,457.2,3.54,121.01,2024-04-19
5694,139,North Karenborough,Richardburgh,2157.1,9.51,1482.05,2023-10-17
5695,328,Steeleberg,North Tiffanyton,564.2,19.53,628.36,2023-09-05
5696,265,West Shawnshire,Nathanieltown,307.4,6.71,224.61,2023-04-21
5697,327,Port Jonathanview,West Ronaldfurt,2135.8,12.64,2467.2,2024-09-16
5698,192,North Sierra,Jessicaburgh,392.2,12.19,564.95,2024-06-12
5699,498,Ryanburgh,East Danielmouth,1746.4,7.03,726.69,2024-01-21
5700,131,Port Samantha,New Jackie,278.9,14.09,391.29,2024-02-24
5701,277,South Anthony,Lake Timothy,1589.3,17.21,2708.62,2023-09-06
5702,497,Lake Stephentown,East Patricia,1988.5,15.18,3064.33,2023-11-01
5703,22,Port Kimberly,Lake Steven,68.2,19.52,111.58,2023-08-05
5704,102,Rangelchester,Alvarezview,1107.0,16.22,1940.38,2024-12-18
5705,302,Hughesside,Jamesburgh,2406.0,22.14,5488.22,2024-12-27
5706,184,Port Kellyport,South Debra,1494.4,14.4,1609.65,2023-08-04
5707,240,South Scottfort,Samuelstad,2187.9,23.63,3185.5,2024-03-12
5708,141,Ericamouth,Prestonport,1805.2,16.97,3590.41,2024-02-16
5709,403,Port Heatherburgh,Devinshire,190.5,13.47,242.64,2023-10-12
5710,425,Paulberg,Christopherstad,1971.8,18.65,3204.06,2023-07-08
5711,359,Lake Adrienne,West Daniel,1860.1,5.12,992.74,2023-04-23
5712,404,Castillofurt,West Victoria,1121.2,20.05,1336.4,2024-03-03
5713,247,Justinfort,Alexandermouth,471.2,18.75,606.34,2023-02-22
5714,157,New Sean,North Jameshaven,357.1,15.03,331.58,2023-11-13
5715,164,Phelpsburgh,Tuckershire,2313.7,21.69,4749.2,2024-02-22
5716,87,Port Robertside,Kimport,1855.9,2.92,493.11,2023-11-21
5717,5,North Mark,Lake Lorimouth,1410.9,5.14,804.03,2024-07-21
5718,408,Richardberg,South Jasonchester,1899.7,13.8,1957.98,2024-01-01
5719,453,New Jennifermouth,West Jesseberg,1676.0,16.26,1683.07,2023-09-14
5720,97,Patriciabury,Lake Christina,2472.7,11.73,2571.94,2023-02-19
5721,7,Hansonside,Guerrerochester,1493.0,7.05,659.11,2024-05-13
5722,126,Lake Jonchester,Port Kristinafort,272.1,23.7,680.37,2023-09-02
5723,90,Ashleychester,Johnsonmouth,2309.0,3.09,641.29,2023-01-11
5724,336,East Paul,Lake Dennisfurt,1505.4,19.91,2768.98,2023-10-15
5725,21,Matthewstad,Hoffmanborough,1072.9,5.09,538.21,2024-11-30
5726,426,Dannyside,East Adam,379.2,10.56,273.73,2024-12-15
5727,298,East Lauren,Moranland,2235.0,20.87,2504.02,2024-09-25
5728,429,New Brentberg,Lake Joshuahaven,935.2,5.66,289.4,2023-06-16
5729,315,Lake Kathyside,Scottmouth,748.3,1.94,145.46,2023-02-09
5730,113,Michaelfort,West Gloria,233.4,18.7,244.02,2024-09-25
5731,91,New Henry,East Davidland,651.7,19.31,1103.8,2023-06-18
5732,45,South Peter,Cindybury,379.4,8.15,254.97,2024-03-03
5733,356,New Josephhaven,Clarkshire,2376.6,6.33,1649.6,2023-10-06
5734,74,Staffordhaven,Katherinechester,164.6,24.16,458.21,2024-08-30
5735,144,Rodriguezborough,Brownberg,1180.4,16.82,1437.97,2023-04-21
5736,426,Philiphaven,Michaelside,1030.6,23.16,2443.81,2023-07-21
5737,67,New Bryanfurt,New Kennethhaven,2109.3,12.38,2102.5,2024-04-22
5738,481,Port Robertchester,Richardmouth,1007.8,6.24,545.86,2023-06-04
5739,238,Thompsonview,Katherinefurt,917.3,1.35,90.14,2024-01-25
5740,423,North Douglas,Lauraton,475.0,7.51,200.87,2024-12-06
5741,57,South Kevin,Lake Ashley,1092.7,4.52,324.02,2024-03-25
5742,211,Lake Christopherberg,East Susanland,553.7,21.82,771.73,2023-02-04
5743,133,East Deannahaven,Christianfurt,330.9,16.43,573.46,2023-09-23
5744,71,Antonioport,Lake Paulmouth,743.6,3.24,193.87,2024-01-31
5745,142,South Alan,Jimenezstad,2349.8,18.17,3297.67,2023-05-09
5746,101,Port Brandonburgh,Lake Ryan,2254.8,7.9,2032.05,2023-03-02
5747,199,West Kathleen,Hicksport,1176.4,12.13,1371.24,2024-01-05
5748,471,South Taylor,Nicoleport,1332.2,12.44,1316.12,2023-07-06
5749,405,Wendybury,Port Bryanborough,1892.5,11.13,2074.3,2023-11-24
5750,24,East Amy,Lisabury,665.0,8.02,499.5,2023-04-19
5751,243,Benjaminfort,North Julie,2056.0,22.12,4848.92,2023-12-13
5752,226,Amandaland,Mcclureview,853.1,9.16,670.57,2024-03-01
5753,318,Carriechester,East Joseph,98.4,3.08,33.11,2024-08-14
5754,94,Lake Elizabeth,East Michaelstad,1558.0,5.53,611.58,2023-03-14
5755,228,Lake Christina,North Thomas,150.9,5.05,67.99,2024-01-25
5756,255,Danielmouth,Smithchester,803.7,19.52,869.82,2023-04-03
5757,172,South Tyroneburgh,Jonmouth,462.1,7.45,275.37,2023-12-16
5758,131,Nguyenmouth,North Jerryville,2000.5,13.02,2011.06,2023-08-22
5759,184,Mcbridefort,North Emily,1149.2,19.26,1123.38,2023-10-18
5760,116,Ericport,Carolynchester,2191.7,19.55,3251.31,2023-04-12
5761,291,New Sonya,Ricestad,977.3,19.27,1492.7,2024-11-19
5762,265,Lake Cory,Port Ashleyborough,151.6,17.52,164.96,2024-02-03
5763,7,Angelastad,Taylorborough,1113.0,17.95,1087.33,2024-10-27
5764,257,Lake Leah,Austinburgh,2449.2,1.08,195.01,2024-06-13
5765,380,New Ericport,North Julie,2192.3,16.02,2525.41,2024-01-17
5766,143,New Kimberly,Port Zachary,2361.8,5.19,948.22,2023-05-15
5767,428,South Johnchester,Ashleyfort,624.4,19.73,1136.32,2024-10-15
5768,274,Wongmouth,Lake Jessicaville,2005.3,14.96,1962.74,2023-02-02
5769,251,Alvaradoview,Lake Ebony,240.2,17.13,220.11,2024-03-13
5770,151,West Robert,New Mathew,2123.8,16.24,3503.99,2024-07-06
5771,135,North Pamela,New Thomaston,594.2,13.12,884.5,2023-01-21
5772,193,New Monicaburgh,North Michael,725.7,11.97,675.23,2023-01-04
5773,494,North Amber,New Jennifer,251.8,19.06,523.25,2023-04-12
5774,213,New Ashleytown,Rogerland,2147.5,22.08,3221.9,2023-10-25
5775,387,Wilsontown,West Theodoreside,2130.2,4.15,984.62,2024-10-21
5776,494,Lisastad,Port Davidfort,622.9,14.28,948.56,2023-05-21
5777,356,Port Philipmouth,Lake Richardhaven,1966.3,9.83,1368.19,2023-05-29
5778,312,Stevenchester,East Stevenborough,263.5,9.95,226.07,2024-05-04
5779,244,Smithstad,East Haleymouth,1449.6,23.52,2060.7,2023-04-05
5780,6,Shortborough,Lake Steven,2315.0,5.01,1264.41,2023-01-13
5781,233,Lake Heatherstad,Port Rebecca,1953.8,8.39,866.68,2024-10-10
5782,149,Lake Tarachester,Kimberlymouth,1642.0,21.1,2666.17,2024-12-11
5783,220,Patrickchester,Owensview,2441.9,9.72,2437.68,2023-12-01
5784,127,West Gabrielhaven,Alantown,131.5,22.59,195.92,2023-11-16
5785,126,Port Heidiborough,Bakermouth,1138.3,22.96,2390.07,2024-12-26
5786,341,Tracyville,Port Thomashaven,567.6,10.51,567.45,2024-02-01
5787,406,East Susan,West Melanie,566.9,20.62,969.88,2024-09-22
5788,94,East Timothy,Lake Jessica,2224.8,3.89,997.96,2024-05-29
5789,244,Lake Joe,Bradleymouth,1850.5,11.1,2303.62,2024-11-07
5790,315,South Troystad,Ryanchester,2282.5,16.42,3910.04,2023-08-03
5791,260,Millerton,North Paigeland,89.6,13.29,101.89,2024-09-24
5792,347,New Phyllisburgh,Victorbury,1105.7,6.23,710.86,2024-10-24
5793,385,Lake Stephanie,Williamshire,1514.6,20.83,2432.59,2024-04-29
5794,417,Brianfurt,Stuartbury,552.9,10.95,431.84,2023-03-08
5795,435,Tarastad,Ericaton,464.4,13.36,578.58,2023-03-08
5796,380,New Timothyfort,Stevenville,1284.1,12.56,1257.79,2024-05-18
5797,435,North William,Lake Jenny,2117.4,20.17,4041.78,2024-06-19
5798,71,South Brian,Joshuafurt,103.7,17.1,126.24,2023-04-16
5799,135,Allenborough,East Williamport,390.5,3.83,122.46,2024-02-21
5800,392,New Shelleyburgh,East Stephanie,1637.4,14.46,2451.72,2024-10-24
5801,227,Vickimouth,North Theodoremouth,240.5,21.74,511.32,2024-07-28
5802,32,Port Monica,North Brandonstad,122.9,10.38,80.47,2023-07-13
5803,477,Williamsport,Millerfort,1918.2,10.65,1254.33,2023-05-30
5804,99,North Courtney,South Frederick,2407.3,22.51,2765.67,2024-03-24
5805,429,Mcdonaldchester,South Heatherport,2361.6,14.93,2200.56,2024-05-18
5806,291,Jensenfurt,New Tarafurt,1297.0,15.78,1987.38,2023-03-31
5807,288,North Loriside,New Barbara,2050.2,23.33,4033.97,2023-11-09
5808,394,Lake Andrefort,Wayneport,427.1,17.86,897.09,2024-11-01
5809,235,Annabury,New Trevorbury,550.0,20.3,920.62,2023-06-20
5810,422,Gonzalezview,New Crystal,1857.0,23.13,3752.86,2023-06-03
5811,301,New Ginaville,Floresfurt,2084.6,15.66,2024.41,2023-11-13
5812,303,Robinsonmouth,Laurenfurt,765.2,1.72,131.95,2024-02-28
5813,453,Elizabethburgh,North Robert,1362.1,23.89,2160.99,2024-12-28
5814,155,West Kim,North Alex,263.4,19.51,601.43,2024-10-04
5815,58,Amandaside,Richardsonbury,1733.4,16.35,2790.55,2024-09-13
5816,215,Christinaton,Meganport,741.6,19.6,1347.93,2023-07-17
5817,33,North Patricia,South Jenny,1151.6,24.85,2630.41,2024-03-09
5818,2,Singletonmouth,West Brandon,1561.5,20.67,2606.09,2023-05-08
5819,491,East Shelby,New Christopherfort,951.3,24.91,2064.83,2024-03-28
5820,381,Hayesville,North Jeremyton,2498.4,6.57,1869.16,2023-03-08
5821,28,South Monicachester,South Larrymouth,1950.6,16.81,2202.64,2023-05-16
5822,421,Danielland,Danielletown,1758.6,19.79,3430.21,2024-08-10
5823,213,North Karenland,East Brian,1863.9,12.18,1991.32,2023-01-14
5824,325,Lake David,West Ruthland,1205.1,21.64,1314.11,2024-10-13
5825,348,Port Kristin,North Michael,973.4,16.38,1537.55,2023-03-14
5826,443,New Edwardfort,West Keith,329.0,22.19,634.7,2024-05-09
5827,195,Pageport,Nicholashaven,1901.2,22.67,2311.31,2024-05-16
5828,472,Ronaldshire,West Rebeccaside,1643.7,7.06,1207.66,2024-07-22
5829,262,East Rhonda,Christinemouth,1820.6,4.41,879.11,2024-08-01
5830,397,Hensonshire,West Zacharyville,278.2,1.04,33.49,2023-08-29
5831,80,Lake Emily,Port Williambury,163.6,12.42,234.86,2024-04-13
5832,25,Port Julie,Robertshire,1060.1,8.16,702.75,2023-06-23
5833,266,Stephensland,South Richard,548.8,13.32,641.52,2024-01-01
5834,233,South Jessicashire,Lake Jennifer,1619.5,21.79,3886.37,2024-06-14
5835,485,Craighaven,Hortonfurt,440.4,4.61,125.05,2023-12-22
5836,152,Moraport,Watsonmouth,1065.8,5.17,611.13,2023-10-03
5837,485,Carolinemouth,Hamiltonborough,2090.7,21.22,3231.41,2023-12-10
5838,265,North Rachelmouth,Lake Lisahaven,124.0,21.42,217.89,2024-06-21
5839,290,Lake Jessica,Youngbury,1293.7,14.91,1422.02,2023-04-14
5840,46,West Taylor,Hayleyburgh,500.4,16.52,778.67,2024-03-15
5841,304,Hartfurt,Shanemouth,234.4,13.96,260.5,2023-12-04
5842,198,Josefurt,Lake Juliastad,1729.3,18.26,3534.07,2023-07-10
5843,201,South Wandaborough,North John,2153.5,5.12,915.78,2023-05-01
5844,431,Williemouth,Port Courtney,374.5,14.38,469.21,2023-01-03
5845,326,East Tonyaburgh,Matthewfort,91.0,16.0,119.31,2024-02-13
5846,100,North William,South Lisa,1905.7,5.21,1137.81,2023-11-06
5847,112,Georgeshire,Port Heathertown,1697.7,22.18,2622.4,2023-01-25
5848,95,East Gail,West Joycebury,848.9,15.28,1220.78,2023-11-21
5849,421,Kellyland,Collinsmouth,1622.7,9.02,1266.58,2024-08-23
5850,6,Amberfurt,Martinezmouth,2193.9,22.6,2761.01,2023-01-03
5851,337,West Chelsea,Mariafurt,1852.7,8.09,1443.9,2024-08-09
5852,111,Jamesstad,New Johnchester,399.4,4.9,217.98,2023-07-06
5853,475,Lake Heather,Maynardburgh,1049.2,1.45,85.65,2024-12-26
5854,5,New Catherineburgh,Brownbury,432.7,6.35,207.44,2023-07-26
5855,208,West Nancyfurt,Coleland,497.5,22.83,1020.98,2023-04-21
5856,313,New Stevenmouth,North Josephmouth,2066.1,23.24,2598.44,2024-06-09
5857,471,Lake Pamela,Patrickhaven,973.0,19.27,938.5,2024-07-09
5858,433,East Geraldbury,New Brandifurt,1897.8,6.81,934.11,2024-11-03
5859,182,Austinport,Rodriguezland,1923.9,17.55,1787.56,2023-01-26
5860,386,West Christopher,Nolanview,594.6,19.34,780.92,2024-01-03
5861,189,West Rickeystad,Kevinland,243.9,13.79,271.67,2024-12-08
5862,125,East Michele,Michaelland,1958.3,7.68,769.11,2024-09-18
5863,450,Julieland,Dianafurt,2190.6,20.85,3153.26,2023-11-19
5864,448,Lake Jamesborough,New Robert,2252.2,14.12,1854.64,2023-05-31
5865,266,Cookton,Pinedaview,1806.3,11.84,1815.48,2023-08-28
5866,78,Harrymouth,North Toniland,955.1,23.54,1753.78,2023-06-12
5867,20,Jerryview,Smithfurt,2497.7,24.06,3975.71,2023-11-17
5868,320,Austinfort,Hunterville,983.8,20.36,1848.83,2024-05-20
5869,67,West Caleb,Edwardview,2426.9,10.79,2382.2,2024-09-30
5870,496,Hillshire,Lake Loriborough,963.4,8.45,872.37,2024-03-01
5871,70,New Andreview,West Jessica,2282.9,22.3,5770.78,2023-09-26
5872,269,Benjaminfurt,New Eric,1883.8,23.83,2829.01,2023-02-28
5873,318,Danafurt,Coreyborough,998.0,4.98,391.4,2024-07-06
5874,495,Millerton,Christineshire,365.6,10.21,290.67,2023-04-23
5875,91,South Katie,Tiffanybury,1161.6,23.35,2463.84,2023-03-22
5876,303,Katelyntown,New Laurentown,513.4,9.27,441.27,2024-02-06
5877,80,New Codyfurt,East Ashley,2276.3,23.75,5190.57,2023-10-09
5878,376,Lake John,Martinezshire,1490.6,18.69,2935.78,2024-07-24
5879,377,Port Andrea,Tracyville,1393.0,6.17,881.87,2023-06-20
5880,238,Lake Kelly,East Williamborough,1219.8,24.34,2639.98,2023-03-28
5881,470,South Glenbury,New Jasonburgh,1789.8,11.82,1335.13,2023-01-03
5882,131,Darrenfort,South Shannonville,1963.4,1.3,149.31,2023-07-28
5883,414,Smithland,South Donaldberg,1336.7,2.17,337.42,2024-06-13
5884,168,Lake Mark,East Jessicastad,666.1,15.59,698.79,2023-07-04
5885,392,West Johnchester,Lake Karen,540.3,13.67,467.32,2023-06-10
5886,6,Ballport,Helentown,1518.8,4.71,420.8,2024-10-28
5887,26,Jennifertown,Dalemouth,121.9,22.52,192.91,2024-08-22
5888,205,Davischester,New Elizabeth,1648.3,16.8,2288.66,2024-05-31
5889,35,North Amanda,West Justin,409.6,15.81,662.4,2024-02-23
5890,117,Port Samantha,Leeberg,2393.6,8.32,1904.74,2024-03-01
5891,289,Smithhaven,Castanedaport,2139.6,21.9,4740.84,2024-04-09
5892,265,Humphreyberg,East Rebecca,223.3,8.21,93.81,2024-05-15
5893,326,Ericchester,South Traci,2038.2,12.9,1594.96,2023-04-18
5894,314,South William,East Matthewville,2116.9,12.28,1360.14,2024-03-08
5895,197,Yvettehaven,Pughside,1373.4,16.47,2449.68,2023-08-17
5896,358,Reedtown,Jonathanport,778.0,18.81,1415.11,2023-08-06
5897,497,South Rogerborough,Josephtown,381.8,22.81,636.32,2024-06-25
5898,120,Williston,Holtburgh,1788.1,4.63,714.48,2023-09-25
5899,249,Jayshire,Lake David,875.2,6.57,517.02,2024-08-09
5900,53,Elizabethbury,Jessicaville,2483.6,11.27,3245.98,2023-08-21
5901,206,Luistown,Webbview,1574.8,7.26,1296.53,2024-03-23
5902,424,Lake Amy,Lake Marcomouth,356.5,23.5,970.24,2024-01-19
5903,18,Hendersonstad,North Janiceburgh,1953.1,23.11,5349.98,2023-01-22
5904,68,West Jamesmouth,Zhangview,1640.1,21.58,2766.38,2023-05-26
5905,126,Amyfort,West April,2204.4,3.04,644.15,2024-04-20
5906,210,South Dave,New Monica,1588.5,1.07,158.24,2024-03-29
5907,246,North Marcus,Dunnton,296.2,13.63,363.47,2024-06-15
5908,329,New Gregoryfort,New Walterburgh,424.7,19.35,937.46,2024-10-30
5909,159,New Margaretstad,Lake Danny,2410.8,7.97,2099.4,2023-05-13
5910,62,Katrinaborough,Erikafort,657.4,23.55,1305.93,2024-05-17
5911,337,East Brandonburgh,Grimesshire,1791.5,8.63,1816.71,2024-03-14
5912,208,East Leslietown,Port Emilyburgh,525.7,16.85,638.69,2023-04-12
5913,101,Harperberg,Maryshire,287.5,2.24,54.3,2023-05-12
5914,180,West Kristina,Sarahburgh,1623.8,2.76,534.85,2024-09-05
5915,391,East Gregoryburgh,Brandontown,202.2,11.06,230.41,2023-12-01
5916,171,Wellston,East Timothyside,1674.9,24.18,2440.59,2024-10-26
5917,370,Rodriguezstad,South Amberberg,2091.6,18.86,3584.52,2023-03-22
5918,108,Smithhaven,Lydiaburgh,223.9,5.76,108.2,2023-08-17
5919,415,New Markstad,Port Jacobhaven,1176.1,5.56,661.91,2024-06-08
5920,230,Riverstown,Levyport,770.1,24.91,1328.52,2023-11-20
5921,253,Samanthaville,Rodriguezshire,752.2,15.61,1227.98,2024-03-24
5922,213,East Richardhaven,Wrightberg,1106.6,11.65,1509.82,2024-11-28
5923,34,Christinatown,East Leslieshire,2171.7,19.59,3065.9,2024-06-25
5924,241,Adrianaborough,Kathleenberg,2311.4,22.24,5059.74,2023-11-27
5925,37,Weaverchester,Jonesport,1063.2,2.83,309.89,2024-03-14
5926,353,Port Lynn,Emilymouth,1976.7,16.12,3773.45,2024-12-30
5927,248,Millershire,Scottfort,1415.5,19.75,2096.98,2024-09-15
5928,276,South Traciland,East Michaelbury,1752.9,24.06,2600.16,2023-02-10
5929,99,West Claire,Lake Sarahburgh,1503.1,2.88,323.01,2023-11-08
5930,286,Alexmouth,West Lukeside,2430.4,1.89,491.39,2023-06-06
5931,279,Fisherville,Elizabethside,1997.2,13.21,1955.03,2024-05-16
5932,165,South Danielmouth,Dustinville,1867.9,18.49,3679.73,2023-12-29
5933,410,Cherylville,Lake Jennifer,2243.2,11.85,1833.82,2023-03-29
5934,342,Davidborough,South Destiny,1566.9,17.06,1802.26,2023-09-10
5935,421,Anaview,North Jeffery,336.6,10.56,338.61,2023-11-25
5936,126,Andrewtown,New Amyville,1208.3,2.21,135.63,2023-12-16
5937,164,North Pennybury,East Joshua,2236.0,20.23,4531.47,2024-10-03
5938,10,East Patrick,Tammyshire,2237.3,3.81,591.07,2023-07-30
5939,365,Christopherhaven,Lake Bethhaven,2486.4,6.97,1986.36,2024-10-01
5940,13,Micheleland,Georgestad,1387.5,5.28,778.75,2024-05-22
5941,83,South Beth,Lake Rachelview,1718.4,15.13,2016.41,2023-08-10
5942,264,Amandaborough,West Christinaton,1929.6,18.72,1907.01,2023-10-13
5943,351,New Natalieton,South Brendafurt,960.8,20.7,1766.66,2024-02-12
5944,11,New Amandaborough,East Christopher,2373.9,16.08,3761.35,2024-04-21
5945,201,South Lauren,Andrebury,1667.2,13.82,1172.11,2024-01-01
5946,498,South Michaelmouth,Lake Staceyview,838.2,15.59,962.51,2024-07-03
5947,308,North Nicholasville,New Danfurt,2258.2,7.78,1416.27,2023-01-16
5948,370,North Lindamouth,Port Mary,556.3,5.89,218.13,2023-10-15
5949,310,Murphyfort,Bethstad,1072.9,5.8,717.35,2024-02-24
5950,258,Jenniferborough,North Alicia,2464.4,8.2,2212.79,2024-06-20
5951,431,Cruzmouth,Nicolebury,2274.3,22.6,5311.9,2024-11-04
5952,310,Mosesville,Port Vicki,1108.4,2.02,224.77,2023-07-18
5953,87,North Taylorside,Holderbury,1418.1,24.82,1864.72,2024-02-06
5954,359,North Carmenton,North Tracy,150.5,17.31,151.68,2023-05-17
5955,355,South Joannaberg,Lake Gerald,1557.1,13.98,2189.93,2024-08-26
5956,41,North Deborahville,Lake Scott,1591.5,24.5,4312.32,2023-09-18
5957,416,West Melissaside,South Whitneyview,275.1,17.34,542.53,2023-11-22
5958,142,West Paul,Logantown,1005.0,3.41,251.79,2023-08-30
5959,410,Mollyberg,Charlenechester,1406.2,14.46,1504.77,2023-02-17
5960,305,Davismouth,Kennethstad,1028.4,5.48,328.85,2023-09-03
5961,409,Lauramouth,Christopherfurt,1657.7,1.78,352.89,2024-02-28
5962,161,Ashleytown,Port Donnaview,1725.2,24.71,2569.37,2023-02-19
5963,244,West Kevinport,Melissachester,603.4,22.72,1336.22,2023-01-22
5964,152,Duaneville,Baileyside,1219.6,7.54,917.57,2023-05-13
5965,443,Velasquezborough,South Rachelfurt,1226.6,17.76,2293.84,2024-12-02
5966,471,Tuckerberg,Dawnburgh,1353.0,22.4,3154.38,2024-07-31
5967,33,North Mary,Timothyshire,1619.4,5.72,750.91,2023-01-11
5968,294,South Samanthastad,North Whitneyview,758.7,18.9,1542.94,2024-01-19
5969,449,Port Thomasside,South Jeffrey,880.4,6.85,416.49,2023-10-14
5970,68,Mosston,New Donberg,1992.0,20.29,4843.9,2023-02-03
5971,389,Port Kimberlychester,East Melissa,2188.3,5.32,848.34,2023-12-23
5972,500,West Henry,Smithmouth,1461.7,23.15,2552.47,2024-04-16
5973,274,Thompsonchester,Matthewland,83.3,18.98,87.21,2024-05-03
5974,285,East Laura,Garciamouth,788.0,4.11,272.15,2024-10-12
5975,265,Sharonmouth,North Emilyside,2272.7,1.14,294.01,2024-05-24
5976,202,East Debbie,Lake Courtney,1033.1,8.94,987.15,2023-04-10
5977,425,East Markbury,West Mariafurt,629.4,10.51,441.28,2023-02-14
5978,455,Andremouth,New Sandrastad,70.5,2.06,14.69,2024-01-01
5979,429,North Kathleen,Richardhaven,1620.6,16.53,2143.76,2023-06-20
5980,441,Melissaburgh,Morganville,69.6,14.08,57.28,2023-06-20
5981,85,Amybury,South Keith,580.1,2.05,69.31,2024-08-26
5982,74,West Edwardshire,Kinghaven,193.8,18.78,344.8,2023-04-28
5983,81,South Patrickborough,East Wandaburgh,943.8,1.56,100.65,2023-12-29
5984,190,Changside,South Aaronhaven,1737.0,19.42,2772.98,2023-03-16
5985,440,Port Jaclynmouth,Tracyland,1442.6,17.71,1933.17,2023-05-02
5986,201,Port Karen,East Daleside,324.7,16.58,339.52,2024-11-28
5987,23,West Alexis,South Baileyland,152.1,15.96,212.02,2023-05-28
5988,418,Josephmouth,Nicolechester,376.0,24.21,677.42,2024-04-05
5989,132,Reillyfurt,West James,2371.4,23.43,5351.22,2024-07-26
5990,71,North Toddberg,East Kevinstad,2037.7,24.56,4571.07,2023-12-17
5991,310,Holtville,Petersonstad,157.4,7.86,110.08,2024-06-19
5992,264,East Virginia,East Jacksonburgh,739.7,7.85,424.21,2024-11-01
5993,62,South Christopher,Collinsborough,271.9,14.38,368.09,2023-04-11
5994,180,Lake Lauren,Sabrinamouth,1810.0,15.29,2057.64,2024-05-29
5995,145,North Carl,Dennisburgh,1347.0,7.8,1142.36,2024-05-01
5996,444,Port Laurashire,Lake Brian,1917.1,10.56,1587.78,2023-12-10
5997,64,Pattersonview,North Cynthia,461.3,20.06,703.0,2024-09-22
5998,209,Lake Kendrafort,North Billy,1258.6,12.88,1167.87,2024-07-08
5999,53,North Stephanieview,Johnsonmouth,980.7,6.63,694.5,2023-02-01
6000,217,West Brendafurt,Nicholsfurt,2036.6,21.17,3090.12,2023-05-25
6001,328,Christopherborough,Jasonburgh,124.7,1.25,12.69,2024-07-05
6002,9,Bartonhaven,Port Ashley,427.9,11.12,544.85,2023-04-16
6003,188,East Matthewborough,West Joseph,371.2,9.48,420.87,2023-05-22
6004,102,South Kendrachester,Kellyfort,1284.7,1.65,161.55,2024-02-27
6005,372,Edwardsborough,Sydneyburgh,1718.2,2.63,298.82,2024-09-08
6006,49,West Rodneyland,Port Diana,1605.3,3.16,430.14,2024-03-06
6007,293,Gabrielaview,Greenland,824.3,2.3,164.68,2023-08-18
6008,39,Johnsonhaven,Erikamouth,201.5,4.09,55.96,2023-03-01
6009,291,New Ericburgh,Lake Jennifer,562.5,15.18,610.79,2024-02-27
6010,375,Cynthiaport,Shawnport,700.1,18.03,1487.02,2024-06-11
6011,164,Aliciafurt,Kevinmouth,1876.1,6.13,1122.46,2024-02-21
6012,28,Gregorystad,Taylorshire,1751.3,24.7,3578.56,2023-03-04
6013,377,Davidton,Brownborough,832.3,12.05,903.5,2023-03-14
6014,295,West Jimmyside,South Richard,245.9,16.43,350.4,2024-09-05
6015,154,Wilsonberg,Lake Carolyn,1352.2,11.43,1577.27,2023-08-07
6016,170,Michaelberg,Jenniferville,2126.7,10.71,1481.34,2023-09-08
6017,452,South Gerald,Port Robertmouth,1001.4,3.95,262.86,2024-10-11
6018,344,North Sherry,Hoffmanbury,839.6,15.57,895.07,2023-12-09
6019,192,West Richard,Martinfort,1420.9,10.5,1743.18,2024-10-24
6020,125,New Darrell,Port Donnashire,1732.3,2.18,237.92,2023-09-24
6021,411,New Sarah,New Maryborough,2484.9,17.66,4797.75,2023-05-28
6022,4,Alexanderbury,Amandamouth,1841.0,14.01,1730.81,2024-11-17
6023,14,West Benjaminhaven,West Cliffordland,2024.0,3.41,434.76,2023-09-21
6024,98,Andersonhaven,Randallchester,1528.5,11.38,1164.25,2023-07-25
6025,358,South Sarahfurt,Lake Steven,2133.3,4.45,944.12,2023-05-06
6026,290,West Jerry,West Josephstad,1223.7,19.87,1442.56,2024-07-09
6027,96,Christopherview,Cooperton,2495.8,10.72,1822.96,2023-11-15
6028,391,Jordanborough,New Jose,2178.0,23.12,3653.34,2023-02-24
6029,494,Matthewtown,East Dianaberg,451.5,10.47,502.37,2023-09-09
6030,96,Anitaborough,East Teresastad,1177.5,15.82,1705.62,2023-02-27
6031,319,North Angela,North Wendy,682.8,11.54,900.56,2024-11-11
6032,445,Lake Sandra,Lake Benjamin,2336.0,4.83,1133.54,2024-06-28
6033,352,Nataliefort,Russellshire,878.5,4.38,229.2,2024-07-11
6034,1,Port Laurenfurt,Lake Amy,496.8,14.81,497.34,2023-12-07
6035,409,South Jasmine,Robertstown,209.9,15.8,218.74,2024-03-05
6036,493,New Sierrafort,Walkerport,479.2,7.69,219.93,2024-06-01
6037,269,Lopezstad,Lake Dariusland,777.5,16.84,1208.83,2024-03-26
6038,248,Martinborough,North Evanbury,415.9,15.59,687.15,2023-06-18
6039,432,South Jessica,Jordanbury,861.9,8.71,419.55,2023-07-16
6040,30,South Thomasmouth,Evanstown,708.4,9.21,735.75,2023-12-28
6041,354,West Zacharyburgh,North Christineview,2291.4,11.62,2144.71,2023-06-13
6042,114,Stephaniefort,North Pamela,1542.9,2.67,364.9,2024-12-07
6043,404,Lukebury,North Randy,354.6,1.09,41.85,2023-09-27
6044,95,Natashastad,Aaronfurt,746.6,6.9,500.42,2024-12-28
6045,399,Laurentown,Tammyborough,1945.0,11.38,2075.72,2024-10-01
6046,240,Brownburgh,New Wesley,418.8,4.08,139.19,2024-07-18
6047,372,New Edward,Walterhaven,584.9,23.54,1087.6,2024-08-30
6048,206,North Anthonymouth,New Maxwell,1290.3,24.04,3624.42,2024-03-25
6049,411,North Lee,Lake Wendy,2325.0,18.52,2238.18,2023-08-31
6050,122,Mirandaville,Calderonbury,1135.2,5.98,511.21,2023-03-22
6051,87,Smithburgh,Barrberg,977.2,1.83,166.32,2024-05-21
6052,148,North Nancystad,East Debraport,1578.6,20.11,1887.88,2024-11-27
6053,406,South Ashleybury,Wellsside,257.8,20.78,507.97,2024-09-16
6054,254,North Sarahhaven,Brendastad,1784.7,18.47,1953.39,2024-02-03
6055,243,Lake Michaelview,Port Kenneth,712.1,17.21,1357.86,2024-08-22
6056,233,Millston,Danielport,1964.7,9.8,1187.79,2024-08-11
6057,432,West Adamhaven,Freemanshire,1079.6,9.91,1228.44,2024-01-23
6058,21,Melanieland,Helenfurt,2318.6,20.93,2473.27,2024-08-12
6059,340,East Brittany,South Crystal,650.5,10.72,741.54,2024-04-18
6060,484,Lake Bryanside,Emilyport,2456.2,16.22,4205.87,2024-03-28
6061,211,Bradfordbury,North Kimberly,1038.7,23.92,1698.6,2024-06-26
6062,162,Thomasville,Curtismouth,1835.9,7.79,1163.4,2024-06-21
6063,268,Port Stephanie,Dillonfurt,1507.8,16.5,1607.68,2024-05-23
6064,293,Ramirezchester,Johnmouth,2317.0,24.54,5625.01,2024-01-16
6065,363,Mossmouth,Margaretborough,1714.5,18.97,3535.53,2023-08-06
6066,132,Garciaport,South Carlos,730.6,24.93,1917.4,2024-06-15
6067,302,North Susanhaven,Brianastad,1516.9,17.95,2175.75,2024-07-02
6068,8,West Chad,Wilsonhaven,1863.2,22.33,4450.54,2024-11-13
6069,107,Travisburgh,Richardbury,2173.6,15.33,3533.07,2024-01-19
6070,152,East Mark,North Melissatown,400.2,11.01,489.39,2023-07-31
6071,303,Lake David,Ashleyland,580.4,4.16,158.32,2023-05-09
6072,81,North Christopherberg,Port Christophermouth,680.3,10.14,408.05,2023-07-29
6073,274,Taylorside,West Glendashire,1810.6,15.06,3147.21,2024-09-22
6074,54,New Mollyview,East Kimberly,2023.7,2.79,624.98,2023-12-05
6075,117,Lake Carlos,Marcside,857.4,7.92,782.92,2023-02-13
6076,351,Melissafort,New Tanyafort,666.1,1.1,40.39,2023-04-30
6077,449,South Zachary,Shaneborough,1153.6,18.79,2582.49,2023-02-03
6078,498,Frankview,Lake Kyle,450.2,22.83,1101.43,2023-11-15
6079,154,East Paulville,Madisonport,1351.1,22.97,3591.76,2023-12-25
6080,175,Grahamberg,South Kimberlyburgh,472.9,22.35,999.73,2023-11-06
6081,252,Hernandezbury,Lake Sarahmouth,1024.3,12.07,1054.36,2024-03-20
6082,73,Mcmahonbury,Port Terri,207.3,13.32,234.93,2023-01-20
6083,330,Michaelshire,Bautistaton,2277.0,4.09,759.17,2024-08-09
6084,280,New Patricia,Lake Jameshaven,1387.8,12.59,1277.02,2024-03-02
6085,26,Pedrohaven,East Angelaview,2432.7,7.96,1494.06,2024-07-12
6086,358,South Zachary,Schwartzfurt,991.8,2.85,286.03,2023-01-02
6087,157,Christineport,Lake Nancyport,1822.2,14.81,2048.44,2024-03-04
6088,498,Greeneview,Stanleyland,1195.5,24.51,2694.65,2024-09-19
6089,348,South Cynthia,South Patricia,2181.1,7.5,845.97,2023-09-26
6090,138,Smithside,East Frances,845.2,11.28,772.89,2023-01-14
6091,348,Lake Allenburgh,Herrerachester,1440.1,20.12,1839.78,2023-04-24
6092,440,Crossside,Lake Joseph,1376.9,24.31,3680.03,2024-05-10
6093,62,Jamesberg,East Stephanie,2299.9,4.7,839.34,2023-09-01
6094,73,New Amy,Hansonborough,174.2,14.03,220.39,2023-04-04
6095,51,Loriborough,Lake Paula,1072.1,10.22,649.4,2024-09-09
6096,231,South Douglas,Jonathonview,1075.8,9.55,742.86,2023-06-26
6097,256,Atkinsonhaven,New Alicia,1726.7,10.75,1289.04,2023-02-25
6098,168,West Katherineshire,Amberburgh,1680.5,13.55,1773.88,2024-05-15
6099,52,East Gina,East Gregory,1891.4,9.6,1535.16,2024-06-04
6100,141,Rogerfurt,New Brandymouth,2478.4,5.13,1054.24,2024-12-30
6101,173,New Jasminehaven,Gonzalezville,64.0,2.26,12.54,2023-03-04
6102,439,South Sharon,Jenniferburgh,1326.5,20.42,2887.08,2023-07-06
6103,213,Melvinstad,Jonathanberg,375.3,17.4,489.89,2023-03-04
6104,90,Johnsonton,Veronicafort,987.4,7.13,404.5,2023-04-30
6105,395,Kelseyburgh,Lake Matthew,2234.8,21.68,3304.36,2024-09-15
6106,3,Gonzalezborough,Kingstad,1305.1,15.68,2359.63,2024-06-14
6107,271,New Jasonmouth,Melanieberg,402.1,21.35,550.46,2024-05-18
6108,263,Port Rebeccaton,Hopkinsside,1046.0,13.83,1154.49,2024-07-24
6109,445,Lake Stephaniefort,South Julie,1950.1,21.08,4416.69,2023-07-11
6110,126,Hodgeshaven,Bonniemouth,152.6,2.52,19.76,2023-10-24
6111,415,Friedmanmouth,Pittmanbury,1050.1,2.09,205.33,2024-12-03
6112,330,Wendyhaven,South Katie,2344.7,4.69,713.15,2023-06-30
6113,171,East Johnshire,Kimberlyton,1057.5,5.16,577.38,2024-04-03
6114,115,Wheelerport,Jamesville,1841.7,13.97,2611.75,2023-09-11
6115,383,South Sheila,East Juliaton,124.5,15.61,215.89,2024-04-20
6116,299,Mooreside,New Laurenstad,219.4,7.46,148.1,2023-12-25
6117,244,West Diane,Murphyville,1936.9,16.31,3400.98,2023-05-03
6118,459,Moranmouth,North Christian,1511.1,21.83,3772.12,2024-11-06
6119,173,North Danielmouth,Masonfurt,1460.8,12.69,2017.79,2024-10-23
6120,186,Brennanfort,West Daniel,2475.6,14.33,2045.73,2023-12-20
6121,163,Chavezport,Jorgehaven,1003.6,7.49,382.78,2024-11-22
6122,395,Port Jennaville,Freemanfort,2290.2,12.14,2078.99,2024-03-13
6123,261,East Andrewburgh,Traceyshire,975.2,17.59,1216.9,2024-02-08
6124,328,East Emily,North Annbury,2435.5,1.34,236.71,2024-10-21
6125,10,New Timothyville,Jasminetown,1615.9,6.35,693.49,2023-08-24
6126,281,New Colleen,Port Maryhaven,2226.3,15.03,3143.88,2024-09-20
6127,87,East Karenview,North Margaret,160.6,16.79,216.4,2024-10-26
6128,447,Fitzgeraldville,Lake Ashley,1807.2,7.02,765.0,2023-07-13
6129,47,Port Kimberlyside,Port Christinafort,2031.4,2.06,277.56,2024-09-10
6130,72,Annetteshire,Perezburgh,916.7,13.73,1488.29,2024-06-29
6131,9,Port Martha,New Brittanyhaven,863.7,7.73,727.11,2024-05-13
6132,117,Clarkshire,Lake Benjaminburgh,1198.2,21.27,1548.25,2023-07-02
6133,242,Stephaniemouth,Lozanoton,286.1,18.86,520.96,2023-01-25
6134,188,New Bryce,Rileyshire,750.0,11.48,649.02,2024-08-19
6135,263,Amyfort,South Deborahside,2391.4,3.73,638.79,2024-08-09
6136,352,Bradfordview,Marciashire,2253.4,18.71,5039.94,2024-08-05
6137,268,New Michaelton,West Joseburgh,1330.6,4.82,322.33,2023-02-19
6138,403,West Matthew,Perezville,1898.8,4.1,719.7,2023-12-09
6139,413,New Troymouth,Gregorybury,1621.4,21.97,3517.45,2024-01-27
6140,126,East Danielle,Penningtonburgh,2347.0,3.54,659.85,2023-01-13
6141,220,Ericstad,South Kimberly,1634.4,6.27,1208.97,2024-01-12
6142,193,East Cesar,Lake Josephport,126.3,16.43,208.71,2024-07-20
6143,216,Reyesbury,South Steven,1805.3,19.16,2130.79,2023-02-22
6144,51,Lauramouth,South Scott,2104.7,8.02,1454.1,2024-08-11
6145,197,Richardstad,Lake Sara,2130.8,11.64,2455.09,2023-03-27
6146,495,Daniellemouth,Peggyton,1037.0,21.24,1430.68,2023-11-03
6147,416,Sparksbury,Hannahside,1623.5,17.35,2140.95,2024-04-21
6148,240,Davisport,Kramerberg,1347.6,22.44,3130.0,2023-12-06
6149,454,Port Tylerborough,Mackmouth,1375.2,4.59,659.78,2024-03-14
6150,160,New Reneeland,North Anthonyfort,984.6,9.68,703.31,2023-07-07
6151,478,North Victoria,Lake Ricky,1065.1,14.17,1637.81,2024-02-24
6152,372,Chadside,Sheltonton,1080.0,4.67,299.32,2024-01-06
6153,320,East Louis,New Jamesberg,403.8,16.69,393.13,2023-06-11
6154,453,Kaufmanview,Morganview,1281.3,14.9,2265.17,2023-05-05
6155,29,Jessicaport,Rhondaburgh,469.6,12.32,624.41,2024-05-27
6156,220,Fletcherburgh,Justinmouth,138.0,20.5,292.53,2023-12-11
6157,278,Nielsenland,Collinschester,825.1,7.55,660.09,2024-09-26
6158,283,Grantmouth,Davidtown,1587.8,11.75,1809.26,2024-12-19
6159,166,Martinezfort,Lynchside,737.4,12.18,729.87,2024-06-12
6160,216,East Shawn,Port Annmouth,1773.0,2.69,502.57,2024-11-05
6161,40,North Amy,Elliottland,1266.2,8.53,988.63,2024-07-13
6162,320,East Staceyburgh,Robinsonside,2472.6,22.08,4811.2,2023-05-18
6163,237,Ryanland,East Susanfurt,1729.5,21.23,3760.82,2023-03-28
6164,253,Lake Mark,New Jamesmouth,1309.8,9.47,676.46,2023-05-14
6165,262,Port Tammy,Kellyfort,1526.2,14.39,1563.15,2023-11-22
6166,86,Port Amber,Anthonyville,2469.5,19.29,4473.23,2024-06-06
6167,282,West Nina,North Bradley,1042.2,14.2,1263.66,2024-11-04
6168,441,North Anna,New Ericville,1303.7,10.86,1228.34,2023-07-10
6169,41,Timothyfurt,Jordanmouth,431.1,1.41,50.77,2023-04-30
6170,93,North James,South Gavinview,419.8,15.25,625.39,2024-02-03
6171,15,South Michael,South Robert,330.6,16.16,516.9,2023-02-08
6172,450,Alyssaport,Lake Caitlinfurt,1598.5,9.01,809.06,2024-11-22
6173,332,New Kellymouth,New Erichaven,2027.8,3.39,790.45,2024-01-20
6174,336,Victoriachester,Johnhaven,1983.3,13.55,2071.63,2024-07-14
6175,418,New Josestad,Ryanstad,1971.1,3.36,686.74,2023-09-18
6176,469,Lake Johnny,North Marystad,2030.6,16.57,2832.81,2024-05-07
6177,306,New Shawn,Martinmouth,1034.4,18.17,2057.81,2024-11-02
6178,68,Brandonburgh,Christinaville,139.8,3.84,43.93,2024-01-03
6179,74,Port Jack,Jacksonview,587.6,19.7,1056.44,2024-05-29
6180,141,Ericashire,Sarahtown,999.7,15.56,1029.26,2024-11-14
6181,224,South Barbaraside,West John,2268.0,13.27,3463.45,2023-07-12
6182,24,Rasmussenberg,New Nicholas,1670.3,15.58,2128.4,2023-11-29
6183,168,Meyershire,South Luisland,644.4,8.59,439.79,2024-06-02
6184,401,New Adam,Whitefort,1177.6,15.74,2045.53,2023-11-13
6185,174,Alexandershire,South Jasonberg,1837.5,6.41,1392.31,2024-04-27
6186,227,South Peterside,East Ricardoport,918.1,11.71,1139.88,2023-05-12
6187,413,Kevintown,New Christopher,628.5,3.44,133.95,2024-05-07
6188,169,Patricktown,Julieview,1662.6,22.12,2096.66,2024-04-19
6189,163,Chadview,Port David,883.6,2.02,194.71,2024-03-11
6190,330,Jenniferton,East Mary,1127.9,22.72,1922.54,2023-06-23
6191,450,Ravenland,Mejiahaven,279.4,12.48,321.65,2023-07-01
6192,144,Lopezbury,West Amberfurt,1860.9,13.4,2487.71,2024-05-08
6193,276,Smithview,West Ellen,695.3,8.47,699.22,2023-01-26
6194,158,Brooksborough,South Ethanland,562.6,24.32,982.34,2023-03-23
6195,360,New Emilyview,Randyland,2225.0,23.82,5066.65,2024-11-14
6196,332,Seanshire,Garciaburgh,300.9,4.66,92.37,2024-08-09
6197,275,Brendanside,Wardmouth,1993.5,21.42,2728.22,2023-11-24
6198,202,Jamesfort,Gamblehaven,2476.7,3.73,867.87,2024-01-28
6199,381,South Jenniferhaven,New Richardland,2056.9,19.63,3719.6,2024-10-13
6200,231,Mitchellport,Leeburgh,141.8,16.33,258.15,2023-03-23
6201,73,Bowmanhaven,Kellymouth,1563.9,13.91,2418.15,2023-03-06
6202,322,Mcleanmouth,South Bernardmouth,618.7,24.36,1602.12,2023-08-10
6203,211,Andreahaven,West Amber,704.2,11.23,557.01,2024-07-26
6204,469,Campbellbury,Port Steven,2442.0,14.79,2547.75,2023-10-17
6205,372,Christopherland,Ronaldberg,1915.1,6.57,1309.19,2023-10-11
6206,34,Williamsland,Lisafurt,2147.8,23.89,5490.69,2024-01-03
6207,246,Moralesshire,New Brianstad,1108.4,23.5,2420.35,2023-05-06
6208,445,Benitezshire,North Brandon,585.6,12.97,731.67,2023-04-08
6209,232,Raymondville,Ballview,341.6,14.98,434.32,2023-09-11
6210,343,Williamsfurt,Anneborough,1780.7,4.84,979.94,2024-12-25
6211,202,East Todd,Heatherside,410.9,11.54,271.76,2024-10-31
6212,20,Lake Laurie,Lake Christopher,2406.2,19.58,3042.89,2023-06-13
6213,189,Lake Eric,Williamshire,384.9,20.92,589.41,2024-03-27
6214,421,New Laurie,Lake Alan,2308.3,16.89,3702.9,2024-06-16
6215,438,Jordanmouth,West Vincent,605.6,5.2,177.4,2024-12-28
6216,321,North Ashleytown,Port Amanda,2482.0,9.95,2185.57,2023-12-15
6217,409,North Andrewburgh,Rossland,1860.2,13.9,2348.2,2023-03-06
6218,154,New Jenniferfurt,Kyleshire,1003.2,23.72,2706.23,2023-12-29
6219,131,South Teresaberg,Nealchester,764.5,10.22,648.23,2024-11-24
6220,324,East Michelleport,West Bryan,1002.5,18.45,1371.98,2023-09-26
6221,472,East Lisa,West Suestad,1452.1,14.07,1951.6,2023-03-08
6222,476,Murphyshire,South Charles,1586.4,7.43,1358.24,2023-06-07
6223,173,Linfurt,South Garyberg,1543.9,11.19,1398.28,2024-04-05
6224,263,East Alyssa,Port Elizabethfort,82.2,4.88,24.71,2024-04-15
6225,331,North Samuelport,Randyside,1677.8,10.71,1592.56,2024-11-16
6226,117,Vickifurt,Autumnfort,2093.6,7.88,1977.9,2023-06-21
6227,246,Albertside,North Sarah,1980.0,8.2,1122.59,2024-07-31
6228,131,North Melissa,West Carmen,997.2,22.34,2213.63,2023-06-09
6229,231,North Mary,Charlestown,2052.4,5.88,1014.68,2023-10-21
6230,415,South Michael,Danielview,755.1,18.66,831.21,2024-10-14
6231,341,Nealhaven,East Chelsea,1811.5,4.01,569.18,2024-03-11
6232,479,Lake David,Johnsonhaven,1610.5,6.79,700.84,2023-12-19
6233,325,Lewisstad,Sandratown,120.2,4.64,65.43,2023-08-14
6234,372,North Diane,West Sandrashire,902.3,23.39,1098.92,2023-02-22
6235,60,Davidborough,Barbarabury,1632.2,10.23,1792.33,2024-07-09
6236,236,Port Ashleystad,Ashleyfort,1416.7,5.53,598.53,2023-01-06
6237,212,Latashaport,Michaelshire,351.6,18.91,793.17,2023-02-15
6238,161,West Lawrenceland,East Benjaminborough,1117.0,2.87,191.61,2024-03-16
6239,416,Smithmouth,East Marychester,1879.2,22.97,2997.91,2024-01-27
6240,430,Sherriland,North Linda,2377.8,1.77,444.19,2023-01-18
6241,138,West Richardfort,Gomezland,363.6,17.32,746.38,2023-01-05
6242,107,New Justinchester,Kevinstad,1553.6,14.06,1202.84,2023-02-01
6243,457,Jasminehaven,Hessburgh,1826.7,24.33,3944.85,2024-06-10
6244,49,Lake Dawnview,Lindsaymouth,1081.4,9.59,1056.0,2023-05-09
6245,77,West Tabithafurt,Lewisberg,1212.2,11.86,791.46,2023-03-10
6246,141,Lake Mikayla,Websterton,1607.4,7.63,959.72,2024-04-26
6247,398,Port Noahhaven,Thomasbury,769.7,15.8,787.93,2023-12-28
6248,203,New Cynthia,Christopherstad,2152.9,2.5,383.66,2023-09-17
6249,445,North Kevin,Johnsonport,2274.5,11.42,1857.25,2024-05-08
6250,197,Lake Adrian,Myersmouth,2032.1,20.53,2407.31,2024-02-09
6251,35,East Michael,New Eric,653.5,19.04,952.77,2024-11-10
6252,464,Jasonbury,Lake Lori,1440.6,19.78,2136.26,2024-10-16
6253,183,Port David,South Monicaborough,1625.0,22.45,3442.35,2024-08-15
6254,351,South Joe,East Melody,1477.5,4.79,444.38,2023-08-25
6255,48,Paulachester,Rogerstad,1124.7,21.42,1647.58,2023-02-25
6256,440,East Alyssamouth,Rachelland,781.6,2.08,105.91,2024-12-21
6257,2,Heatherton,New Troy,2423.4,23.06,4936.21,2024-02-25
6258,33,Port Racheltown,Katelynborough,2433.4,18.83,3364.02,2024-10-18
6259,401,West Kathrynshire,Port Beverlybury,1835.1,24.49,4863.67,2023-06-19
6260,131,Blakeshire,Terryton,2422.9,19.71,5481.13,2024-09-28
6261,274,Wileyfurt,Elizabethfurt,2193.8,10.58,1389.09,2024-07-20
6262,241,Adrienneport,East Michael,2281.0,6.49,741.01,2023-10-18
6263,474,Gonzaleshaven,Taylorstad,1899.8,23.96,2486.59,2024-10-21
6264,43,Skinnerport,Tanyashire,934.9,10.07,957.69,2024-06-22
6265,102,Snydertown,New Jasonstad,965.8,12.57,1100.11,2023-05-17
6266,401,Summersport,Devinburgh,414.6,3.23,91.4,2023-04-12
6267,422,North Roger,New Susanstad,1491.5,13.62,1679.15,2024-08-15
6268,5,New Laura,Chelseamouth,826.2,2.52,231.6,2023-05-16
6269,226,Huntertown,Lake Louis,759.3,15.0,797.03,2023-02-28
6270,100,Colebury,East Jonport,1264.1,11.45,819.7,2024-11-15
6271,27,New Patrick,South Dwayne,176.8,13.68,184.25,2024-04-02
6272,495,South Matthewstad,East Jessica,196.4,18.35,315.4,2023-06-27
6273,167,Robertamouth,Robinsonchester,645.9,8.49,497.7,2023-06-05
6274,247,Williammouth,Esparzaport,275.6,2.56,46.58,2023-09-06
6275,410,Gatesshire,West Ericaside,1360.4,5.1,397.35,2024-12-18
6276,234,Robinsontown,Lake Travis,86.2,20.16,96.33,2024-03-18
6277,269,Yvonneville,Elizabethport,288.4,15.76,356.24,2024-02-01
6278,233,New Alexandria,South Amanda,834.2,8.23,502.19,2024-05-10
6279,429,New Andrewmouth,West Randyville,2105.4,10.76,2001.58,2023-11-15
6280,337,Staceystad,Lindaton,55.6,21.73,129.93,2024-12-23
6281,191,Lindsayside,New Adrianafurt,534.9,23.19,1246.69,2024-01-19
6282,7,North Nathanhaven,North Tonyhaven,2358.1,5.3,1274.95,2024-11-18
6283,95,New Stephen,Port Christianburgh,1040.4,2.27,150.36,2023-12-07
6284,332,Hunterville,Katherineburgh,2399.4,11.36,2002.5,2024-11-16
6285,346,Jacobfurt,West Danielleland,1743.9,9.04,1555.62,2024-05-18
6286,380,South Colleenfort,Bishopmouth,849.8,20.94,1099.26,2024-08-27
6287,207,West Kathryn,Walterberg,284.2,7.94,137.06,2023-07-26
6288,132,New Loriport,Millertown,1051.7,1.88,142.46,2024-07-24
6289,49,Lake John,Mccarthyton,833.4,15.13,755.51,2024-06-21
6290,106,Harringtonberg,Stephaniestad,2458.6,10.64,2942.91,2024-09-25
6291,437,North Shawna,Port Austin,2129.6,13.46,1691.51,2024-04-29
6292,119,Williamshire,West Robertview,384.7,1.9,87.26,2023-06-07
6293,91,North Scott,Lake Brianview,2179.2,15.09,2068.19,2024-09-13
6294,49,Clarkland,New Heathermouth,165.6,10.07,159.84,2024-10-14
6295,436,Lake Carlside,Nicholsborough,2404.2,18.74,4641.79,2024-11-07
6296,158,Lake Luisport,Christineville,235.0,19.2,306.46,2023-09-29
6297,329,East Teresaberg,Kellymouth,562.2,14.82,528.83,2024-03-01
6298,499,Leeville,West Denise,477.1,5.36,195.68,2023-01-03
6299,307,West Joshuatown,Villanuevachester,336.0,6.15,138.51,2024-09-14
6300,146,Rodriguezside,Holtshire,672.7,20.98,1112.41,2023-07-17
6301,205,South Amy,East Christophermouth,866.5,6.2,338.44,2023-07-29
6302,220,Port Christina,Port Taylorberg,781.1,20.3,1469.23,2024-12-03
6303,221,Port Margaretside,Jessicastad,1993.0,5.16,934.35,2024-08-29
6304,374,Markport,East Davidmouth,1102.0,7.42,835.51,2024-06-01
6305,385,Krausetown,North Angela,2035.1,23.82,3263.71,2024-07-13
6306,444,Toddfort,West Gregory,1161.9,17.08,1860.63,2023-02-12
6307,327,Port Jessica,Jonathanview,2061.3,7.64,1418.92,2024-04-03
6308,119,Lake Lindaton,Alexanderport,1581.5,5.26,690.72,2023-09-30
6309,353,North Jessica,Port Katherineside,922.7,21.04,1095.86,2024-05-12
6310,190,South Jasonview,Jamesfort,485.0,10.21,580.29,2023-05-30
6311,250,Lake Ellenview,West Sean,2044.5,14.51,1621.04,2023-03-21
6312,404,Whitneyburgh,South Tonya,1921.9,10.36,1215.35,2024-07-18
6313,470,Lake Jonathan,Martinezport,653.4,16.35,579.46,2023-09-20
6314,401,Meyerhaven,East Evan,1070.6,8.2,602.78,2024-02-10
6315,298,West Anthony,South Sarah,2481.9,6.26,1216.56,2023-09-16
6316,399,Bowmantown,East April,1760.0,4.82,945.63,2023-07-23
6317,223,East Sarahtown,Allisonfort,2481.5,7.5,1926.78,2024-01-18
6318,288,Chandlerberg,East Kristina,1813.2,17.01,2272.0,2024-11-14
6319,66,Lake Rebecca,Lake Kevinberg,1472.4,17.55,2966.9,2024-10-21
6320,455,Deanton,East Erica,1916.6,22.14,3834.34,2023-06-16
6321,450,Davidsonside,Nathanborough,880.8,7.0,433.28,2024-02-28
6322,473,Port Brianville,Elizabethchester,2281.4,19.12,3366.53,2023-10-06
6323,42,South Nicholas,Danielleborough,1501.4,8.15,901.98,2023-07-06
6324,479,Williamport,New Barbaraside,433.8,11.98,494.44,2023-11-13
6325,477,Melissaville,Lake Dawn,1075.0,5.72,576.6,2024-06-23
6326,147,Lauriemouth,Lake Evan,600.3,7.51,522.11,2023-08-29
6327,127,Crawfordfort,Bonnieberg,1056.5,8.88,961.02,2023-10-30
6328,202,North Wesley,Rodriguezchester,1688.5,1.63,288.81,2024-02-25
6329,303,East Lisa,Port William,1840.3,4.53,746.83,2023-11-07
6330,389,North Matthewville,Dixonport,1615.3,15.78,2616.33,2023-01-27
6331,182,Bryantstad,Elizabethville,1388.6,16.77,1841.28,2024-04-15
6332,52,Nicolechester,Dawnfort,2158.1,17.17,3149.88,2023-02-24
6333,356,Codyburgh,Olsonview,1014.4,19.76,1922.36,2023-11-05
6334,413,South Michaelbury,Craighaven,1181.7,1.7,103.7,2024-04-08
6335,354,Sharonchester,Port Annette,560.1,4.14,125.51,2023-07-12
6336,49,Elizabethmouth,Singletonville,456.8,20.92,480.53,2023-06-21
6337,491,East Janet,Port Brian,721.0,15.73,1213.71,2023-09-17
6338,72,Tonyton,Ashleymouth,1407.0,18.08,2261.88,2024-09-30
6339,68,Elizabethchester,East Joshuaside,997.2,7.6,489.29,2023-11-14
6340,101,East Kim,Jonathanport,2449.1,24.5,4672.8,2024-06-14
6341,204,Lindseyfurt,New Brenda,1500.8,8.15,1273.65,2023-10-24
6342,384,Port Christina,Dawnbury,500.7,16.42,893.54,2023-10-16
6343,432,Sosamouth,New Brandon,1466.5,20.95,1889.82,2024-12-20
6344,470,North Kathleen,Lake Peterhaven,1771.2,9.27,1286.96,2024-12-26
6345,384,Norrisview,Warrenchester,2049.1,15.35,2585.51,2023-11-24
6346,461,Gonzaleztown,Brownland,2330.3,21.65,4601.34,2024-10-09
6347,135,Williamsonview,Lake Amyberg,786.4,6.17,521.34,2023-03-17
6348,57,Mcmahonland,Parksville,1288.8,16.96,2612.98,2023-11-02
6349,368,Lake Ashley,Adamstown,494.7,10.93,615.18,2023-09-24
6350,232,Chrisland,Jenniferside,765.7,12.04,861.33,2023-09-30
6351,282,Dianeville,South Keithfurt,2474.5,1.61,389.37,2024-05-06
6352,17,Davidmouth,Anthonystad,599.3,8.89,490.19,2023-03-04
6353,403,Port Garrett,Melissahaven,307.0,10.35,196.64,2023-03-05
6354,368,Lake Steve,North Juliastad,1944.7,1.66,252.11,2024-03-15
6355,18,Jeffreyland,North Anthonyshire,654.9,15.44,1023.27,2023-12-18
6356,140,West Richard,Port Tabithaside,1915.5,2.95,372.1,2024-12-22
6357,215,Jordanshire,Santanafurt,2431.6,6.17,1713.86,2024-05-01
6358,352,North Denise,New Charlesside,2091.4,16.76,2255.88,2024-08-24
6359,423,Ramoston,Sarahberg,720.4,20.07,1007.77,2023-12-04
6360,373,Margaretmouth,East Marcoton,1430.2,20.13,1974.16,2024-07-26
6361,308,Nelsonhaven,East Melissa,202.1,2.71,44.03,2024-10-06
6362,279,Lindseyhaven,Rossland,580.4,2.77,108.64,2024-03-17
6363,297,Campbellhaven,Charlesburgh,273.3,10.61,342.96,2024-02-22
6364,396,East Juan,Johnsonborough,1653.4,15.17,2408.85,2023-03-04
6365,473,Williamsfurt,South Douglas,111.0,21.36,227.45,2024-08-11
6366,288,South Joseph,South Christopher,445.8,22.88,617.47,2023-09-17
6367,61,Brownmouth,Garciachester,2085.4,11.01,1818.21,2023-07-10
6368,494,Tylerstad,Williamton,1040.3,14.06,765.1,2023-05-06
6369,150,New Ryanchester,West Nicholasview,227.3,15.9,190.71,2024-07-27
6370,133,Port Latasha,Richardton,403.7,23.91,1002.69,2024-02-04
6371,284,Drakehaven,Angelachester,1279.8,18.83,1760.14,2023-04-06
6372,164,Rosemouth,Lake Derrick,689.8,4.74,177.2,2023-12-20
6373,290,Mirandaborough,North Jeremy,533.8,11.21,590.46,2024-04-25
6374,476,Port Cherylshire,East Nicholas,2461.7,3.31,885.01,2023-10-31
6375,31,Port Amber,Joycestad,1499.6,5.93,782.98,2023-01-17
6376,360,Kochport,Port Teresa,245.6,19.89,278.06,2024-07-14
6377,449,Port Phillip,South Jill,2215.2,19.98,2572.39,2024-07-28
6378,159,South Christopher,New Ryanside,381.3,17.93,620.83,2023-01-07
6379,156,South Justinfurt,Lake Dwayneview,2319.2,20.61,5723.66,2024-11-14
6380,497,Morganmouth,Stewartfurt,2270.2,17.06,1948.16,2024-10-11
6381,149,Curryborough,Leeside,2335.5,14.34,3210.6,2023-06-21
6382,436,East Sabrinaberg,East Jason,275.4,4.18,100.56,2024-06-02
6383,479,Tammyburgh,North Jerryshire,1598.4,8.61,1563.45,2023-02-15
6384,497,North Kevin,Hartborough,1758.1,19.54,3178.71,2024-03-02
6385,195,Port Christopherbury,West Kelsey,1118.5,21.38,1812.53,2024-01-23
6386,123,Lake Troy,Ericksonstad,771.7,11.29,804.72,2024-10-09
6387,327,North Guyberg,New Eric,1407.6,24.14,1788.19,2024-04-08
6388,195,East Jasontown,Manuelfort,1273.3,15.75,1158.83,2023-01-19
6389,128,Jenniferside,Brandonfort,349.2,14.86,363.44,2024-11-16
6390,25,Carolynland,East Cassandraside,1621.5,3.86,437.36,2024-07-02
6391,112,Port Tonya,Goodmanbury,236.5,6.7,181.28,2023-04-15
6392,495,Port Ryan,North John,862.2,10.86,903.04,2024-02-29
6393,130,Lake Ginabury,Port Joe,1671.6,10.32,1353.44,2023-01-11
6394,90,Burgessborough,Joneston,2044.7,9.09,2228.2,2023-12-03
6395,39,Nunezland,Nicolechester,1906.3,12.92,1769.18,2023-08-09
6396,369,Amandahaven,Lake Charlesfurt,54.9,16.19,62.05,2023-03-09
6397,278,Dorisberg,East Sarah,2031.4,23.42,3932.49,2024-06-27
6398,469,Paulshire,Jenniferhaven,1513.2,15.73,2057.54,2023-02-19
6399,260,Lake Debra,North Rebeccaton,2279.1,11.22,2360.65,2024-03-27
6400,30,North Timothybury,Lake Lauren,1447.0,23.79,2253.52,2024-06-12
6401,359,Evansmouth,Port Austin,125.0,3.54,52.8,2024-05-22
6402,340,Josephtown,West Kathleen,1839.6,11.38,1556.51,2024-04-30
6403,259,Edwardbury,Carterview,2296.7,6.0,1040.19,2023-07-29
6404,230,Christopherfort,Anafort,775.8,4.5,416.62,2024-04-09
6405,207,Williamsborough,New Ellen,1613.5,3.07,301.79,2024-08-04
6406,14,North Carriestad,Durhamland,376.5,16.68,492.08,2023-05-28
6407,340,Danielleshire,Hammondburgh,684.5,21.98,1254.01,2023-01-09
6408,472,West Rachel,Lake Julieberg,154.9,8.06,149.73,2024-12-22
6409,420,Drewton,Catherinefurt,722.4,21.13,768.66,2024-10-22
6410,441,North Sallyburgh,Francoport,976.3,16.56,1895.99,2023-06-07
6411,228,New Taylormouth,Flowersside,491.1,1.97,95.81,2023-08-07
6412,496,Millerfort,Schultzmouth,1956.2,3.46,340.86,2024-04-19
6413,307,New Susan,Lake Misty,1613.5,20.51,2602.51,2024-06-29
6414,389,Port Brenda,Lauraside,194.5,7.53,172.88,2023-08-23
6415,242,North Stacyport,North Jenniferhaven,295.7,4.25,75.22,2024-05-03
6416,63,West Samantha,East Brandon,1048.7,5.61,590.72,2024-07-19
6417,118,North Timothyside,Port Mary,910.4,20.03,1117.71,2023-09-25
6418,80,West Paigehaven,North Kylechester,399.9,4.55,113.27,2024-11-27
6419,444,Joshuashire,West Meganhaven,745.6,13.87,858.06,2023-01-20
6420,303,Dominiqueland,Goodmantown,431.1,5.62,290.72,2023-08-22
6421,20,Davidton,Timothytown,1509.0,1.77,184.57,2024-12-11
6422,411,Hansenmouth,Sarahfurt,1829.4,14.3,2136.42,2024-11-22
6423,361,East Monica,Kennethbury,333.8,9.95,347.82,2023-06-24
6424,423,West Andrea,Port Gregoryland,332.9,6.91,222.42,2023-06-29
6425,496,South Kaitlin,North Donaldborough,2139.8,19.58,2664.53,2023-02-16
6426,393,East Mark,South Gordonport,1960.4,11.63,1372.37,2023-09-04
6427,4,Lake Lisastad,Merritthaven,1625.7,15.21,2834.88,2024-06-03
6428,359,East William,Farrellview,1989.3,11.48,1329.95,2024-12-30
6429,21,Garciabury,Marybury,2343.2,9.63,1901.24,2023-03-16
6430,66,Brendaville,Port Kyle,1517.0,12.14,1230.55,2024-09-20
6431,459,Shaunport,Simsbury,2320.3,1.41,180.25,2023-09-26
6432,365,North Joseph,East Rachelton,785.2,15.93,1422.22,2023-06-02
6433,171,Amyland,West Elainestad,2360.9,6.82,892.08,2024-06-01
6434,390,Aaronchester,New Edwin,2185.4,4.03,910.2,2023-07-03
6435,241,Lake Karaview,New Dianaview,2270.7,23.32,3621.15,2024-10-13
6436,453,South Sarah,East Carlos,1411.4,20.2,1999.96,2024-08-23
6437,329,Lake Alyssa,Matthewside,1590.6,14.21,1407.45,2024-09-24
6438,12,Port Ericberg,Lake Amandastad,1299.4,14.33,1726.43,2023-09-22
6439,468,Karlashire,South Brooke,994.5,19.14,1614.92,2023-05-28
6440,117,Port Jack,Randyland,1420.2,18.05,1326.48,2023-02-20
6441,75,Lake Mike,West Ryanburgh,1188.4,15.04,1038.07,2024-02-29
6442,464,Lake Josephmouth,West Andrew,288.5,20.77,559.9,2023-02-04
6443,123,Kramerchester,North Jillside,1810.9,7.01,1450.21,2023-12-16
6444,164,Port Daniel,Trujilloport,2063.9,10.66,1986.7,2024-07-17
6445,469,Harrisville,Michaelbury,2045.1,14.26,3413.47,2024-10-08
6446,358,Shieldsmouth,North Troy,1257.8,9.93,1124.74,2024-10-22
6447,295,Port Tracey,Garciaburgh,1932.0,14.07,1888.64,2023-09-12
6448,494,West Yvette,North Dennisshire,2242.2,1.02,181.45,2024-12-27
6449,184,Combsmouth,New Jeremyton,1103.3,16.3,1767.14,2023-06-03
6450,220,East Dustinfort,Alexanderhaven,2240.0,13.48,3202.81,2024-05-11
6451,170,Watsonfort,Mollybury,86.2,2.6,11.97,2024-04-04
6452,140,Lake Annton,Port Ryan,1079.9,6.77,597.04,2023-09-27
6453,163,Lake Kevinberg,Charlesbury,959.6,22.45,1202.31,2023-05-21
6454,215,Nancyfort,Santosburgh,402.6,10.94,505.85,2024-11-23
6455,283,Salazarborough,North Michael,1676.5,2.66,406.45,2024-01-12
6456,263,Port Theresastad,Smithview,193.5,9.59,175.27,2024-10-05
6457,315,Michelleborough,North Keith,736.9,12.49,716.92,2024-09-23
6458,138,Angelastad,Lake Paul,443.8,15.71,542.74,2023-07-14
6459,466,Kellybury,Knoxborough,788.2,19.57,1309.94,2024-01-01
6460,273,Crystaltown,New Andrew,491.9,20.26,1064.47,2023-03-28
6461,462,New Danieltown,New Christopher,740.9,5.42,409.91,2023-01-16
6462,393,Alexanderstad,Terrimouth,663.8,6.1,347.66,2023-04-01
6463,158,Jacksonchester,West William,128.2,2.92,37.31,2024-02-22
6464,448,Jimton,Jasonview,321.0,8.94,193.02,2024-07-28
6465,162,Comptonstad,Port Zacharybury,1025.9,3.59,321.97,2024-12-24
6466,15,New Cynthia,South Christophermouth,1173.4,21.3,2273.08,2024-03-06
6467,194,New Nicolehaven,South Jeremiahberg,991.2,21.02,1863.0,2024-05-22
6468,32,Martinezfurt,West Matthew,86.6,7.66,50.3,2024-12-07
6469,74,Ryanhaven,Lewisside,635.9,19.31,804.46,2023-04-21
6470,184,North Jason,East Alicia,1570.4,9.11,1315.97,2023-12-11
6471,328,Port David,West Chelseabury,494.1,6.33,174.46,2024-08-16
6472,116,South Tammy,Anthonyfurt,1367.7,20.45,2427.06,2024-11-11
6473,310,Andreaburgh,Michaelton,162.9,1.49,26.21,2023-10-01
6474,317,Lake Jessica,North Williamhaven,1116.0,5.41,674.53,2023-05-09
6475,152,Jennifertown,Julieland,1520.2,11.62,1005.91,2023-10-03
6476,14,Lake Zachary,South Jeremiah,2380.6,15.41,3963.65,2023-07-16
6477,394,Rebeccaton,Dianefort,790.0,10.77,747.97,2024-05-08
6478,303,Lake Jamesberg,Katherinechester,483.2,3.86,182.63,2023-03-12
6479,244,Lake Justinchester,East Jayview,481.4,10.75,477.6,2023-04-27
6480,65,Port Jennifer,Brownmouth,2153.2,21.02,3518.31,2023-12-07
6481,63,Karifurt,West Crystal,2057.5,19.04,4621.94,2023-09-08
6482,155,Dannystad,Spenceville,2105.6,15.07,2697.42,2023-04-03
6483,95,Lake Shannonview,East Karen,1352.5,23.5,2386.34,2024-03-09
6484,25,New Maureen,Wardside,420.5,11.03,449.9,2024-05-16
6485,192,Jacquelineview,New Aaronburgh,310.3,6.74,140.22,2024-05-07
6486,310,Ramirezmouth,Nathanstad,1566.5,12.75,1679.82,2024-08-19
6487,363,West Andrew,Harrellbury,201.4,2.4,24.9,2024-10-27
6488,75,South Keith,West Katelyn,1475.3,9.2,773.12,2024-01-04
6489,347,Rodriguezville,Phillipton,501.3,9.17,460.1,2023-06-29
6490,189,Lake Michellemouth,Port Andrew,737.9,12.81,812.81,2024-01-23
6491,231,Robinsonbury,North Gregorystad,917.0,15.39,708.06,2023-05-14
6492,117,Sherrifort,Thomasport,1469.4,15.92,2640.97,2024-06-18
6493,412,South Phillip,West Sonya,51.2,20.05,76.06,2024-04-13
6494,493,Smithbury,Brandonhaven,2444.7,4.28,694.8,2023-03-19
6495,401,Ballardtown,Port Mary,993.4,16.06,1317.53,2024-04-04
6496,149,West Renee,Ramirezborough,1359.5,2.81,279.66,2024-03-30
6497,7,New Jennifer,Mirandaburgh,1130.7,7.91,600.62,2023-10-10
6498,388,Lake Markberg,Andersonchester,1966.8,3.84,533.96,2024-09-13
6499,54,New Amandaburgh,Navarroton,914.2,17.26,1561.36,2023-12-20
6500,220,South Cameron,South Paulbury,2304.0,17.08,4650.75,2023-03-11
6501,177,North Jacqueline,Banksmouth,2424.5,18.08,3234.96,2023-05-25
6502,215,Lisaport,Tommyburgh,483.1,12.3,669.93,2023-09-28
6503,284,Matthewbury,Simonfurt,213.9,1.64,31.67,2023-01-19
6504,281,Georgechester,South Raymond,262.0,17.81,338.21,2024-04-02
6505,320,Johnchester,Port Richardton,184.6,16.89,329.88,2024-09-07
6506,59,Lawrenceburgh,Lake Javier,196.7,4.17,44.99,2023-01-30
6507,227,South Vincentborough,Michellebury,1007.4,16.03,1575.83,2024-08-22
6508,219,North Daniel,Spencerville,108.9,16.1,146.31,2024-04-28
6509,351,Thomasshire,Kimmouth,551.0,6.91,230.66,2024-07-30
6510,37,North Michaelmouth,West Kevin,1241.4,13.94,1574.84,2024-07-28
6511,369,Millstown,New Kellyview,2179.1,10.09,2077.85,2024-11-29
6512,467,New Jim,Roweville,747.0,13.3,784.73,2023-12-21
6513,311,Linton,Berryberg,1270.1,3.0,416.11,2023-10-29
6514,383,Fernandezfurt,Lake Lindsay,813.3,1.52,64.31,2024-03-18
6515,126,Chavezchester,New Nicholas,649.9,20.92,1415.38,2023-11-28
6516,77,Davidbury,Smithmouth,1446.0,13.91,2283.94,2023-06-28
6517,74,Alextown,Dannyborough,2190.6,17.87,2157.75,2023-10-08
6518,258,Port Vincent,North Carlmouth,686.2,9.27,611.36,2024-02-01
6519,498,Port Amy,North Lisa,2136.1,10.12,1396.66,2024-12-12
6520,53,Harperfort,Phelpsshire,1222.9,24.15,2951.9,2024-11-24
6521,255,Martinezhaven,West Robert,1252.7,14.29,1899.33,2024-05-25
6522,175,Simmonston,New Danielle,1061.2,14.68,1741.15,2023-02-23
6523,49,East Georgeburgh,Kellyfurt,2244.0,23.06,3092.5,2023-04-12
6524,418,Lake Robertland,Halestad,291.0,7.59,245.07,2023-12-03
6525,202,Sandersburgh,Kellyfort,1000.2,9.47,937.94,2024-03-12
6526,449,West Rebeccaside,East Karen,767.5,11.35,963.5,2024-09-24
6527,74,Lake Jessica,Anthonyshire,589.8,22.3,716.19,2023-05-17
6528,177,East Kimland,Sullivanview,1245.2,24.84,2230.56,2024-07-06
6529,487,Sethport,South Jason,590.5,20.39,811.8,2024-03-23
6530,385,Stephaniemouth,Lake Lisamouth,2094.3,17.14,2583.85,2023-09-02
6531,271,Mooreberg,Adamsfurt,995.5,12.26,961.15,2023-08-21
6532,85,Lindsayshire,Stevensview,1131.2,8.04,725.86,2024-06-18
6533,189,Rodriguezland,Ortizton,732.8,20.25,1041.1,2024-12-01
6534,71,Lake Danny,North Sandymouth,2084.6,1.52,248.66,2024-01-16
6535,497,Harrisonfurt,North Haroldtown,821.5,24.01,1785.07,2024-03-18
6536,171,Lake Isabella,Kendraborough,1440.3,8.85,1113.65,2023-01-20
6537,444,East John,Henrytown,2153.9,4.43,926.05,2024-02-02
6538,214,Craigview,Diamondfurt,1083.2,4.03,354.95,2024-04-12
6539,379,East Joycetown,West Jonathan,1791.9,5.3,1102.86,2023-05-25
6540,399,New Johnnyland,New Kristin,833.0,1.52,102.38,2024-09-23
6541,71,Michaelmouth,Connorfurt,578.0,17.44,694.03,2023-09-16
6542,445,Moranside,South Kevin,228.7,14.81,240.76,2023-09-06
6543,76,Anthonyburgh,Hernandezfort,1967.3,9.91,980.76,2024-04-12
6544,282,Hernandezborough,West Heathertown,1979.2,8.02,1341.92,2023-10-15
6545,343,West Joelburgh,Shelleyshire,2460.7,17.55,4742.7,2023-11-11
6546,498,Shawnshire,South Carlaside,1838.3,1.15,240.47,2024-04-28
6547,71,East Kristin,Jonesview,1257.2,14.61,2021.51,2023-03-30
6548,336,South Coleville,Lake Robert,965.3,21.74,1477.21,2023-08-24
6549,313,South Jenniferhaven,Robertsonside,177.3,1.58,18.52,2023-11-26
6550,349,East Carolberg,Flynnfort,1347.8,3.25,357.85,2024-12-21
6551,397,West Jamesside,Cookhaven,2110.1,23.65,5805.06,2024-04-24
6552,80,Jasonview,Port Barbara,645.4,11.67,762.07,2024-06-23
6553,139,East Ashleymouth,Harrishaven,1748.9,23.24,4020.15,2024-05-13
6554,205,West Rebeccaview,East Denise,825.8,18.23,1168.66,2023-01-03
6555,209,Danielport,Davidtown,1926.5,11.69,1749.41,2024-11-30
6556,402,Kathyborough,North Arthur,1593.8,17.1,2981.84,2024-09-30
6557,58,Diazfurt,Lake Rebecca,2449.9,13.49,2116.21,2024-06-25
6558,78,West Anna,New Jeremyburgh,215.0,4.32,98.05,2023-05-28
6559,455,North Rachelmouth,Randymouth,116.3,23.78,147.77,2024-11-27
6560,138,Robinsonmouth,Lake Courtneyville,1814.1,13.43,2076.65,2024-10-28
6561,446,Jonesborough,East Joshuaberg,359.9,20.61,772.36,2023-09-16
6562,217,Armstrongberg,Tinafurt,1380.7,5.91,837.96,2023-03-31
6563,485,Hillbury,Danaborough,2130.3,17.22,2812.61,2023-03-30
6564,277,North Kaylafurt,Davidmouth,1985.5,4.99,1173.18,2024-07-03
6565,44,Clarkton,Cunninghamfort,1532.9,12.97,2024.05,2023-05-02
6566,328,Josebury,South James,1758.4,10.15,1956.61,2024-09-21
6567,223,Port Micheleville,Sarahside,1709.1,15.56,1862.16,2024-07-05
6568,190,East Christina,North Brittany,2197.9,15.39,1748.17,2024-05-12
6569,27,Port Jeffreymouth,West Elizabethton,2297.2,7.72,1774.56,2023-04-23
6570,190,Bonillafort,New Kenneth,328.6,5.51,123.68,2023-06-18
6571,111,Taylormouth,Port Joshua,1920.8,3.25,558.56,2023-01-28
6572,448,New Mike,New Scottberg,966.8,20.8,2369.67,2023-04-06
6573,201,Masonfurt,Weberbury,52.2,3.6,13.76,2024-02-22
6574,367,Strongton,South William,318.8,9.28,334.23,2023-04-03
6575,450,Amandamouth,Osbornestad,1742.8,18.0,1700.31,2023-06-02
6576,296,Davilaville,New Mary,169.5,23.84,409.59,2024-07-12
6577,131,Obrienstad,Kristenburgh,1615.4,18.48,1567.28,2024-12-26
6578,124,North Austinmouth,North Raymond,1613.2,2.47,216.37,2024-11-16
6579,175,Patrickfurt,Lovemouth,206.5,10.74,249.62,2023-03-27
6580,268,Websterborough,Charlesberg,235.8,6.13,105.68,2024-04-21
6581,112,Lake Amanda,North Josephborough,1604.0,3.47,478.96,2024-04-16
6582,26,Courtneyview,Harveymouth,1219.4,11.99,1091.55,2024-03-03
6583,473,Kellystad,Port Waltermouth,532.9,15.99,433.22,2024-06-19
6584,230,Carolineton,Berryport,1038.1,23.35,1859.19,2023-07-22
6585,135,Robertsonside,Christyside,319.5,21.18,551.89,2023-07-06
6586,80,Katrinatown,Williamsfurt,138.4,24.09,308.65,2024-11-03
6587,208,New Cynthiaport,West Erinberg,2227.0,19.97,4269.16,2024-03-26
6588,361,East Robinfort,Jimenezton,2248.8,13.65,2735.42,2023-03-23
6589,55,West Jerryburgh,East James,550.3,17.84,790.45,2024-02-19
6590,410,Colestad,New Trevor,946.2,23.27,1754.85,2023-10-28
6591,293,Jimport,Lake Kimberlymouth,1317.5,11.14,821.37,2023-04-17
6592,297,Port Jeffreystad,East Donald,1201.6,20.96,2032.42,2024-04-01
6593,82,Kayleetown,Katherinechester,1852.8,13.51,2415.01,2023-10-05
6594,165,Hillberg,East Emilyville,1063.9,12.44,700.36,2023-05-15
6595,107,Kevinview,Deborahhaven,2168.9,8.99,2311.2,2023-03-10
6596,35,Alexisport,Wolfetown,968.6,7.13,656.45,2024-08-07
6597,77,South Marilynland,South Curtisfort,1490.8,11.13,1340.37,2024-06-11
6598,127,Hallmouth,Lake Kevinfurt,1386.3,6.93,1120.47,2024-01-12
6599,84,Leefort,North Kyle,1467.3,15.24,2309.42,2023-01-09
6600,49,Lake Kristina,West Kevintown,741.6,10.31,735.25,2023-07-09
6601,287,North Sean,Stephanieborough,1196.9,19.64,1968.45,2023-03-21
6602,138,Jamesland,Matthewton,156.1,17.35,237.68,2024-11-30
6603,445,New Allen,North Rhonda,2326.1,11.27,2200.54,2023-03-07
6604,4,Herrerachester,Bryantstad,559.6,20.55,1199.95,2024-02-15
6605,462,Reginaldhaven,South John,421.5,13.37,362.45,2023-10-25
6606,221,North Ashley,South Williamstad,2073.0,5.29,1127.06,2024-08-16
6607,163,New Racheltown,Pottston,1501.7,20.47,2014.64,2023-05-29
6608,32,Omarhaven,Andradeton,220.6,9.9,222.12,2023-02-22
6609,484,South Heidi,New David,453.3,4.02,157.17,2024-08-31
6610,412,Murraybury,West Tanyafurt,784.6,3.56,186.3,2024-09-12
6611,4,West Kelsey,East Donald,1383.7,20.64,3309.95,2023-08-06
6612,454,New Robert,Yorkport,1361.2,14.54,1643.38,2023-07-25
6613,425,Byrdfort,East John,1819.0,1.19,177.43,2024-07-12
6614,487,Michelleshire,New Gabriel,598.2,21.76,1420.43,2023-05-02
6615,383,East Devon,South Charlesfurt,1235.3,12.4,1254.7,2023-03-09
6616,257,Richardstad,Chapmanberg,2377.8,3.78,1002.33,2024-06-16
6617,247,Kingstad,West Jenniferchester,766.6,8.66,654.12,2024-12-08
6618,400,Elizabethburgh,Millerchester,1648.6,23.12,2435.18,2024-04-24
6619,75,East Joshuabury,East Kathyside,1526.2,1.21,209.63,2024-07-26
6620,143,East Lukefurt,North Carol,229.3,20.85,478.77,2024-12-23
6621,111,Grahamport,Brianberg,395.0,8.08,224.43,2023-07-29
6622,338,West Dwaynechester,Nicholaschester,2226.7,24.14,4000.04,2023-07-26
6623,241,Brownfurt,Johntown,1234.4,20.72,2464.45,2023-02-24
6624,365,West Steven,Barrytown,280.1,15.86,510.67,2023-12-07
6625,299,Kimberlyborough,Port Jefffort,2263.1,23.43,5167.23,2024-12-13
6626,313,South Justin,Jamesbury,1595.7,3.6,433.9,2024-08-10
6627,234,Lunaburgh,Kelseyburgh,1114.5,19.53,1701.78,2024-01-18
6628,349,Garyhaven,Kimberlyland,1046.5,1.98,191.99,2024-11-25
6629,399,Bowmanville,Port Jill,975.2,21.51,1334.82,2023-05-17
6630,78,Hesterburgh,Maryshire,701.7,1.42,99.58,2023-04-23
6631,71,Westshire,Donnahaven,445.6,20.78,645.47,2024-04-20
6632,101,Heatherton,Mannville,2466.7,10.12,2493.44,2023-02-26
6633,94,Reedland,West Robinside,1961.8,15.98,3668.0,2023-05-18
6634,133,Whitakerborough,West Kylie,361.6,3.12,62.41,2023-11-27
6635,11,Gordonview,North Nicholasburgh,647.5,15.97,526.65,2024-12-28
6636,216,Jonesfurt,Sabrinaborough,936.5,7.83,711.45,2023-08-03
6637,328,Staffordland,North Matthew,172.7,3.74,54.58,2024-05-03
6638,20,Latashahaven,Lake Timothychester,1487.5,2.98,514.77,2023-03-28
6639,363,Stevenfort,North Robertshire,1875.8,3.31,340.54,2024-11-14
6640,259,North Nicole,Lake John,2080.6,4.63,487.67,2023-10-19
6641,368,South Victoria,Watsonbury,130.1,10.63,123.41,2023-10-23
6642,173,East Lisaside,Sierraberg,561.9,7.28,338.75,2024-06-07
6643,105,West Kenneth,West Debra,1514.8,21.72,3760.5,2024-12-28
6644,106,New Tina,Michaelshire,590.6,7.94,398.73,2023-02-22
6645,56,Robinsonside,Marystad,927.5,22.47,1917.54,2024-09-22
6646,419,Lisaton,Melissaton,745.0,10.67,714.7,2023-04-18
6647,259,Kristinatown,Daychester,667.8,6.82,513.45,2023-08-04
6648,146,Angelaton,Ashleyview,2314.1,24.64,4396.98,2023-01-10
6649,449,West Virginiahaven,East Eric,1713.0,6.76,705.26,2023-06-13
6650,355,Brownville,South Amyfurt,558.8,23.62,1537.4,2023-10-19
6651,75,East Lisaburgh,West Christinafurt,389.8,16.78,520.85,2023-11-09
6652,171,Pamelashire,Port Jenniferside,1957.8,4.41,669.12,2024-12-09
6653,369,Vickieside,South Linda,696.5,22.34,1760.05,2023-03-27
6654,416,West Johnbury,South Paul,1270.2,4.08,260.07,2024-07-29
6655,73,Justinborough,Stevenport,134.2,22.13,288.88,2024-05-11
6656,156,East Kellyberg,Bendermouth,100.9,10.39,56.06,2023-06-27
6657,45,Lisafurt,Dennisland,1683.0,10.05,866.39,2024-03-01
6658,107,Sarahfurt,South Samanthafurt,1493.6,14.43,1587.45,2023-03-26
6659,489,West Samuelfort,Butlerland,2068.6,12.89,1547.0,2023-08-27
6660,357,Lake Stephanie,Castanedaport,1646.7,18.51,3399.71,2024-01-01
6661,216,Perezmouth,Samanthatown,1827.5,24.72,3271.58,2024-08-04
6662,365,Georgeberg,Harrisville,2120.3,22.83,3712.64,2023-04-27
6663,46,Webershire,Randallstad,1918.4,22.52,4615.21,2024-10-01
6664,27,North Thomas,Denisemouth,2272.3,2.36,282.29,2024-09-09
6665,284,Jamesside,Hartport,1339.5,15.28,1359.78,2024-03-07
6666,482,Lake Angela,Andradeview,1136.2,3.73,212.95,2024-10-16
6667,89,Nathanielshire,Yolandamouth,808.8,20.77,1977.26,2023-03-24
6668,358,West Cynthiamouth,Dayhaven,1340.5,24.58,2179.44,2023-06-03
6669,483,Sarahland,Lake Andrew,2382.0,2.55,534.9,2023-03-04
6670,319,Port Evan,Salasfurt,1520.3,5.31,789.57,2024-09-05
6671,113,South Jenniferport,Harrisshire,1862.0,2.18,277.55,2023-06-17
6672,395,Millsfurt,Brandychester,1601.7,11.01,991.01,2023-12-17
6673,13,Rodriguezland,Kellybury,1072.8,5.09,623.23,2023-08-18
6674,71,New Ryanshire,Bartonstad,1304.0,20.46,1596.07,2023-07-26
6675,437,Port Toddchester,Port Lauren,1702.2,11.3,1051.66,2023-03-30
6676,235,Brianton,North Austin,2461.1,19.26,3375.74,2024-09-29
6677,434,Liburgh,Mendezchester,2240.6,24.55,5711.75,2023-03-20
6678,38,Martinmouth,East Gregory,59.2,9.34,55.43,2024-12-18
6679,179,South Sandra,Gonzalezshire,2484.1,21.72,3031.14,2024-09-21
6680,380,West James,Port Davidton,1718.2,23.73,3963.29,2023-11-17
6681,477,Kennedymouth,South Stephen,649.0,21.69,1130.16,2023-02-04
6682,72,Richardsport,Shaffertown,546.9,11.75,547.94,2023-10-15
6683,158,New Margaret,Lake Katrina,281.9,15.03,248.86,2023-02-26
6684,209,Ginaport,Port Patrickfurt,392.8,11.13,289.83,2024-08-04
6685,373,Jenningsstad,North Ryanfurt,1846.9,9.54,916.47,2023-01-22
6686,354,New Martin,North Anthony,304.4,20.5,498.59,2023-09-27
6687,446,Terrancehaven,Fergusonmouth,2173.6,13.22,2399.66,2023-09-12
6688,491,East Edward,Port Jocelyn,2250.0,16.8,3325.97,2024-04-25
6689,270,Port Paulstad,Lucasport,581.0,23.24,1083.85,2023-02-10
6690,374,West Josephton,New Dominiquetown,2269.8,17.0,1995.71,2024-05-13
6691,83,Sierratown,Keyside,1654.1,22.1,3829.65,2023-06-13
6692,95,North Sandra,West Marychester,1176.7,10.64,1144.95,2023-12-29
6693,354,Maytown,Port Tracyfurt,1091.5,11.44,1074.24,2023-11-21
6694,230,North Stephaniefort,East Joeview,1311.5,14.68,1889.57,2023-04-21
6695,419,Williamfurt,Cassandraside,1626.8,3.06,386.6,2023-10-30
6696,309,South Elizabethstad,Port Jeffreychester,845.9,5.49,530.22,2023-01-02
6697,1,East Kathleen,Port Mary,1706.1,18.14,3643.33,2024-06-29
6698,163,Boyertown,North John,1186.3,14.94,1186.2,2024-02-26
6699,319,Angelshire,Greershire,1435.7,3.55,370.24,2023-01-17
6700,499,Pierceport,Lake Josephtown,1217.7,12.16,1190.03,2023-07-22
6701,282,West Heather,Alexismouth,1528.0,12.9,1394.51,2024-08-11
6702,380,Saraport,Justinville,2104.6,22.89,3654.26,2024-03-15
6703,471,Carsonfurt,Abbottland,1353.9,8.61,1337.06,2024-06-04
6704,226,Lopezbury,East Brandy,1790.9,23.44,2465.66,2024-10-07
6705,248,Alejandroshire,Patrickland,317.9,23.73,581.83,2023-05-21
6706,422,East Leah,Morganhaven,1401.0,5.52,424.55,2023-01-31
6707,445,New Stephenfurt,Gregorymouth,390.7,23.97,1033.98,2024-07-02
6708,226,Lake Dannybury,Lake Bryan,1021.4,20.23,1806.08,2024-05-26
6709,270,Matthewhaven,South Elizabethfort,246.7,3.74,109.23,2023-01-15
6710,397,New Michelle,North Joseph,1099.9,2.35,247.11,2024-10-12
6711,139,North Susanstad,Port Michaelfort,156.8,18.24,179.77,2024-08-28
6712,229,North Kathymouth,Bellchester,1506.2,16.33,2130.03,2023-06-26
6713,238,East Joshua,New Perry,1424.9,22.34,2370.57,2024-01-17
6714,397,Lake Johnhaven,Davidville,2481.4,16.04,3780.33,2023-09-18
6715,375,Lindashire,East Howard,396.2,5.71,132.67,2024-12-30
6716,330,Lake Nancy,Latashaview,2199.1,9.16,1025.79,2024-03-30
6717,141,Reynoldsland,Ashleyburgh,1292.6,21.05,1429.27,2023-01-22
6718,339,East Brian,Wilcoxview,468.7,19.1,462.0,2024-06-22
6719,83,Jonesborough,West Linda,1625.7,9.27,1803.64,2024-09-28
6720,421,West Jeffreyland,Lake Timothyview,606.3,5.54,310.13,2023-09-20
6721,454,Fitzgeraldstad,New Gregoryhaven,341.7,14.46,380.02,2023-09-29
6722,101,New Robertmouth,New Troyville,152.5,19.78,256.08,2024-05-10
6723,89,Jeffreyhaven,Scottborough,98.5,4.27,28.73,2023-06-05
6724,133,Ericton,Stevenbury,2266.5,16.63,3001.9,2023-04-27
6725,241,Ashleystad,West Timothy,1769.3,14.78,1972.87,2023-12-01
6726,13,Port Nicole,New Aaron,2365.7,18.63,3093.03,2024-01-18
6727,354,Reeseside,Port Chadmouth,1758.4,8.84,1739.23,2023-07-23
6728,201,Lake Vanessafort,East Jacquelineland,275.5,16.41,313.74,2023-04-22
6729,209,Davisfort,Port Tyler,2367.8,24.06,4313.91,2023-10-25
6730,369,Lake Kelly,Port Gabrielburgh,1711.8,22.8,2650.07,2023-04-28
6731,186,New Jamieside,Port Jacob,982.1,22.68,2343.87,2023-03-17
6732,131,West Jennaville,New Lindsey,1632.6,7.08,879.48,2024-08-16
6733,220,Meganmouth,North Erica,859.3,2.57,169.29,2024-11-28
6734,215,East Brian,North Jerry,2246.0,24.4,5282.2,2024-07-02
6735,383,New Amber,Velasquezhaven,917.1,21.98,1288.17,2023-12-26
6736,288,Joneston,Donaldbury,2187.8,13.16,3024.78,2023-12-16
6737,181,Lamberthaven,Lake Brianatown,1866.5,6.49,1402.57,2024-01-30
6738,438,Limouth,Campbellmouth,1654.5,23.67,3685.09,2024-07-29
6739,201,Mclaughlinmouth,Edwardbury,1070.4,12.87,1107.49,2024-11-11
6740,16,East Rosemouth,Stacybury,2083.2,13.42,1868.16,2024-10-16
6741,269,Burtonview,Amandamouth,2158.7,20.47,3671.78,2023-04-06
6742,149,Port Brandiview,Soniabury,1203.9,23.18,3155.56,2024-09-20
6743,395,Jonathanburgh,Jenniferhaven,647.1,19.56,1209.16,2023-06-09
6744,333,Robintown,Lake Lisa,2020.2,14.46,2803.84,2023-10-09
6745,221,North Patriciamouth,Amandabury,667.0,6.85,540.41,2023-12-11
6746,17,Carolynchester,Emilyfurt,2492.2,17.57,4845.42,2023-03-04
6747,164,New Julieberg,Johnfort,922.3,19.32,1876.88,2024-06-26
6748,306,Joelhaven,Lake Shannonchester,2009.3,9.67,1951.76,2024-01-23
6749,376,West James,Thomasland,478.4,7.46,294.23,2024-02-22
6750,89,North Melanieville,Hernandezhaven,2065.7,2.23,293.87,2024-09-19
6751,291,Scottport,Carpenterborough,2298.5,19.2,4549.67,2024-03-18
6752,379,Castroland,Ericaland,161.9,12.22,130.4,2023-03-11
6753,162,Christinatown,Williamsview,1250.6,4.41,651.05,2023-10-29
6754,322,Matthewfurt,Marieburgh,710.6,19.92,1049.96,2024-12-03
6755,15,South Heatherchester,Port Leahtown,2425.3,1.11,240.55,2023-07-05
6756,180,Delgadohaven,Frankmouth,205.4,4.3,78.73,2023-03-31
6757,357,Michelemouth,New Jefferyfurt,319.3,1.92,36.35,2023-05-06
6758,337,Malloryfort,Lake Betty,1608.3,8.2,976.51,2024-07-09
6759,176,Gomezmouth,East Jessica,503.2,14.5,524.0,2024-08-21
6760,306,Elizabethstad,East Jamesland,606.1,2.55,175.61,2023-06-11
6761,120,Newtonstad,Jamesbury,698.8,17.41,1180.88,2024-12-02
6762,427,Robertbury,Michaelchester,2069.7,19.01,3676.04,2023-05-23
6763,372,Arnoldborough,Burnettfort,1908.2,5.51,1112.65,2024-04-24
6764,181,Port Brian,New Wendy,2268.8,3.68,557.14,2024-01-10
6765,206,New Williamview,South Megan,1461.5,7.59,1229.36,2024-10-26
6766,77,Ramseychester,Robertstad,927.0,22.24,2210.05,2024-07-26
6767,94,Port Carol,New Jose,1400.8,21.17,2272.2,2023-10-07
6768,269,West Tony,Evansstad,2025.0,9.25,1843.77,2024-11-09
6769,367,Sarahport,South Phillipshire,940.5,6.36,379.66,2024-06-22
6770,42,Edwardborough,New Jacob,1708.4,9.37,1183.86,2024-07-19
6771,409,North Miranda,North Coreyside,685.9,19.16,1555.68,2024-03-27
6772,119,North Debra,Lake Andre,1528.9,22.81,1941.01,2024-01-16
6773,473,Lake Anthonystad,Burtonmouth,844.2,2.88,234.84,2023-05-08
6774,351,Lake James,Estradachester,795.9,20.89,1195.21,2023-12-14
6775,392,North Amychester,New Danielbury,588.8,11.89,365.36,2024-07-23
6776,56,Byrdton,Watkinsside,1073.8,12.37,1169.79,2024-10-05
6777,198,Julieland,Brandonfort,1068.5,5.8,501.72,2023-01-25
6778,342,Allenton,Port David,283.9,21.24,658.54,2024-12-06
6779,369,Brendaport,South Jeffreyburgh,827.8,12.42,1207.36,2024-09-01
6780,218,Michaelbury,South Rickey,1818.7,21.87,2453.12,2024-02-13
6781,15,Port Nancybury,Dylanland,680.5,3.44,240.48,2024-10-20
6782,402,North David,New Audrey,1308.6,13.62,1528.89,2024-01-22
6783,319,Port Jackieland,East Shawntown,1654.8,10.41,878.34,2023-07-12
6784,309,West Steveshire,Contrerasmouth,2335.6,11.17,1731.84,2023-10-01
6785,121,East Tiffany,North Brittany,2089.0,6.77,1489.31,2023-10-20
6786,224,Powellhaven,Jessicaborough,2311.2,15.35,4132.62,2023-12-23
6787,17,Lindseyview,Williammouth,1874.6,23.58,3171.73,2023-07-22
6788,277,Francofort,East Jeffrey,1795.1,18.31,3533.52,2023-07-20
6789,361,East Jessicaview,Garciafurt,400.0,20.7,943.97,2023-01-08
6790,52,East Justin,West John,1822.8,11.58,2055.27,2024-09-22
6791,401,North Reginahaven,New Keithtown,2371.7,23.85,3680.8,2024-05-16
6792,272,East Brianaberg,South Elizabethhaven,611.4,19.61,1371.4,2023-03-26
6793,480,Grossport,West Paulchester,2395.3,8.41,1492.52,2023-03-21
6794,75,Curtismouth,South Benjaminview,271.6,8.0,131.8,2024-10-03
6795,188,Lake Donna,Port Sara,954.8,20.58,1533.7,2024-08-18
6796,403,Christopherbury,Susanmouth,163.2,17.31,250.6,2024-06-30
6797,242,Ronnieburgh,East Erin,1819.8,3.57,440.96,2023-10-01
6798,95,Stephenfurt,Johnsonfort,936.4,9.91,709.92,2024-11-18
6799,150,New Stephanieland,South Daniel,1535.6,2.53,389.61,2023-08-27
6800,100,Angelastad,West Colinstad,1496.7,18.96,2667.76,2023-06-25
6801,332,Brianport,Rogerstown,2243.5,13.51,3016.04,2024-04-28
6802,116,Paulstad,Ellenmouth,782.9,11.46,834.87,2024-03-04
6803,335,Garnershire,Rosariostad,2292.6,3.03,365.87,2024-12-04
6804,248,Sloanland,East Kelly,2146.6,16.95,3309.86,2023-10-14
6805,209,Port Heidiberg,New Anthony,340.8,16.42,405.42,2023-02-05
6806,480,Lake Christophertown,Jordanshire,410.3,15.03,717.88,2023-08-17
6807,492,Georgeville,Lake Daniel,1195.9,4.04,547.05,2024-07-11
6808,439,North Brittany,West Grant,882.3,2.54,182.95,2023-04-17
6809,351,West Tammie,Lake Carolstad,446.2,3.68,131.22,2023-01-19
6810,251,Lunafort,West Daniel,1555.2,18.85,2966.17,2023-12-26
6811,304,South Edward,Lake Jacquelinebury,610.0,15.85,589.5,2024-07-09
6812,403,Garciaborough,Mosshaven,1397.4,10.53,1662.64,2023-09-02
6813,399,Kingfort,Jasonstad,839.5,6.23,430.1,2023-12-12
6814,290,West Amanda,Port Lucas,1235.9,19.55,1815.25,2024-12-06
6815,330,Davidview,West Johnton,1308.9,11.83,775.28,2024-05-08
6816,431,New Trevor,Joeside,765.4,21.41,1668.77,2023-08-13
6817,131,Angelafurt,South Melissaville,1836.0,9.96,1165.86,2024-02-03
6818,91,Kevinberg,Julieton,721.7,2.23,171.59,2024-12-22
6819,414,Rileybury,Riverafort,64.4,19.63,96.6,2024-03-17
6820,18,North Markstad,New Amychester,1325.8,14.45,1702.11,2024-03-21
6821,178,Abigailmouth,Michaelmouth,2223.3,18.87,3007.13,2023-06-06
6822,205,New Paul,South Brandon,2207.2,5.08,808.81,2024-11-27
6823,399,Thomashaven,New Angelafurt,1158.8,10.52,812.4,2024-11-03
6824,404,West Brian,Port Aliciaview,166.4,1.2,20.9,2024-03-01
6825,348,East Stephenstad,Cynthiaton,554.0,10.79,587.51,2023-08-28
6826,371,Gregoryshire,Andrewborough,902.6,16.01,1265.19,2023-04-07
6827,50,South Amy,Austinville,408.2,19.93,715.26,2023-11-29
6828,341,West Michaelshire,Lake Courtneyport,159.4,22.33,384.8,2023-04-06
6829,385,South Michaelport,North Christine,373.8,5.14,102.59,2023-10-30
6830,31,Buckborough,Carriechester,818.3,6.85,390.45,2023-11-16
6831,51,West Juliafort,Richmondshire,296.3,8.45,151.28,2023-10-20
6832,408,Michaelport,South Yvonne,625.8,16.78,649.32,2023-02-01
6833,101,East Christopher,North Helen,628.3,1.76,97.88,2024-09-17
6834,199,Lake Brandonville,Lake Tamaraton,1728.6,2.84,503.97,2024-06-16
6835,114,Ruizside,North Staceyfort,1331.3,18.37,2313.59,2023-06-18
6836,347,Port Ashleyfurt,Starkchester,1067.6,1.22,114.13,2024-08-30
6837,246,Pughhaven,Sarahborough,1685.5,3.06,596.68,2024-10-31
6838,239,South Lukeside,East Rachel,2476.4,18.72,4265.71,2024-12-29
6839,249,South Donald,Catherineton,1885.3,15.22,2049.86,2023-02-21
6840,182,Brianport,New Jerry,1099.6,5.42,315.82,2023-03-25
6841,400,Timothybury,Johnmouth,367.0,7.17,263.69,2023-10-20
6842,59,Port Tony,Jennifertown,173.4,12.37,108.57,2024-09-25
6843,407,Kellistad,Ashleyberg,1112.6,7.46,627.17,2023-03-12
6844,311,North Jamesbury,East Alexberg,117.6,16.7,171.49,2024-11-03
6845,271,Brownville,Perezstad,835.6,5.33,365.72,2023-10-22
6846,300,Michaelton,Codyside,959.7,19.35,2075.23,2023-09-09
6847,156,Charlesfurt,West Erikchester,1896.0,15.93,3198.48,2023-03-13
6848,242,Kevinchester,Woodstown,936.4,23.43,1742.51,2023-04-18
6849,422,Crystalland,North Walterton,397.3,10.49,307.12,2024-10-04
6850,41,Lake Michelle,Christineborough,331.5,5.47,144.96,2024-05-05
6851,60,Dianafort,Meganhaven,629.0,11.71,721.13,2024-12-21
6852,385,Sherryview,West Edward,1735.8,17.22,2541.69,2024-04-05
6853,206,North Scott,North Michaelbury,396.3,11.22,404.3,2023-09-21
6854,196,West Robert,Walkerborough,311.1,18.81,605.92,2023-12-10
6855,13,West James,Amyland,2313.0,11.57,1747.87,2024-01-21
6856,101,North Kathleentown,East Johntown,962.0,12.87,1016.64,2024-04-24
6857,147,Port Davidmouth,Connerfurt,1384.0,21.45,2477.3,2024-12-10
6858,112,West Elizabeth,Tiffanyfort,2066.8,2.12,442.81,2023-11-06
6859,148,Phillipsville,East Jessicaport,1734.1,23.26,4166.61,2024-02-27
6860,404,Gregfort,Port Tom,1684.7,24.07,2884.57,2024-01-25
6861,105,North Tina,Brianport,1007.9,10.15,865.44,2024-08-20
6862,57,Hawkinsshire,East Ryanville,1832.4,1.02,217.93,2024-10-30
6863,351,Lake Robertport,Lake Ericbury,225.5,11.97,282.18,2023-12-06
6864,96,South Nichole,Christopherstad,780.6,16.03,715.23,2024-06-19
6865,273,Aaronmouth,Port Kathy,774.0,6.44,458.92,2024-05-16
6866,135,New Sandrafort,East Melissahaven,1855.9,5.97,1269.91,2023-06-02
6867,194,Maureenshire,Karafort,1224.0,21.2,2002.75,2023-05-06
6868,463,Christinabury,Kevinport,1369.7,14.57,1826.44,2023-02-16
6869,287,Kochport,Greenview,1233.4,1.52,143.27,2024-10-03
6870,278,Yorkshire,East Coreytown,1959.6,6.55,667.2,2024-03-18
6871,117,Davidburgh,Port Colleenland,588.7,17.39,1171.55,2023-02-24
6872,392,Sharonside,East Jamesside,1033.8,6.45,726.85,2023-09-30
6873,75,Cruzhaven,East Eddie,894.1,24.41,2232.2,2024-02-14
6874,59,Craigbury,Jenniferburgh,1959.7,17.97,4097.81,2024-12-30
6875,197,Barbaraport,Shannonborough,1670.2,5.02,968.0,2023-09-08
6876,465,Moralesville,Port Marissaland,858.1,6.35,297.02,2023-03-04
6877,75,Port Eric,Brownfort,697.3,10.05,809.86,2024-08-10
6878,66,New Coreyland,Henrybury,1468.6,2.97,355.99,2023-05-27
6879,99,Samuelview,Erinstad,1308.2,7.74,594.22,2023-12-07
6880,299,South Kathleenbury,North Carlos,100.0,13.88,112.77,2024-11-01
6881,435,Marymouth,Woodhaven,1943.1,23.7,4404.37,2023-09-21
6882,314,Jillland,Myersstad,2077.1,9.03,1526.27,2023-03-12
6883,130,Port Samuelside,Kingland,1836.3,21.08,3346.21,2023-09-18
6884,315,South Brian,South Mirandaport,2089.9,12.45,1819.79,2024-08-19
6885,477,Pruittburgh,Port Emma,1149.5,15.41,1277.18,2024-12-29
6886,143,Markville,Mccarthymouth,2177.2,3.55,453.67,2024-04-16
6887,214,Campbellport,New Dorothymouth,1388.4,10.82,1104.19,2023-03-05
6888,274,North Aprilbury,Lake Elizabethview,922.1,18.71,1530.34,2023-07-28
6889,5,North Kimberly,Hodgesfurt,1674.1,24.88,4681.52,2024-08-20
6890,351,Lake Christinaton,Garzashire,1110.0,12.82,1340.9,2024-06-22
6891,442,Joannaland,North Daniel,2142.7,21.77,3355.61,2023-11-27
6892,49,Johnsonhaven,Stoneland,646.0,24.84,1027.12,2024-11-18
6893,427,Odonnellshire,South Melanieland,462.0,12.06,651.09,2023-09-17
6894,386,Ryanton,Jordanside,913.4,20.63,1924.66,2023-11-26
6895,211,Davidchester,North James,1065.3,11.05,839.97,2024-02-20
6896,46,Dustinhaven,Taylorport,583.9,22.93,1144.72,2024-03-08
6897,354,North Mollymouth,Sarahland,1456.2,22.4,2830.96,2024-09-19
6898,28,Shelbyfurt,Christopherside,1790.8,16.56,3324.23,2024-06-01
6899,25,North Oscarfort,Gonzalezhaven,1010.3,24.47,1524.57,2024-03-05
6900,256,Darrylview,Linmouth,328.9,5.97,211.34,2023-02-13
6901,408,Hopkinsfurt,Kellyberg,238.3,24.79,439.3,2023-10-18
6902,411,Port Teresaport,Lake Paul,1724.0,5.12,681.71,2023-05-30
6903,411,Matthewsstad,Davisbury,2460.0,5.67,1596.58,2023-06-02
6904,270,Steventon,South Amyport,2102.1,2.85,557.01,2024-09-23
6905,24,Lake Dustinview,East Jeffreymouth,857.1,14.88,1311.1,2023-09-28
6906,244,North James,West Jessicafurt,810.7,15.45,675.61,2024-09-20
6907,191,West Aaronfurt,Lake Robin,1697.8,15.43,2684.71,2024-10-02
6908,356,East Michael,Jameschester,1313.9,8.99,776.56,2023-04-23
6909,349,Port Adamshire,Jamesmouth,1081.7,24.22,2901.0,2023-05-11
6910,64,Phamton,Sandersstad,1514.4,15.06,2351.28,2023-04-11
6911,112,West Sharonfort,North John,425.2,21.41,1091.91,2023-08-01
6912,398,South Kimberly,Tonyaton,1529.2,4.7,817.58,2023-09-09
6913,140,North Jennifer,New Jorge,2404.6,9.21,1786.24,2024-01-29
6914,166,Leblancton,Sherrychester,220.9,15.4,346.25,2023-04-06
6915,432,New Kenneth,Cortezland,1416.2,22.08,2941.06,2024-01-15
6916,253,South Rebeccaborough,Bensonhaven,2454.6,23.77,3954.93,2024-12-07
6917,55,North Josephmouth,North Garrett,2175.7,22.55,5559.82,2024-08-29
6918,208,East Beth,Smithside,2056.3,24.79,5070.39,2024-07-20
6919,120,Alvarezland,Elizabethport,2037.2,3.92,702.27,2024-11-11
6920,423,West Justin,North Sandraberg,1450.0,7.27,717.61,2024-06-16
6921,120,Port Douglas,East Wendyfort,559.4,19.54,739.11,2024-04-27
6922,309,Lisaton,Lake Matthew,279.8,10.35,302.1,2024-05-22
6923,307,Dylantown,North Heather,643.8,22.47,1534.41,2024-08-25
6924,491,New Bruceview,North Robin,1029.9,16.88,1280.16,2024-02-04
6925,339,Mackenzieside,North Sarah,1573.3,16.61,2090.74,2023-03-23
6926,238,Michaelside,South Dana,799.3,22.17,1604.6,2024-08-03
6927,288,Stoneside,New Susanview,382.2,7.66,295.86,2024-06-16
6928,360,Robertmouth,Amyberg,2463.9,15.67,4271.62,2024-01-29
6929,97,East Krystal,Wallerview,313.6,12.6,412.32,2023-05-13
6930,215,Alanchester,Susanland,855.1,23.7,2326.54,2023-05-09
6931,111,Carterfurt,Lisaside,1031.1,2.54,291.79,2024-12-24
6932,232,Robinchester,Leonberg,2409.3,12.29,3417.07,2024-02-28
6933,337,Anthonyland,Barnettville,120.5,17.62,124.15,2023-07-29
6934,471,Janeville,North Hannahton,604.6,8.05,247.17,2023-05-02
6935,88,Whiteville,New Sharonfurt,491.6,4.18,127.44,2023-12-21
6936,316,South Jessica,South Annfort,1850.7,23.68,2479.77,2024-04-19
6937,416,East Brandonborough,Port Larryton,1336.8,20.01,2689.09,2023-05-21
6938,95,West Jonathan,New Michael,2033.0,10.88,2518.59,2024-12-14
6939,8,Adamstad,Garrisonfurt,1847.1,11.41,1508.95,2024-12-02
6940,159,New Lindsey,Lake Saraburgh,280.7,14.06,376.58,2023-08-10
6941,284,Laceymouth,Port Travis,761.0,5.04,396.03,2024-08-18
6942,343,New Michelleshire,Johnsonton,2187.9,7.5,1589.37,2023-06-12
6943,429,Paultown,South Juan,125.5,17.64,148.6,2023-08-28
6944,225,Thomasshire,Lake Samuelfort,1897.1,1.18,206.09,2023-08-12
6945,61,Hollyland,Duaneland,1057.8,17.84,2182.61,2023-06-05
6946,173,Angelside,Port Jerrychester,1687.4,13.35,2162.93,2023-03-19
6947,295,Nicholsonberg,South Brianhaven,1070.5,7.58,753.73,2024-05-30
6948,318,Port Anne,South Danny,748.3,8.41,469.53,2024-09-23
6949,240,Lake Joseph,Tracychester,1370.9,17.96,2777.48,2024-08-02
6950,154,Elizabethshire,East Mariah,145.4,8.47,116.43,2024-06-02
6951,320,Yatesville,Ramseyport,2105.0,24.76,5102.86,2023-09-02
6952,441,West Melissashire,Lynnview,186.7,22.82,266.43,2023-02-08
6953,14,Jeffreyview,Roychester,236.4,22.64,559.79,2023-04-02
6954,137,Robinsonfort,Port Vincentland,1625.4,8.64,1016.28,2024-12-12
6955,19,South Jaredstad,Kellyshire,494.0,14.87,876.39,2023-04-19
6956,365,Harveymouth,Patriciamouth,1603.7,5.19,695.99,2024-04-20
6957,217,Ramirezchester,Bennettmouth,984.9,14.99,1706.06,2023-10-04
6958,120,Tamaraland,West Jacqueline,1519.9,19.61,2679.17,2024-09-16
6959,48,Starkview,East Gabrielberg,617.7,10.21,566.39,2023-03-22
6960,387,South Victoriaview,Jamesberg,2095.2,16.0,2947.48,2023-05-06
6961,407,Jenniferport,North Kevin,520.1,17.24,972.91,2024-11-08
6962,335,North Justinhaven,West Sheryl,614.7,20.06,726.01,2023-03-15
6963,218,West Meganville,South Michael,1595.8,4.57,365.76,2023-02-03
6964,210,Richardton,Caitlinland,1699.7,13.3,1427.51,2024-08-16
6965,276,South Robert,New Stephen,518.7,20.34,1025.69,2024-02-22
6966,242,North Manuelside,Port Jonathan,1531.0,23.85,2483.52,2024-08-06
6967,196,South Michaelshire,Brianborough,958.8,23.54,2293.81,2023-01-14
6968,260,Rebeccastad,East Reneeview,1118.6,15.7,1777.55,2023-09-09
6969,90,Lake Holly,Gregoryberg,1114.9,20.4,2429.86,2023-01-30
6970,484,Lake Ericamouth,Aaronborough,746.5,18.46,859.37,2024-06-18
6971,11,East Lauraville,Matthewshire,1569.5,4.21,482.91,2024-09-06
6972,12,Ashleyburgh,Chadmouth,1151.9,5.9,730.48,2023-10-05
6973,437,Myersmouth,South Lisa,1465.2,9.34,1617.37,2023-03-28
6974,319,North Debbietown,East Amy,1420.6,22.68,2790.64,2023-04-02
6975,472,East Heather,New James,2472.3,15.61,4304.61,2024-06-04
6976,292,Josephville,Rileyland,1225.0,16.16,1001.24,2023-02-24
6977,217,Morganport,Port Bryanport,1096.0,22.7,2765.42,2024-05-23
6978,430,Tranburgh,Wilsonfort,744.3,6.03,413.2,2024-11-28
6979,235,Smithville,Jasonview,2161.6,10.72,1231.29,2023-07-02
6980,20,Port Jamesmouth,Mcintoshbury,355.3,14.19,323.17,2023-09-29
6981,70,Lake Daniel,East Lindaland,1917.0,20.16,2852.73,2023-03-10
6982,141,West James,Grayfurt,1398.7,23.79,2158.18,2024-07-15
6983,206,East Sandrafurt,North Matthew,2465.6,18.75,4287.21,2023-04-10
6984,231,Stephanieview,Port Patrickland,1684.1,13.39,1812.01,2024-04-05
6985,9,Robertville,North Matthew,1493.2,15.67,1592.85,2024-10-14
6986,438,Caitlinport,Sarahstad,1051.0,3.56,370.49,2024-03-05
6987,222,South Rebecca,South Kennethville,1624.1,21.93,3941.24,2023-06-20
6988,226,Port Gina,Joebury,1481.4,3.04,307.41,2024-12-16
6989,111,Bryanmouth,Danieltown,2275.1,2.94,785.51,2023-11-29
6990,367,South Elizabethfurt,Amandamouth,2006.1,7.26,1698.16,2024-06-07
6991,246,Williambury,Hansenfurt,2334.2,11.75,2017.81,2023-09-12
6992,1,East Patricia,Katrinafort,2081.7,11.05,2322.19,2023-03-10
6993,217,West Adamborough,Lake Joanton,1648.9,2.84,472.77,2024-04-18
6994,340,New John,Paulbury,2362.0,17.47,3173.43,2024-01-09
6995,93,Powellborough,East Katherinefurt,766.7,14.51,1119.43,2023-10-28
6996,189,Lake April,East Amy,550.8,17.66,1146.59,2024-08-04
6997,265,Kyletown,Lake Christopherland,1546.2,16.35,2033.69,2023-12-23
6998,143,Port Jennifer,New Jeremy,852.8,22.19,2260.49,2023-08-12
6999,401,South Valerie,Port Amanda,844.3,22.82,1834.21,2023-07-21
7000,486,Port Michaelchester,Juliafurt,1052.0,21.56,2049.53,2024-02-02
7001,423,Brianside,Campbellmouth,611.8,9.24,300.68,2023-01-11
7002,408,South Juanland,East Matthew,1794.2,22.63,4591.64,2023-12-28
7003,275,New Melanie,West Michelle,1424.4,2.73,420.75,2024-02-10
7004,64,East Pamela,South Amyport,1490.2,22.59,3571.97,2023-08-09
7005,29,New Lauren,Johnsonberg,786.6,1.8,83.68,2023-06-17
7006,166,Gonzalezberg,New Daniel,2451.8,17.38,2848.64,2024-11-08
7007,89,Thomashaven,Ramirezview,2184.7,24.98,4363.08,2023-04-17
7008,405,Roberttown,Lake David,1901.1,21.99,2970.67,2024-09-17
7009,265,Gordonfurt,Brandifort,224.8,10.87,251.47,2024-05-08
7010,209,Saraville,New Danielle,1634.7,14.75,2486.22,2024-04-09
7011,101,Tashaport,South Tyler,2155.7,21.84,4565.97,2023-08-18
7012,431,Cassandraville,Danielbury,841.5,9.42,406.86,2024-03-15
7013,73,Kylemouth,Martinville,257.2,19.47,548.4,2023-11-07
7014,44,Michelleton,Port Jonathantown,1126.2,14.87,1541.96,2023-04-03
7015,389,East Christopher,Rodriguezberg,2418.8,15.65,2444.92,2024-03-08
7016,76,Lake Elaine,Graceburgh,770.2,23.1,1960.21,2023-10-02
7017,180,Lake Lindsaytown,Michaelland,2271.1,22.69,4343.1,2023-12-10
7018,111,Darrellville,Orrport,1334.2,19.22,1369.71,2023-05-17
7019,100,Spearschester,South Matthew,998.9,10.96,586.95,2024-09-21
7020,145,Port Kimberly,West Stephenburgh,1881.0,6.18,828.64,2024-10-23
7021,400,Gallagherburgh,Andrewhaven,567.6,15.28,678.29,2023-05-30
7022,120,Lake Stephanietown,Port Tracey,1514.5,18.93,2875.87,2023-05-24
7023,101,Port Johnmouth,Christopherchester,307.1,2.73,98.43,2024-02-04
7024,245,Lake Joseph,West Anthony,594.8,11.55,546.28,2024-05-07
7025,452,Thompsonstad,Port Sandrahaven,1799.5,18.83,1807.65,2023-10-09
7026,144,Kimberlystad,Port Gavin,588.6,3.98,190.35,2024-09-15
7027,89,Olsonton,West Crystal,2172.6,12.06,2935.36,2023-05-02
7028,483,Michaelmouth,Meganberg,1704.2,22.36,2940.58,2024-09-08
7029,261,West Kellyhaven,Mahoneyshire,1011.4,13.92,1390.46,2023-05-03
7030,310,New William,Westbury,1554.9,22.83,4048.17,2023-03-27
7031,495,Ericabury,Johnsonchester,1246.5,12.9,1685.96,2024-05-21
7032,147,East Jamie,Lake Charlesland,1944.8,9.98,1340.84,2024-08-02
7033,365,Tammystad,Nortonborough,1642.7,23.58,4212.48,2024-04-17
7034,229,Debraville,Nashberg,869.0,15.1,1435.42,2023-04-13
7035,446,Hannahfort,Laurafurt,1887.3,19.89,4184.5,2023-02-24
7036,200,Campbellfort,East Dawnborough,117.4,19.08,149.64,2023-06-09
7037,136,Sanchezhaven,Contreraston,1191.0,14.38,1193.68,2023-11-18
7038,216,Simsmouth,Lake Stephenhaven,2186.7,1.54,372.65,2023-04-10
7039,180,West Jeremyland,Riveramouth,1194.8,2.93,321.28,2023-07-20
7040,242,New Willie,Myersville,539.3,3.12,121.48,2023-05-22
7041,319,South Joseph,Brownbury,1928.0,16.64,2071.12,2023-12-13
7042,24,Christopherstad,Port Allison,1491.5,19.93,2824.96,2024-11-12
7043,210,West Christopher,New Briannashire,1448.9,7.67,581.71,2023-01-22
7044,124,Matthewtown,Williamsview,962.9,9.57,787.3,2023-12-12
7045,269,Brentfort,Lake Glennmouth,1874.9,18.34,2545.86,2024-05-28
7046,217,Tammyville,West Meganmouth,2458.8,20.21,4761.95,2023-06-27
7047,103,Ianview,Port Derrickmouth,945.4,9.21,545.25,2024-05-01
7048,17,North Daniel,North Jermainetown,2169.1,4.12,704.33,2024-03-11
7049,7,New Michael,North Kaylamouth,1596.7,22.97,3556.77,2024-11-25
7050,438,West Lindaberg,West Mark,2161.2,1.88,335.81,2024-05-08
7051,377,Port Lisashire,Johnsonfort,2498.9,18.68,2563.16,2024-08-21
7052,341,Lake Michelefort,Reyesmouth,651.5,8.38,651.17,2024-09-01
7053,353,South Kathrynchester,West Jenniferton,936.1,11.11,577.27,2023-01-10
7054,205,Robertsstad,North Amberburgh,1925.2,13.04,2294.81,2024-07-06
7055,53,Andrewville,Jessicaton,2092.2,24.85,2915.32,2024-03-04
7056,493,West Jameshaven,West Jeffrey,1723.0,8.64,968.42,2023-12-19
7057,40,Lake Dwayne,Ryanstad,1147.2,23.3,2088.28,2023-12-20
7058,473,Ericport,North Johnview,814.3,8.35,553.52,2024-12-01
7059,262,Natalieville,South Jessica,277.9,16.43,435.38,2023-03-03
7060,376,Port Lynn,Amberbury,1242.8,1.0,124.82,2024-03-15
7061,401,South John,Port Sylvia,1479.7,10.6,1498.89,2023-09-12
7062,315,Frenchside,Rickychester,2093.0,14.14,1784.82,2024-05-19
7063,207,Markfurt,Scottborough,88.8,9.95,52.41,2024-12-05
7064,270,New Nicholasshire,Riveraville,890.6,15.41,1046.4,2024-11-13
7065,360,New Julie,Loriview,1622.7,2.63,427.98,2023-05-21
7066,295,North Steven,Markhaven,620.0,6.56,411.19,2024-04-24
7067,438,Caitlinton,Port Karen,1775.7,12.91,2603.71,2023-07-23
7068,124,Velasquezfort,Port Kylefurt,92.5,7.68,59.45,2023-02-15
7069,35,Samanthaton,New Robert,1576.7,11.14,2002.76,2024-10-02
7070,46,North Williammouth,Conleyland,670.8,9.51,415.55,2024-10-14
7071,158,Port Rachelside,Lake Deborahbury,1353.2,10.03,971.57,2023-01-25
7072,430,North Danielport,Smithview,1155.1,6.85,701.23,2024-01-03
7073,174,Jonathanbury,West Richard,271.2,11.89,328.41,2023-08-04
7074,424,Port Reneeland,Charlesland,460.8,11.92,607.12,2023-04-14
7075,145,Michaelberg,Gomezhaven,364.1,5.51,185.37,2023-01-06
7076,345,North Richard,Christopherchester,302.6,23.32,721.48,2024-05-11
7077,247,Port Aaronside,Mayport,457.9,18.33,879.76,2023-05-15
7078,276,West Johnmouth,East Guy,1630.6,21.12,4113.58,2024-08-01
7079,209,Sherichester,North Mary,2293.7,17.37,4097.1,2023-10-14
7080,246,West Justin,Lake Bradyfort,1063.4,23.22,2728.9,2023-08-05
7081,471,South Robert,New Emmaton,791.0,5.89,549.09,2023-06-05
7082,73,Bernardmouth,North Connor,947.8,13.13,785.91,2023-07-03
7083,484,Port Martha,Port Shawn,920.6,9.97,630.81,2024-09-07
7084,41,Micheleshire,East Mark,2427.7,19.54,4146.77,2024-05-27
7085,398,Dannystad,Lake Kennethview,905.7,23.82,2491.7,2024-02-27
7086,251,South Josephchester,Taylorshire,1368.0,16.3,2197.81,2023-01-31
7087,414,North Aliciahaven,North Katherine,1398.4,8.87,1381.51,2023-12-22
7088,362,South Nicholaston,Elizabethshire,1568.7,20.41,2771.92,2024-08-04
7089,88,Patriciaside,Mcknightton,2221.2,20.05,2463.61,2024-12-16
7090,185,West Jeffrey,Stoutchester,2429.3,14.3,2649.11,2023-07-15
7091,57,Mendozabury,Port Nathaniel,2028.7,21.15,5067.75,2024-04-05
7092,111,Reyesfort,East Amyfort,973.1,9.28,843.96,2023-07-30
7093,113,Combsborough,West Stephenberg,1368.2,23.62,1835.5,2023-06-16
7094,281,Phelpschester,New Patrick,812.1,19.29,1410.45,2023-03-31
7095,101,Boydburgh,Perezburgh,2234.2,19.37,4382.34,2024-11-27
7096,198,Lake Lindseyburgh,Weaverport,2403.3,2.56,418.82,2024-02-11
7097,419,Colonfurt,Sharonbury,513.2,4.05,192.19,2023-08-14
7098,312,New Chrisbury,Lake Anthony,474.0,22.95,622.19,2023-04-24
7099,124,Davidfort,Wendyport,2196.9,14.78,3315.84,2023-08-04
7100,377,Robertstad,West Larryburgh,2446.3,21.33,5678.66,2024-06-20
7101,80,Port Kimberlyport,South Sarahland,2313.2,5.16,1027.11,2023-07-20
7102,45,Tateport,South Brianton,1206.8,5.64,383.52,2023-11-26
7103,43,South Brenda,Tiffanymouth,774.5,10.64,525.47,2023-06-21
7104,435,North David,South Lindafurt,864.2,16.39,1067.57,2023-07-26
7105,98,Monicahaven,Lake Mariemouth,182.2,2.51,30.02,2023-01-17
7106,226,Port Davidside,Lake Tylerhaven,194.3,8.38,82.58,2023-11-22
7107,25,South Lisaview,North Thomas,1355.4,17.12,1322.34,2024-11-14
7108,315,Port Annamouth,Thomasfurt,1560.8,22.31,2733.79,2023-07-02
7109,234,Hamptonfurt,Perezmouth,1395.1,16.93,1698.22,2024-10-10
7110,384,Beltranland,Jenniferton,1046.6,21.15,1776.41,2024-11-22
7111,62,Kristinamouth,Barbaraport,2010.5,8.81,1984.58,2024-02-16
7112,303,Bellchester,Frenchshire,1968.6,18.81,2327.79,2024-06-19
7113,464,East Scottmouth,South Christopher,290.8,10.76,290.91,2023-05-11
7114,158,Ruizshire,Wagnerfort,1515.0,9.19,749.82,2023-04-06
7115,412,North Kelseyview,Shelleymouth,1726.9,23.44,4623.27,2023-04-19
7116,356,East Dennis,Angelashire,302.3,11.06,191.66,2023-03-02
7117,316,Clarkside,East Andrewton,1883.1,24.57,3545.84,2024-07-01
7118,431,South Natalie,Darlenefurt,278.5,2.41,68.97,2023-08-24
7119,82,Lake Masonbury,West Angelaland,2132.1,18.44,3717.37,2024-03-16
7120,208,Schwartzburgh,Aaronchester,1677.2,4.22,720.54,2024-12-27
7121,65,North Maryton,Novakland,1362.1,11.02,1279.51,2023-10-21
7122,183,Julialand,Davisborough,422.3,3.01,135.68,2024-03-20
7123,196,New Heather,Nguyenchester,2323.3,10.65,2363.63,2024-07-09
7124,75,West Michaelland,New Timothystad,2097.4,14.64,2355.21,2023-10-26
7125,294,East Lisaport,South Debbie,124.7,5.65,48.59,2024-11-10
7126,6,Cameronburgh,Goldenhaven,2009.1,18.0,3696.04,2023-05-18
7127,325,East Larrymouth,North Eric,895.9,6.53,563.63,2024-04-13
7128,253,Port Linda,Clarkton,1601.7,23.49,3549.76,2024-09-08
7129,26,Williamsbury,Port Sarah,367.3,4.18,144.18,2024-06-14
7130,492,Guzmanstad,Perezmouth,1773.5,4.79,442.89,2024-01-28
7131,287,Dodsonport,North Andreaport,1631.2,12.12,2158.31,2023-10-13
7132,413,North Timothy,Chelseaview,882.0,12.84,668.36,2023-10-15
7133,313,East Tylerview,Heatherborough,518.9,12.11,367.9,2024-08-01
7134,368,New Williamview,Michaelberg,906.6,8.09,462.35,2023-07-03
7135,453,Marioview,East William,2037.9,8.95,2183.41,2024-10-01
7136,76,West Christopherbury,Doyleberg,2317.5,16.42,3784.59,2024-11-04
7137,413,Allisonchester,East Jasonborough,2288.1,23.75,4236.55,2023-09-30
7138,406,North Michael,Port Paulabury,981.3,7.91,403.69,2024-12-21
7139,401,North Emilybury,Taylorborough,2341.5,5.37,639.95,2023-03-25
7140,231,Harrisonton,Lake Stephanie,928.6,8.21,635.81,2024-06-24
7141,495,Jessicaburgh,North Lisa,2388.8,10.58,2996.96,2023-06-14
7142,446,New Brendashire,Lake Jessica,885.6,18.23,833.55,2023-03-01
7143,259,Richardsborough,East Brandon,254.4,13.06,335.59,2024-01-30
7144,105,East Zacharyland,Shorttown,859.7,10.41,878.36,2024-05-21
7145,431,Port Katherinehaven,New Anne,136.4,22.61,225.27,2023-05-06
7146,287,New Davidbury,Port Louis,918.3,20.33,1221.68,2024-05-25
7147,373,Whiteside,West William,1255.7,13.21,1422.1,2024-05-15
7148,467,West Tiffanyhaven,Tuckershire,2206.2,9.34,2036.03,2024-03-11
7149,106,South Rickyfort,East Joshuachester,2442.8,15.96,2597.94,2023-12-05
7150,66,Ericborough,Savannahhaven,1003.9,24.02,1909.04,2023-07-22
7151,453,Nelsonview,Lake Jessicashire,2218.4,4.31,874.0,2024-07-15
7152,100,Johnsonberg,Port Toddstad,266.1,3.34,89.66,2023-05-25
7153,426,Port Maria,Lake Joseph,1412.2,1.22,119.85,2023-07-18
7154,452,North Kevinfurt,Port Richard,1493.3,16.97,2060.38,2024-03-28
7155,261,West Paulafurt,Kathyfurt,245.1,14.86,186.04,2024-05-17
7156,374,West Brianbury,Amberview,90.9,8.9,83.49,2023-11-20
7157,392,Sylviamouth,South Shawn,678.1,24.87,1536.01,2024-11-20
7158,368,Lake Karla,Leeview,840.5,6.9,358.37,2024-09-26
7159,386,Brownland,South Michaelshire,1445.4,8.39,1106.44,2023-09-25
7160,25,Trujilloport,Donnafurt,349.0,12.03,375.49,2023-10-21
7161,288,Sarahton,Thomaston,2394.7,6.6,1277.6,2023-10-17
7162,377,South Darrenview,East Garrettborough,636.5,9.6,345.29,2024-01-11
7163,289,Patriciashire,Smithstad,1051.7,6.16,349.45,2024-10-03
7164,202,Melissaburgh,Port Brenda,861.9,6.31,522.24,2024-02-09
7165,262,Andrewport,Jasontown,1258.9,20.39,1743.16,2024-09-15
7166,384,Amandaport,Cortezland,1909.9,10.7,1918.43,2024-09-14
7167,353,South Justinmouth,Scotthaven,1937.0,21.03,2982.67,2024-02-19
7168,397,Curtischester,Lake Barryhaven,1669.0,15.23,1567.73,2023-04-11
7169,447,Hahnbury,East Rogerton,1675.7,16.9,2731.36,2024-03-27
7170,275,Hillmouth,Jasonport,2220.5,13.61,1859.57,2023-12-28
7171,112,New Jasminemouth,West Matthewtown,2257.6,19.24,2508.65,2024-12-25
7172,460,East James,Michellebury,427.9,9.96,225.54,2023-03-27
7173,153,Port Terryberg,Lyonschester,1299.4,9.23,1048.98,2024-08-02
7174,210,North Walter,Jimmyview,1719.7,20.96,3025.87,2024-06-24
7175,205,South Patricia,North Martinhaven,1615.9,13.06,1957.51,2023-01-16
7176,499,Tammyberg,Clarkburgh,732.4,20.24,968.24,2024-10-17
7177,295,North Seanhaven,Terryhaven,708.6,7.74,399.18,2023-06-11
7178,326,Robertton,Maryberg,1213.6,4.52,362.99,2024-06-18
7179,177,North Aprilfurt,South Fred,541.6,23.5,923.6,2023-01-15
7180,82,Brandonhaven,West Annettemouth,1725.0,18.02,2859.12,2023-06-26
7181,276,Danielland,South Christopher,2313.2,17.8,3466.85,2024-07-15
7182,352,Port Jamesville,Aliciaside,1785.9,24.17,2421.09,2023-10-04
7183,198,South Robert,West Jason,207.7,16.27,398.59,2024-03-11
7184,228,Ryanstad,Grossside,1725.6,24.59,2586.44,2024-04-08
7185,61,Walshborough,Vickifort,841.9,3.89,335.27,2024-09-11
7186,172,Mitchellmouth,West Marymouth,1985.3,15.85,2508.17,2023-06-29
7187,163,Bakermouth,North Nancy,598.8,15.72,704.96,2023-05-24
7188,160,South Charlesbury,South Scott,226.3,9.6,206.15,2024-05-20
7189,307,Lake Daniel,Josephburgh,2222.5,15.67,2815.45,2023-03-22
7190,415,South John,Hayestown,1095.6,23.45,1298.86,2024-10-07
7191,259,West Marilynmouth,Millerfurt,172.1,23.93,307.09,2023-07-30
7192,402,East John,South Johnhaven,2054.5,2.46,291.71,2023-07-29
7193,168,Floresmouth,Jenniferhaven,519.6,1.9,101.79,2023-12-22
7194,473,Port Alexisberg,Port Adamshire,1460.2,16.65,1479.8,2023-08-11
7195,278,Stephentown,Lake Ashleychester,737.9,4.03,207.13,2024-01-13
7196,308,Mcdanielshire,Port Bonnie,1990.1,6.16,1275.68,2024-12-10
7197,291,South Sandra,South Danielle,460.1,10.16,414.78,2024-07-29
7198,356,Perkinston,Fitzgeraldside,1589.7,19.39,2481.74,2023-01-25
7199,260,Port Allen,Lake John,170.8,2.99,48.19,2024-04-10
7200,101,North Rebeccaborough,Suarezview,2428.5,7.59,1945.61,2023-02-24
7201,438,North Chelsea,Lake Tammy,2279.5,14.29,1792.85,2023-01-05
7202,192,Kimberlyfort,Nancymouth,867.4,6.26,555.71,2023-10-21
7203,383,Lake Jennifer,East Shari,1996.7,13.65,2126.35,2023-11-16
7204,140,Andrewport,Owenshaven,1240.6,23.29,2104.63,2024-12-11
7205,79,Vincentside,Port Mariastad,1071.2,1.38,99.27,2024-11-02
7206,249,Joseport,North Anthony,2236.6,1.98,497.48,2024-03-25
7207,207,East Kevin,Lake Shawn,2146.7,23.35,5399.95,2024-02-19
7208,323,Michelleport,Lake Wesley,1600.8,4.31,410.67,2023-03-15
7209,437,Port Davidmouth,Lake Joseph,865.3,5.95,590.86,2024-02-04
7210,307,Margaretshire,Lawsonchester,1993.6,15.98,1733.3,2023-05-02
7211,179,Walkermouth,Lake Steven,1742.6,18.05,3380.38,2023-09-03
7212,79,East Savannahtown,Taylormouth,1051.5,18.73,2260.63,2024-10-15
7213,44,West Patrickburgh,East Joseph,2017.4,9.75,1042.1,2024-09-10
7214,370,East Garyland,Port Megan,2204.7,23.78,6180.68,2024-05-21
7215,112,South Amanda,North Paulport,2220.9,19.83,4786.76,2024-10-27
7216,233,Ramirezberg,New Stephanie,1414.9,21.66,2977.34,2023-01-08
7217,469,Michaelmouth,East Kimberly,883.5,8.68,457.93,2023-10-09
7218,483,North Haleyhaven,Lake David,438.9,5.38,161.01,2024-11-03
7219,137,Josephshire,East Benjaminfurt,1538.0,10.54,1538.29,2024-11-17
7220,313,North Williammouth,Brownville,757.0,10.49,644.86,2024-10-17
7221,176,South Jonathan,Hillville,1953.1,1.54,251.55,2024-03-25
7222,292,North Williamburgh,West Daniel,251.4,19.75,443.79,2023-10-18
7223,248,Lake Jessica,Bryantown,2348.5,15.57,1993.85,2024-06-04
7224,353,East James,Lake Teresa,967.9,2.64,230.18,2023-04-09
7225,400,East Ashleyberg,Sarahaven,729.5,3.3,172.07,2024-09-22
7226,470,West Tinafort,West Barry,454.8,5.94,154.04,2024-11-25
7227,345,Lake Josephland,Charleston,725.2,14.0,877.21,2023-04-17
7228,340,New Mackenzieshire,Jeffreyberg,1911.9,13.42,2439.7,2024-06-20
7229,180,West Cherylhaven,Zoeburgh,1447.4,7.53,884.4,2023-03-13
7230,247,Port Kellybury,Maryport,979.1,8.66,956.88,2024-09-23
7231,135,New Michelemouth,South Richardtown,95.9,8.83,85.33,2024-06-18
7232,157,New Lisaville,West Joshuaborough,1639.2,18.0,2794.34,2024-05-31
7233,337,Port Ryanmouth,North Elizabethville,595.5,19.38,1010.89,2024-07-22
7234,289,West Emilyside,Port Anthony,1256.9,9.07,897.61,2024-12-18
7235,299,Omarberg,Lake Anthonyside,478.1,4.38,105.1,2023-07-23
7236,250,Lake Troy,Wangberg,700.8,15.7,1241.44,2023-05-27
7237,443,New Stanley,Valerieberg,1042.0,23.79,1657.64,2024-05-18
7238,239,Nicholaschester,Montgomeryville,325.8,6.05,180.48,2023-02-09
7239,64,Wallaceland,South Lisa,356.2,2.22,42.18,2024-11-14
7240,440,Lindatown,East Andrewshire,2376.9,16.44,3218.48,2024-11-22
7241,124,West Lauren,Lake Julie,610.4,7.91,566.19,2023-12-16
7242,356,Shaffermouth,North Randy,1674.9,20.65,3325.46,2023-08-29
7243,188,Maynardchester,New Ianton,1364.6,4.2,427.95,2023-11-27
7244,54,Port Heather,Keithview,1197.3,13.01,1216.4,2024-07-06
7245,325,South Karen,Shieldshaven,597.0,7.49,526.07,2023-01-11
7246,449,Luiston,West Lauraberg,1245.1,3.29,357.93,2024-05-24
7247,161,Lauraview,New Katherinechester,1639.3,12.22,1870.42,2023-05-09
7248,495,Martinside,Lake Scott,421.5,21.66,799.29,2023-01-11
7249,346,Rachelton,Elizabethchester,963.6,14.26,1489.23,2023-02-20
7250,249,Byrdfort,New David,1887.2,19.86,4069.08,2023-08-22
7251,476,West Madisonbury,Stephaniestad,1879.8,8.23,1301.8,2023-11-07
7252,80,New Kenneth,North Cheryl,1278.9,16.69,1668.56,2023-06-25
7253,135,Guzmanhaven,East David,1979.2,22.84,4707.59,2023-04-18
7254,86,Port Sherri,Graceton,1588.8,3.82,385.63,2024-07-07
7255,493,Ricardomouth,East Jonathanton,633.9,18.8,1142.44,2024-05-14
7256,239,Samuelstad,New Lisaview,1613.3,11.66,1336.35,2023-09-22
7257,500,Port Catherine,Sherryview,299.3,10.61,290.58,2024-06-26
7258,253,Karenport,Port Gina,1139.2,18.19,1405.24,2024-11-11
7259,421,Joshuastad,Shelialand,1690.1,12.74,2296.48,2024-04-05
7260,179,North Mary,Onealshire,1749.2,24.38,2503.89,2023-05-22
7261,266,Sarahshire,Rebeccaberg,1798.4,14.73,3169.01,2024-10-24
7262,366,East Claire,Elizabethmouth,1796.5,12.98,1628.52,2023-05-23
7263,98,Ericchester,North Melissa,1928.1,1.89,299.92,2024-11-09
7264,236,Madisonmouth,New Tammyport,1540.8,10.32,816.53,2024-04-22
7265,21,Mckinneyland,Gonzalezside,902.4,17.27,1498.19,2023-12-09
7266,197,New Ellen,North Whitneymouth,1907.0,11.52,1152.66,2024-10-08
7267,18,West Curtis,North Monicahaven,1177.0,19.97,1619.0,2024-07-13
7268,484,Patrickbury,North Ryanfurt,1247.8,11.38,1303.79,2024-04-04
7269,463,Peterchester,North Brandon,1346.1,8.53,652.77,2023-10-14
7270,297,Loriborough,West Bianca,1773.9,3.64,683.59,2024-06-12
7271,406,North Michaelport,South Elizabethstad,2035.5,6.67,1201.24,2024-11-08
7272,128,Jennifershire,Melindaview,2312.2,11.18,2019.6,2024-10-12
7273,123,Daughertymouth,West Christine,914.7,5.75,420.71,2024-12-24
7274,270,Lake Erin,Burnettstad,951.6,17.17,1224.17,2023-04-24
7275,66,Bergview,Lake Phillipchester,1506.1,2.09,170.12,2024-08-09
7276,44,Robertfurt,Rachelfurt,375.5,13.92,360.17,2024-12-15
7277,55,South Jasonfurt,Matthewfurt,2419.2,6.53,1171.82,2023-08-29
7278,98,Wilsonton,Hudsonchester,1895.5,15.69,1641.93,2023-03-30
7279,85,Greeneburgh,Patriciachester,165.5,12.23,222.67,2023-12-23
7280,222,East Larry,South Caroline,1256.6,8.43,985.31,2024-12-22
7281,246,Christopherchester,Lake Alison,1042.7,17.14,1175.1,2023-05-14
7282,394,Scottport,South Jillianbury,1795.1,18.45,2615.89,2024-01-21
7283,267,South Jodi,North Brianfort,2059.4,2.5,507.72,2024-06-27
7284,499,Woodston,Jasonmouth,2410.0,5.7,1425.01,2024-02-22
7285,234,West Sarah,South Emilystad,2233.7,1.26,150.88,2023-01-29
7286,322,Cherylside,Lake Ericaville,1700.2,6.48,831.74,2024-12-16
7287,200,Patrickside,Bennetthaven,1120.5,9.75,1168.56,2024-02-02
7288,176,Melissafurt,Roytown,2069.7,13.33,3261.08,2024-06-03
7289,460,Walterborough,West David,494.6,24.8,969.7,2023-06-08
7290,363,Sullivanberg,Garciaberg,1837.2,20.43,4362.14,2024-08-28
7291,443,Walkerfurt,Tinachester,1957.1,2.64,578.91,2023-03-09
7292,54,New Brian,South Rebeccafort,1920.8,10.37,2305.15,2023-12-21
7293,101,Toddborough,Brooksmouth,266.7,4.03,63.4,2024-06-12
7294,337,West Stephenchester,Gomezfort,2002.1,4.99,684.05,2023-11-17
7295,43,South Jonathanburgh,South Daniel,457.7,21.8,1061.22,2024-05-03
7296,280,Port James,Lisamouth,2312.0,15.05,3663.29,2024-07-08
7297,415,Thompsonview,South Russellside,1440.6,24.48,3844.09,2024-07-18
7298,389,South Cole,North Bethmouth,1565.8,8.35,1547.65,2024-07-11
7299,140,Huntland,East April,830.3,24.13,1884.15,2024-12-14
7300,192,South Wandabury,Lake Darrell,975.0,9.94,630.28,2024-08-14
7301,40,Montestown,Jamesbury,1731.8,8.61,1044.48,2023-11-02
7302,273,New Kimberlyland,New Erica,318.0,3.34,110.54,2024-05-17
7303,44,Carrollburgh,Virginiaside,1681.0,19.35,3211.74,2023-02-14
7304,495,Robertshire,North Bradborough,573.9,23.11,837.29,2024-04-14
7305,283,Baxterhaven,Lewistown,94.8,9.12,46.74,2023-01-11
7306,304,Brianport,Connorfurt,2072.5,16.44,1942.74,2024-12-25
7307,263,Sullivanville,Port Adam,580.2,21.1,1231.07,2023-02-27
7308,144,Justinstad,New Shari,787.2,3.39,278.87,2023-06-06
7309,344,West Kristentown,West Meganfort,2161.8,23.54,3471.22,2023-03-10
7310,339,Wendyshire,Wardview,379.7,1.67,35.01,2024-11-25
7311,500,East Kevinshire,New Steve,1329.5,5.76,556.39,2024-08-30
7312,87,New Carol,South Ashley,196.2,3.34,41.23,2024-10-04
7313,1,Elizabethview,Matthewside,1377.2,22.87,1600.0,2023-06-28
7314,150,West Michelemouth,Lake Bryan,1295.0,22.08,2220.08,2024-12-04
7315,6,Davidland,Isabelmouth,1198.3,12.59,1527.7,2023-04-07
7316,56,Port Kenneth,Colemanchester,2478.9,16.87,3505.35,2024-05-12
7317,74,West Danielhaven,South Jamesmouth,2429.7,6.69,1341.86,2023-06-16
7318,335,Perezland,Allenborough,1864.1,9.96,1556.29,2024-04-24
7319,95,Randybury,Duncanmouth,1232.8,21.12,2461.92,2024-11-08
7320,280,Lake Jessicaton,West Ericabury,2398.2,12.98,1647.51,2023-12-14
7321,337,North Wanda,Hernandezburgh,1332.7,13.39,1592.9,2023-07-30
7322,114,Richardville,West Lisa,784.5,13.02,1092.66,2023-06-06
7323,199,Susanland,North Pamela,159.6,22.27,344.73,2023-07-05
7324,132,Collinsberg,East Daniellechester,2120.1,16.7,3742.7,2023-09-08
7325,314,Gordonhaven,Mirandahaven,1556.2,12.21,1095.29,2023-01-03
7326,351,East Tonyastad,Collinsmouth,254.1,1.89,48.15,2023-12-15
7327,402,North Emma,South Raymondshire,1894.2,15.62,1521.69,2024-11-15
7328,495,South Anthonyshire,Williamsshire,2283.7,20.11,4125.87,2024-06-29
7329,8,Torresbury,Tonyashire,1433.2,18.03,2172.11,2023-12-05
7330,59,West Michael,Morachester,612.2,4.14,271.2,2024-08-19
7331,64,Port Michaelchester,East Paul,1777.7,15.31,2661.44,2024-06-28
7332,294,North Karenland,Lake Frank,1403.2,18.7,1998.52,2023-11-13
7333,297,East Andrew,Crawfordchester,294.6,10.53,273.42,2023-02-24
7334,90,Scottton,South Brooketon,1008.6,23.91,1986.31,2024-01-27
7335,307,Anthonyview,North Richard,338.8,8.97,204.41,2023-06-03
7336,400,Jessicatown,Derrickside,660.0,22.63,1508.57,2024-01-30
7337,2,Lake Chasechester,New Ernest,2192.8,23.86,4086.58,2023-09-14
7338,476,West Kristinefurt,Piercehaven,394.5,3.71,131.72,2024-09-23
7339,188,East Teresa,Paulfort,1904.0,14.21,2318.77,2023-12-17
7340,432,Schmidtborough,North Jodiborough,1992.0,13.35,1593.19,2023-11-29
7341,189,East Rachelmouth,Robertschester,2323.7,6.57,1589.1,2024-01-02
7342,99,Jessemouth,New Aprilburgh,1385.8,19.14,2862.73,2024-10-21
7343,210,Johnsonview,Kimberlyview,1722.0,15.92,1529.38,2023-10-16
7344,436,West Cynthia,Fullerburgh,937.1,6.74,671.02,2023-05-08
7345,194,New Josephside,West Kimberlymouth,256.9,8.48,248.96,2023-03-17
7346,63,Julieshire,North Natalie,1456.1,19.52,2825.86,2024-10-15
7347,25,Carsonside,Port Jenniferstad,113.7,4.91,31.1,2024-02-09
7348,279,New Jerome,Katiemouth,2273.0,19.36,2663.99,2024-09-06
7349,263,Logantown,Howardton,649.1,3.08,146.2,2024-08-15
7350,297,New Tina,Kellyhaven,2381.2,14.99,2989.51,2024-04-03
7351,442,Crystalborough,Lake Michaelchester,79.2,6.29,53.09,2024-11-12
7352,42,Scottland,Simpsonton,1527.1,3.4,597.23,2023-06-29
7353,177,Pearsonside,West Crystalport,2149.7,17.78,2425.44,2023-07-20
7354,294,Kristinshire,West Xavier,1056.5,11.85,675.92,2023-07-14
7355,358,West Amyside,Greenshire,793.5,4.11,370.83,2023-07-23
7356,130,Lake Williamborough,Port Jenniferstad,985.9,8.92,1032.64,2023-05-15
7357,285,Pricehaven,Aguirreview,1375.1,6.56,851.74,2024-02-09
7358,287,Jonesview,South Marcusfort,1497.0,6.01,732.13,2024-09-15
7359,427,Dalefort,Hinesville,684.2,19.15,1071.1,2023-02-18
7360,440,Richardborough,South Rebecca,1039.1,12.15,1220.92,2023-01-24
7361,167,Rodneyton,Port Matthew,198.6,10.31,134.55,2024-10-17
7362,301,Danielschester,Melaniemouth,2357.3,16.75,3948.81,2024-08-08
7363,432,Barnesmouth,South Mary,2007.6,11.92,2260.28,2024-01-09
7364,390,East Michelle,Lake Ericaburgh,621.3,2.92,187.55,2023-01-22
7365,298,Annaland,Nicholefort,629.0,6.46,253.53,2023-08-04
7366,232,Rachelville,Carlchester,1988.6,18.96,3792.23,2024-04-19
7367,136,Lake Eric,Davidside,866.7,19.12,1408.41,2024-02-03
7368,155,New Douglasbury,Rodriguezstad,2486.6,9.17,2384.27,2024-04-02
7369,301,Smithburgh,East Hannah,1380.0,22.53,3423.63,2024-04-04
7370,411,West Seanbury,South Kristin,793.5,21.96,1406.48,2024-01-31
7371,177,West James,Leblancside,582.2,3.81,125.31,2023-05-23
7372,84,North Ronaldstad,Ellisonmouth,998.2,21.55,2348.14,2024-07-31
7373,299,Chadview,Alexanderville,1234.9,11.92,1539.15,2023-02-20
7374,456,North Hailey,New Brent,2233.0,9.64,1949.85,2023-10-26
7375,54,Thomasmouth,Gilmoreville,782.3,12.46,1055.03,2024-09-08
7376,243,New Fredbury,Kendraview,313.4,12.62,472.74,2023-03-14
7377,345,South Danielle,Lake Williambury,1010.9,22.15,1687.06,2023-01-29
7378,263,Campbellborough,Debbieton,1870.8,11.04,1699.66,2023-09-16
7379,350,Kimberlyside,Eriktown,1434.9,11.94,1056.22,2024-10-23
7380,483,Courtneyburgh,Pricemouth,1462.7,8.11,873.67,2023-08-21
7381,6,Ryanmouth,Port Abigail,2473.0,1.59,252.54,2024-06-04
7382,271,West Taraborough,Lake Kristopher,1541.7,7.19,1085.98,2023-11-14
7383,223,Lake Pam,Harrisburgh,2152.8,18.8,2055.95,2023-03-09
7384,473,Maryhaven,New Cynthiaport,978.4,15.16,1361.96,2023-11-04
7385,35,Port Tammietown,Donaldmouth,2170.5,16.6,3977.86,2023-08-11
7386,281,Chelseyville,North Leslie,585.3,4.17,192.04,2023-07-01
7387,453,Montoyaview,Jenniferburgh,1217.1,16.0,2149.13,2024-06-02
7388,240,Millerburgh,Port Suzanneberg,1129.7,11.95,1238.35,2024-03-13
7389,458,Johnsonville,South Ericport,150.2,16.7,225.41,2024-06-08
7390,240,Edwinland,Port Edward,2072.3,4.46,606.28,2023-11-28
7391,473,West Kelly,Perryberg,1493.7,22.1,3517.39,2023-11-11
7392,485,Lake Vickie,South Robertstad,1137.9,17.08,1087.95,2024-10-13
7393,67,Samanthachester,Brownborough,1122.6,6.72,566.03,2023-07-22
7394,407,South Brandonton,Teresastad,1407.1,11.07,983.2,2023-12-09
7395,470,Jesushaven,West Kimberly,129.6,13.95,204.42,2024-01-11
7396,351,Gwendolynmouth,North Thomasland,461.4,5.84,178.46,2023-12-18
7397,111,Melissafurt,Lake Bryanfort,2357.0,6.8,1685.23,2024-10-16
7398,195,New Annmouth,West Andreaville,1561.1,23.3,2460.9,2024-10-15
7399,15,Taylorborough,Holmeston,105.3,10.63,111.47,2024-02-15
7400,499,Jonesstad,Millerfurt,2094.6,23.85,3819.11,2024-01-27
7401,205,Port Daniel,Port Andrewfort,683.5,6.44,502.67,2024-10-05
7402,225,Port Ashleyport,South Dianachester,1549.3,16.7,1639.1,2024-07-03
7403,307,Lindaton,East Racheltown,1367.3,10.4,1485.94,2024-02-05
7404,247,Gambleland,Rodneyborough,798.5,4.28,253.09,2024-11-21
7405,442,North Donaldmouth,Glennfort,1802.7,2.17,410.68,2024-04-02
7406,285,South Tricia,Taylorbury,2353.5,7.09,1868.95,2024-09-10
7407,175,Thomasland,South Gina,874.0,13.76,1257.84,2023-03-27
7408,386,Nicoleburgh,South Paul,651.3,3.79,223.41,2024-08-03
7409,86,South Dennis,East Keithville,1923.4,13.49,1315.14,2023-05-07
7410,272,Kimtown,Lake Brittany,937.2,24.11,2560.48,2023-07-15
7411,211,New Daniel,East Davidfurt,2015.3,8.78,2091.64,2023-11-03
7412,171,Jamesshire,East Jodyhaven,1912.3,8.26,935.74,2024-06-18
7413,488,Wrightport,Warrenhaven,2011.8,12.51,2772.84,2023-05-26
7414,279,West Mark,New Abigailside,1089.5,13.72,1752.51,2024-10-31
7415,370,East Ashley,Hernandezberg,1022.4,17.29,935.89,2023-03-29
7416,455,Lake Kathryn,Lake Holly,1495.7,4.12,360.89,2024-03-06
7417,48,Kevinborough,Williamsmouth,234.1,12.53,331.86,2023-12-22
7418,206,Anthonymouth,Tomstad,1572.5,18.21,2085.27,2023-08-10
7419,398,West Tina,South Valerie,2412.9,23.14,6510.27,2023-05-30
7420,290,Port Thomasburgh,Brandyville,1462.9,4.16,649.81,2024-04-26
7421,266,North Hannahville,Cardenasmouth,1335.0,12.62,1927.01,2023-08-04
7422,129,Simpsonstad,Lake Patrick,1267.8,20.83,2613.81,2024-02-04
7423,409,West Marthamouth,Matthewport,2013.5,20.33,3672.51,2023-01-09
7424,469,Hensleybury,Lewisborough,1051.3,14.83,902.97,2023-04-19
7425,219,Sweeneyshire,Jamesberg,1683.0,10.42,1245.63,2023-05-10
7426,286,Joshuafort,East Samanthafurt,70.4,5.67,25.06,2023-07-18
7427,41,Shariport,South Carla,1291.1,12.3,815.58,2024-12-06
7428,174,North Bethanyberg,Jenniferhaven,1768.9,5.29,787.31,2024-12-19
7429,349,Port Larry,East Carolyntown,1727.7,4.6,409.17,2023-10-18
7430,43,Joelfort,South Elizabethton,440.1,17.88,807.75,2024-01-30
7431,485,Port Troy,Whitakerside,1821.7,12.74,1643.83,2023-03-01
7432,318,South Mary,Jamesberg,715.4,10.56,657.92,2024-09-21
7433,445,Jonesmouth,North Amy,386.8,21.76,460.99,2023-07-24
7434,239,Elizabethfort,Valeriemouth,2225.7,10.74,1415.42,2023-01-18
7435,183,Kristenmouth,Cassiechester,832.9,18.75,1633.44,2023-01-30
7436,130,East Sarahchester,South Tiffany,469.2,17.34,732.08,2024-08-14
7437,370,Jonesstad,North Vanessaville,725.6,20.81,997.89,2024-11-23
7438,175,New Courtneybury,Hernandezville,1025.7,12.55,1462.3,2024-01-13
7439,97,Cowanview,New Christinahaven,766.3,14.03,1244.12,2023-12-25
7440,488,Raystad,North Kristen,544.1,14.75,610.52,2023-08-30
7441,111,West Joanport,Sherylland,1258.9,22.65,2800.53,2024-07-12
7442,26,Jasonbury,New Amanda,1024.8,17.97,934.27,2023-11-24
7443,305,Rasmussenton,Kingville,1999.3,21.75,3195.7,2023-10-27
7444,138,Arnoldberg,Crossfort,426.1,4.23,151.37,2024-10-22
7445,52,New Emilyside,Morrowborough,1866.7,13.76,2183.59,2024-12-21
7446,23,Petersonstad,Poolechester,1571.4,12.05,1073.56,2023-02-10
7447,434,South Leviside,Craigborough,1819.8,14.57,2246.96,2024-10-04
7448,67,North Jessicaborough,East Andrew,2439.8,17.06,2161.88,2024-10-11
7449,435,Thompsonchester,Freemanhaven,908.5,14.71,711.44,2023-08-16
7450,65,Deleonshire,Jennifertown,1427.8,14.19,2035.39,2023-07-06
7451,231,New Richard,East Ryanberg,633.8,17.92,1338.7,2023-05-22
7452,436,East Charlesville,East Julia,2112.4,20.95,3995.08,2024-10-09
7453,83,Lake Kristenmouth,New Susan,534.4,12.44,490.83,2023-09-02
7454,481,West Taylor,South Jim,1503.8,3.48,457.84,2024-05-16
7455,64,East Jeffreymouth,East Meagan,1597.5,9.93,1151.51,2023-11-19
7456,331,Williamsland,New Danielleburgh,239.4,21.22,539.22,2023-04-18
7457,10,North Timothy,Port Charlesberg,1136.9,7.78,544.34,2024-12-13
7458,236,East Josephborough,Bellberg,2264.9,12.2,2987.94,2023-05-10
7459,494,North Chrismouth,Marvinton,791.6,21.62,2047.64,2024-10-02
7460,240,Janeton,North Cathymouth,808.9,5.4,390.02,2024-07-17
7461,67,Williamhaven,Courtneyland,2075.5,14.99,1900.67,2023-04-01
7462,122,Port Nataliemouth,Lake Isabelville,897.3,2.91,299.75,2024-06-22
7463,488,Lake Melissa,Port Charlesburgh,1748.1,5.27,881.81,2023-05-09
7464,231,Watersmouth,New Huntermouth,2443.0,20.0,4049.9,2024-12-04
7465,405,East Ashleeshire,Sancheztown,627.3,23.18,1169.04,2024-09-14
7466,153,West Cassiebury,Pruittville,1179.7,5.12,619.74,2023-12-07
7467,176,North Joshuaville,Davidfurt,518.6,8.34,406.89,2024-04-11
7468,254,Port Troychester,North Ashleeside,2156.8,15.94,2831.86,2024-07-01
7469,244,Amberbury,Sarahland,453.7,24.39,844.84,2023-06-26
7470,436,South Matthew,South Julie,320.3,22.7,746.62,2024-09-26
7471,332,Mendezton,Isaacbury,803.1,22.46,1996.02,2023-08-22
7472,25,Lake Donna,Thomastown,155.4,4.76,84.4,2024-06-14
7473,332,South Andreastad,Leefurt,1919.1,6.43,1418.67,2024-09-17
7474,298,Meganstad,Williamland,96.0,8.12,54.96,2024-12-23
7475,370,Michaelfort,South Tinamouth,2167.2,24.06,4893.81,2023-03-19
7476,215,Wardchester,Blankenshipmouth,172.1,7.89,125.06,2024-10-17
7477,66,Port Lisafurt,North Justinton,1762.6,12.59,1851.89,2023-02-25
7478,399,South Jamiestad,New Peter,755.6,5.03,291.65,2023-07-14
7479,134,West Cindymouth,North Jenniferside,2424.1,21.0,2993.91,2023-04-22
7480,401,South Cassidyton,Johnmouth,1505.1,23.15,2280.75,2023-10-26
7481,368,Brucemouth,Tammieville,1519.0,2.27,355.96,2023-09-12
7482,31,Sarabury,Juanburgh,2395.8,23.15,5217.22,2023-07-20
7483,124,Thompsonborough,Codyhaven,2285.3,17.29,2385.85,2023-11-07
7484,95,New Nicole,East Joshua,316.4,18.06,586.56,2023-03-25
7485,133,Stacymouth,Rachelshire,2058.0,10.5,2459.13,2024-06-28
7486,497,South Steven,Davisstad,1253.8,21.79,2171.34,2024-07-29
7487,268,Wilsonfurt,North Christopherville,1980.5,22.09,4129.47,2024-02-19
7488,112,Port Tammy,Masonland,701.4,23.04,1709.8,2023-04-01
7489,140,Barrettmouth,New Melissa,2448.3,15.66,4560.73,2024-09-14
7490,276,Port Shannonfort,Port Luis,1148.5,8.35,585.51,2023-02-15
7491,332,Port Laceytown,Raymondmouth,1611.6,21.02,3976.95,2023-08-21
7492,467,Rickyfurt,Smithtown,1916.8,15.79,2963.29,2023-01-21
7493,43,Port Rachaelstad,Jessicahaven,1749.2,19.9,3683.06,2023-11-20
7494,405,Gonzalezside,Anthonytown,2458.2,6.98,1572.71,2024-02-09
7495,380,New Anthonyview,South Tammyville,463.6,11.35,599.3,2023-07-24
7496,167,Lutzborough,Hudsonmouth,787.9,18.49,969.36,2024-01-21
7497,289,North Ashley,West Rachelborough,76.0,18.27,83.35,2024-08-14
7498,29,North Emmaburgh,Davidhaven,89.0,1.91,20.06,2024-08-13
7499,443,Shaneview,Joycemouth,1109.2,21.22,1846.74,2023-11-29
7500,258,East Christopher,Cordovaport,2109.7,8.48,1076.91,2023-02-05
7501,163,Maryville,Robinstad,1247.8,21.21,2630.61,2024-07-05
7502,146,Port Thomas,Tammytown,686.5,23.52,1614.78,2023-02-10
7503,253,Scotthaven,New Edward,481.3,6.97,261.79,2023-01-09
7504,377,Port Brian,North Drew,1516.8,18.38,2857.43,2024-02-22
7505,138,West Lindsayfurt,North Timothy,1110.5,23.81,2823.89,2024-09-04
7506,490,Jenningsshire,Jenniferfort,2367.9,6.39,964.62,2024-12-17
7507,142,Garciahaven,Dyermouth,616.4,14.79,830.73,2023-09-01
7508,303,Alfredtown,Atkinsonmouth,832.7,6.09,529.69,2023-04-20
7509,90,Cooperhaven,Langshire,2169.6,19.99,4259.93,2023-07-10
7510,234,Port Pamela,North Cynthia,1307.8,14.39,1233.98,2023-07-22
7511,51,North Nancyside,Port Trevorborough,535.4,20.85,1203.6,2023-03-26
7512,120,West Megan,New Brianborough,2235.2,6.91,1782.35,2023-03-02
7513,348,Colemanville,Mercerstad,729.2,6.97,573.67,2024-06-21
7514,159,New Kimberlybury,Flowerstown,560.1,5.34,197.7,2024-01-29
7515,244,Lake Jacquelineland,West Matthew,298.6,5.29,111.39,2023-11-23
7516,192,Cooperview,New Darryl,2336.8,1.52,319.33,2023-02-12
7517,124,Fryeburgh,Adamston,517.6,20.65,652.1,2024-06-04
7518,205,West Sarah,Kurtview,613.9,2.08,145.71,2024-09-01
7519,50,New Alejandra,Brittneyland,168.1,6.96,69.32,2023-02-17
7520,485,Chavezfort,Mariafurt,2056.2,12.7,1469.79,2023-02-13
7521,412,West Tracy,Port Jameshaven,923.4,13.82,1083.52,2024-07-19
7522,358,Hodgesborough,North Albert,1490.0,24.19,3401.87,2023-02-23
7523,419,New Jessica,Murphyport,178.2,4.65,93.37,2024-07-21
7524,157,Smithville,South Lisa,1733.3,8.18,1047.25,2023-07-01
7525,417,New Chelsea,East Jose,224.5,15.25,208.63,2024-03-30
7526,262,Russellbury,Lisafort,962.0,3.1,216.07,2024-12-15
7527,265,Williamsbury,North Jenniferside,2011.9,1.85,312.81,2024-01-04
7528,376,Andersonstad,North Samantha,234.7,3.19,50.51,2024-12-17
7529,367,Karenville,Port Peter,2435.6,9.29,1165.11,2024-12-10
7530,493,Port Stephen,South Alyssachester,1870.2,18.5,2480.87,2023-04-15
7531,366,Howardchester,Amberton,672.1,19.29,710.3,2023-11-25
7532,440,Lake Jennifer,Lake Bryanmouth,2192.5,3.64,785.62,2023-08-09
7533,458,Leeport,Robertland,1903.3,9.59,2125.66,2023-07-27
7534,491,Lake Evanside,Reynoldsport,2333.0,11.37,1754.52,2023-05-04
7535,210,Michaelberg,Lake Johnland,1311.6,16.59,2581.68,2023-02-28
7536,382,East Brandifurt,Port Brittany,652.8,21.16,1107.01,2024-06-24
7537,343,East Kristinhaven,New Shannon,1055.8,21.29,1241.02,2024-06-28
7538,367,East Kim,Patrickland,2187.9,16.77,4124.97,2024-01-13
7539,399,East Staceytown,East Richard,1109.8,8.58,482.28,2024-08-21
7540,22,Loriport,South Ann,51.9,11.46,32.78,2024-02-08
7541,338,Olsonport,Lopezport,758.4,2.31,162.05,2023-11-28
7542,216,Wilsonshire,Stephaniestad,994.3,20.41,1963.11,2023-09-15
7543,98,Fernandezfort,South Gloria,1509.3,12.05,1007.82,2023-07-30
7544,468,Cesarburgh,South Vincentfort,1730.3,17.63,2427.36,2023-02-02
7545,20,Holdenshire,Josephburgh,2336.5,2.01,486.46,2023-03-12
7546,387,New Nicholas,West Trevor,317.8,2.89,64.21,2024-05-16
7547,111,West Garystad,Sheilaview,1073.1,3.31,190.04,2024-12-02
7548,257,East Brandonmouth,North Patrick,1519.7,12.65,1652.15,2023-12-31
7549,144,South Latoyaburgh,Donaldfort,1415.3,13.91,1269.77,2023-02-03
7550,198,Myersfort,Jamesshire,2008.2,22.5,4335.5,2024-05-10
7551,496,New Craig,Haynesmouth,2348.8,14.32,1949.87,2024-03-16
7552,46,West Wayneport,New Kathleenport,1295.2,17.99,2361.99,2024-04-16
7553,477,West Robert,Feliciaville,1342.2,17.44,2698.51,2024-02-03
7554,339,Port Jesseview,Hayestown,1509.9,24.83,3521.88,2023-02-21
7555,286,Port Robertoborough,Tracyhaven,1498.5,9.02,1054.53,2023-11-25
7556,269,Port Hannahbury,Atkinsonmouth,1363.9,4.85,552.37,2023-02-26
7557,250,New Nathanside,East Phillip,134.0,12.5,102.05,2023-05-11
7558,284,West Brandon,Peterhaven,433.7,1.04,42.71,2023-11-07
7559,230,Port Danielstad,Port Kyle,325.0,17.05,612.51,2023-09-11
7560,216,North Shawnstad,West Brittanybury,428.1,5.64,156.35,2024-06-26
7561,371,Kelleyport,East Susanfort,742.7,12.19,594.18,2023-09-10
7562,26,Port Laurastad,East Susan,1794.2,1.69,264.84,2023-01-19
7563,267,Harperberg,Port Brenda,1933.2,15.49,3493.44,2024-02-09
7564,191,East Madisonhaven,Lake Rachelside,1912.6,15.02,3424.44,2024-04-06
7565,312,Patriciaton,Port Tylerbury,302.9,7.13,255.68,2024-01-16
7566,134,South Franklin,Jasonbury,1394.1,10.88,1705.15,2024-08-08
7567,223,Cruzborough,Nicholasberg,999.4,7.32,383.87,2024-05-28
7568,191,Joshuaberg,Loriburgh,978.3,13.36,1035.8,2024-04-05
7569,458,East Raven,Sarahberg,217.5,14.47,325.42,2024-10-28
7570,24,Lake John,Julieburgh,297.4,11.2,249.16,2024-01-25
7571,206,Williamsborough,East Edward,910.2,15.58,1071.81,2024-05-06
7572,46,Nicholasfort,Allisonport,557.7,8.29,530.89,2023-12-13
7573,108,Emilyland,Robinsonhaven,1284.3,22.99,2831.77,2024-06-13
7574,69,Lake Lauraland,West Jessica,1492.0,4.52,676.97,2024-09-14
7575,170,West Daniel,New Samuel,906.3,21.04,1415.4,2024-11-01
7576,361,Lisafort,Eugenehaven,1908.1,6.13,1215.72,2023-06-25
7577,103,East Anthony,New Tracy,1218.2,20.07,1254.0,2024-06-24
7578,56,Port Anthonyburgh,South Scott,293.6,12.88,336.58,2023-07-23
7579,191,Mariaview,Matthewport,1500.2,4.86,576.7,2024-02-19
7580,437,Jessicaberg,Morsefort,743.8,12.53,566.26,2023-08-09
7581,489,Hartburgh,East Theresa,303.6,7.3,119.75,2023-04-25
7582,13,East Todd,Nathanmouth,968.6,20.63,1470.51,2023-07-17
7583,17,South Amber,East Tanyaborough,1662.6,24.92,2929.45,2024-05-10
7584,289,North Michellefurt,Jasonberg,1292.8,18.87,1282.05,2024-11-30
7585,434,Kingfurt,Wallacestad,1486.1,14.21,1364.5,2024-10-29
7586,262,Johnsonfort,Port Mikaylaland,1265.1,16.15,1360.38,2024-10-13
7587,110,Lake Amberbury,East Michael,1221.9,8.44,585.95,2023-10-08
7588,128,Matthewville,West Kathryn,82.3,20.16,172.61,2023-05-10
7589,16,Port Kimbury,Christopherbury,1339.1,19.54,1417.17,2023-08-25
7590,315,Port Dorothy,Lake Cynthiaberg,1471.6,7.99,845.42,2023-12-09
7591,252,North Theresamouth,Port Amber,802.7,23.48,2243.11,2023-04-13
7592,291,Lake Russell,Port Randyfurt,1744.5,18.13,1816.86,2023-05-16
7593,139,Fishertown,Smithchester,1437.7,16.45,1702.49,2024-05-03
7594,255,Amyside,Langhaven,1062.6,10.3,939.49,2024-09-18
7595,409,Edwardschester,New Garyshire,1748.3,9.62,1455.33,2024-10-26
7596,399,Audreyland,North Davidhaven,975.1,4.49,266.48,2024-08-14
7597,66,New Michelle,Alexisshire,851.9,10.7,458.43,2023-08-26
7598,147,South Miguel,New Jennifer,662.0,4.11,306.81,2023-07-10
7599,437,Melaniefurt,Port Grace,145.4,10.17,122.39,2024-04-16
7600,41,Lake Sarabury,Port Randymouth,2127.6,23.88,3196.36,2023-04-08
7601,423,East George,Mcintyreland,1665.3,13.45,2274.78,2024-08-29
7602,85,Lake Angelafurt,Nicoleville,692.9,23.15,1757.39,2024-10-03
7603,173,Christopherfurt,Mariaview,1941.9,13.16,2902.46,2023-02-27
7604,278,Roblesberg,New Robert,220.2,10.66,124.51,2024-12-18
7605,66,Hoffmanchester,North Alisontown,2012.5,21.4,2809.11,2023-10-19
7606,249,Smithburgh,South Billy,1245.1,14.28,1848.99,2023-08-07
7607,410,Micheleborough,East Heatherview,1605.5,1.81,258.58,2023-01-10
7608,201,Sancheztown,Jasonhaven,524.6,2.99,93.86,2024-04-26
7609,439,North Kathryn,West Morganview,1548.2,20.9,3453.24,2024-02-15
7610,75,East Joan,South Arthurland,2151.6,8.27,1083.11,2023-05-06
7611,77,Hernandezside,Lake Amanda,442.2,24.45,1065.89,2023-01-17
7612,371,Port Julie,North Connorstad,665.1,14.06,724.75,2023-02-23
7613,40,North Robinton,Mortonport,222.7,21.84,323.1,2024-08-11
7614,429,Rhodesport,Lake Arthur,785.5,2.0,182.25,2024-03-13
7615,357,Bassfurt,Lambertbury,2097.2,3.64,666.52,2023-12-06
7616,416,North Carrieport,Jamesview,423.6,17.3,690.26,2023-03-21
7617,391,East Patrick,East Thomas,348.4,7.33,149.41,2023-04-19
7618,44,Roweburgh,Alexanderfurt,658.9,14.77,490.96,2023-07-20
7619,48,East Jeremy,Port Stephen,110.0,11.9,137.15,2024-09-22
7620,426,New Ebonyport,Xavierland,2189.7,14.63,3270.97,2023-10-17
7621,65,Julieborough,Smithland,299.7,14.92,473.85,2024-01-20
7622,337,South Jenniferfort,Walkertown,1847.4,21.33,3013.92,2023-11-06
7623,249,Gonzalezburgh,Port Olivia,1707.5,4.43,539.06,2024-12-20
7624,149,Watsonview,South Jason,1052.6,14.25,1565.87,2023-09-03
7625,144,Hollowayville,Port William,205.3,2.09,29.32,2023-04-03
7626,57,North Douglasmouth,Petersberg,278.4,19.13,458.53,2024-03-08
7627,54,East Erica,Alyssaberg,2362.5,24.99,5276.03,2023-05-15
7628,44,Tinaberg,East Madison,814.5,23.77,1431.26,2023-06-16
7629,60,East Robert,North Davidview,1758.6,6.55,829.82,2024-12-06
7630,160,East Patricia,Parkerfurt,1140.1,15.09,862.89,2024-09-13
7631,294,Karimouth,Smithfurt,1153.6,13.06,1189.99,2024-09-01
7632,463,West Tonya,Scottport,1874.9,20.02,3996.29,2023-03-25
7633,258,North Amberbury,Lake Susan,996.7,3.4,326.14,2023-05-14
7634,54,Lake Craig,Greenchester,1174.0,6.1,368.99,2023-01-21
7635,200,Port Stephaniefurt,Carterside,693.6,20.37,1460.97,2024-02-06
7636,79,Lake Courtneymouth,Alvaradochester,715.8,12.37,1029.29,2023-09-26
7637,138,West Travis,Morseside,1171.4,16.87,1641.54,2023-03-30
7638,114,Grayport,Elliottchester,1986.9,11.92,1628.05,2023-09-11
7639,133,East Andreaburgh,Skinnermouth,576.2,24.84,1166.23,2023-10-13
7640,269,Robertview,West Jennifer,1564.7,14.93,2674.31,2024-06-26
7641,312,Taylorbury,Kennethmouth,1152.0,15.5,1179.87,2024-09-16
7642,315,North Brandon,South Elizabeth,311.0,6.49,206.57,2024-06-02
7643,494,West Sara,Lake Joyce,757.9,5.46,389.42,2024-02-02
7644,115,East Toddview,Port Brandon,786.1,1.1,66.56,2024-02-10
7645,120,Adkinsbury,Ericfort,461.2,19.22,723.01,2023-08-12
7646,179,West Lisafort,South Laura,2353.7,17.87,3741.56,2024-05-09
7647,351,North Lindsay,East Jenniferton,1247.8,23.75,1982.61,2023-12-20
7648,309,West Jameston,Fordtown,2099.5,2.95,741.68,2023-05-30
7649,49,Lake Christopherland,Nicoleburgh,1044.8,8.97,735.6,2024-07-15
7650,477,Bryanshire,Mitchelltown,456.1,6.42,154.08,2023-07-11
7651,487,Bassfort,New Davidfurt,757.1,2.47,151.21,2024-12-22
7652,288,New Amandaport,Julieton,1326.6,12.13,1142.86,2023-06-05
7653,266,Colefurt,Janicechester,977.5,16.25,1443.44,2023-12-02
7654,240,Lake Mollychester,Bryanstad,1497.8,13.21,1705.02,2023-04-19
7655,55,South Luis,Robinborough,79.7,16.59,103.62,2023-03-08
7656,409,West Frankland,Davidberg,112.1,2.29,28.86,2024-01-10
7657,487,Gonzaleshaven,Salinastown,1197.9,19.08,1853.98,2023-07-02
7658,161,Josephstad,South Danaborough,2391.6,21.68,4965.61,2023-01-05
7659,104,Colleenfurt,Lake Jamie,1456.6,8.44,784.45,2024-09-17
7660,53,East Jamesmouth,Sonyaborough,2048.9,23.42,3891.15,2024-10-31
7661,294,South Brandon,Mooreborough,321.1,22.24,578.19,2024-05-21
7662,19,Brownton,Johnsonbury,1773.5,11.15,1060.8,2024-01-19
7663,138,South Robert,East Christophermouth,731.2,1.57,131.48,2023-12-31
7664,183,South Jennifertown,Peggychester,752.2,3.07,272.54,2023-12-05
7665,117,West Matthewbury,New Bethshire,868.8,15.21,1074.89,2023-01-17
7666,340,Josephland,Millerton,619.3,16.97,907.27,2023-05-27
7667,176,Lynchside,South Diana,1433.4,10.77,1529.77,2023-05-26
7668,56,Matthewmouth,Beasleyville,966.4,4.88,423.16,2023-04-19
7669,373,Jenniferton,South Patrickbury,1226.1,17.31,2277.27,2024-04-26
7670,480,West Alexander,Lake Katelynland,623.6,6.85,213.96,2023-11-19
7671,300,Knightville,Port James,1905.0,8.47,1591.45,2024-12-08
7672,179,West Marcus,New Anthony,1479.8,10.23,1185.26,2023-10-21
7673,379,East Gregory,Scottview,575.4,10.26,341.33,2024-06-01
7674,54,Kristenville,Turnerview,1552.9,16.54,2104.76,2024-09-24
7675,156,Port Markburgh,Arnoldmouth,2486.4,6.19,1381.4,2023-11-19
7676,260,West Robertport,Lake Tommyshire,1920.2,17.67,2064.09,2024-12-26
7677,101,South Desireetown,Smithside,1263.5,18.35,2667.15,2023-07-15
7678,434,West Scott,South Anthonyhaven,1992.3,20.48,4389.83,2023-03-19
7679,125,East Joseph,Jonesfort,1338.8,21.59,3407.36,2024-07-14
7680,416,Freemanfurt,Antoniotown,2097.2,4.68,819.95,2023-02-09
7681,360,East Meaganshire,Oliverchester,1000.6,11.88,671.32,2024-08-25
7682,296,Smithport,Batesland,241.7,23.21,375.3,2023-08-24
7683,470,Raymondberg,Samuelberg,541.9,3.98,223.35,2023-11-10
7684,4,Brightstad,East Meghanland,1541.9,11.57,933.67,2023-09-16
7685,447,New Jenny,East Patrickville,945.0,14.42,777.94,2023-11-24
7686,61,Haroldberg,Victorfurt,611.0,8.67,490.15,2024-09-03
7687,13,Boydville,South Susan,2208.0,3.91,514.0,2024-03-31
7688,97,Rachelside,Lake Joshuafurt,1013.3,20.48,1847.18,2023-02-27
7689,155,Ginaton,Lake Danaberg,2339.4,9.9,1584.34,2023-06-30
7690,306,Blevinsberg,South Cristianville,1031.6,20.67,1864.88,2024-12-25
7691,322,North Tara,West Alexahaven,1147.3,3.44,279.1,2023-03-24
7692,448,New Whitneyfurt,South Crystal,1632.4,9.65,793.04,2023-08-15
7693,68,North Kim,Brendachester,615.4,18.22,757.27,2024-08-19
7694,277,Hunthaven,New Matthew,1214.8,21.16,1463.5,2023-01-22
7695,495,North Susan,New Stephanie,2464.6,10.54,2657.84,2024-11-25
7696,437,East Sandra,North Stephanie,419.7,8.73,338.2,2023-05-08
7697,89,Port Jeffrey,West Moniqueport,1638.7,8.9,1363.35,2023-08-30
7698,42,Sototown,Monicashire,1004.1,2.29,122.68,2024-01-11
7699,395,North Krystal,North Nicholas,1970.2,20.11,2289.13,2024-08-19
7700,38,Margaretshire,Monicaport,1887.1,3.0,412.53,2023-01-28
7701,288,New Joshua,East Maryshire,1067.4,21.31,1869.22,2023-07-09
7702,320,Hortonhaven,Jamestown,681.9,7.06,500.64,2023-06-12
7703,438,Ashleyland,Sydneyhaven,1585.7,2.97,547.86,2023-12-07
7704,263,Whitakerburgh,Robinsontown,615.9,2.13,133.54,2023-12-17
7705,156,North Marissa,New Annafort,392.8,19.33,661.79,2024-03-30
7706,27,Walshside,East Karen,1681.7,10.01,1516.85,2023-02-17
7707,363,Brianville,Thompsonhaven,1922.2,17.48,3772.48,2023-04-25
7708,101,North Kimberlyside,South Johnburgh,2058.8,21.46,3687.64,2024-12-24
7709,341,Port Audreystad,South Travisland,1700.9,6.23,575.35,2024-12-12
7710,484,South Robertstad,Lake Matthewstad,692.9,4.0,269.78,2024-01-27
7711,212,Jesustown,Port Edwardfort,2448.6,23.77,3908.4,2024-11-17
7712,372,Jonesberg,Wallacebury,2147.4,23.53,5955.26,2023-03-06
7713,37,Jonathonborough,Lake Courtneychester,1076.5,15.54,984.51,2024-06-08
7714,72,New Richardhaven,West Kimberlyburgh,1941.6,13.73,1587.09,2023-03-15
7715,373,New Mitchellburgh,North Sarah,101.4,6.12,34.57,2024-05-21
7716,197,Ericaview,East Rebecca,2460.9,20.73,2984.83,2024-11-13
7717,115,Salinasside,Moralesville,204.7,16.11,389.9,2023-07-27
7718,392,Parsonsville,Steventon,2079.8,4.73,776.59,2023-11-13
7719,217,Port Ashleyton,Hallside,335.1,16.07,498.27,2023-03-14
7720,303,Moralesstad,Vancemouth,1291.5,8.6,1041.8,2024-12-11
7721,8,Martinton,West Chad,212.0,21.34,363.82,2023-09-15
7722,342,Burnettland,Cruzfort,2099.7,4.54,998.15,2023-06-28
7723,92,Lake Tim,Jacksonshire,215.9,14.72,209.65,2024-06-10
7724,77,South Sherristad,North Eric,2444.9,4.36,1204.33,2024-09-12
7725,233,Charleston,New Carmenville,2219.5,16.24,2817.34,2023-04-02
7726,124,Lake Lisa,Davisland,2283.2,5.2,1331.69,2023-05-16
7727,291,East Nicolehaven,South Stevenland,1179.7,7.24,932.68,2023-03-17
7728,161,East Brianview,Maureenshire,836.2,21.64,2090.73,2023-02-14
7729,133,Franklinfurt,New Diane,503.3,15.76,819.48,2023-06-28
7730,128,West Jessica,Payneville,788.1,13.49,1097.26,2023-09-08
7731,361,Cruzborough,North Jamesmouth,2013.5,18.93,3050.93,2024-04-26
7732,498,Gonzalezstad,Randolphton,1837.6,11.44,1217.34,2023-07-01
7733,114,West Bryceside,Lake Kristinafort,2215.3,2.79,647.86,2024-02-07
7734,363,East Kelli,South Caleb,590.9,11.23,343.08,2024-11-13
7735,44,Randystad,Shanebury,1323.4,8.69,977.27,2024-06-22
7736,346,North Sarahchester,Friedmanmouth,2110.2,8.61,1350.68,2023-02-21
7737,466,South Luis,West Alexandraland,1666.8,17.66,3060.27,2023-08-29
7738,272,Michaelville,Reedfort,1002.2,22.33,2340.85,2023-05-17
7739,183,Joshuaview,North Elizabethmouth,1223.3,15.63,1185.86,2024-03-16
7740,374,Fuenteschester,Saraburgh,1464.0,17.51,1310.1,2024-03-04
7741,87,West Jonathan,Port Alyssa,702.8,10.36,484.02,2023-12-12
7742,204,West Anthony,East Antonio,334.8,5.29,178.37,2024-10-14
7743,166,East Fernandoshire,Jamesmouth,1018.4,1.54,94.42,2024-02-10
7744,90,Tonyaville,East Marybury,1296.4,2.74,375.61,2023-03-23
7745,291,Darrenberg,North Natalieport,1575.1,9.27,1362.96,2024-03-19
7746,234,South Margaretview,New Gregoryhaven,2380.9,12.24,1920.95,2023-02-01
7747,426,West Ashlee,North Adamchester,2426.9,20.12,3109.91,2023-06-07
7748,391,Johnsonburgh,Cindyland,929.6,12.73,1071.21,2024-11-19
7749,75,Lanebury,Jenniferside,898.3,14.54,1241.41,2024-08-07
7750,38,Fordberg,Nelsonfurt,674.4,11.83,779.89,2024-08-19
7751,494,North Heather,Thomasfort,207.8,17.21,426.05,2023-12-09
7752,218,North Deborah,South Cassandra,2309.9,1.28,294.88,2024-10-16
7753,238,South Joyview,Robertsside,413.6,9.52,460.88,2023-01-22
7754,486,West Michael,Cantuborough,2164.0,3.5,463.69,2024-01-24
7755,107,Williammouth,North Christopher,1411.2,18.53,1601.02,2024-06-08
7756,204,West Keith,West Anna,125.0,1.35,8.94,2024-11-07
7757,359,Luisport,Yvonneville,2392.8,1.77,492.74,2023-12-31
7758,327,New Daniel,Sarahland,408.1,24.14,925.84,2023-06-09
7759,466,Porterbury,Lake Jenny,1418.6,13.27,1235.32,2023-06-07
7760,455,Lake Kellychester,Port Zacharyport,2104.5,5.11,620.98,2024-04-28
7761,43,Proctorton,Andersonhaven,1205.7,18.19,1902.21,2023-10-27
7762,181,Port Jenniferhaven,Hansonfort,470.8,11.59,546.41,2024-12-23
7763,95,Mcfarlandtown,Angelamouth,1918.1,7.97,1137.76,2023-03-21
7764,230,South Shannon,North Michaelburgh,56.5,4.21,12.96,2024-12-25
7765,241,Jacquelinemouth,Port Ronald,2120.1,14.21,1796.78,2024-01-19
7766,367,East Austin,Port Monicafurt,670.8,17.16,927.55,2024-10-23
7767,455,Port Francisco,East Paul,442.4,15.71,556.65,2024-10-15
7768,320,Lake Meganshire,Hartland,562.9,10.49,322.61,2024-05-14
7769,351,Port Christophertown,Perezchester,1841.9,8.85,1193.89,2024-09-13
7770,42,Port Karenfurt,Hurstshire,1788.0,1.44,194.24,2023-10-29
7771,276,Buchananmouth,South Glenfurt,129.3,3.76,34.64,2023-12-08
7772,450,Port Josephchester,South Elizabeth,1933.0,18.04,2058.02,2024-01-16
7773,215,Williamsmouth,East Veronica,473.6,17.56,423.31,2023-10-10
7774,165,Port Devinland,North Lisa,76.3,11.84,53.33,2024-12-08
7775,2,Prestontown,Webstermouth,143.8,18.9,236.52,2023-04-06
7776,73,Port Royborough,Tamaraberg,1778.2,5.57,683.62,2023-06-20
7777,234,Drewfort,Mossmouth,2199.0,16.35,2294.72,2024-03-06
7778,223,Albertport,Saraville,860.7,5.91,295.19,2024-01-24
7779,16,South Danielfurt,Walterfort,1930.4,4.4,993.51,2023-04-10
7780,203,West Josephhaven,Webbstad,2167.9,3.68,630.95,2023-01-10
7781,219,Port Sonya,Petersville,591.7,11.13,744.11,2024-02-13
7782,347,Lake Michael,East Jennifer,1549.9,21.07,2710.06,2024-07-20
7783,131,New Travisshire,South Walter,798.6,6.97,612.67,2024-03-13
7784,10,Erikmouth,North Reneeberg,965.8,22.84,1202.2,2024-12-04
7785,238,Jonestown,Lake Derekberg,1004.4,11.46,788.16,2024-07-03
7786,404,Stewartstad,New Ashley,60.5,17.46,74.07,2024-01-08
7787,374,South Ronald,Perezburgh,1849.2,14.26,1502.79,2024-03-11
7788,298,Wandaburgh,Guerreromouth,1656.9,12.76,1500.08,2023-11-24
7789,2,North Christopher,Port James,2366.2,20.92,3063.95,2023-12-10
7790,4,South Emily,Johnton,1486.6,8.1,702.39,2024-05-26
7791,413,Jonesfurt,Port Jessica,828.7,1.44,110.61,2024-12-19
7792,51,Greenhaven,Aimeetown,1049.5,14.76,1539.08,2023-11-08
7793,429,Patrickville,North Jeanette,1840.5,19.55,2106.8,2024-05-12
7794,126,Longton,New Jacqueline,448.0,8.95,245.33,2023-11-08
7795,283,New Kevin,East Tinastad,1756.0,4.2,778.25,2024-01-21
7796,99,Smithshire,North Dianehaven,2341.8,8.79,2235.92,2024-11-07
7797,121,Spencerton,Simsshire,2461.1,16.55,3849.8,2023-01-12
7798,359,Glendaborough,Monroeberg,907.1,7.5,367.43,2024-10-08
7799,90,East Thomas,West Wendyport,2134.5,8.35,2132.6,2023-11-30
7800,306,East Jennifer,East Timothyview,2349.1,18.91,4324.22,2023-06-12
7801,469,Raymondburgh,Meredithfurt,942.1,19.52,1031.41,2024-11-28
7802,260,South Lisa,Jenniferhaven,857.5,4.82,300.58,2024-11-30
7803,361,Port Douglastown,Littleland,1730.3,21.04,3000.2,2024-01-11
7804,114,Nicholaston,South Shannonport,1381.1,13.92,1502.05,2023-02-03
7805,10,Aliciafort,Emilyport,252.0,11.68,256.68,2023-03-24
7806,184,Lake Amandaview,West Katelynstad,2425.0,1.48,407.69,2024-07-17
7807,4,South Martinchester,Kevinfurt,2015.7,13.81,2945.89,2024-11-26
7808,279,Port Kimberly,North Kevin,1781.4,15.23,1580.13,2024-05-01
7809,159,New Phillipburgh,Jenniferton,1107.8,20.18,2447.21,2024-09-11
7810,458,Katiefurt,Kellymouth,2075.7,4.15,798.02,2024-10-28
7811,355,Lake Shellychester,North Danielleberg,589.5,23.97,1031.42,2023-03-03
7812,451,Maldonadomouth,Vasquezburgh,1932.0,16.86,2459.71,2023-04-28
7813,289,Taylorbury,Rachelville,493.6,8.82,459.48,2023-11-23
7814,311,Frenchland,Alexandraton,1046.6,8.71,772.25,2024-11-22
7815,403,Wardside,Garciachester,2457.3,3.12,748.61,2024-02-22
7816,10,Lake Suzanne,Lake Chaseshire,1150.6,15.22,1547.68,2024-04-21
7817,498,Medinastad,Hillland,1786.2,19.21,2839.1,2023-06-22
7818,445,Lake William,Tuckerview,399.9,21.98,639.54,2023-05-13
7819,282,Saraland,Cunninghamland,1722.9,3.11,413.84,2023-07-27
7820,272,West Benjaminton,Taylorhaven,1446.5,22.41,2430.08,2023-06-26
7821,388,West Jessica,Cynthiaville,1447.6,22.88,1746.42,2024-08-13
7822,86,South Anthony,North Caitlin,317.1,9.37,341.65,2023-08-07
7823,364,Lake Caleb,Kristishire,494.8,19.64,622.91,2024-07-18
7824,469,Jermainemouth,Lake Dennis,1328.1,19.64,1415.19,2024-09-25
7825,384,East Michellechester,Terryton,1309.3,7.54,792.57,2023-08-12
7826,455,Philipton,Lake Edwinside,222.4,17.12,359.78,2023-11-27
7827,352,Caseyland,Lake Davidland,1314.7,15.82,1370.83,2023-09-15
7828,55,East Kimberlyland,Mikeview,2471.6,12.9,2465.53,2023-10-06
7829,293,South Tonya,Lambertland,1864.2,18.94,3570.93,2024-07-13
7830,441,Calvinton,Samanthaberg,1530.5,16.34,2261.06,2024-05-16
7831,465,Sullivanchester,Port Stacytown,2121.8,4.04,491.69,2024-11-09
7832,468,Sarahmouth,South Anthony,2326.1,17.7,4753.42,2024-07-03
7833,347,Lake Joycestad,Jessicafurt,1968.7,21.38,2726.94,2024-06-30
7834,181,Port Jamesberg,North Davidborough,1240.1,13.98,1496.73,2023-08-03
7835,330,Joseside,Bautistachester,2212.2,4.49,750.77,2023-03-02
7836,204,East Charlenestad,Samanthamouth,2409.9,14.46,3241.97,2023-11-25
7837,133,Murphyburgh,Reedfort,1305.7,3.52,478.49,2024-08-09
7838,357,West Roberthaven,Justinborough,1951.1,24.26,3915.39,2023-01-30
7839,5,New Darlene,Lake Christopherton,644.6,18.08,1314.13,2024-11-14
7840,146,Thompsonbury,Jessicachester,1630.4,12.29,1698.21,2024-07-07
7841,483,South Christopher,North Raventown,1557.9,24.53,4183.65,2023-03-13
7842,161,Scottshire,North Lauren,1833.6,20.77,3988.46,2023-06-08
7843,446,Mcfarlandhaven,Johnsonfort,1183.3,22.62,2573.88,2023-01-07
7844,23,Sethland,Michaelmouth,2009.9,7.65,1683.64,2023-12-29
7845,381,Lake Jacob,Tylerport,1157.2,14.96,1869.38,2023-10-27
7846,176,Abbottland,Marymouth,1093.8,10.25,1165.8,2024-11-25
7847,426,Christinetown,Davidside,747.8,6.57,509.98,2024-02-01
7848,16,New Lawrenceton,Nicholasborough,918.9,14.63,1320.9,2024-12-18
7849,297,South Mary,Duranberg,2344.9,18.61,2944.03,2024-09-30
7850,265,Jessicaton,North Michael,1648.0,13.37,2522.05,2024-07-19
7851,291,New Taylorton,East Aaron,857.0,16.04,1371.12,2023-07-12
7852,401,Robertfort,Beckchester,1864.9,12.09,2083.71,2023-05-07
7853,161,Dennischester,Christopherhaven,1452.1,11.3,1401.96,2024-03-06
7854,255,North Terryberg,Simpsonburgh,1153.6,19.15,2530.25,2023-02-11
7855,37,Michaelmouth,Johnsonborough,858.2,16.98,1541.97,2023-08-09
7856,112,West Laura,South Lindsayland,977.1,13.63,1594.41,2023-07-20
7857,490,North Jesusmouth,Oconnellton,2477.9,17.25,3599.73,2024-05-30
7858,344,Lake Jeffrey,Maryview,1748.9,2.36,334.32,2023-09-17
7859,491,Mitchellstad,South Jaredside,289.8,17.48,418.52,2023-07-09
7860,441,New Cindy,New Raymond,1000.4,22.12,2169.2,2023-09-19
7861,2,Donovanbury,Toniland,523.6,16.78,834.09,2023-06-09
7862,81,Derrickchester,Krystalfurt,1255.2,13.83,1339.34,2023-02-19
7863,165,South Stacyport,Lake Jeremy,414.1,5.74,237.25,2023-10-02
7864,298,Kennethfurt,Woodview,742.2,6.67,313.05,2023-01-21
7865,171,South Melissa,South Donald,1490.3,9.16,1594.12,2024-02-02
7866,45,New John,New Lindsayberg,1721.2,2.04,221.6,2023-11-12
7867,350,West Michelle,North Thomasville,1924.2,24.09,5334.36,2024-11-23
7868,122,Janechester,Allenfort,2012.8,8.56,1052.79,2023-10-13
7869,61,Sonyaland,West Davidshire,818.2,17.1,1023.75,2024-09-08
7870,354,Port Ryan,South Adrian,747.6,11.81,603.68,2024-12-17
7871,138,Williamsborough,Michaelbury,181.4,4.35,46.52,2024-04-01
7872,314,Port Johnshire,Carrillohaven,1231.1,2.8,274.63,2023-03-14
7873,183,Leeport,East Jeffreyfort,857.9,1.8,103.48,2024-12-29
7874,22,Nicholasmouth,Larrymouth,819.2,9.27,619.7,2024-11-05
7875,59,Johnsonfurt,Wendyberg,2287.5,4.57,552.66,2024-07-14
7876,159,Clarkstad,South Anthonyborough,1202.1,2.77,263.94,2023-10-13
7877,141,North Kimberly,West Josephborough,700.4,23.4,1233.0,2023-03-27
7878,82,West Martinview,East Devinview,2008.3,20.18,2341.72,2024-02-25
7879,306,Jonathanview,East Michael,314.0,14.53,524.23,2023-03-21
7880,375,Port Derek,New Isaactown,278.4,16.24,377.22,2024-03-17
7881,16,Joshuaville,Emilyfurt,1901.8,1.34,202.07,2024-01-01
7882,87,Romeroborough,Lake William,1122.1,10.73,1365.7,2023-05-08
7883,122,Jamesville,Port Ashley,2179.8,22.75,4357.58,2023-08-10
7884,152,Hamiltonton,Heathertown,1657.7,16.18,2025.77,2023-04-07
7885,344,Lake Rodney,Williamsfort,744.0,14.38,799.08,2024-07-27
7886,416,West Heatherside,Debbiemouth,60.7,7.16,32.98,2023-04-23
7887,497,Jonathonton,North Louisbury,2352.0,14.94,1882.53,2024-08-09
7888,256,Lake Evanburgh,Evansburgh,1049.3,17.94,1506.13,2024-05-13
7889,345,South Frederick,Kimberlystad,1271.1,19.44,2283.22,2023-06-22
7890,71,East Williamborough,Timothyview,813.5,20.05,1080.52,2024-11-09
7891,371,Isaacborough,Port Luis,1246.0,21.59,1706.02,2024-04-28
7892,19,Alvarezport,East Danielle,1521.5,7.31,1197.23,2024-07-19
7893,126,Brownport,Johnstad,121.6,5.27,65.32,2024-08-12
7894,420,Michaelport,Taylorton,1030.8,10.05,997.09,2023-04-05
7895,476,Jeremystad,Michaelhaven,2096.1,23.75,3966.97,2023-09-08
7896,77,Lake Rachelhaven,East Sarahfort,1428.9,5.41,757.54,2023-09-20
7897,347,Joshuashire,Kristenside,202.1,11.66,274.35,2023-12-23
7898,20,Lake Cathy,North Karenland,107.2,3.5,39.07,2023-09-17
7899,470,Port Amandaborough,Lake Mary,1107.6,23.53,2146.35,2023-06-23
7900,89,North Melissa,Garciamouth,1817.2,23.95,4242.3,2023-03-05
7901,130,West Sonya,Clarkville,144.7,5.97,94.49,2023-11-22
7902,244,East Laurahaven,East Tonya,807.9,1.8,117.14,2024-05-11
7903,373,Nguyenberg,North Victoriamouth,2240.4,22.9,3938.57,2023-04-22
7904,387,Jonestown,Jonathanport,231.0,16.58,375.38,2023-08-09
7905,438,Kristaside,North Amberfurt,1731.3,6.55,1150.2,2023-01-29
7906,471,Riveraland,Melindabury,2105.7,18.78,2413.38,2023-11-14
7907,2,East Nancy,Port John,975.9,16.57,974.6,2023-10-21
7908,82,South Joshua,Berryview,2132.7,6.38,1137.88,2024-04-22
7909,460,Ryanstad,North Michael,474.7,11.03,579.16,2024-03-16
7910,335,Brettborough,West Steven,1420.1,22.23,2707.45,2024-02-11
7911,400,Lopezton,Lamburgh,1185.1,18.97,1410.21,2023-03-10
7912,252,West Jacob,North Carolyn,182.6,7.87,128.15,2023-11-19
7913,86,Butlermouth,West Kristina,1851.6,13.85,2080.89,2024-05-20
7914,100,North Derekton,Port Andreaton,2232.1,23.4,2838.75,2024-01-14
7915,356,Sharonhaven,East Dustin,419.3,17.63,637.94,2024-01-05
7916,86,Williamshire,North Troy,1880.9,1.62,169.24,2023-04-09
7917,150,Williamhaven,Harriston,1082.4,14.85,863.33,2024-11-12
7918,297,New Randy,Branchfurt,683.8,17.89,924.79,2023-09-30
7919,210,Odonnellborough,Prestonborough,843.9,18.78,1092.79,2023-12-08
7920,421,Gilesberg,East Rileyville,82.2,14.63,129.03,2023-12-10
7921,136,Gabriellestad,North Jacobmouth,97.7,11.24,118.73,2024-07-04
7922,419,East James,Terrimouth,1127.9,17.67,1355.14,2024-01-11
7923,232,New Jeffreyton,Hernandezberg,2498.3,5.25,1079.09,2024-12-27
7924,281,Ericafurt,Kyleview,1397.8,17.68,2047.46,2024-04-30
7925,415,Nortonmouth,Matthewshire,2270.0,7.26,1333.35,2024-02-23
7926,246,New Amandafurt,New Bettyhaven,1757.4,15.54,2161.86,2023-08-03
7927,223,New Kathleenburgh,South Carmenport,1196.9,19.61,1260.4,2024-12-16
7928,311,South Mariestad,Port Matthew,261.7,22.72,511.2,2023-08-16
7929,80,New Tammy,Port Tamara,1161.7,23.11,2367.97,2024-07-05
7930,263,Dillonmouth,North Katherineborough,1027.3,2.47,233.22,2023-09-30
7931,369,Nielsenfort,Williamsburgh,2001.8,4.52,706.42,2023-02-09
7932,62,Brownborough,East Nicole,224.4,16.45,282.15,2024-01-01
7933,253,Nancyhaven,Lake Richard,1122.0,1.03,73.63,2023-03-30
7934,172,Lake Michelle,New Madison,232.6,13.38,248.03,2023-01-31
7935,6,Marshallview,Lake Patrick,998.6,18.21,1600.1,2024-02-12
7936,329,East Philip,South Jessicamouth,1997.5,2.78,603.91,2023-08-15
7937,446,Zunigaton,Jennifermouth,1033.5,8.33,714.87,2023-01-05
7938,239,Lake Elizabethstad,Port Teresaland,1464.2,9.82,783.44,2023-02-20
7939,90,Port Joshuashire,Westborough,1477.5,5.58,483.33,2024-03-30
7940,351,South Johnnyside,Singhside,1914.4,24.92,2831.28,2024-08-27
7941,139,Paulland,Lake Stephenville,934.4,24.59,2230.08,2023-10-21
7942,296,Bryantview,South Rogermouth,253.9,10.57,137.57,2023-05-14
7943,134,East Patricia,South Jenniferfort,1529.6,24.45,3326.45,2024-02-02
7944,360,Colleenport,New Sarahstad,1412.6,13.54,960.03,2023-01-27
7945,371,East Joel,New Meagan,340.3,1.03,30.15,2023-11-20
7946,188,North Richard,New Brandon,1728.6,12.66,2470.47,2024-06-07
7947,371,Taylorport,Parrishshire,467.8,12.51,558.42,2023-07-02
7948,146,Davidstad,East Brianport,2375.2,12.31,2045.72,2024-05-29
7949,191,Dylanton,East Michaelburgh,603.9,11.19,597.09,2023-09-12
7950,78,West Reginaton,New Evelyn,1843.4,15.33,2309.09,2024-05-12
7951,28,South John,East Brianhaven,1637.9,8.05,736.08,2024-10-03
7952,425,Lake Tyler,Buchananberg,852.4,2.62,117.13,2024-10-26
7953,27,Kimberlyfurt,East Crystalstad,1448.1,1.01,142.37,2024-07-18
7954,15,Bishopside,Port Heatherborough,2047.3,12.91,2684.92,2024-05-16
7955,179,Lake Roberttown,North Amber,1830.0,1.28,125.0,2023-05-28
7956,391,Lake Karen,Richardland,1679.6,14.57,1503.62,2024-04-20
7957,90,Rebeccaburgh,West Jasonton,2329.2,6.51,1482.76,2023-03-09
7958,318,Port Justinburgh,Cameronland,130.3,1.29,16.34,2024-01-31
7959,405,Gardnerville,Port Hannah,2258.0,12.3,3147.08,2023-12-29
7960,355,East David,Sharonview,1527.5,7.46,937.25,2024-02-03
7961,118,Port Jessica,Lake Timfort,1652.2,21.64,2623.01,2023-04-17
7962,384,South Gregoryville,Stephaniefort,2177.0,11.13,2220.69,2024-02-06
7963,390,Denisemouth,Guerrafort,2470.0,18.96,3175.55,2023-11-19
7964,349,North Hannah,South Jefferymouth,459.1,4.63,204.95,2023-11-26
7965,85,North Justin,North Nicholasville,1558.0,18.81,2837.59,2023-02-12
7966,179,Nancyton,Mullenmouth,187.6,3.0,39.34,2023-04-05
7967,482,North Angel,Katherineberg,1957.5,6.07,836.74,2023-09-20
7968,462,Jonville,Davisport,1993.7,17.32,2612.16,2024-09-03
7969,400,Cookmouth,New Edwinhaven,2250.3,5.5,1016.14,2024-09-24
7970,405,Franklinhaven,Port Stacy,2459.1,19.42,5290.76,2024-06-03
7971,395,East Karen,Lake Oscar,1088.2,19.04,2111.49,2024-04-30
7972,59,Francoside,Jamesport,1969.3,15.59,2350.27,2023-12-09
7973,3,Heatherland,Brownborough,1871.7,22.61,4388.43,2023-04-24
7974,46,Vincentland,North Nathaniel,2101.8,8.69,1547.9,2024-09-21
7975,24,Wendyview,Port Aaron,2030.4,11.99,2237.5,2024-12-16
7976,201,Martineztown,South Christopherside,2009.8,13.5,2525.38,2024-08-06
7977,314,West Kaylaland,Lake Yolandaland,1314.7,2.89,262.55,2024-02-11
7978,409,South David,South Hannahton,135.4,2.4,37.99,2024-05-28
7979,24,Lake Ashley,Ruizchester,876.7,10.62,650.13,2024-07-03
7980,14,Gonzalestown,West Ashley,1700.9,11.66,1360.26,2024-10-30
7981,94,South Laurenborough,Amystad,1434.1,14.86,1717.03,2023-05-31
7982,499,Collinstown,Scottfort,683.2,19.36,955.15,2023-10-10
7983,60,Ramosmouth,Roberthaven,1131.4,15.19,976.2,2023-03-06
7984,266,Kingberg,Lake Jose,271.8,24.11,745.57,2024-03-22
7985,274,Hallside,West Samanthachester,961.3,17.63,931.4,2023-11-01
7986,313,Lake Terri,South James,663.2,17.26,1291.14,2023-01-02
7987,114,New Edwardburgh,Port Justinberg,1407.1,24.89,2539.34,2023-06-02
7988,296,North Lindastad,North Shannon,2055.3,2.83,436.17,2023-07-15
7989,420,North Carloshaven,Allenborough,1059.5,13.0,890.8,2023-06-11
7990,141,West Kristina,West Donnamouth,1664.7,18.36,1953.01,2024-06-23
7991,389,Saundersbury,East Dakotafurt,1748.3,21.43,1895.11,2024-03-08
7992,215,Stricklandhaven,New Kimhaven,147.7,4.75,67.33,2024-03-17
7993,254,Benjaminbury,Jeremyshire,698.5,9.31,765.71,2023-10-15
7994,170,Courtneyborough,Prestonhaven,1673.6,4.22,518.72,2023-01-16
7995,265,Zimmermanmouth,Brownmouth,776.4,20.83,1739.9,2024-11-13
7996,281,Sandraberg,Williamsstad,2180.9,23.25,5805.69,2024-07-09
7997,33,Gibsonburgh,Port Nicholemouth,2167.9,18.24,2367.15,2023-10-18
7998,350,South Kimberly,New Barbaraview,2142.0,20.3,3606.17,2024-06-23
7999,157,Robinbury,North Curtis,675.7,18.49,869.6,2023-06-21
8000,479,Gutierrezland,Port Kristen,997.2,8.07,731.28,2023-12-31
8001,471,Jessicaland,Jeffreytown,1166.4,3.49,409.0,2023-07-28
8002,93,East Jacquelineton,Leefurt,667.6,12.39,873.54,2024-04-23
8003,256,North Teresa,Brewerberg,247.5,11.31,229.71,2023-11-07
8004,410,West Susan,Shawntown,873.1,2.14,128.92,2024-01-21
8005,229,Ruizstad,South Calvinberg,402.9,20.97,529.45,2024-10-03
8006,258,West Dean,Emilystad,2167.5,21.13,4276.61,2023-06-30
8007,278,Bautistamouth,Zamorahaven,1320.3,15.85,1910.14,2023-09-16
8008,143,East Marytown,Port Michaelmouth,1335.6,23.58,2303.59,2023-04-06
8009,151,Michaelbury,Lake Elizabethtown,857.0,7.19,503.02,2024-06-17
8010,471,Jamesborough,Mooremouth,2417.9,6.65,808.76,2024-01-10
8011,298,South Denisestad,East Michael,1545.4,24.88,3865.84,2024-10-28
8012,456,West Gary,Johnberg,2478.3,24.61,4825.39,2024-05-22
8013,223,New Brittany,Lake Thomaston,2296.5,17.59,4741.59,2023-07-11
8014,33,South Alicia,Lake Lindaville,495.9,11.89,568.66,2023-11-04
8015,459,Boydshire,New Jason,2470.3,14.95,2495.86,2024-02-28
8016,431,Kaylaborough,Courtneyfort,660.5,15.47,590.2,2024-06-16
8017,151,East Maryport,Port Jefferyhaven,733.1,24.46,1256.0,2024-06-23
8018,343,Port Michealhaven,Loganview,1222.4,6.82,836.29,2023-07-24
8019,185,New Jamesville,Robinsonbury,906.2,3.85,391.09,2024-11-05
8020,68,West Curtis,Brettchester,1053.5,20.28,1271.8,2024-07-28
8021,495,Port John,Anthonystad,1768.0,6.76,1347.41,2023-04-20
8022,172,Port Angela,East Tammy,2357.6,12.17,2754.61,2024-10-29
8023,496,Frazierfort,Lake Dominique,1552.6,13.44,2308.87,2023-06-13
8024,67,West Marissaside,New Cristina,618.6,10.09,369.46,2023-09-11
8025,28,Ashleyhaven,West Stephanieside,1151.3,23.17,1784.31,2024-09-20
8026,414,Shirleymouth,West Matthewfort,572.3,11.56,643.47,2023-01-10
8027,252,Turnerburgh,Gonzalezton,2218.1,16.61,3777.55,2023-08-01
8028,146,South Kelly,West Lindafort,215.1,10.93,224.31,2023-11-19
8029,97,Maryhaven,West Saraside,780.7,21.93,1278.07,2023-02-16
8030,321,New Donaldport,Scottborough,2160.9,20.2,2503.77,2024-11-28
8031,279,Burnsshire,New Andrew,237.4,14.05,170.12,2023-06-01
8032,389,Muellerville,Port Alan,2126.2,14.38,2573.75,2023-07-17
8033,164,Callahanview,New Paulafort,2005.0,22.75,3609.59,2023-12-19
8034,262,Smithmouth,Rileymouth,1757.5,8.17,1343.71,2024-04-06
8035,222,North Williamburgh,Paulbury,861.8,10.63,606.59,2023-06-18
8036,477,Port Michelle,Michaelhaven,849.0,21.0,991.17,2023-11-24
8037,268,New Albertberg,East Charles,120.4,16.08,171.47,2023-08-08
8038,469,Jensenland,Hamiltontown,481.3,4.35,242.17,2023-06-21
8039,300,Smithport,Lake Karenmouth,1673.8,17.92,2300.15,2024-11-15
8040,315,Port Johnny,Granthaven,151.7,23.21,381.65,2024-01-21
8041,270,Michaelborough,Knighthaven,717.6,15.14,1086.8,2024-05-28
8042,81,Lake Benjaminstad,Lake Monica,1914.9,5.21,849.06,2024-05-28
8043,230,Jeffreyfort,Ashleyborough,2484.2,21.18,6277.56,2023-01-08
8044,41,Port Brentshire,West Michael,2214.4,8.88,1044.39,2023-02-02
8045,316,Port Jeffreytown,Brandtburgh,1691.1,21.15,2207.86,2023-10-05
8046,406,Greermouth,Lake Jeffrey,1374.0,21.81,2463.85,2023-10-29
8047,82,West Jessica,South Monicatown,1847.3,21.76,2599.66,2023-10-19
8048,196,South Corey,Port Don,2299.0,5.99,1105.56,2024-05-22
8049,227,Foleyburgh,South James,1331.2,24.52,1921.72,2023-07-02
8050,70,Rodriguezmouth,South Annaborough,2327.2,18.98,3894.04,2024-08-14
8051,174,West Alicia,Huntertown,1097.3,14.0,1481.5,2024-08-10
8052,194,Ericmouth,East Leeside,506.1,4.46,185.98,2024-08-27
8053,259,Lanceland,Lake Nancymouth,2454.8,18.34,2722.33,2023-06-14
8054,426,Davisview,Andrewmouth,2485.2,12.59,2793.22,2024-01-03
8055,4,Munozport,North Nicole,708.2,24.28,2011.16,2023-12-22
8056,114,South Jennifer,North Alexandermouth,1046.4,16.98,1171.42,2023-05-14
8057,387,Bellton,Woodbury,701.6,16.2,1215.34,2023-08-25
8058,246,Lake Sophia,North Rodneyfurt,1904.0,23.94,4526.1,2023-01-08
8059,489,Deniseborough,North Kevin,644.7,22.38,896.64,2024-09-06
8060,232,Lake Keithberg,Steventown,1643.4,21.61,3892.17,2024-10-09
8061,131,New Sharon,Waltermouth,1274.3,18.13,1214.26,2023-07-23
8062,300,East Richardberg,Matthewside,859.9,9.15,589.73,2023-02-07
8063,237,East Jennifer,New Loganside,1201.0,2.46,173.75,2024-04-22
8064,88,Morrisland,East Patrick,590.5,16.26,1034.51,2024-06-11
8065,473,Donnaport,North Andrew,1399.3,20.58,3072.92,2023-08-20
8066,131,Lake Nicoleberg,New Tracymouth,2283.4,8.49,1190.79,2024-04-02
8067,176,Lake Michael,Lake Jacquelinefort,152.3,18.44,170.38,2024-12-14
8068,372,Taylorhaven,South Beth,877.5,22.8,1730.3,2024-11-22
8069,408,West Angela,New Johnny,1984.9,17.41,4101.14,2024-01-20
8070,20,Bakerfurt,North Sethton,1152.2,22.97,2172.09,2023-01-13
8071,286,Woodsview,Mathiston,768.3,3.5,224.18,2023-03-16
8072,299,South Nicolehaven,West Stephenchester,1366.7,23.9,2455.62,2023-06-21
8073,446,Jessicachester,North Gregorytown,1082.2,19.82,1501.11,2023-11-29
8074,403,Port Alyssaville,Danielport,1630.1,6.59,831.12,2023-06-13
8075,153,Morganmouth,Morganport,2466.9,9.24,2110.98,2023-12-11
8076,460,New Amberhaven,Nicoleborough,2411.6,7.68,1796.25,2024-11-26
8077,117,Martinshire,North Kurt,698.2,17.11,1014.98,2024-09-15
8078,37,New Deniseside,New Kayla,557.7,18.08,944.31,2023-03-13
8079,170,Robertton,Hallside,2413.9,4.91,1044.25,2023-01-14
8080,15,East Gary,Kathybury,913.0,12.17,1091.82,2023-08-25
8081,123,Patriciafort,Hornberg,75.9,21.38,182.37,2024-09-05
8082,431,Davidbury,West Katiefort,1709.6,7.28,894.8,2024-05-03
8083,216,Lake George,Susanmouth,1502.4,21.2,3730.44,2023-08-27
8084,285,Johnhaven,West Anthony,722.7,12.72,475.1,2023-10-02
8085,484,Heatherview,East Lauratown,1506.9,5.95,501.74,2024-12-07
8086,295,Bowmanview,Johnshire,1810.1,6.41,1355.96,2024-11-28
8087,485,Lake Kelsey,Port Teresa,1303.5,17.65,1538.98,2024-01-12
8088,74,North Kelsey,Lake Julie,1286.2,3.19,423.2,2024-12-27
8089,320,Lake Jerryberg,Popeburgh,1383.5,6.95,766.35,2024-11-24
8090,39,Johnsonstad,North Rodney,180.7,22.39,357.53,2024-06-08
8091,188,North Karenhaven,Danieltown,143.6,17.17,286.66,2024-08-13
8092,414,Juarezfort,Mcdanielmouth,2055.6,5.96,852.87,2024-09-20
8093,326,East John,Leefort,534.4,10.69,294.1,2023-09-19
8094,236,South Jessica,North Scott,1657.0,12.78,1817.04,2024-01-01
8095,312,Martinburgh,Port Jenniferbury,223.7,8.65,148.35,2023-09-17
8096,470,South Tammyport,Lake Jason,1107.2,15.9,1450.39,2023-11-04
8097,254,Port Stephanieside,Morrisonland,1474.3,22.55,2484.82,2024-12-06
8098,500,New Brianside,South Kevinmouth,884.5,9.24,734.76,2024-03-27
8099,333,Lake Shannon,Daniellefort,951.2,22.38,1547.51,2024-06-29
8100,364,North Johnville,East Jessicabury,638.0,16.1,609.94,2024-10-30
8101,187,Mejiaside,Mitchellland,1597.3,11.63,1319.41,2024-10-19
8102,39,Ibarraberg,Ruizton,2194.6,23.97,3684.2,2023-02-23
8103,354,Lake Jennifer,Lake Donna,1419.9,15.98,2630.77,2023-07-09
8104,188,Bonniebury,Josephmouth,816.7,18.74,1475.34,2023-11-28
8105,458,Rosefort,New Debra,401.4,23.39,1088.8,2023-02-28
8106,84,North Benjaminland,Susanview,1688.4,13.71,2739.7,2023-02-25
8107,50,Katherineview,Zacharytown,1948.4,2.78,517.32,2023-01-09
8108,48,New Christopher,Davisview,2190.5,15.65,3417.29,2024-11-15
8109,364,Carolyntown,Salazarbury,783.5,22.78,1506.38,2024-01-11
8110,21,Jamesfort,South Dustin,774.8,4.57,376.28,2023-04-21
8111,198,Kathleenfurt,Port Gwendolyn,1984.3,16.96,2798.34,2023-01-20
8112,14,Jacksonchester,North Nicole,1924.3,22.16,3514.85,2024-06-30
8113,487,Laurenmouth,Lake Debra,1306.6,19.59,1533.34,2024-07-10
8114,440,Thomasbury,Sarahborough,188.9,20.74,295.27,2024-02-09
8115,87,Shellyside,Campbellberg,642.8,18.36,665.73,2024-03-27
8116,5,Lake Kelly,New Marissaborough,1857.7,7.83,1736.63,2023-07-17
8117,396,Douglasshire,South Jeffrey,1855.1,5.15,611.62,2024-09-12
8118,403,Jonathanside,North John,1119.4,7.95,965.43,2024-12-12
8119,367,Port Mitchellport,Dianahaven,104.0,7.01,45.44,2024-12-05
8120,368,Smithbury,Henryburgh,266.9,14.24,200.35,2024-04-19
8121,163,Hintonmouth,Powellside,2084.6,4.95,861.35,2024-03-04
8122,474,Leemouth,Colliertown,1478.3,2.47,189.45,2023-01-19
8123,70,South Williamchester,Marioton,2052.4,15.59,2166.24,2023-12-27
8124,167,Turnerberg,East Chase,2011.2,16.73,3812.13,2023-05-14
8125,305,Beckerberg,East Alexandermouth,791.1,1.2,84.26,2024-11-19
8126,410,Veronicashire,Rosariomouth,263.1,24.2,369.09,2023-11-03
8127,135,Lake Jamiebury,Heathermouth,791.4,24.12,2260.42,2023-09-29
8128,104,Davenportfurt,East Randy,2012.6,18.04,3017.48,2024-12-29
8129,355,Russellbury,Dunnchester,575.1,19.41,1045.26,2024-06-25
8130,45,North Mary,Tracifort,481.0,12.08,512.95,2023-04-03
8131,60,Olsonview,West Christinetown,504.8,6.74,365.27,2024-01-22
8132,318,West Maria,North Michaelstad,1931.6,4.62,929.25,2023-11-04
8133,43,Taraburgh,South Elizabeth,261.5,17.7,297.46,2023-11-30
8134,440,South Douglas,Port Jasminechester,2485.1,1.95,340.67,2023-04-07
8135,487,Calhounbury,New Joel,798.0,1.82,135.45,2024-01-09
8136,365,East Colleenmouth,Woodwardburgh,1525.7,14.35,2082.77,2023-09-21
8137,415,Harrisville,Robinbury,222.1,10.12,177.23,2024-06-08
8138,56,East Hannahmouth,Christopherland,933.1,5.52,554.81,2023-09-04
8139,79,Port Rachelland,South Tristanfort,1706.4,21.85,1958.46,2023-05-18
8140,494,Stephensburgh,South Sarah,221.8,6.21,99.81,2023-06-28
8141,227,Saramouth,Martinezmouth,1425.9,20.6,1894.09,2024-05-13
8142,442,Breannafort,New Morgan,2399.8,6.6,1269.83,2023-09-23
8143,499,New Danielton,Melanieland,1583.8,12.74,2409.59,2023-01-08
8144,467,Andrewfort,Cummingsfort,2318.1,22.12,6119.11,2023-05-11
8145,354,Milesville,Hodgesfurt,1236.4,1.27,150.53,2024-02-11
8146,455,Jameshaven,South Jeremy,1392.2,14.52,1885.77,2023-08-13
8147,165,Port Scottport,Rossborough,1290.1,19.31,1752.28,2023-04-06
8148,106,South Scottborough,Johnshire,2042.2,1.72,234.44,2023-03-08
8149,128,Christianport,East Timothystad,1965.2,1.55,341.51,2023-11-15
8150,221,East Stephenberg,New Chelseaborough,717.5,20.18,1324.41,2024-01-08
8151,266,West Charles,New Alyssastad,118.1,12.83,102.92,2023-09-15
8152,367,Sarahfurt,Bergton,1213.1,10.38,680.75,2023-09-22
8153,184,Thomasside,Williamsville,1265.0,9.32,1169.96,2023-01-09
8154,39,New Stephenborough,Coryville,1783.3,16.67,1802.73,2023-04-14
8155,202,New Robert,North Alanborough,2072.5,19.14,2563.63,2023-11-01
8156,329,West Jamesberg,Villegastown,113.9,5.7,55.07,2023-02-11
8157,437,Rickyton,Leeside,1284.4,2.84,348.95,2023-02-05
8158,395,Christopherfurt,Port Amy,1696.0,24.44,2231.72,2024-05-27
8159,498,Port Carolview,Campbelltown,2227.6,19.12,5041.1,2024-09-22
8160,314,Tylerburgh,East Elaine,125.9,5.51,76.3,2024-07-15
8161,205,New Marcus,Padillastad,978.8,19.52,1036.13,2023-02-18
8162,312,East Mark,Lake Joseph,2180.6,1.55,250.71,2023-06-02
8163,496,Christopherside,Youngside,738.3,22.94,1869.57,2024-04-17
8164,367,South April,Robertfort,1022.4,17.47,1200.09,2024-05-20
8165,237,Tannermouth,South Hailey,385.5,19.38,487.66,2024-07-15
8166,163,Patrickhaven,Lake Sherrimouth,195.2,12.84,255.53,2024-07-19
8167,254,Kimberg,South Melissaborough,1331.1,1.21,83.51,2024-07-27
8168,287,Aliciaside,Curryhaven,2173.3,2.58,537.82,2024-06-18
8169,111,North Markville,New Justinberg,1081.1,6.99,492.21,2023-01-19
8170,456,Leblancville,East Dwayneton,2118.7,20.18,3353.54,2024-05-28
8171,357,West Belinda,Cynthiaside,1359.6,12.78,1215.81,2023-10-12
8172,449,Lake Amandastad,South Melissa,1377.2,13.63,1191.76,2024-02-11
8173,375,Sanchezside,South Randy,1645.2,6.84,826.59,2024-07-18
8174,269,South Jennifermouth,South Dustintown,62.8,14.87,58.88,2024-10-04
8175,355,Port Elizabethburgh,Bonillaville,2134.7,8.8,1651.64,2024-12-23
8176,381,New Laurachester,Port Nicholasshire,396.4,9.97,459.19,2024-04-25
8177,109,Lake Henry,Lake James,722.2,8.59,688.11,2024-04-18
8178,216,South Heather,Jenniferton,1569.5,3.74,530.22,2024-01-16
8179,266,Lewisland,Port Georgeberg,1965.2,24.13,5422.68,2023-03-05
8180,254,Jacksonville,Allenland,2161.7,19.68,2827.55,2024-11-07
8181,251,Elizabethville,New Ashley,1379.5,22.81,2779.94,2024-01-15
8182,99,Sanchezview,New Jenniferside,528.9,22.07,1270.97,2024-05-27
8183,133,West Kelly,East Kimberly,406.2,6.77,140.77,2023-11-03
8184,266,Taylorberg,Levinefurt,1752.4,10.87,1537.76,2023-10-25
8185,265,New Andre,Ramirezfurt,812.4,11.11,956.46,2024-09-28
8186,51,East Warren,East Eddietown,1105.3,12.51,1380.24,2023-11-25
8187,20,Port Jeffrey,Brownchester,1012.6,12.79,727.64,2023-01-08
8188,456,North Justin,Caldwellbury,1030.8,3.54,267.49,2023-01-17
8189,63,East Jimborough,New Christopher,463.2,11.61,419.33,2023-10-30
8190,53,Matthewview,Bellland,687.4,13.32,460.93,2024-04-04
8191,41,Erichaven,Annmouth,321.7,19.63,427.61,2024-06-18
8192,160,Andrewfurt,Dawsonbury,956.2,5.28,292.28,2023-04-28
8193,38,Port Evelyn,South Lisa,1792.8,17.87,3601.45,2023-04-21
8194,198,New Allenbury,East Kylefurt,1064.5,10.15,617.36,2024-06-30
8195,39,Robintown,West Ericabury,2297.7,21.63,5537.57,2023-08-31
8196,384,Annborough,Port Elizabeth,268.8,15.58,326.56,2023-06-22
8197,323,Port Christinaville,New Chad,104.2,8.99,69.12,2023-10-08
8198,90,Lake Paul,Carolineton,710.6,24.31,1963.85,2023-08-28
8199,260,Port Brianmouth,Lake Natalieborough,1866.7,13.02,1635.1,2023-07-11
8200,498,Hansenton,Burtontown,1895.0,23.2,5100.53,2023-08-09
8201,137,Randallberg,Lake Reneeport,2121.8,6.56,1136.42,2023-10-26
8202,347,South Todd,West Melinda,2027.0,5.76,1300.77,2024-01-02
8203,174,Crawfordfort,Sandraborough,718.1,17.46,873.36,2023-12-04
8204,218,Pricefort,South Jaredport,2126.6,9.5,1590.34,2024-03-01
8205,45,North Amanda,Lake Katherineborough,120.2,6.54,39.69,2024-05-17
8206,71,Morsehaven,Port Kimberly,277.2,23.93,630.48,2023-03-26
8207,496,Rayshire,Johnport,422.9,19.61,969.89,2024-07-13
8208,137,West Roberthaven,South Jeffreystad,1330.5,20.2,2230.99,2023-04-14
8209,373,South Shannon,Gomezburgh,1733.1,17.57,2911.51,2024-09-22
8210,107,West Johnton,South David,2416.5,11.68,3134.64,2024-04-27
8211,337,West Courtneytown,Danieltown,1006.9,13.73,1209.05,2024-09-23
8212,429,Aaronside,Jacksonview,1976.0,2.33,417.43,2023-03-17
8213,300,Thomasville,Leachstad,1714.0,11.82,2402.55,2024-11-08
8214,294,Port Albert,Port Yesenia,524.5,1.71,89.81,2024-09-13
8215,17,Maryland,Meganburgh,258.3,17.39,509.74,2024-10-12
8216,355,Greenview,Kaiserberg,1381.8,2.67,290.84,2023-07-02
8217,485,Amberville,Christinafort,1987.3,21.55,4400.54,2024-05-19
8218,129,Roymouth,New Amandachester,97.2,7.6,64.22,2024-08-08
8219,243,Nicholasville,Johnsonborough,1426.8,5.53,806.26,2024-06-13
8220,89,Emilyshire,Grantport,2041.7,1.81,363.53,2023-05-24
8221,339,Martinezbury,Dennisside,2035.7,23.27,3465.19,2023-03-23
8222,416,Lake Ginaburgh,North Larry,1462.2,22.03,1890.47,2023-04-17
8223,314,Lake Tammystad,North Alexander,494.0,23.91,801.48,2024-05-29
8224,71,West Evanchester,New Timothyburgh,1884.7,11.27,1551.65,2023-04-09
8225,244,Joelfurt,Sandovalshire,2096.5,24.54,5279.1,2024-11-18
8226,223,Ibarrahaven,Debrachester,2114.3,17.76,2807.27,2024-03-30
8227,496,Jonesville,North Stephen,369.6,9.23,290.09,2023-02-24
8228,456,South Debbiefurt,Pinedahaven,79.4,10.96,100.18,2024-02-14
8229,332,Katelynberg,East Natalie,2490.3,23.34,6422.89,2024-01-06
8230,297,New Sandra,Kevinport,2482.4,5.91,1047.84,2024-10-26
8231,300,North Stevenmouth,Brittneystad,1672.5,7.83,1343.46,2023-11-07
8232,210,Velasquezland,Chanport,501.1,8.51,248.31,2024-12-17
8233,217,Dawnport,West Sarahfurt,1793.4,14.22,2744.84,2024-04-23
8234,368,Matthewland,North Robin,732.3,18.57,1256.84,2023-04-05
8235,28,North Mary,Lake Nicholasfort,273.2,23.93,716.9,2023-06-28
8236,485,West Margaretville,Phillipville,271.7,1.31,31.65,2024-09-19
8237,326,South Davidton,Casehaven,303.4,17.39,493.88,2023-01-09
8238,378,Chadport,Lake Maryport,1657.5,11.76,2273.62,2024-06-13
8239,399,West Andreaport,Michaelberg,1859.2,1.98,253.79,2023-01-26
8240,47,South Kimberly,New Jose,2368.9,14.59,3081.59,2024-01-26
8241,362,North Meganchester,Lisafort,1762.2,21.48,2352.93,2023-05-05
8242,161,Aliciabury,West Laura,2233.0,21.35,5054.89,2023-05-07
8243,455,Evansside,Christybury,1798.4,19.57,3699.04,2023-09-07
8244,248,Bellshire,East Jonathan,2043.3,14.0,2711.68,2023-06-10
8245,184,Port Teresa,New Tracyfurt,464.0,13.84,533.21,2024-09-03
8246,285,Patrickmouth,Ryanberg,2155.6,16.8,3265.22,2024-04-04
8247,213,West Deborah,Russellton,355.5,5.99,243.36,2024-08-05
8248,487,West Taylor,Kellyland,2218.9,10.08,2115.98,2024-01-02
8249,266,West Juliechester,South Victor,1791.9,3.3,329.93,2023-05-28
8250,34,North Jay,Velasquezchester,1422.9,22.2,3191.26,2023-11-24
8251,492,Lorishire,Savannahmouth,2097.7,21.77,5352.59,2023-04-25
8252,143,Port Victor,Michaelfort,141.9,22.36,334.19,2024-05-02
8253,373,Edwardsville,Allisonbury,228.8,18.32,210.18,2023-10-30
8254,39,Lake Jeffrey,New Ashlee,1463.3,3.78,437.84,2024-06-07
8255,365,Osbornland,Shellyfort,786.7,10.63,567.16,2024-10-31
8256,439,Stephanieshire,Simpsonland,1641.6,24.23,4771.33,2023-03-29
8257,186,Saraview,Cindyfurt,1286.9,2.45,284.89,2024-03-22
8258,448,Benjaminmouth,Meyersland,2010.6,5.14,1071.91,2023-03-03
8259,395,Dakotaberg,Kingtown,2299.9,6.11,1422.34,2024-12-14
8260,392,West Derek,Port Grant,1692.8,23.01,4286.92,2023-09-10
8261,370,Matthewsfort,Lake Diane,874.4,18.05,1055.6,2023-12-26
8262,430,Whitehaven,Ramirezbury,1689.3,24.29,3658.91,2023-09-10
8263,241,Davisfurt,South Tinaview,2429.7,12.89,1576.32,2023-04-11
8264,175,Lake Jeanette,Michaelburgh,1422.8,22.3,2991.25,2024-03-20
8265,45,Fletchershire,New Lauriestad,643.5,9.02,328.74,2023-05-10
8266,16,Micheleton,Lake Michelleside,1889.9,18.45,3097.9,2023-09-01
8267,248,Haydentown,Port Anna,1399.0,4.92,424.13,2024-02-16
8268,341,North Lisa,Hollandbury,1450.8,15.05,2030.95,2024-05-22
8269,221,Vincentton,Russellside,1044.4,18.47,1164.89,2024-12-15
8270,111,South Christopher,Lake Laura,933.4,18.25,1094.11,2024-11-06
8271,33,Port Maria,Sancheztown,2080.9,16.52,2587.53,2024-03-02
8272,272,Molinamouth,West Stephanie,1054.2,10.66,1211.09,2024-07-22
8273,425,South Trevorview,South Michelleberg,377.3,3.6,136.11,2023-08-21
8274,5,West Jasonhaven,East Yvettefort,84.0,17.39,149.22,2024-12-24
8275,11,Port Spencermouth,Erikaburgh,2088.3,18.98,4320.1,2023-06-19
8276,398,Herreraview,South Amy,1145.2,20.46,1970.98,2024-06-10
8277,214,Mooreberg,Baileyland,198.9,16.16,329.87,2024-03-09
8278,414,Lake Patrickton,Amyshire,2301.7,17.92,3317.25,2023-07-31
8279,410,Jasonchester,Scottstad,2351.1,6.4,790.89,2024-05-10
8280,494,Andreaside,Morganview,2109.6,19.06,2109.31,2024-04-19
8281,139,Brewerborough,New Cynthia,2228.8,13.36,2057.79,2023-01-28
8282,252,Summershaven,East Dillon,1505.0,17.14,2538.54,2023-09-25
8283,479,Lake Reginaland,New Jacobside,1820.2,13.98,2813.51,2024-02-12
8284,437,Brianborough,Ashleyfort,1726.1,15.78,2024.67,2023-04-03
8285,416,Valeriebury,South Scott,1213.2,7.87,1054.5,2023-12-22
8286,242,West Willie,Matthewshire,883.8,8.6,450.92,2024-02-26
8287,307,Freemanhaven,East Wesleyberg,1018.2,17.25,988.62,2023-01-26
8288,301,Lake Hannah,New Rickfort,1299.1,13.05,1377.83,2024-08-06
8289,440,Powersmouth,Elizabethbury,715.0,12.44,662.66,2024-08-26
8290,392,West Nicholas,New Zachary,2302.6,1.97,324.39,2024-11-20
8291,500,New Gabriel,Smithfurt,374.3,4.58,108.02,2024-11-29
8292,30,Porterfort,North Amanda,489.9,15.67,908.69,2024-12-24
8293,488,New Kristen,Rebeccamouth,580.9,21.28,954.63,2023-08-31
8294,191,Williamsberg,South Amber,2264.9,9.29,2455.73,2024-10-07
8295,467,Lake Elizabethchester,South Elizabeth,2383.5,6.34,766.26,2024-06-06
8296,386,North Oliviastad,Nicholasberg,1803.6,1.79,385.83,2023-04-20
8297,376,Jessicaland,Lake Hunter,1949.4,7.19,1447.06,2023-02-26
8298,176,Rhodesborough,Lake Brittanyville,983.7,9.04,713.97,2024-05-22
8299,382,Lisaberg,Mccallmouth,409.3,4.56,154.07,2024-10-11
8300,286,North Amandahaven,Port Gregoryburgh,1222.7,3.93,355.5,2024-06-11
8301,13,North Mario,North Elizabeth,540.3,19.24,938.0,2024-05-19
8302,451,New Sharonland,West Sandra,201.5,20.17,442.35,2024-07-30
8303,308,North Andreaport,West Jessica,564.4,18.36,1074.53,2023-04-30
8304,119,Bowerstown,South Luisberg,2330.2,5.66,1114.2,2024-04-06
8305,484,New Brandon,Wolfeside,581.9,7.19,252.96,2024-01-10
8306,395,Robertburgh,Maryport,919.6,10.61,1016.02,2023-08-27
8307,427,Lake Michaelchester,South Markhaven,1323.1,12.17,1814.14,2024-07-31
8308,96,Josetown,Gabrielleville,2144.4,6.26,1304.7,2023-03-19
8309,120,Whiteshire,Andersonberg,875.7,14.91,746.07,2023-12-16
8310,376,East Jennifer,Juliechester,2034.3,18.22,3992.59,2024-03-25
8311,355,New Kevinchester,Lake Scottberg,1762.5,22.25,1979.74,2024-01-09
8312,480,Johnmouth,Barberfurt,1481.0,4.42,422.44,2023-12-18
8313,137,Crystaltown,Lake Aprilport,2245.5,5.91,1077.65,2023-12-13
8314,350,Lozanoshire,Jamesshire,533.9,6.6,364.06,2023-12-27
8315,264,South Susanberg,Raventon,353.3,16.04,635.3,2023-10-19
8316,393,Emilyfurt,Jackietown,565.8,7.74,341.16,2024-03-03
8317,457,Patrickburgh,Kathleenville,2422.3,4.07,938.52,2024-08-18
8318,113,East Teresahaven,Port Courtneyport,1391.2,23.13,2215.7,2024-02-18
8319,329,South Dakota,Jennifermouth,1127.7,15.22,1820.48,2024-05-05
8320,59,South Brian,Garnertown,1584.4,19.07,2963.92,2024-05-14
8321,277,Stewartmouth,Rogersberg,1219.9,11.1,1301.43,2024-07-19
8322,152,South Williamchester,Snyderport,90.6,24.45,208.11,2023-05-05
8323,373,New Belindaborough,Lake Conniefurt,955.3,17.94,1225.4,2024-10-22
8324,341,Shawview,Port Megan,2088.4,4.46,705.42,2023-06-07
8325,343,East Samuel,East Levichester,1757.0,20.0,2897.28,2023-11-26
8326,366,Martinberg,Claytonville,435.5,7.94,251.13,2023-10-10
8327,497,Emilyport,Jamesbury,406.4,20.77,539.17,2024-05-25
8328,186,East Phillipfort,Port Melissaport,2477.5,15.46,3315.73,2024-01-31
8329,270,New Ronaldfort,Lake Richardview,1561.0,7.31,1338.6,2023-11-13
8330,20,West Samanthaton,Nicoleshire,2480.5,6.12,1612.11,2023-02-26
8331,240,East Brendabury,Woodardberg,591.3,11.96,804.17,2024-03-25
8332,112,Lake Dorismouth,Port Sheriland,2288.6,17.25,3405.08,2023-04-25
8333,122,Toddton,Burnsbury,1710.4,2.93,381.18,2023-06-15
8334,298,Hughesstad,New Ryanborough,454.2,15.25,527.73,2024-02-23
8335,186,Mooneytown,Port Claire,2069.5,11.09,1702.51,2023-12-11
8336,66,South Kevin,West Jesseside,1959.5,17.34,3429.16,2024-07-14
8337,467,Craigtown,Pamelatown,862.5,10.51,728.89,2023-07-03
8338,393,East Margaret,North Kellyfort,1854.3,13.58,2383.49,2024-03-03
8339,153,West Charlesside,South Brian,140.2,16.51,151.89,2024-12-14
8340,425,West Jennifer,East Nicholasport,1260.8,12.3,1720.72,2023-05-04
8341,73,South Joseph,Shanefurt,1442.2,17.28,1993.68,2024-11-20
8342,456,New Michele,New Christopherberg,1420.8,9.6,1269.78,2023-12-05
8343,159,Vanessaview,South Scott,1840.2,6.55,885.27,2024-01-21
8344,53,Rebeccamouth,Port George,409.3,12.27,310.48,2024-04-05
8345,465,North Tamaraberg,Denisemouth,846.9,14.58,963.51,2024-06-04
8346,213,Timothyfurt,East Thomas,1708.7,8.08,1243.85,2023-10-03
8347,470,New Jamesville,Johnsonside,608.2,15.49,876.68,2024-12-22
8348,179,South Lawrencehaven,South Brandonmouth,1511.4,1.17,157.28,2023-12-21
8349,223,East Markport,New Tammy,834.9,18.86,1244.47,2023-11-04
8350,241,Markside,Leonardport,1957.8,16.67,2085.05,2023-11-29
8351,77,Andersonview,Reedborough,192.6,12.77,128.37,2023-05-07
8352,377,Mccoyshire,Lake Arthur,1858.9,3.18,569.57,2024-09-07
8353,344,New Gary,Bishopburgh,2026.3,12.23,1593.01,2023-08-08
8354,180,Fergusonmouth,South Robertville,971.3,17.39,1994.95,2023-10-13
8355,369,South Michaelhaven,Gomezland,1852.8,16.76,2555.17,2024-10-26
8356,105,East Mariostad,Port Melissaton,1776.0,5.46,1127.71,2023-09-26
8357,110,South Ricardotown,Rodneyfort,748.4,13.12,675.09,2024-06-07
8358,3,Lake Daniel,Smithside,1516.1,2.57,376.89,2024-01-08
8359,6,Jessicaborough,North Rebeccachester,2002.5,14.93,1564.74,2024-09-09
8360,497,South Alyssa,South Brenda,790.8,13.47,828.13,2023-07-10
8361,440,New Erinfort,Jacksonland,1831.8,18.95,2240.74,2023-03-30
8362,387,Port Patricktown,South Markchester,1877.4,10.92,1461.62,2024-03-23
8363,322,North Josephfort,North Mark,1145.8,19.45,2497.34,2024-02-27
8364,315,Prestonton,New Jaredhaven,1742.6,16.95,2539.8,2023-09-14
8365,221,South Rebeccaburgh,North Donnastad,939.5,23.55,1247.77,2023-12-16
8366,12,Shelleystad,Lake Oliviaside,1997.7,19.89,3701.06,2024-12-30
8367,150,North Deniseburgh,Drewberg,1518.7,12.9,2239.12,2023-12-17
8368,188,Elizabethborough,West Chelsea,2292.5,19.51,4293.1,2023-10-03
8369,180,East Deanna,East Ericaborough,1614.3,14.42,1187.5,2024-06-17
8370,215,East Markborough,Lake Allen,1890.5,20.55,3889.02,2024-09-09
8371,469,East Derekfort,Grosstown,1116.6,14.79,1172.7,2023-11-07
8372,120,Lynnfort,Kennethbury,1259.7,6.12,903.75,2024-11-22
8373,382,North Marymouth,Port Jessicaside,1371.9,19.43,2978.88,2023-01-10
8374,67,Bryanfort,Matthewborough,1938.9,22.4,4334.79,2024-01-15
8375,200,Lake John,Huntbury,1277.9,14.74,1810.97,2023-08-14
8376,98,Port Chadland,East Jamesfurt,1120.0,23.04,1448.97,2023-12-20
8377,231,East Peterfort,Andrewtown,1134.1,20.17,1628.82,2024-11-04
8378,277,East Johnstad,Port Laurafurt,1134.2,15.24,1980.29,2023-09-01
8379,418,Hawkinsport,Erinmouth,1281.0,24.44,2164.63,2023-07-03
8380,261,South Lisa,West Pam,696.9,2.04,152.63,2024-04-30
8381,81,East Josephberg,Muellertown,831.3,6.14,269.71,2023-07-07
8382,262,Houstonburgh,South Pamela,1879.9,2.39,300.05,2023-05-12
8383,200,South Dennis,Johnsonburgh,2158.4,16.48,3841.92,2024-04-17
8384,85,Julietown,Riveraland,737.0,20.25,1741.08,2024-04-14
8385,119,New Joel,Tonyashire,699.8,6.33,461.65,2023-01-03
8386,91,Bellmouth,Crystalview,927.9,13.68,1163.25,2024-08-27
8387,183,Catherinehaven,Port Marieland,2492.0,5.48,780.43,2024-11-28
8388,33,East Eugeneshire,Port Ann,1002.7,20.74,1774.07,2023-06-13
8389,445,Lake Garrett,New Kelly,62.5,14.1,56.99,2023-08-20
8390,1,East Clarence,Port Jerry,810.3,15.93,990.35,2023-06-08
8391,245,Lake Brentburgh,Nicholasborough,2266.5,15.1,1851.59,2023-01-29
8392,377,New James,New Matthewhaven,1035.8,11.59,986.43,2023-01-23
8393,42,North Geoffrey,Kellyton,2289.3,3.94,919.28,2024-01-16
8394,174,West Michael,North William,1093.8,5.47,347.65,2023-01-16
8395,418,South Jasminebury,West Johnfort,158.5,19.11,305.59,2023-12-02
8396,283,Jerrybury,West Jeremystad,1717.4,17.77,3617.4,2023-08-07
8397,360,Andersonfort,Youngton,1982.2,18.04,3567.56,2024-04-23
8398,22,Reyesbury,West Derrick,221.8,14.51,304.83,2024-07-25
8399,309,New Scott,Tuckerview,1980.2,8.26,1177.17,2024-05-25
8400,279,East Stacyville,Dustintown,592.9,6.2,217.51,2024-03-02
8401,52,Coxfurt,Bryanport,1069.2,18.16,1515.99,2023-06-29
8402,1,Port Kennethville,New Allison,2046.6,13.37,1972.76,2023-07-12
8403,403,Evanstad,Lake Kimberly,1927.7,1.62,284.27,2024-01-02
8404,55,Garciashire,Pamburgh,2143.7,5.63,1041.63,2024-07-13
8405,439,Alexanderside,Robertbury,2479.2,22.22,3018.85,2024-02-21
8406,494,East Donnamouth,North Edwin,771.0,9.49,604.36,2024-01-25
8407,198,Port Justinland,Adamsside,1377.8,22.87,2808.37,2023-02-09
8408,152,Jennastad,Ashleyfurt,1881.8,16.7,1770.64,2024-11-21
8409,468,Careyborough,North April,1538.6,19.5,1743.62,2023-07-23
8410,450,New Michael,Lake Elizabethside,1032.9,19.83,1559.89,2023-01-12
8411,417,Fredbury,Christinetown,922.8,3.9,203.85,2024-03-01
8412,296,South Barbaraton,Arnoldbury,1862.3,15.23,3072.6,2023-04-16
8413,408,Harrisfurt,East Joseph,1058.9,11.51,1037.4,2023-09-24
8414,6,Townsendchester,Michaelville,1667.6,2.84,239.38,2023-08-12
8415,436,Douglasberg,West Donna,1622.9,15.65,1532.34,2023-10-11
8416,491,South Davidview,Stanleyburgh,549.8,4.91,292.87,2024-10-22
8417,434,West Bethview,Nicholasmouth,2131.5,22.77,5668.58,2023-12-29
8418,467,Jeremyton,Mccarthyport,2342.6,9.78,1932.0,2023-06-23
8419,493,Grosstown,Cummingsfort,1769.9,15.4,1522.57,2023-08-14
8420,391,New Joyburgh,Johnsonhaven,1497.9,5.98,535.97,2023-08-27
8421,70,North Jessicamouth,North Anthonyport,527.0,14.84,480.37,2023-12-20
8422,414,Port Duaneborough,West Emily,153.1,21.92,369.73,2024-01-31
8423,424,Harthaven,North Kiaraside,699.7,16.98,1378.86,2024-01-30
8424,476,West Aliciaside,Paulmouth,572.3,21.95,692.33,2024-12-27
8425,198,Lake Carlosview,East Carmen,1204.4,9.72,1040.7,2023-07-23
8426,199,Cannonland,Port Angela,428.5,11.78,443.51,2023-02-15
8427,485,South Jennifermouth,Lake Chris,1028.6,2.64,310.3,2024-09-01
8428,380,Ramosberg,Port Patricia,2455.0,22.72,5869.45,2023-11-16
8429,31,Webbchester,Jenkinsstad,371.7,1.79,43.96,2024-03-26
8430,483,Gailside,Walkerside,2487.0,15.21,4089.57,2024-03-30
8431,87,Matthewmouth,Port Rebekahhaven,229.9,8.63,192.78,2024-01-02
8432,330,Dominguezport,New Jessicatown,319.9,14.3,244.12,2024-04-26
8433,374,Gonzalezfort,Greenmouth,205.5,2.96,35.58,2024-12-21
8434,118,Saundersmouth,East Mary,372.8,17.04,604.47,2023-04-29
8435,114,East Robertmouth,South Kyle,2193.3,15.75,3199.13,2024-08-02
8436,448,Andersonburgh,Port Jennifer,529.4,5.37,213.22,2024-01-11
8437,469,Crystalshire,Jenniferchester,1876.6,19.46,3310.66,2024-01-10
8438,59,Christopherbury,West Matthew,382.4,11.3,261.62,2023-05-22
8439,221,Lake Davidland,Donnaland,1987.2,20.58,3020.58,2024-12-16
8440,434,North Lisa,West Melissa,1409.7,17.5,2444.23,2023-07-29
8441,361,Jillville,Jefferyborough,2047.9,21.3,4872.52,2023-07-18
8442,441,West Bruce,Arroyoshire,997.9,3.59,370.41,2024-02-25
8443,177,West Chadborough,Heatherland,1391.6,24.21,2531.91,2023-04-09
8444,432,Karenberg,West Bethany,450.0,2.56,118.45,2023-10-07
8445,208,West Marie,South Bruce,582.0,11.13,559.16,2023-04-29
8446,456,Olsonland,Carolinefort,1975.8,19.62,4492.88,2023-01-09
8447,408,Douglasfurt,South Nicoleton,1414.2,1.32,126.67,2023-11-04
8448,360,West Glen,West Chad,2027.8,21.16,4777.88,2023-07-02
8449,132,Matthewsberg,Lake Danielton,234.7,15.67,417.4,2023-12-23
8450,140,Franciscomouth,Smithtown,143.4,19.59,305.8,2023-01-28
8451,449,Port Thomas,South Georgeton,1090.9,8.82,670.0,2023-03-15
8452,349,Rebeccaburgh,Roweshire,913.4,20.69,960.2,2024-03-13
8453,467,North Michael,North Katherinefort,2038.3,18.76,4129.93,2023-07-30
8454,484,Joycechester,West Patricia,1278.7,10.94,828.42,2023-04-06
8455,286,West Rickchester,Nelsonfurt,1169.0,9.17,860.3,2023-11-09
8456,427,Deborahport,Nicholasfurt,590.1,15.84,824.86,2024-05-08
8457,73,Ariasburgh,Jeremyfort,903.5,16.69,1268.15,2023-01-05
8458,341,Cassandraside,New Whitneyfort,1540.6,7.58,833.25,2024-09-28
8459,233,Port Heatherchester,West Kayla,1565.7,1.39,203.31,2023-03-01
8460,221,East Johnville,Lake Donaldfort,2328.3,24.92,4700.55,2023-05-29
8461,322,South Jenniferport,Kylehaven,488.9,21.35,1014.72,2024-08-02
8462,310,Port Ashley,West Melindafort,1357.5,11.9,1658.92,2024-09-05
8463,23,North Johnborough,Port Thomas,259.7,15.41,296.86,2024-04-16
8464,254,South Chadhaven,Jenniferburgh,284.5,23.52,787.61,2024-04-18
8465,241,Rosston,Scotttown,390.5,24.53,747.73,2024-04-23
8466,266,Port Anthony,Timothychester,2473.6,17.14,3233.77,2024-04-09
8467,401,West Suzannefurt,South Andrew,834.4,22.76,1128.68,2024-10-17
8468,229,Ericchester,West Vanessa,2406.7,10.3,2295.77,2023-09-25
8469,199,Port Angelamouth,South Kyleport,2395.4,3.04,750.77,2023-08-07
8470,5,East Traceyhaven,West Amber,385.9,18.26,549.15,2023-08-14
8471,139,Port Donna,Duanebury,1931.6,8.4,1404.26,2023-05-21
8472,470,East Amanda,Port Patrickville,2029.4,10.6,1901.36,2023-12-24
8473,334,Williamsonhaven,West Melissaborough,1596.8,19.87,2503.83,2024-01-20
8474,430,North Alexborough,North Lesliestad,162.6,10.5,130.6,2024-02-19
8475,23,Caseyville,Adamview,1269.2,12.79,1588.68,2023-01-22
8476,255,Hunterville,Carlsonfort,437.4,22.52,1059.2,2024-02-04
8477,76,Port Jeremiah,Port Daniel,2382.0,5.95,1419.78,2024-12-30
8478,175,North Brandon,North Joshuahaven,839.6,7.56,744.37,2024-04-11
8479,18,North Gina,Nicoleshire,420.9,20.87,679.19,2024-04-12
8480,429,Stevenborough,Lake Paul,51.7,8.7,48.84,2024-12-02
8481,232,Guzmanchester,North Christieton,1567.3,15.4,2691.21,2023-07-19
8482,174,New Jessica,Lake Melanie,490.4,9.69,520.08,2023-06-21
8483,375,East John,South Logan,1943.2,1.2,175.35,2024-03-05
8484,97,Holdenmouth,West Cherylmouth,2247.9,8.93,2082.21,2024-06-11
8485,212,New Melissaside,Hernandezchester,1811.5,13.36,1839.39,2023-01-22
8486,118,Wardmouth,Sullivanmouth,90.8,15.7,154.04,2024-04-24
8487,372,Martineztown,Lisahaven,756.0,4.59,209.8,2024-02-29
8488,453,Andersonton,Warnerborough,1808.7,3.97,662.89,2023-06-13
8489,133,Ronaldshire,Gomezport,409.9,22.08,624.14,2023-04-12
8490,417,South Steven,South Karashire,2228.3,6.43,825.72,2024-01-25
8491,144,Hardintown,East Alexandriaport,729.1,17.76,1371.47,2024-06-28
8492,405,West Jamieside,North Michaelborough,2162.2,20.38,3863.56,2024-05-18
8493,410,Tamaratown,Port Michaelside,1239.4,6.34,774.99,2023-02-24
8494,449,Ellenport,Deniseside,2152.4,17.34,3525.58,2023-06-13
8495,353,West Mark,West Ruthland,2094.5,15.2,2804.13,2023-08-16
8496,476,Pottsport,Port Lauren,2191.0,2.08,275.26,2024-07-24
8497,48,North Kimborough,Port Michael,331.2,23.33,466.0,2023-10-30
8498,349,Lake Patrickstad,Lake Lisa,581.7,15.95,831.41,2024-06-11
8499,335,Emilychester,Port Grace,2257.9,13.41,2578.43,2023-04-27
8500,197,Kathleenburgh,Ashleyshire,88.0,2.02,17.36,2023-02-10
8501,177,Joycetown,New Sarahshire,419.0,8.46,418.77,2023-01-17
8502,413,Jessicaside,Lake Julieport,2483.8,13.46,3114.47,2024-09-09
8503,259,West Lisa,Pamelastad,1116.3,6.21,507.96,2023-07-03
8504,446,Margaretport,West Brittany,1210.0,24.34,3072.99,2024-01-21
8505,360,East Shelleyside,Blakemouth,899.7,4.06,237.15,2024-05-04
8506,101,Port Joanna,North Terri,786.2,13.54,929.57,2023-04-21
8507,77,New Patrick,Derekton,1885.0,24.81,5035.74,2023-12-05
8508,328,Walkerton,East Isaacstad,820.7,8.09,418.27,2023-01-31
8509,239,Johnsonport,Laurenland,838.7,8.85,406.25,2024-10-21
8510,284,Williamberg,Karlatown,2426.5,17.31,4326.53,2024-09-09
8511,173,Christinahaven,Nicolemouth,111.8,2.11,15.92,2023-05-23
8512,262,Clarkbury,Adamsfurt,945.5,14.3,1175.06,2024-11-30
8513,226,Michaelberg,Moorestad,2407.3,4.81,1378.97,2023-01-06
8514,363,West Katherinebury,Jeffshire,1021.9,11.44,1333.37,2024-09-07
8515,254,Staceymouth,Guzmanville,158.4,4.08,57.01,2024-09-27
8516,229,North Thomas,South Jacqueline,783.1,17.96,1518.2,2023-12-28
8517,242,South James,Port Brandon,243.6,16.96,222.66,2024-04-25
8518,111,South Sally,South Justin,817.8,2.73,243.22,2023-09-26
8519,98,North Amandaview,Fergusontown,1806.1,10.36,1406.96,2024-02-26
8520,203,New Craig,Keithshire,301.7,19.65,590.79,2023-10-05
8521,431,Port Sydneymouth,Sarahmouth,364.6,16.76,320.28,2023-01-18
8522,405,West Michelle,North Traci,774.1,22.56,973.67,2024-02-01
8523,63,East Michelle,East Shawnbury,2389.0,6.28,1417.62,2023-01-18
8524,147,Kevinstad,East Gina,87.3,10.3,62.42,2024-12-24
8525,196,Port Teresachester,Teresamouth,920.9,15.18,1547.62,2023-07-16
8526,139,Elizabethchester,New Patriciabury,2331.9,9.46,1815.41,2024-02-26
8527,314,Jonesside,Gomezmouth,2332.4,6.12,1308.4,2023-06-03
8528,436,East Jenniferland,Richardview,2133.0,3.32,414.79,2023-02-25
8529,142,New Lindseyborough,Port Garrett,937.9,6.45,405.39,2024-02-22
8530,222,Port Laurieland,Georgemouth,1974.5,23.39,2841.39,2024-12-11
8531,385,North Carolland,Olsonhaven,2112.9,12.22,1457.68,2024-10-29
8532,116,Elliotttown,Steventon,162.0,5.94,90.76,2024-07-07
8533,379,Whitemouth,North Sharonfort,771.5,15.39,1006.19,2023-01-09
8534,368,South Ginaside,New Sarahborough,1793.0,17.82,3417.53,2023-09-16
8535,260,South Nicole,Daniellefort,1062.7,2.65,245.42,2024-10-19
8536,28,Kaufmantown,Hamiltonstad,276.2,23.38,554.2,2023-01-14
8537,67,Huangberg,Harrisside,2372.7,24.9,6299.72,2024-01-18
8538,311,Lake Codymouth,East Ruth,333.2,14.74,298.32,2023-07-11
8539,113,Gibbsville,Bentonport,675.1,11.95,955.46,2023-03-08
8540,445,Josephland,Franklinchester,1311.7,12.79,1177.6,2024-06-15
8541,83,South Alexis,Anthonyside,160.3,23.08,240.51,2023-03-05
8542,136,Catherinehaven,Jeffreymouth,460.1,6.5,275.58,2024-06-03
8543,149,Port Morganmouth,Johnbury,1414.0,23.31,2660.82,2024-07-08
8544,375,Port Annafurt,Joshuashire,1153.6,17.46,2389.61,2024-12-29
8545,112,South Dennisshire,Laurenfort,2357.4,18.71,4993.74,2023-08-07
8546,242,Vincentfurt,South Ericton,2004.0,14.33,2058.34,2024-04-21
8547,10,East Dana,Port Stephanie,1821.5,12.91,1186.28,2024-10-15
8548,391,Port Robertside,Port Douglas,591.9,10.24,667.77,2023-04-26
8549,231,Port Lisa,Matthewburgh,915.5,1.3,115.51,2023-09-07
8550,282,East Johnmouth,Madelinemouth,975.2,18.21,1089.37,2024-03-07
8551,404,Michellebury,South Nicholas,2138.6,3.88,976.6,2024-12-22
8552,425,New Eric,New Roberttown,1734.2,13.93,1412.35,2023-01-26
8553,443,Lauraton,West Laura,2323.4,21.61,4279.85,2024-08-16
8554,134,East Brandonshire,Nicholsonport,2398.0,4.96,1057.29,2023-09-05
8555,405,Robertsfort,Smithtown,1918.3,4.21,551.59,2023-05-20
8556,465,Matthewburgh,West Michaelberg,578.0,5.94,376.07,2023-06-19
8557,430,Ericville,Hudsonville,783.4,19.7,1467.2,2024-01-12
8558,461,Katherinestad,Dannyshire,1105.7,4.99,569.59,2024-03-29
8559,455,West Marcusshire,South Marcofort,1035.6,16.84,1356.73,2024-07-20
8560,94,New Dylan,Lake Christinahaven,719.3,9.46,450.55,2024-02-13
8561,175,Powellville,Salastown,545.8,16.68,623.84,2023-10-28
8562,288,Chloeside,North Robertside,1326.6,18.45,2214.55,2023-12-07
8563,441,Port Antonio,North Nathaniel,274.4,24.2,637.8,2023-01-31
8564,134,Murraymouth,North Tracey,2005.9,9.44,1150.94,2023-12-02
8565,121,West Christine,Lake Jonathan,494.2,1.7,64.87,2023-11-16
8566,363,Tarastad,South Ryanmouth,1195.8,17.37,1727.5,2023-08-06
8567,116,Ricehaven,Port Levistad,96.5,14.42,140.28,2023-08-27
8568,49,New Amanda,Henrystad,1983.7,7.06,1631.27,2024-04-29
8569,180,Port Kylemouth,South Juliaberg,253.8,10.86,203.04,2024-06-12
8570,413,East Aaronborough,Paulchester,2318.0,18.71,4658.73,2023-05-04
8571,86,North Kevinburgh,East John,1582.3,9.93,1810.73,2023-01-10
8572,102,Port Keithton,Karenfort,229.5,6.92,143.2,2024-08-14
8573,100,Lake Ashley,New Kelly,2307.4,6.01,1521.57,2024-04-01
8574,91,Joneshaven,Roberttown,2278.5,10.45,2150.88,2023-01-12
8575,244,East Jenniferville,Carlaborough,1247.7,12.07,1300.81,2024-04-16
8576,287,North John,South Jodi,1245.9,14.63,1371.83,2023-06-19
8577,46,Heidiberg,Lake Shannonland,1091.6,6.01,684.19,2024-12-05
8578,178,Marychester,Atkinschester,1239.5,24.96,1704.93,2023-02-25
8579,492,East Wesley,Howardberg,589.1,20.54,1075.43,2024-06-15
8580,222,North Kristin,Huffmanhaven,1391.9,14.07,1387.42,2023-11-11
8581,312,North Tiffany,New Samuel,1977.2,21.52,2699.3,2023-02-13
8582,208,Ericborough,Adrianstad,1537.0,17.31,2242.86,2024-03-27
8583,39,Howardland,Maryfurt,331.7,21.78,377.99,2023-08-18
8584,270,East Jacob,Lake Lisaland,250.9,15.63,287.85,2024-04-28
8585,102,New Tarashire,South Terrytown,2419.2,8.39,1275.47,2023-05-07
8586,389,Port Tony,South Brittanyfurt,1061.1,7.03,695.92,2023-03-04
8587,45,Stephanieside,Montoyachester,232.7,24.83,533.07,2024-01-21
8588,50,North Jennifer,Kleinport,56.2,18.43,120.72,2023-04-06
8589,422,Lancestad,Wardport,2010.6,10.23,2208.0,2024-07-18
8590,160,Staffordmouth,West Shelby,662.7,12.05,737.8,2023-06-16
8591,293,East Sara,New Tabithaville,2106.2,24.54,4967.41,2023-02-28
8592,115,Michaelview,Loganborough,2391.5,9.22,2500.46,2023-05-21
8593,314,South Joseph,Rodriguezport,1349.3,23.13,2393.74,2023-09-10
8594,199,East Danielview,Livingstonstad,2349.6,10.14,2302.48,2024-10-22
8595,202,Collinsview,Ryanmouth,1157.6,24.47,2574.38,2023-04-22
8596,235,North Cynthia,East Allisonburgh,339.5,20.22,709.24,2023-08-06
8597,30,Coryshire,Shannonshire,494.0,8.33,400.08,2023-11-25
8598,225,South Kelli,South Antonio,941.4,20.16,1703.01,2024-03-28
8599,318,New Michaelland,Port Felicia,2453.2,22.5,6280.43,2024-05-23
8600,331,Lake Lindseyberg,South Jennifer,2461.2,3.49,937.1,2024-11-02
8601,101,West Angelaberg,Helenland,941.9,22.96,1753.33,2023-12-03
8602,61,Steeleburgh,East David,434.5,22.03,791.45,2024-12-07
8603,50,North Sonya,East Cindy,333.3,9.06,294.26,2023-09-13
8604,321,Johnsonport,New Scottville,2092.2,12.2,2168.07,2023-09-30
8605,3,West Margaretstad,Jeremyfurt,2030.5,18.52,4117.86,2024-07-20
8606,209,Sosaview,New Stevenville,2052.0,15.07,2645.78,2023-04-23
8607,352,Dennisfort,Robertshaven,1295.5,17.51,2511.68,2024-01-07
8608,388,Pierceville,South Cameron,1398.2,19.1,1400.59,2023-07-16
8609,483,Ginafurt,South Jacqueline,1333.2,17.17,1904.53,2024-06-20
8610,442,Lake Cheryl,East Christineville,899.6,10.08,1067.99,2023-08-09
8611,425,North Devinland,North Sonyafort,2083.4,23.09,4395.96,2023-11-01
8612,438,Andrewfort,Hallport,570.7,17.72,643.36,2023-01-27
8613,87,West Derekmouth,East Brandonbury,1056.3,7.52,673.07,2024-02-01
8614,253,Tateton,South Erikaville,987.6,4.61,353.72,2024-03-14
8615,180,New Leslie,North Mariamouth,1661.7,22.24,3827.37,2023-11-25
8616,377,New Randallfort,Henryview,1506.6,20.4,3254.64,2024-01-07
8617,198,Cruzton,Adamsmouth,870.2,11.67,1034.81,2023-02-21
8618,498,Kristieport,Elizabethport,1566.6,20.66,3052.46,2024-11-09
8619,322,West Jessicahaven,Carterstad,1134.4,2.88,244.22,2023-09-23
8620,465,Hansenport,Danielchester,2032.4,6.73,1501.26,2023-06-22
8621,327,South Patricia,Gouldmouth,669.2,8.67,304.75,2023-09-14
8622,227,West Miguelmouth,Christophermouth,367.8,1.56,43.33,2023-07-04
8623,372,East Christopher,South Stephanie,1263.1,15.41,980.79,2024-10-06
8624,204,Holmestown,Lewismouth,718.6,20.96,1305.79,2023-03-26
8625,171,Robertshire,Sellersland,821.3,6.45,496.16,2024-02-14
8626,179,Michaelfurt,South Sally,2199.9,6.69,1564.91,2023-01-02
8627,496,Gregoryport,East Michael,735.2,21.81,838.26,2023-07-03
8628,111,Smithtown,Derekland,1231.0,1.17,95.16,2023-05-24
8629,298,South Hunter,West Amanda,536.9,13.81,850.78,2024-09-10
8630,209,Wilsonburgh,North Courtneytown,511.8,18.32,548.14,2024-11-08
8631,22,Tammyhaven,Greenchester,1522.0,8.27,1281.64,2024-07-04
8632,244,Crystalport,Wilsonburgh,1756.7,7.64,1404.61,2023-03-30
8633,449,Crosbyfort,Shawnborough,592.5,6.02,419.93,2023-02-23
8634,198,North Angel,North Michellebury,723.3,9.44,686.34,2023-07-07
8635,430,Sarahfort,Tinaside,585.1,20.46,1190.61,2023-12-04
8636,451,Port Jennifer,Lake Mary,121.8,3.48,44.99,2023-01-08
8637,273,West Michelle,Erinchester,395.8,9.66,252.85,2023-05-05
8638,457,Lake Diana,Petermouth,1157.3,14.95,1114.54,2023-07-02
8639,219,South Juliehaven,West Markchester,763.8,10.47,557.22,2023-08-13
8640,462,Port Charlene,Port Emilyfort,702.9,24.6,1819.18,2023-03-21
8641,112,Rhondaville,West Jackberg,1015.5,11.37,607.49,2024-05-16
8642,101,Philliphaven,East John,2134.4,23.84,5762.12,2023-09-06
8643,58,Thomasmouth,Paynestad,2064.5,14.69,2523.78,2024-09-12
8644,489,Brittanyview,New Jillview,872.4,4.52,211.98,2023-05-30
8645,28,Marshallberg,Mendezmouth,1906.9,7.81,1595.03,2024-07-29
8646,224,New Monicafort,Mcgeeland,2199.0,1.51,312.06,2023-04-30
8647,448,North Stacyport,Leblancton,160.1,20.3,187.57,2023-08-19
8648,266,Guzmanville,Youngville,1511.0,3.76,402.99,2024-02-14
8649,325,Shannonmouth,West Norma,692.8,22.15,1278.35,2024-01-31
8650,442,South Kellyburgh,Lake Teresaland,1199.9,13.44,1930.51,2023-05-06
8651,111,New Garymouth,Crystalmouth,2094.6,11.25,1613.0,2023-03-28
8652,139,Lake Shellyland,North Suzanne,2229.1,11.73,2506.77,2023-04-14
8653,438,Barbaraport,Sanchezbury,1779.2,12.35,2006.21,2024-06-22
8654,343,Port Samanthafort,Dylanchester,886.4,23.7,2390.46,2024-03-12
8655,17,North Steventown,Howellton,1905.6,16.39,1962.66,2024-12-06
8656,441,Sharonborough,Brownville,505.0,12.22,622.26,2024-06-20
8657,31,South Jeremy,Navarroland,1343.3,9.02,1247.22,2024-04-10
8658,278,Danielleborough,Kingburgh,1228.2,16.28,2279.46,2024-11-24
8659,94,Marquezshire,West Larrymouth,1716.5,3.87,406.51,2024-03-17
8660,442,New Billyshire,South Thomas,635.9,18.25,1329.61,2023-05-20
8661,237,Amandaview,West Laurenchester,585.1,3.63,134.09,2023-05-26
8662,495,New Teresabury,South Johnview,671.2,15.36,940.01,2024-09-21
8663,495,North Juliashire,Thorntonton,779.1,17.13,1321.14,2023-11-23
8664,479,Mccormickchester,Katherineview,557.4,22.92,1084.34,2024-05-07
8665,259,West Laura,East Jon,1276.3,1.22,177.77,2023-07-20
8666,389,Bradleyport,Paynetown,1957.3,1.28,226.77,2024-11-21
8667,329,North Elizabeth,Hendersonfurt,159.9,20.26,253.7,2023-04-08
8668,137,North Jean,Roachstad,940.2,22.27,2246.82,2023-10-10
8669,105,Arianaberg,Bakerborough,150.0,1.86,22.84,2024-06-18
8670,272,Shellyville,New Hayley,1915.3,17.34,2361.24,2023-06-29
8671,6,Lake Misty,East Stevenburgh,1840.3,13.29,1558.91,2023-08-12
8672,237,Huntfort,Jeremyland,608.6,13.42,847.89,2023-11-01
8673,146,East Christyfurt,East David,572.0,23.31,973.32,2023-10-25
8674,135,Donovanland,Chunghaven,1740.7,1.17,143.32,2023-10-31
8675,315,Port Davidberg,West David,1569.5,12.5,1686.92,2023-08-07
8676,445,Timothyhaven,Port Michaelborough,74.2,3.82,23.13,2024-09-13
8677,200,Ryanton,Foleyhaven,2057.0,6.88,1364.63,2023-05-20
8678,43,New Markview,North Kim,2018.8,7.15,1468.77,2023-03-25
8679,320,New Lauren,Brownfort,1098.7,18.86,1508.39,2023-01-02
8680,137,Barbaraborough,Kaylatown,1281.3,7.41,648.25,2024-03-01
8681,462,South Shawnborough,North Stephen,2227.5,14.22,3044.9,2023-11-08
8682,103,East Kevinchester,Tinashire,822.9,18.82,1008.09,2023-02-26
8683,321,North Johnton,East Jonathon,2489.8,24.32,3170.33,2023-11-22
8684,423,Walkerburgh,West Chloemouth,2224.3,11.46,2781.82,2023-03-18
8685,28,Jasonland,West Cynthia,888.6,11.16,929.69,2024-08-11
8686,467,Alberttown,Adamport,354.3,9.68,221.11,2024-01-15
8687,307,Dunnport,North Brandyhaven,1640.0,22.57,3423.63,2023-07-09
8688,11,South Patricia,Wolfebury,1663.1,10.65,1128.4,2023-12-29
8689,126,West Tiffanyland,North Brandon,2400.5,20.74,3064.81,2023-07-25
8690,497,East Annette,East Shannon,927.6,24.14,1672.34,2023-12-26
8691,330,New Georgebury,South Toddchester,57.9,6.88,32.19,2024-03-15
8692,407,Cantrellside,Lake Taylormouth,1503.3,20.28,2111.6,2023-04-17
8693,107,West Kennethberg,East Maurice,2111.9,20.3,4192.12,2023-08-28
8694,500,Lake Corey,Williamsborough,2314.8,1.62,225.82,2024-11-29
8695,500,West Nicole,Parkerfurt,1588.5,9.57,859.51,2024-06-05
8696,103,Wallerberg,Millerstad,2307.4,1.11,180.45,2024-12-12
8697,20,East Tannerborough,Jennifershire,242.0,23.74,343.57,2023-10-03
8698,265,Camachoside,New Troyport,1907.3,17.63,2586.34,2023-12-17
8699,448,Huntchester,Williamsonbury,359.5,22.81,582.76,2023-03-19
8700,466,South Caitlin,Joannashire,354.9,17.63,561.01,2024-04-23
8701,272,Lisaburgh,East Brettmouth,2420.9,22.83,4104.36,2024-05-30
8702,184,North Kevinville,Port Lorichester,755.3,11.76,1013.17,2023-05-07
8703,454,East Nicoleshire,East Charles,1136.5,20.79,2173.77,2024-02-15
8704,77,Gonzalezport,East Laura,551.2,20.47,1307.5,2024-02-11
8705,168,Lake Joshua,South Julie,713.7,18.2,1229.65,2024-06-24
8706,44,West Coryfurt,Port Samantha,629.9,20.92,1004.55,2023-03-28
8707,97,Maryville,East Debraland,1362.7,12.66,1900.62,2024-12-14
8708,141,Maryview,East Triciamouth,1923.5,21.89,3392.07,2023-11-16
8709,51,Andersonville,South Christieview,2137.3,15.09,3572.38,2024-08-08
8710,332,North Kevinhaven,North Charlotte,1285.9,5.43,526.22,2023-07-10
8711,270,East Aaronberg,Sarahland,1194.2,11.05,1147.39,2024-03-23
8712,303,Karenland,Deleonport,1670.4,2.9,549.17,2024-02-15
8713,295,West Lydiatown,Sherrymouth,150.5,2.29,29.62,2024-06-03
8714,169,North Deborahview,North Matthew,1086.9,18.44,2167.39,2023-10-27
8715,199,New Jeffrey,West Brendaberg,2120.2,7.28,1313.93,2024-10-09
8716,363,Port Eric,Janetfurt,303.1,20.18,312.2,2024-11-25
8717,379,Patriciafort,Port Mary,1917.4,13.3,1777.98,2023-07-08
8718,16,Maryville,New Cody,332.1,18.11,437.69,2023-05-10
8719,209,South Emily,Vincentborough,1300.5,4.27,376.9,2023-09-04
8720,14,Milesview,East Randyhaven,1794.0,1.99,407.78,2023-01-05
8721,185,North Nicoleburgh,Madelineport,1136.9,21.42,2233.02,2024-08-06
8722,397,Fletcherfurt,Hendersonland,899.3,9.46,840.9,2023-01-08
8723,262,South Julia,Karinaburgh,2338.7,9.84,1686.49,2024-01-18
8724,69,East Jamesfurt,Jillchester,240.6,2.49,61.69,2024-03-25
8725,154,Danielshire,North Anthony,1676.9,11.72,2050.18,2023-08-16
8726,479,Christinaborough,West Stacy,1145.2,21.07,2266.49,2024-07-26
8727,190,New Frankhaven,Port Kyle,1258.2,9.93,1388.97,2023-07-04
8728,264,Tamarastad,Colemantown,745.5,17.99,789.05,2023-10-27
8729,416,South Ronaldmouth,Lake Justinview,1146.1,21.44,2495.73,2024-04-05
8730,20,Estesport,Rickystad,2038.0,12.58,2125.28,2023-01-15
8731,170,Stevenfort,Lake Jesse,91.7,2.49,15.97,2023-02-21
8732,427,East Aliciaborough,Belindaberg,2237.1,15.4,2407.96,2023-02-09
8733,459,Lindamouth,Kariton,810.8,17.51,1123.33,2024-12-09
8734,224,Maureenburgh,Port Amy,699.6,18.27,1437.72,2024-01-05
8735,404,Faulknerview,Anthonyton,1094.6,5.74,562.04,2023-06-02
8736,169,North Nicolemouth,Morenoshire,1083.3,21.29,1342.73,2023-01-08
8737,477,Wellston,Lake Ryan,941.8,6.3,671.15,2024-12-25
8738,320,Torresberg,Port Sherry,463.5,11.81,444.88,2023-07-19
8739,401,Aguilarhaven,Lake Vincent,1848.9,1.5,197.13,2024-10-01
8740,76,Silvamouth,Port Kelly,429.4,19.62,511.5,2024-03-13
8741,33,Christineborough,Thomasberg,1714.9,10.54,1153.44,2024-11-06
8742,356,Lake Christopher,Port Tabitha,2357.7,20.61,5655.67,2024-09-17
8743,476,West Haleymouth,Amymouth,1587.7,7.63,1026.68,2023-11-09
8744,492,Alyssatown,North Julieport,1610.6,2.19,260.06,2023-12-22
8745,181,Wardburgh,Tracifort,943.1,14.34,1424.37,2023-08-28
8746,187,Gregoryside,Williamton,921.3,24.12,2491.97,2023-07-02
8747,218,East Leahbury,Port Theresa,2312.9,20.23,5477.95,2024-06-30
8748,105,South Staceyshire,Kleinfort,2480.7,23.95,5730.32,2024-01-19
8749,359,Port Edward,West Elizabeth,963.9,24.28,2248.18,2024-02-14
8750,28,Port Michealstad,Perezburgh,2427.8,19.34,3710.9,2024-04-09
8751,4,East Jacqueline,Hensonland,1423.2,19.78,2109.3,2023-04-23
8752,16,Justinfurt,East Bruce,788.7,20.28,1449.72,2023-12-19
8753,103,East Josephborough,Andreaton,1281.7,19.22,1319.34,2024-12-03
8754,349,Millerhaven,Kaylafurt,244.7,3.13,87.12,2024-07-12
8755,321,Thomashaven,Timothytown,1205.3,8.71,641.51,2024-06-24
8756,201,Lake Julie,Angelafort,1809.6,11.96,1432.88,2023-04-14
8757,316,Millerfurt,Hallshire,1412.2,22.29,3289.15,2024-06-25
8758,349,New Ericbury,Williamshaven,1720.0,6.82,642.82,2024-07-18
8759,453,South Jose,North Samuel,1079.6,13.56,1711.29,2023-06-14
8760,348,Yatesbury,Christopherhaven,1318.3,13.15,1291.82,2023-08-13
8761,405,Mirandamouth,Whitakerstad,109.9,3.11,25.91,2023-03-27
8762,56,Rebeccaberg,New Richardview,1918.1,5.73,609.76,2023-03-06
8763,208,Cathyberg,New Kevinstad,955.1,5.91,299.5,2024-12-18
8764,352,Russellbury,Davistown,748.3,1.79,133.37,2023-03-07
8765,293,Kevintown,North James,1710.8,6.7,747.34,2024-03-02
8766,466,West Marcus,Jamesmouth,1111.9,12.99,765.21,2023-10-06
8767,287,Port Nicolemouth,Smithchester,56.0,17.06,63.56,2023-05-21
8768,488,Melissatown,Port Douglas,1608.9,13.45,2511.39,2024-07-04
8769,153,Lambchester,Phammouth,203.8,13.78,181.95,2023-10-09
8770,386,North Paultown,Lake Katelynbury,744.2,23.54,1513.27,2024-09-15
8771,128,East Derekborough,East Michael,1902.0,19.55,2984.37,2024-05-05
8772,70,East Hailey,Lucaschester,1881.9,7.55,1549.17,2023-08-25
8773,359,Raymondberg,Alvarezport,1860.9,14.05,1854.47,2024-06-29
8774,208,Port Geraldfurt,New Frederick,277.1,8.05,227.53,2024-11-16
8775,418,Gillespieburgh,New Daisy,1115.7,12.54,845.37,2023-09-02
8776,238,Hannahside,Jeffchester,1061.9,7.6,420.46,2023-04-22
8777,86,New Rebeccafurt,Port Stephenborough,1638.2,5.66,907.71,2024-07-15
8778,123,North Michaelville,Crystalmouth,1916.0,15.38,2368.84,2024-03-26
8779,48,New Mariachester,Jamesmouth,1133.7,19.84,1639.9,2023-02-24
8780,438,Jessicaland,Dawnborough,1723.6,14.19,1982.41,2024-03-22
8781,199,North Jennifer,New Jeremy,790.8,15.63,764.03,2024-04-30
8782,487,West Edward,Daniellemouth,1339.9,16.93,1620.06,2023-10-17
8783,407,West Stephanieburgh,North Jessicachester,680.2,20.57,912.34,2023-01-07
8784,415,Martinezmouth,Barrettshire,1444.1,17.88,1741.66,2023-07-24
8785,335,Port Erica,Richardfurt,851.2,20.39,1357.87,2024-03-27
8786,79,Cassieburgh,Harrishaven,403.2,15.76,322.28,2024-06-18
8787,6,Hicksville,Lake Robert,1585.2,20.01,2881.23,2024-04-24
8788,138,Port Brian,Larryfurt,2124.9,23.53,5318.1,2024-03-18
8789,342,Lake Keith,Kurtside,1925.9,15.14,2254.89,2023-08-06
8790,63,New Patriciaberg,Michaelburgh,2490.2,13.46,3925.36,2023-05-19
8791,296,Gibbsland,Wongburgh,1670.2,13.91,2527.34,2023-10-19
8792,333,Mooremouth,North John,1964.7,4.5,853.61,2024-10-15
8793,197,New Philliptown,East Brenda,1593.9,22.14,2101.39,2024-04-23
8794,116,South Michaelton,Lake Henryton,1422.5,4.3,692.61,2023-06-27
8795,397,Lake Erikaport,South Robertfort,1195.9,6.53,776.94,2023-08-18
8796,33,South Thomas,New Nicholas,711.1,24.55,1698.34,2023-03-30
8797,362,Steventown,Madisonberg,549.2,10.93,686.68,2023-01-18
8798,257,Solisport,Paulchester,2214.0,13.5,2178.15,2023-02-03
8799,168,Hollyview,North Jacqueline,649.3,23.28,1588.75,2023-05-27
8800,167,East Paul,Davidbury,1481.1,17.48,2949.75,2023-02-28
8801,420,Johnborough,New Thomastown,1705.7,11.78,1566.41,2024-05-26
8802,411,Karenside,East Cameron,1681.9,19.98,2554.9,2024-05-16
8803,28,Lake Nicholas,East Michelle,1177.9,10.25,1175.84,2023-11-12
8804,68,Lake Kimberlyhaven,Cynthiafort,2222.4,9.1,2214.13,2023-08-02
8805,218,New John,South Donaldbury,2295.6,16.29,3123.57,2023-08-17
8806,110,West Deborah,New Victor,689.8,7.13,453.05,2024-10-20
8807,19,East Ashleyborough,East Edwin,2421.9,22.97,3426.46,2023-08-28
8808,182,Port Jamieburgh,New Dalechester,950.7,3.58,399.4,2023-11-25
8809,22,Vincentton,Scottborough,522.6,7.03,248.81,2024-09-13
8810,262,Kristyland,New Bonnie,200.6,4.62,109.96,2024-12-04
8811,444,Parkville,West Williambury,1106.7,7.0,775.27,2023-11-26
8812,324,New Shannonshire,Port Donnafurt,953.2,2.22,154.06,2024-09-14
8813,344,Andrewfort,Lake Daniel,1457.4,14.72,1865.07,2023-06-05
8814,192,Pamelabury,Stevensbury,2362.9,1.52,265.14,2024-10-01
8815,437,Brookeview,New Tinamouth,1587.0,6.65,761.56,2023-06-19
8816,135,Port James,Lake Joseph,1391.0,2.19,170.99,2024-12-11
8817,364,East Melissa,Moniquefurt,2472.8,22.9,6133.11,2024-05-02
8818,217,Michellebury,Lake Zachary,1428.5,21.83,2597.81,2024-03-23
8819,251,West Rachel,Adkinsburgh,1056.4,24.88,1656.68,2023-01-16
8820,143,Port Kristenfurt,Karenside,1695.5,17.6,1591.51,2024-01-03
8821,206,Cochranside,Robertsonburgh,365.7,5.91,122.56,2023-10-11
8822,316,Jenniferville,South Katie,149.4,24.56,389.04,2023-11-06
8823,20,North Allisonborough,Brownbury,2427.8,18.68,3826.5,2023-02-11
8824,137,Smithmouth,Kylechester,940.9,4.05,212.28,2024-09-12
8825,427,Daltonview,Port Joshuabury,906.5,22.6,1962.69,2024-07-06
8826,186,Jonesport,Andrewport,2299.8,14.93,3559.39,2024-06-26
8827,243,Lake Denise,East Lauren,1564.4,1.5,256.5,2023-04-08
8828,220,West Jenniferland,North Emilyshire,96.4,5.32,47.77,2024-08-22
8829,163,Austinport,Jessicaside,284.4,3.71,74.17,2023-01-20
8830,160,Torresmouth,Lake Julieville,2263.7,13.09,1883.45,2023-03-21
8831,375,Gravesmouth,Craigfort,2358.3,1.15,227.48,2023-01-27
8832,21,South James,Michaelchester,2247.3,18.27,2407.86,2024-08-30
8833,460,West Troy,Lake Jennifer,1098.9,1.26,142.04,2023-10-16
8834,301,Michaelfort,East Brandon,2229.1,4.36,759.06,2023-09-03
8835,422,Lake Christophertown,East Ronnieport,1166.6,9.14,1231.66,2023-02-03
8836,495,Alvarezfort,Figueroashire,1176.8,7.78,744.26,2024-06-07
8837,313,East Bethmouth,Wrightmouth,2094.2,2.05,288.53,2023-05-18
8838,92,Marissamouth,Jenniferville,359.3,7.77,295.9,2023-09-23
8839,23,Port Patrick,Wallaceland,1063.7,10.87,900.37,2024-06-12
8840,212,Martinstad,West Harold,480.1,5.83,156.89,2023-03-13
8841,391,Port Angelica,Port Nicole,2421.7,9.15,1142.32,2024-04-16
8842,77,New Thomasshire,Lake Judy,406.6,11.89,353.99,2024-05-20
8843,346,Morganbury,Waltersfort,1081.4,23.56,2868.73,2024-06-15
8844,30,East Christianmouth,Thomastown,642.8,16.1,860.16,2023-10-03
8845,4,East Melissashire,Thomasmouth,402.7,18.38,428.49,2024-01-02
8846,432,Kevinton,Richardsstad,2228.7,9.55,2179.13,2024-06-04
8847,22,West Christopher,East Nichole,2297.9,23.16,4709.39,2023-07-11
8848,39,Steeleside,Brandonshire,1094.4,1.07,96.45,2023-08-21
8849,268,Norristown,Sosaview,1942.9,24.32,2637.85,2023-11-06
8850,307,Adammouth,Jeanbury,273.7,10.19,309.2,2023-12-24
8851,410,Alexanderchester,West Michaelton,546.4,5.33,194.73,2024-01-05
8852,357,Romeromouth,East Jesseburgh,1999.6,14.78,1952.77,2023-08-04
8853,140,Zimmermanstad,Moraleshaven,2301.7,1.4,356.24,2024-03-07
8854,496,Kingchester,Jasonshire,1347.8,18.62,2486.02,2023-10-05
8855,419,New Lawrencefort,South Hannahview,250.7,21.9,401.67,2024-05-23
8856,75,South Aliciafort,Haleyhaven,187.4,11.62,154.12,2024-11-13
8857,76,Wilsonmouth,Lake Desireetown,2158.7,17.95,2553.7,2024-03-14
8858,384,West Justinborough,Jillbury,715.0,10.5,514.67,2023-01-14
8859,170,Jenniferville,North Robertfort,1344.4,9.02,1394.79,2024-11-01
8860,18,Burtontown,Lake Gina,1861.1,14.76,1647.86,2023-01-26
8861,34,Jeffreyton,Fieldsview,796.2,21.55,1641.54,2024-08-12
8862,399,Ericview,Lake Christopher,841.3,8.31,596.42,2023-03-10
8863,146,East Jameston,Johnhaven,824.4,2.2,118.79,2023-04-20
8864,214,Port Amyton,Sawyerstad,1008.8,9.76,663.09,2023-02-12
8865,363,South Teresa,East Jessicatown,547.6,6.71,264.92,2024-08-21
8866,359,South Cynthia,Adamshaven,1942.0,17.8,2196.62,2023-01-20
8867,461,Port Alexaview,Port Anthony,2182.8,1.07,250.78,2023-10-27
8868,120,Amandamouth,Lake Sara,740.4,10.73,948.25,2023-04-27
8869,76,Port Ann,Theresachester,1154.6,11.78,1289.19,2024-10-13
8870,383,Edwardtown,Jaimeside,284.9,12.1,372.28,2023-09-28
8871,175,East Alanstad,West Stevenville,710.4,2.48,189.08,2023-08-11
8872,461,New Matthewport,Bryantborough,1774.2,21.97,2411.77,2023-11-01
8873,472,Port Dianeport,Danielstad,1715.9,20.32,3848.72,2024-04-09
8874,48,South Chadland,New Teresa,2282.3,20.67,4818.45,2024-06-17
8875,195,Carlchester,West Kelly,1150.2,21.17,2136.33,2024-10-13
8876,192,Richardsonview,Oliviamouth,1346.5,11.9,1479.9,2023-12-25
8877,379,North Ronald,Lake Deborah,140.2,15.5,183.74,2023-11-14
8878,16,Michaelborough,Smithburgh,630.0,17.55,988.41,2023-08-09
8879,178,Myersville,Wilcoxborough,1920.5,2.66,275.88,2023-03-26
8880,397,Turnerland,Mooreburgh,1816.7,22.42,3717.72,2023-04-18
8881,368,Davidstad,Andrewside,977.1,19.46,1202.55,2023-10-07
8882,456,New Christopherville,East Nicholasshire,1643.6,12.72,1355.41,2023-05-21
8883,309,North Elizabethville,South Jennifershire,970.7,16.45,829.62,2024-06-12
8884,198,West Aaron,New Benjamin,1797.8,7.18,916.46,2023-07-31
8885,476,South Dianaland,Thompsonfort,908.4,18.22,1556.85,2024-06-09
8886,379,West Leonard,Amyhaven,2482.3,9.52,1428.45,2023-02-07
8887,240,Lake Bradley,Johnnyfurt,868.4,5.86,554.0,2024-07-26
8888,196,Courtneyborough,Robertsberg,102.6,12.94,153.79,2024-06-04
8889,93,Vasquezhaven,North Kyle,2169.3,1.16,171.79,2023-09-09
8890,165,North Joshua,New Ethan,2179.9,12.26,2983.95,2024-05-14
8891,231,East Gary,Lake Nicole,1092.2,16.66,1828.46,2024-09-15
8892,14,New Kimberly,East Ray,321.1,16.88,331.76,2023-02-23
8893,337,West Robert,New Morganborough,1912.2,24.48,5060.87,2023-05-15
8894,63,West Tracymouth,Taylormouth,988.4,18.75,2171.3,2023-11-15
8895,379,East Michael,North Sara,1424.7,13.3,2094.91,2024-03-09
8896,404,Kellyport,Greeneport,338.0,24.76,937.57,2024-12-26
8897,35,West Philip,Tracychester,589.7,21.12,1135.03,2024-02-04
8898,285,North Michelefort,Millerside,1494.4,21.26,1596.3,2024-03-05
8899,101,Fritzfurt,Jorgefurt,214.7,12.22,140.18,2024-07-26
8900,87,North Dustinstad,Ramseyland,2486.9,12.99,2533.83,2023-10-09
8901,343,South Shawnview,North Jennifer,1342.1,9.27,1357.1,2023-08-21
8902,252,Kylemouth,East Scotthaven,1684.1,13.57,1886.44,2023-01-18
8903,344,Patriciashire,Gravesshire,2135.3,19.84,2369.18,2023-07-01
8904,67,New Curtis,South Seanstad,1492.2,4.22,484.87,2023-04-26
8905,219,Chelsealand,New Brianna,2208.3,3.41,673.37,2024-11-22
8906,206,North Kimberly,Hamiltonshire,1636.3,19.55,2942.82,2024-06-09
8907,104,Yatesbury,West Travis,799.5,1.68,113.31,2024-10-17
8908,357,Hernandezview,Hartmanfurt,1607.6,24.08,2916.53,2024-10-07
8909,419,Deniseton,New Robertmouth,2005.5,17.46,4178.61,2023-04-03
8910,462,West Tina,Lake Victorfurt,459.7,1.89,96.07,2023-01-11
8911,123,Lake Susanview,Lake Stevenmouth,2118.5,24.3,3901.51,2023-02-23
8912,379,West Susan,Smithhaven,2145.9,18.5,3565.99,2023-01-16
8913,401,Hintonfort,Emilyport,1674.1,20.13,3408.46,2023-04-12
8914,254,East Elizabeth,Bradleymouth,1692.0,5.19,466.66,2023-10-19
8915,451,Grahamland,Lake Amy,924.5,11.19,1058.21,2023-07-22
8916,97,Ashleytown,South Williamview,2035.7,13.6,2622.58,2023-06-18
8917,58,Brownland,West Timothy,939.6,3.9,216.75,2024-03-15
8918,484,South Chrisport,Port Jamesburgh,1250.7,12.92,1384.37,2023-04-03
8919,192,Floresfurt,Harrisville,2451.9,12.98,2944.03,2024-02-21
8920,348,Port Brandonmouth,Cruzburgh,2165.1,15.74,3189.99,2024-07-21
8921,275,Lake Davidchester,West Joshuahaven,2365.6,16.71,2825.65,2023-12-08
8922,241,Richardland,East Brittanyborough,626.2,10.28,582.63,2024-12-12
8923,19,North Brianborough,Danielleborough,1891.7,5.26,598.23,2023-08-20
8924,195,North Cynthia,Jenniferberg,2113.8,15.68,1800.1,2024-08-20
8925,77,Coxshire,North Michaelfort,2235.5,11.22,2268.82,2023-03-14
8926,292,East Paulmouth,Johnmouth,984.7,12.78,1137.8,2024-08-25
8927,190,New Brian,New Rachel,1079.6,15.05,1027.53,2024-04-16
8928,126,West Alexa,Shepherdburgh,635.5,1.9,113.38,2024-06-04
8929,165,Garcialand,Lake Markhaven,1923.4,12.48,1564.4,2024-04-21
8930,378,West Brendan,Laurenview,1621.4,13.73,1916.56,2024-09-23
8931,169,North Michelle,East Codyside,1823.1,12.46,1504.92,2024-05-31
8932,28,New Alicia,New Cody,2115.6,5.27,1095.61,2024-10-31
8933,490,Nicolemouth,Lake Donnaport,382.6,17.21,686.69,2023-09-29
8934,96,East Gregory,West Bridget,1252.9,12.52,920.35,2024-12-10
8935,302,Jamesview,Jeanburgh,1418.4,10.68,1663.53,2023-10-06
8936,119,South Wyattville,West Jennifertown,532.6,18.9,589.43,2023-05-16
8937,297,Jessicaton,South Courtneymouth,1447.9,4.96,423.19,2024-10-13
8938,221,Port Tiffany,Richardsstad,591.5,11.57,562.59,2023-05-05
8939,291,South Jaystad,West Lisaborough,872.3,23.38,2152.12,2023-03-19
8940,225,West Roger,Charlesport,1645.0,17.46,3066.85,2023-08-13
8941,162,New Kevinville,Hillmouth,965.1,19.19,1766.58,2024-11-24
8942,372,Port Tracy,North Abigailville,847.9,12.58,1026.25,2023-11-15
8943,154,Christophertown,South Jacobton,1232.2,21.28,1455.84,2024-07-12
8944,109,Marshville,Lake Sara,549.4,22.95,1221.18,2024-04-04
8945,258,South Leah,Port Shelby,789.4,8.66,509.17,2024-03-21
8946,254,West Scottmouth,Russellport,2316.2,2.84,646.59,2023-03-27
8947,496,East Tanner,Benjaminshire,911.7,21.57,1176.98,2024-12-20
8948,18,Lake Cynthiaport,Brooksburgh,1175.6,2.2,178.5,2024-07-02
8949,438,Port Johnborough,Crystaltown,1846.0,5.51,929.74,2023-06-03
8950,96,East Gary,Port Brentville,964.2,16.45,1894.24,2023-03-23
8951,52,Lake Franciscoview,West Daniel,2211.0,7.16,1012.58,2024-08-08
8952,236,East Christopher,Port Christopher,1047.0,10.06,1136.23,2023-10-03
8953,167,North Bradleyside,Lake Cassandrashire,2442.4,20.36,4355.98,2023-10-15
8954,397,South Richardstad,West Randall,90.6,14.74,92.22,2023-09-24
8955,411,Michelletown,West Emmaberg,2310.7,16.44,2624.24,2023-03-14
8956,154,Smithside,Port Christopher,310.1,19.86,337.01,2024-11-22
8957,243,Josetown,Kingmouth,407.5,12.68,529.15,2024-07-27
8958,300,West Catherine,Donnaside,688.1,5.63,269.2,2023-05-15
8959,436,Rossbury,South Anthonymouth,418.1,23.1,483.85,2024-03-26
8960,328,Christopherchester,Erinmouth,1335.2,2.7,317.96,2023-11-03
8961,329,West Davidstad,Port Lisabury,1556.6,15.67,2821.28,2023-01-21
8962,442,Kennethchester,Foxmouth,328.4,24.03,815.87,2024-08-10
8963,489,West Kevinfurt,Stricklandstad,1587.8,6.89,890.3,2023-06-22
8964,455,New Shelleyfurt,Port Derek,836.4,13.69,1210.99,2024-05-15
8965,256,East Lucas,Christopherville,1603.7,3.42,398.99,2023-08-22
8966,203,Greenhaven,South Douglashaven,142.1,5.53,64.49,2023-04-09
8967,211,North Matthew,Smithshire,180.4,3.22,68.8,2023-10-13
8968,197,East Natalie,New Stevenview,751.4,23.39,1724.1,2024-03-14
8969,166,Tiffanyborough,West Robert,509.1,20.97,783.63,2023-11-08
8970,92,Port Alicia,Davismouth,745.4,24.74,926.25,2023-02-05
8971,129,Mcguireland,New Anne,2405.7,20.93,3721.86,2024-07-09
8972,74,North Davidton,Baldwinton,1993.0,15.95,3137.63,2024-11-02
8973,429,Port Robert,North Jillbury,1675.8,14.67,1236.02,2023-05-17
8974,152,New Leslieside,West Alexandria,2157.2,19.02,2758.38,2023-02-19
8975,471,East Andrew,Kellyton,611.2,10.24,712.96,2024-11-03
8976,475,Carterhaven,Williamsstad,2381.6,15.98,2810.07,2023-12-19
8977,26,Englishfort,North Mariefurt,685.0,17.44,1200.04,2024-08-06
8978,293,Lake Cathyberg,Sanchezhaven,1071.9,20.11,1454.78,2024-04-02
8979,296,Meganfort,Lawrencefort,1337.4,24.65,1767.13,2023-10-16
8980,173,Julietown,Frederickburgh,2488.3,9.58,1844.64,2023-07-27
8981,44,Millerhaven,South Dylan,377.0,7.23,281.78,2024-02-12
8982,150,South Matthewchester,Port Jasmin,1863.5,1.01,116.56,2024-08-30
8983,197,Ruizhaven,Port Michelle,1601.1,12.7,1585.14,2024-12-05
8984,130,Masonfurt,West Garyside,1310.8,22.73,2193.48,2023-03-23
8985,465,West Linda,Barronberg,1677.9,3.06,519.78,2024-01-16
8986,101,Davidstad,Sarahstad,872.7,3.92,223.33,2024-06-22
8987,72,South Ryanfurt,Fordburgh,1115.1,9.63,1140.99,2024-01-03
8988,472,West Todd,Martinmouth,1318.8,24.53,2970.06,2024-09-18
8989,451,West Ryanstad,North Joseph,215.0,22.71,482.23,2024-12-04
8990,51,Jeremyville,North Monica,832.8,3.8,301.51,2023-02-14
8991,290,North Mark,Mirandastad,1684.1,18.45,2747.24,2023-10-09
8992,156,Port Jerry,South Victorville,195.9,8.9,177.21,2023-07-24
8993,442,Glennland,Hansonmouth,1502.0,5.08,816.51,2024-01-18
8994,82,Grayfort,Port Nicolemouth,334.6,17.45,557.77,2024-06-01
8995,58,Michelleberg,Melissaton,1447.6,22.85,2279.83,2024-05-24
8996,111,Lyonshaven,Rodriguezbury,761.0,7.82,610.43,2024-04-21
8997,204,West Sara,Elizabethshire,2048.1,24.08,4859.61,2024-05-23
8998,146,North Kennethland,Cynthiatown,2258.1,14.95,3059.68,2023-10-10
8999,464,Johnsontown,Hardinghaven,2144.1,10.89,1418.9,2024-07-28
9000,56,Port Nicholas,Alicialand,345.7,4.89,168.61,2023-08-27
9001,318,Floreshaven,Guzmanborough,1153.1,22.36,1563.77,2023-09-08
9002,224,Lake Jonathanfurt,New Jennifer,2260.3,16.52,3701.49,2023-08-15
9003,201,South Allen,Johnsonborough,1564.8,13.08,2399.31,2023-02-25
9004,354,Port Lisaview,North Williamfurt,1038.0,15.98,1460.72,2024-09-29
9005,308,South Heatherfurt,Lake Jessica,1379.0,12.12,1934.83,2024-05-05
9006,343,Hurstview,Portermouth,355.3,16.89,492.05,2024-01-04
9007,214,Salinasburgh,West Antonioton,851.0,15.56,756.42,2024-11-13
9008,64,North Susanland,South Sheila,814.8,7.55,582.87,2024-02-19
9009,77,Lopezville,New Carriefurt,2490.6,24.2,3821.11,2024-06-19
9010,49,Andradeton,Port Kylebury,1812.3,14.43,1354.14,2024-10-08
9011,71,Fitzgeraldchester,Lake Juan,291.0,2.48,51.98,2023-04-27
9012,274,Matthewview,Lake Timothyport,583.4,9.62,606.23,2023-11-08
9013,94,Lake Michael,East Alexis,1930.4,22.29,2861.73,2024-09-16
9014,373,New Dawn,Kristatown,1380.7,23.42,3818.86,2023-02-18
9015,472,Valenzuelabury,Ashleyberg,357.2,22.15,881.17,2024-01-02
9016,427,Mcfarlandhaven,Lake Margaret,666.9,5.18,267.78,2023-10-11
9017,6,Port Matthewfort,Lancechester,250.1,6.82,178.46,2023-02-01
9018,496,Hernandezport,Jessicahaven,2487.7,8.52,2450.39,2024-12-11
9019,218,Timothyland,Davidsonshire,1906.1,7.08,903.12,2023-08-26
9020,198,South Tamara,South Ericafurt,1130.5,1.94,178.47,2024-06-21
9021,375,Lake Megan,Nicholsland,122.6,19.55,223.71,2024-03-05
9022,339,Elizabethstad,Donnaland,534.9,24.83,1532.11,2024-11-13
9023,466,Matthewmouth,North Juliantown,1495.6,13.85,1963.39,2024-05-08
9024,155,South Tiffanybury,Cookland,2254.4,18.0,4613.73,2024-10-30
9025,443,New Connie,East Davidhaven,176.9,13.94,274.6,2023-03-22
9026,230,New Matthew,Johnsonchester,1273.1,21.72,1527.83,2024-02-05
9027,353,South Christopherstad,Sonyastad,1643.2,5.28,611.21,2023-01-23
9028,19,West Karen,Joeltown,176.8,6.79,78.4,2024-06-22
9029,353,Ericfurt,Cindyshire,2212.1,9.89,1205.74,2024-04-21
9030,442,Deniseview,Adamtown,1699.4,20.29,3168.25,2024-03-31
9031,237,Anitaberg,Port Darius,1258.0,23.01,2022.09,2024-07-21
9032,222,Meredithshire,Lopeztown,2020.6,4.3,602.6,2023-09-17
9033,416,New Heather,Murilloberg,898.6,22.25,1611.12,2024-01-27
9034,304,Danielside,East Ann,1682.7,13.76,2245.1,2024-05-25
9035,371,Johnshire,North Gregoryfurt,485.8,24.95,974.6,2024-05-06
9036,283,Robertsbury,Kennethshire,2386.1,18.03,2855.56,2023-06-24
9037,53,Smithmouth,Kellyborough,831.7,5.45,402.91,2024-04-25
9038,296,East John,Anthonyville,2022.1,5.06,1176.18,2024-02-19
9039,344,Port Wayneshire,Rebeccafort,517.3,10.15,332.99,2023-12-13
9040,334,Rachelhaven,South Tyler,1585.1,19.65,2559.04,2024-10-27
9041,378,South Michael,Bennettton,1094.9,1.51,185.05,2023-04-27
9042,119,North Maryville,North Kurt,2300.6,7.58,1666.25,2023-12-28
9043,119,New Maria,East Tiffany,913.1,22.94,2181.14,2024-03-28
9044,121,Newtonborough,Michaelfort,243.7,15.74,290.39,2024-01-24
9045,297,South Kristin,Hernandezmouth,223.4,2.94,52.44,2023-05-12
9046,164,Patriciashire,North Loriview,1503.3,17.19,2469.33,2024-08-04
9047,178,Tonyhaven,Walkerside,661.1,17.97,1192.68,2024-10-16
9048,336,Crosbyhaven,West Brandonmouth,66.7,12.26,89.81,2024-11-17
9049,286,Colemouth,West Steven,58.1,12.51,36.65,2023-08-23
9050,145,Adkinstown,North Katherinetown,1401.4,19.58,1943.46,2023-02-27
9051,205,East Matthewberg,Nguyenville,1663.6,15.63,2742.33,2024-11-29
9052,214,New Philip,West Claudia,534.7,9.32,380.99,2023-12-27
9053,122,Humphreyhaven,South Robin,1775.7,10.95,2018.45,2024-09-11
9054,297,East Cathyport,Deannaside,1389.7,1.28,129.45,2023-01-30
9055,283,West Karenville,Sawyerburgh,928.1,15.66,1564.22,2023-05-23
9056,84,Johnsonside,East Williefort,734.7,9.62,723.59,2024-10-14
9057,101,North Todd,Lake Amber,2255.6,14.98,2485.69,2024-08-29
9058,381,South Catherinechester,Kimberlyside,2052.0,20.79,4247.28,2023-11-09
9059,298,Chelsealand,Leeberg,852.1,2.62,157.59,2024-01-18
9060,472,South Melissaview,South Tiffanymouth,1063.0,16.83,1338.32,2023-04-11
9061,306,West Mary,Patrickborough,1881.8,23.17,2483.76,2023-08-09
9062,118,New Tammy,Stephaniebury,1056.3,8.41,510.87,2024-10-27
9063,206,Derrickton,Andreport,2444.5,20.36,3982.7,2024-11-23
9064,437,West Blakeborough,Michaelborough,1903.0,18.62,1796.04,2023-02-13
9065,122,Cochranstad,New Haydenfurt,871.2,1.73,82.2,2024-10-26
9066,122,West Heidi,South Carlos,1266.7,23.12,1756.15,2024-12-08
9067,432,West Melanieland,Lake Gregory,689.0,11.08,756.88,2023-10-16
9068,491,Johnsonberg,Port Jeffland,1280.7,20.44,2900.11,2024-06-17
9069,423,East Eric,New Erin,146.9,18.02,296.07,2023-06-17
9070,58,Guerraview,Markburgh,1712.2,6.2,1144.23,2024-07-08
9071,406,Fishertown,Hesschester,392.8,2.92,62.42,2023-04-24
9072,292,South Sarahfurt,Keithberg,2189.3,20.58,4314.94,2023-11-30
9073,346,South Benjaminfort,East Shawnastad,1887.8,9.48,1973.08,2024-08-14
9074,450,Lake Jimmy,North Gregory,1135.6,17.37,2020.65,2024-06-08
9075,83,Darylhaven,Mosstown,390.6,20.71,444.45,2024-04-27
9076,126,Davidland,Lake Fredberg,1131.0,8.61,883.17,2023-09-27
9077,37,Nelsonhaven,Randallfort,1905.7,12.95,2644.88,2023-10-02
9078,123,Baldwinmouth,West Shannonland,264.8,15.55,480.85,2023-08-26
9079,274,Jesseberg,Joshuaberg,2476.8,3.52,445.77,2024-03-17
9080,419,Elizabethside,Judyland,1284.5,4.89,419.91,2024-05-07
9081,298,Kirkshire,Shannonstad,1108.4,19.4,2251.42,2023-03-03
9082,121,Lake Kennethstad,West Megan,2227.1,17.16,1981.33,2024-10-30
9083,10,Destinyberg,Lake Jeremyberg,2044.4,13.78,2413.2,2023-09-22
9084,191,East Ashleyport,Port Marcuschester,646.5,11.02,629.09,2023-11-24
9085,67,Caldwellborough,Port Melvin,1802.4,17.26,3553.9,2024-06-21
9086,130,New Andreamouth,Linland,215.9,4.67,55.76,2023-01-28
9087,266,Huffborough,East Madelinechester,108.2,3.09,17.78,2023-02-10
9088,282,Johnside,New Marilynshire,691.4,11.14,614.04,2023-11-26
9089,99,Lorimouth,Lake Scottland,1202.9,11.69,1483.22,2024-10-04
9090,294,Hawkinsburgh,New Jasmine,500.1,2.54,114.01,2023-07-26
9091,341,Davidstad,North Kimberlyshire,1221.7,22.95,1422.99,2023-10-05
9092,160,Richardmouth,North William,364.5,1.49,34.29,2023-07-10
9093,158,West Amytown,East Jessicaberg,1677.5,7.14,1206.08,2024-02-25
9094,34,Hortonchester,North Christopherville,798.3,3.51,220.79,2024-10-20
9095,203,Ryanchester,Lake David,2183.4,20.31,3130.57,2023-03-11
9096,103,North Jessicahaven,Amymouth,54.8,1.29,4.98,2024-07-26
9097,382,Port Carrie,Port Martha,348.8,9.07,232.14,2023-12-21
9098,242,West Andrew,Travisfurt,1165.3,8.28,514.4,2023-03-20
9099,66,Hillview,Millermouth,1911.6,24.96,4672.31,2024-03-28
9100,387,North Danielmouth,New Sarah,1713.6,15.32,1969.29,2024-04-22
9101,44,South Elizabethtown,Jacobville,2158.5,17.62,2249.01,2024-05-24
9102,268,East Williammouth,Adrianshire,1248.3,20.08,1387.97,2024-12-22
9103,482,Lake Aaronchester,South Jeremiahstad,2011.8,15.4,3194.07,2023-05-29
9104,435,Martinezfort,Alexanderville,1476.0,12.92,1692.66,2024-05-31
9105,225,Maddenton,Port Paulburgh,2066.8,12.79,2202.74,2023-11-30
9106,246,Jamesview,Josephfort,2298.7,21.75,3261.87,2023-09-06
9107,311,New Maryborough,Mooreshire,1188.6,2.83,354.16,2023-04-19
9108,315,Rodriguezside,Port Tyler,1365.8,13.79,1698.17,2023-09-28
9109,143,North Kevinville,East Tylerbury,1168.4,16.26,1163.67,2023-09-03
9110,60,Jenniferstad,Sanderston,1291.4,6.4,572.3,2023-11-05
9111,210,Port Victor,Lake Paula,1488.0,8.66,1311.14,2023-10-07
9112,378,Lanceborough,Kevinfort,2327.0,20.4,2654.31,2024-09-25
9113,59,North Luischester,South Kennethfurt,1986.4,20.88,2722.25,2024-03-07
9114,493,West Willie,New Todd,1369.4,22.57,1611.62,2024-03-15
9115,373,Sethville,Yodermouth,2437.5,16.78,4275.01,2024-03-04
9116,55,West Kevinstad,Port Kristinburgh,1709.5,6.95,1121.07,2024-03-19
9117,170,North Edward,Port Jonathanburgh,902.2,12.63,824.18,2024-07-05
9118,277,Davidmouth,West Kristenfurt,1568.6,22.77,2050.98,2024-01-15
9119,72,Markside,Port Timothy,1612.0,6.72,838.35,2023-09-06
9120,308,Milestown,Dannyhaven,130.8,22.61,319.12,2023-06-18
9121,42,New Heather,West David,518.5,6.65,216.5,2024-09-17
9122,211,Sarahport,North Paulfurt,1702.0,8.59,762.83,2024-11-10
9123,234,Port Aliciafort,Krauseview,608.4,8.54,412.71,2024-01-18
9124,494,New Jason,Lake Sara,70.7,24.45,175.84,2023-01-24
9125,287,South Jeffery,Ericburgh,1605.5,19.43,1990.4,2023-01-25
9126,178,Troyberg,Byrdburgh,1659.0,5.46,888.38,2024-10-19
9127,387,West Tracy,Port Michaelfort,929.7,16.57,1545.58,2023-02-21
9128,389,South Markfurt,New Sean,586.7,8.67,354.89,2023-06-30
9129,265,Rioston,South Darren,2131.1,11.8,2910.37,2024-08-21
9130,358,Johnchester,East Linda,1785.1,17.26,2524.09,2024-10-26
9131,411,East Robert,New Matthewville,2420.8,21.99,4666.61,2024-02-05
9132,460,North Brett,North Cristina,1490.2,22.04,3123.6,2024-01-05
9133,391,Johnmouth,Kelleyfort,1838.3,24.4,4751.62,2023-10-22
9134,72,Adrianaside,Stewartside,2316.2,18.77,3560.05,2024-10-18
9135,394,Lake Felicia,New Oliviabury,1713.9,1.22,145.13,2024-07-26
9136,35,Lake Karaland,Jasminebury,1902.4,8.45,1658.76,2024-06-05
9137,55,North Amanda,Lake Robert,2468.6,19.77,3448.17,2024-09-23
9138,355,Parkberg,Lawrencefort,1735.8,9.81,1437.6,2023-03-19
9139,455,North Micheleshire,North Molly,88.3,23.65,118.27,2023-06-30
9140,219,South Codyborough,South Vanessa,106.3,17.66,134.68,2024-02-09
9141,487,Timothyton,West Amychester,1051.7,2.96,246.83,2024-03-08
9142,150,New Robertburgh,Delgadotown,719.9,24.04,1018.06,2024-01-02
9143,357,Lamchester,Port Jamesmouth,786.5,23.73,1583.23,2023-05-09
9144,59,New Julie,Hamiltonburgh,684.0,14.17,803.5,2024-07-13
9145,239,New Carlosmouth,Carlosburgh,2022.8,24.51,4221.42,2024-03-23
9146,238,Lake Brenda,Lake Scottfurt,1957.5,6.54,780.82,2024-02-28
9147,115,Port Tammy,Lake Amandaberg,1952.6,17.63,3310.69,2024-01-13
9148,158,Port Jenniferfort,North Cody,1975.3,1.7,225.32,2024-06-22
9149,290,Barbaratown,Ramirezhaven,2108.3,16.83,3693.3,2023-04-12
9150,132,West Corey,Lake Madeline,2480.1,22.0,5238.45,2024-02-17
9151,110,Mcdonaldtown,Sheltonland,1521.8,20.46,1687.23,2023-10-01
9152,117,North Josephfort,Lake Joshua,1615.8,2.37,405.41,2024-09-17
9153,320,South Gilbert,North Zachary,1307.9,3.43,370.03,2024-12-25
9154,294,Amandatown,Lake Danielland,1507.3,18.78,3265.08,2024-09-21
9155,146,Eileenshire,Andersontown,399.7,10.69,385.2,2023-12-27
9156,54,Castillochester,Johnside,1194.4,7.78,807.68,2023-11-13
9157,262,Calebstad,East Michael,2326.3,17.32,2181.51,2024-04-08
9158,127,Lake Tara,Port Derekshire,1093.7,24.46,1796.5,2024-02-09
9159,195,North Victoriafurt,Oliviastad,255.2,7.34,140.5,2024-05-06
9160,86,Bakermouth,East Emily,2048.2,3.33,716.83,2023-02-24
9161,244,Longchester,Samuelhaven,1186.1,15.27,2043.5,2023-06-12
9162,389,Cynthiamouth,East Johntown,189.3,6.9,87.44,2024-05-25
9163,182,Wagnerton,West Heathermouth,1177.7,5.75,738.13,2023-07-26
9164,15,Baileyfurt,East Benjaminstad,2226.3,20.35,3752.62,2024-09-09
9165,170,Rickyborough,Mcculloughberg,2432.6,20.05,5108.7,2024-11-11
9166,333,New Colleen,New Jordanmouth,564.5,4.31,137.22,2024-09-26
9167,173,Lesterbury,Jefferybury,1695.8,5.93,554.22,2024-06-21
9168,429,Jonesbury,Robinsonton,681.7,16.29,643.51,2024-04-09
9169,195,New Jeffreymouth,Brewerton,2304.4,1.65,226.71,2023-12-05
9170,333,New Williamfort,Lake Christophermouth,78.4,3.46,27.56,2023-11-04
9171,447,South Nicoleshire,West Debra,1478.5,2.27,175.57,2024-09-15
9172,136,Melissamouth,Freemanburgh,365.1,2.81,99.76,2023-02-12
9173,225,South Lisa,North Sharon,451.7,21.75,1030.51,2023-07-25
9174,188,Richhaven,Gregorymouth,1652.3,23.71,4010.78,2024-05-20
9175,162,Huynhland,South Megan,2049.9,14.45,2869.81,2023-04-03
9176,56,Cainside,Bryanville,1948.6,3.88,818.63,2024-11-15
9177,293,South Joshua,Port Nicholas,2410.1,8.5,2120.52,2023-07-24
9178,212,Peggytown,Norristown,1802.8,8.47,1548.64,2023-12-25
9179,424,West Daniel,New Daniel,1990.7,3.05,420.55,2023-02-16
9180,450,Williamsmouth,East Jose,857.2,6.03,534.59,2024-11-30
9181,66,North Georgeton,East Annaland,826.0,24.31,1568.32,2023-02-23
9182,55,Lake Nicoleberg,New Nancy,1813.6,16.0,1572.81,2023-11-16
9183,337,South Aaron,Mcintoshchester,710.8,15.69,1195.45,2024-04-19
9184,69,East Annette,Lake Rachel,811.8,1.75,150.5,2023-07-10
9185,423,East Lisaburgh,Frankberg,527.4,14.32,691.2,2024-12-01
9186,343,North Paulberg,West Clifford,902.1,2.34,136.02,2023-07-27
9187,88,Williamsfurt,Laurenshire,1855.2,16.09,3322.7,2023-08-24
9188,413,West Shawn,Lynchburgh,1294.6,1.73,116.38,2024-06-15
9189,341,Port Jessicamouth,Willisshire,1264.8,2.09,224.15,2024-04-04
9190,323,Priscillaton,North Mary,1295.8,15.06,2181.29,2023-01-17
9191,404,Port Tamara,Griffithberg,2062.1,20.4,3165.52,2024-12-09
9192,93,Port Erin,Martinmouth,1985.3,8.07,948.56,2023-12-22
9193,248,Lake Rachel,Lesliemouth,737.2,17.83,1110.22,2023-06-16
9194,200,North Juliefurt,Karenton,670.1,19.69,912.29,2023-07-27
9195,219,Robertborough,Lake Albert,698.1,15.1,552.1,2024-12-10
9196,198,Suebury,East Vanessahaven,741.7,2.27,135.42,2024-09-05
9197,200,South Charlotte,Mccoymouth,1442.3,21.97,3633.74,2023-07-05
9198,344,Matthewbury,Emilymouth,779.2,11.43,1043.99,2024-08-22
9199,255,East Maryberg,South Patrick,1170.8,20.35,2529.41,2023-07-31
9200,288,South Isaacstad,East Antonio,1183.5,6.47,857.75,2024-12-11
9201,412,New Elizabethborough,Lake Cynthia,911.5,16.64,1066.53,2024-05-28
9202,12,Masontown,Michaelberg,980.6,14.99,878.72,2024-04-22
9203,441,Lake Victoria,Garrettfort,2220.6,7.1,1304.58,2023-08-06
9204,102,Lake Shannonfurt,East Davidside,933.1,20.44,1426.55,2023-06-06
9205,31,Milesbury,Kellyton,1527.5,2.04,320.64,2024-08-21
9206,417,Port Devin,Lake Molly,1455.1,24.8,3962.67,2023-01-19
9207,240,Hansenside,Richardsville,595.3,21.22,1288.77,2024-08-21
9208,70,Rojastown,Tracyburgh,126.2,14.53,142.66,2023-05-03
9209,362,Lake Andrew,New Melissa,933.4,23.51,2316.89,2024-01-11
9210,397,North Alanton,New Alexander,1218.5,5.83,696.14,2024-12-05
9211,423,North Angieton,Port Angie,189.1,4.16,42.57,2023-03-11
9212,300,Port Susantown,Port Susan,616.3,17.33,1051.79,2023-05-11
9213,479,Huntmouth,West Danielhaven,778.0,17.18,1227.32,2024-10-17
9214,236,South Michael,Port Christianfurt,1351.4,23.75,3711.81,2024-03-26
9215,125,Michellestad,Michealbury,1414.2,9.58,1327.67,2023-05-17
9216,467,Williamsfort,West Elizabethburgh,1097.1,19.87,1851.99,2024-02-01
9217,475,West Anaborough,Lake Abigail,698.3,10.94,522.38,2023-05-16
9218,182,Lake Nicholashaven,Murphyview,2006.2,15.51,3186.05,2023-12-31
9219,260,Lewisview,West Sandra,1792.6,9.5,1395.57,2024-09-05
9220,372,Brownfort,New Jonathan,2195.8,5.16,1141.64,2023-11-01
9221,373,East Peggy,North Danielport,317.5,18.03,401.59,2023-07-27
9222,55,North Sylviachester,New Scotttown,2164.8,20.22,3535.11,2023-06-23
9223,350,Stevenston,Jennifertown,1346.3,4.19,339.33,2024-07-26
9224,495,Danielborough,Anthonytown,735.7,1.57,75.0,2023-05-05
9225,244,Maryborough,Port Michael,561.2,21.7,1388.25,2023-10-16
9226,139,West Davidside,Port Jimmyview,999.3,12.08,1379.4,2023-08-09
9227,21,West Christopherview,Grossbury,1790.7,19.39,2408.78,2023-05-18
9228,188,West Jeffreyshire,Lake Michaelmouth,731.5,23.15,1245.43,2024-03-16
9229,259,Hernandezfort,Pierceville,293.3,4.92,110.31,2024-10-02
9230,4,South Davidside,South Darin,244.7,3.95,49.4,2024-02-10
9231,273,Port Phillip,Jesusport,2347.4,17.98,4487.62,2024-07-01
9232,333,New Christopherborough,Annetteberg,1810.2,4.89,738.05,2024-05-30
9233,87,Natalieview,West Jessicaview,765.3,16.27,1134.78,2024-04-05
9234,486,Youngberg,New Iantown,1993.2,23.37,5515.72,2024-08-28
9235,252,Parsonsberg,Spencerchester,380.3,19.72,847.4,2023-01-08
9236,108,New Sarahport,Michellechester,1229.7,7.55,598.27,2023-03-15
9237,118,Monteshaven,Cohenburgh,829.9,7.36,694.77,2023-01-30
9238,375,Jimenezport,East James,2058.8,24.87,4197.39,2024-02-09
9239,111,Loriberg,Katherineside,1979.5,18.17,3107.67,2024-07-08
9240,41,West Ashleyfurt,West Garrett,1539.4,19.47,2712.26,2024-02-02
9241,71,Nicoletown,Lake Daniel,2070.9,9.27,1015.04,2024-07-16
9242,35,New Julie,North Tiffany,979.4,12.75,1285.71,2023-09-12
9243,489,East Michaelberg,West Jennifermouth,680.8,22.46,1435.27,2023-06-01
9244,292,Rowlandland,Adamsland,2491.8,13.53,3942.82,2024-05-29
9245,426,Lake Robert,New Shellybury,1682.9,10.18,1804.08,2024-04-16
9246,463,Michaelburgh,Santosport,891.0,21.99,1073.31,2023-03-23
9247,183,Samanthachester,Smithville,923.4,6.97,758.63,2023-05-25
9248,34,Tashaville,South Aaronville,494.7,14.45,637.35,2024-03-18
9249,291,South Kennethmouth,West Kevin,1412.5,6.33,863.43,2024-09-25
9250,431,Wilsonmouth,New Michaelville,2471.0,2.24,518.02,2024-10-15
9251,117,Port Cynthiaside,Port Marytown,620.7,11.78,790.21,2023-03-13
9252,99,West Kennethland,West Stevenmouth,308.4,4.12,105.9,2023-11-08
9253,160,Lake Steven,Port Daniel,2228.3,7.6,948.27,2023-02-17
9254,82,Daniellemouth,North Brucechester,1317.1,2.24,349.64,2024-12-07
9255,192,Bairdtown,Clarkside,1726.7,11.89,2337.83,2024-09-28
9256,270,Harveyside,Port Michaelview,1536.0,20.91,3172.29,2024-06-29
9257,312,Royton,Armstrongmouth,416.0,14.06,300.04,2024-07-07
9258,336,West Gregoryview,South Heather,194.0,4.62,46.54,2023-09-09
9259,386,New Anthonyfurt,West Jamesfurt,1589.2,3.05,295.49,2024-06-01
9260,143,Kimland,Martintown,347.0,15.02,535.17,2023-07-19
9261,359,North Anthony,Kimberlyburgh,900.6,6.89,742.86,2023-01-21
9262,121,New Karenborough,Aaronfurt,842.2,10.92,484.18,2024-11-04
9263,465,North Christopher,Gonzalezhaven,563.8,20.51,1234.39,2024-02-03
9264,485,Russellview,Joshuaberg,1960.4,15.97,3146.75,2023-11-16
9265,318,South Kathyfurt,Port Douglas,909.4,12.05,889.63,2023-03-29
9266,480,Danielsshire,Davidchester,122.4,5.02,31.31,2023-03-28
9267,443,East Edwardtown,Lake Ashley,1399.5,13.92,2057.31,2024-07-23
9268,239,West Kylestad,Isabellahaven,57.4,15.52,103.1,2023-05-04
9269,144,North Douglaston,Brittanytown,873.7,5.06,467.16,2023-07-12
9270,228,East Gabrielleview,Lake Patricia,348.3,6.3,113.4,2024-11-30
9271,179,Lake Douglaschester,Youngburgh,1307.4,14.11,1559.8,2023-11-05
9272,350,New David,East Johnburgh,1313.4,19.75,1886.28,2024-06-25
9273,174,Mariaport,New Jamesbury,1376.0,23.79,1647.95,2023-02-10
9274,152,Moranside,Berryview,1458.8,3.33,356.89,2024-11-30
9275,128,East Anthonychester,Michelefurt,1565.6,22.81,2225.47,2024-03-03
9276,66,North Jessica,East Williamfort,1007.5,15.93,1563.23,2024-06-17
9277,54,Robertmouth,Dyerbury,1141.0,13.04,1739.02,2023-09-06
9278,69,New David,West Megan,1373.4,4.0,569.7,2023-07-26
9279,334,Port Andrew,Thomasport,146.4,20.04,335.4,2023-07-29
9280,24,Andersontown,Christopherborough,1405.9,19.37,1979.15,2023-05-14
9281,75,Justinville,Ashleyville,1720.8,17.53,3422.79,2024-04-13
9282,100,Barajasland,East Allisonberg,309.8,22.04,466.05,2024-08-10
9283,294,Mayfurt,East Katie,2326.2,15.51,2312.08,2023-09-05
9284,472,Garnerchester,West Christopher,2265.4,3.56,845.9,2024-05-08
9285,132,Woodsfort,Riddletown,2371.4,19.05,3453.02,2023-05-30
9286,287,Michaeltown,Donnaborough,2423.2,11.6,3165.33,2023-10-03
9287,377,East Melissaport,Larsonborough,1696.4,17.68,2682.96,2023-03-25
9288,485,Campbellhaven,North Catherine,2093.2,23.46,5543.43,2023-02-14
9289,39,Shawberg,Hunthaven,931.8,8.55,549.33,2024-01-04
9290,416,Port Carlosburgh,South Nicole,2396.5,3.07,571.44,2024-07-06
9291,220,Christopherton,Jacksonport,2346.2,11.99,1704.36,2024-03-15
9292,121,North Mitchell,Port Jameschester,759.8,3.2,197.75,2023-08-23
9293,163,Nicoleville,New Victor,1650.1,11.8,1806.55,2024-07-25
9294,82,East Tina,Williamside,580.7,12.35,394.97,2024-07-12
9295,221,North Jameschester,Port Robinshire,732.9,6.11,488.31,2024-08-22
9296,268,Greenberg,West Gregoryview,1864.3,9.55,1725.21,2023-08-17
9297,127,South Cory,West Luisfurt,2495.9,23.23,3948.86,2024-07-28
9298,226,East Annette,West Michelle,2467.1,11.52,1450.08,2024-03-29
9299,103,Kathleentown,Jenningsville,56.7,1.94,10.34,2024-06-27
9300,229,Lishire,Claudiastad,1003.0,2.64,226.73,2024-01-01
9301,222,West Josephbury,Lake Pamelamouth,964.5,19.87,1197.6,2023-06-25
9302,26,South Johnstad,South Zoeton,2254.8,22.67,3055.19,2023-08-22
9303,113,Cantuton,Suarezbury,2092.5,19.56,4740.97,2024-04-29
9304,488,Robinsonville,Port Bethanyshire,1687.2,23.77,2451.7,2024-03-17
9305,73,North Abigail,Lake Brandi,560.4,9.21,437.38,2023-06-05
9306,38,Barbaraview,Montgomeryfurt,942.3,22.38,2516.21,2024-06-16
9307,400,Hallland,North Brandihaven,428.0,6.98,154.99,2023-10-20
9308,179,South Jimmyburgh,New Brittanystad,886.5,16.83,1646.8,2024-06-27
9309,362,Dawnland,Holtview,1979.8,3.76,494.2,2023-04-07
9310,11,Johnsonland,Camposfort,797.1,9.17,564.18,2024-11-28
9311,1,Michaeltown,Walshstad,66.9,13.95,93.96,2023-08-31
9312,276,Gordonchester,West Kimberlyfort,2194.9,9.01,1668.65,2024-12-24
9313,489,Port Jenniferland,New Krystal,571.5,16.68,507.44,2024-12-26
9314,38,Barbaraside,Randolphshire,553.6,5.85,368.23,2024-02-19
9315,208,East Cindyland,South Brianmouth,2061.8,24.41,5411.68,2024-11-19
9316,166,Paulshire,Rodriguezview,879.0,5.54,444.02,2024-03-27
9317,456,Rileymouth,New Beverly,1112.5,23.47,1793.46,2024-06-05
9318,369,Aliciabury,Lake Nathaniel,1715.2,24.95,3469.18,2023-10-31
9319,256,Joanview,Lake Dorisstad,2016.6,20.59,2156.35,2023-04-11
9320,140,Marktown,Dennisville,2013.1,11.23,1169.75,2024-08-02
9321,123,Port Christopher,Adkinsstad,2349.7,3.38,551.65,2023-08-10
9322,402,Andrewfurt,Bradyshire,656.4,11.68,916.18,2023-03-30
9323,339,South Williamside,East Jacob,730.6,15.19,1121.66,2024-02-25
9324,101,North Andrewside,Williamview,1246.1,8.41,1220.93,2023-05-03
9325,327,New David,Nathanmouth,999.4,11.5,1105.89,2024-01-05
9326,467,North Brianna,South Holly,2073.5,22.68,3136.01,2024-05-31
9327,465,New Christophermouth,Lake Raymond,1771.2,11.48,2262.07,2023-06-16
9328,155,Jordanberg,Davidton,926.6,12.47,973.89,2024-12-29
9329,192,Charlesfurt,Port Jessica,2089.5,18.74,2656.73,2023-08-28
9330,77,Port Thomasfort,Ashleyview,2091.7,11.49,1406.83,2024-10-01
9331,35,Port Robertaville,South Roger,761.7,13.94,902.15,2024-10-28
9332,120,Port Katelyn,Coleton,721.4,12.74,692.13,2024-11-23
9333,310,Richardsonton,Port Frederickburgh,1588.0,7.02,1123.76,2024-01-29
9334,363,Karlafort,East Kennethborough,1282.6,12.28,1248.66,2024-03-28
9335,83,Jasonville,Pricefort,682.7,14.73,560.64,2023-09-27
9336,300,Longbury,Acostaville,384.1,18.13,629.08,2024-04-10
9337,471,Jacobshire,Nicholasbury,2094.5,13.58,3096.22,2024-12-20
9338,8,Travismouth,Danielport,440.1,8.54,394.58,2024-12-28
9339,497,Goldenborough,Erinville,1179.5,20.73,1584.76,2024-08-09
9340,140,North Gregorytown,New Carl,389.6,17.7,484.53,2024-04-20
9341,215,Susanberg,South Jonathanton,2372.8,7.21,1790.16,2023-06-06
9342,425,Michaelmouth,North Michael,1160.8,20.08,1281.4,2023-02-23
9343,238,East Spencer,New Devonchester,2077.7,7.38,1554.6,2023-09-02
9344,162,South Nathanton,New Veronicamouth,1642.3,10.12,839.22,2024-05-04
9345,44,East Pamela,South Annamouth,1073.3,15.14,1074.88,2023-01-04
9346,159,Port Marissa,New Timothy,2235.3,10.64,2552.35,2024-12-22
9347,403,Lake Tammymouth,East Shelley,957.9,16.67,1347.85,2024-06-17
9348,205,New Julia,West Patriciaville,2057.1,23.71,5005.59,2023-09-20
9349,198,Carlsonburgh,Garciatown,2333.9,20.59,4823.3,2023-05-28
9350,24,East Megan,Foleytown,1032.1,7.04,858.01,2023-01-19
9351,378,North Jared,Kristenstad,1427.2,4.02,487.73,2023-07-28
9352,224,Harrishaven,East William,2324.4,21.4,2973.46,2023-02-19
9353,37,Sheltonville,West Stevenview,811.6,22.13,2062.97,2024-04-18
9354,276,North Charlesside,New Angelicachester,1253.0,2.49,281.19,2024-06-20
9355,257,Lake Kimberlyshire,Lake Davidhaven,1322.5,13.7,1658.36,2023-12-06
9356,380,Tamaraville,Johnport,1244.7,4.45,416.76,2023-03-28
9357,352,Port Tinamouth,Anthonyborough,725.9,5.0,291.01,2023-01-26
9358,456,Cheyennechester,North Nicholemouth,1764.6,9.68,902.6,2023-06-02
9359,402,Leetown,Hutchinsonfort,1537.9,15.28,2056.99,2023-01-31
9360,352,New Roberthaven,Herreraborough,1714.6,16.49,2268.28,2023-12-14
9361,72,South Troyburgh,Brownview,725.3,2.48,190.72,2023-02-16
9362,300,Lake Renee,Nathanfort,798.0,21.66,1386.67,2024-07-23
9363,132,Karenfurt,Piercefurt,141.7,4.89,76.68,2024-04-10
9364,98,Lake Richardberg,West Davidstad,655.6,5.66,326.83,2024-09-19
9365,421,North Joel,Brentborough,2499.6,20.7,3452.96,2024-03-07
9366,411,Longton,Port April,98.6,2.9,32.75,2023-12-11
9367,182,Bruceside,Erikaland,2178.7,7.31,820.23,2023-09-01
9368,256,Blackfort,Port Charles,666.4,13.76,678.74,2023-01-06
9369,79,South Seth,East Heather,833.5,4.2,245.99,2023-12-30
9370,99,Lake Anthonyport,Maryshire,1445.3,3.5,279.42,2023-02-15
9371,233,Elainebury,North Gabrielfort,1059.6,11.98,859.47,2023-12-27
9372,480,Port Amyfurt,West Vincent,1783.4,13.56,1746.41,2023-06-23
9373,333,Port Matthewberg,Hubbardmouth,1160.0,14.72,1506.62,2023-03-06
9374,124,Flynnmouth,South Christopher,1279.1,18.1,1301.81,2024-05-17
9375,468,Amandaport,South Daniel,854.0,24.25,2420.25,2024-04-14
9376,105,Leestad,Laurenberg,1563.2,24.36,2563.55,2023-05-07
9377,182,West Alicia,East Alicia,2029.3,14.02,3026.96,2023-08-14
9378,129,Port Kristinemouth,Jamesburgh,1790.9,18.87,2724.34,2024-10-01
9379,168,South George,South Jenniferbury,217.3,16.68,415.52,2024-05-28
9380,63,Laurenberg,Amandamouth,2364.1,10.29,1294.51,2024-07-30
9381,397,Kimberlyburgh,Valeriehaven,1520.0,19.0,3451.82,2024-11-03
9382,441,New Amandafurt,West Melissa,2064.5,18.64,2271.36,2023-12-13
9383,216,Port Beth,North Laura,1090.2,15.47,1591.54,2024-01-08
9384,411,East Taylorburgh,New Colin,1774.0,5.03,568.54,2023-08-26
9385,221,South Sarabury,Lake Richardmouth,2219.0,23.46,3637.64,2023-12-07
9386,495,North Kristenhaven,Charlesland,1336.8,9.69,753.7,2024-12-19
9387,373,Johnsonburgh,Port Melissaland,1495.1,5.59,699.51,2024-09-17
9388,417,Port Daniel,West Amber,2104.2,22.27,2502.48,2023-05-12
9389,419,Kristifort,East Alexandra,2200.4,4.15,1088.16,2024-11-20
9390,30,Zacharyport,Port Deborah,2130.5,20.52,4042.6,2024-09-22
9391,369,Lake Davidmouth,New Danielstad,1715.2,24.92,3073.06,2024-03-19
9392,97,Mccarthyside,East Theodoreview,1866.0,21.73,4402.23,2024-05-28
9393,469,West Kristinmouth,Johnsonstad,1373.1,16.85,1414.1,2023-05-22
9394,327,North Katelynfurt,West Christineshire,365.1,19.62,760.13,2023-04-13
9395,181,South David,Lake Kennethport,234.3,2.0,32.42,2024-03-15
9396,418,Manningchester,Lake Lisashire,1841.0,10.18,2021.04,2024-07-20
9397,78,Jamestown,Bryanbury,2466.2,7.5,1816.43,2024-08-28
9398,112,Frederickville,Melissastad,137.3,10.38,113.66,2024-09-24
9399,348,Lisastad,East Leslie,1598.8,6.66,690.52,2023-12-19
9400,375,Martinezmouth,Aaronstad,914.4,13.53,867.96,2024-08-08
9401,276,Caseytown,Dayland,372.1,4.08,101.48,2023-04-25
9402,330,Alexshire,East Christina,273.8,7.64,139.0,2023-09-09
9403,388,West Robert,New Shannon,1261.6,8.52,1180.85,2024-06-16
9404,458,Angelastad,Laurashire,1341.3,7.81,1016.96,2023-10-12
9405,153,Lopezborough,Aprilstad,441.1,4.39,135.19,2023-09-04
9406,144,Donnaton,East Gabriella,514.6,23.75,653.24,2024-09-22
9407,109,Davidfurt,Roweburgh,954.2,19.24,1876.16,2023-01-24
9408,28,Grayshire,New Mark,1856.9,6.92,808.08,2024-02-25
9409,312,Blakeberg,New Daniellebury,2144.7,16.35,3918.19,2023-01-20
9410,3,Darinberg,Lake Sarah,1988.5,1.59,216.74,2024-09-12
9411,465,Port Elizabethton,Port Chadberg,790.6,19.91,881.85,2023-01-14
9412,286,East Carla,Robertsonshire,1568.4,12.23,1088.24,2023-10-30
9413,124,Butlerfurt,Harrisview,476.0,17.26,814.86,2023-11-13
9414,244,Port Michaelbury,East Garyland,2349.8,4.1,1068.33,2024-07-25
9415,176,West Jamesfurt,West Robertton,1592.5,6.29,806.67,2024-04-10
9416,228,South Kristina,Hollyview,680.3,10.55,578.69,2023-07-27
9417,159,Mullinsview,Devinland,924.6,23.73,1615.47,2023-07-19
9418,50,North Roberttown,West Jasonton,1415.7,3.56,417.16,2024-07-09
9419,174,South Kim,Port Matthewside,490.3,10.35,405.76,2023-06-28
9420,396,North Jonathanport,Sarahview,2233.7,6.93,1009.28,2023-12-25
9421,92,Perezshire,East Zachary,1463.9,21.88,2962.95,2024-08-13
9422,36,West Jessicafort,Lake Deborahmouth,1183.5,2.22,156.9,2023-01-30
9423,453,Blanchardbury,Williammouth,897.1,23.41,1194.45,2024-05-07
9424,292,South Johnhaven,Port Scott,674.0,21.5,1370.29,2023-07-29
9425,380,Port Aaronshire,North Matthew,173.8,4.78,77.52,2023-10-05
9426,259,Lake Rhondamouth,Lake Robertfort,1372.0,15.71,2413.46,2024-04-19
9427,97,Katrinaville,Mendezside,493.3,7.91,317.05,2024-07-07
9428,426,East Ericabury,East Nicolebury,577.3,22.23,1149.2,2024-07-04
9429,114,Kimberlyhaven,Port Jasontown,372.4,21.76,895.58,2024-01-10
9430,76,Port Derekmouth,New Brendaport,1152.3,3.69,391.34,2024-06-20
9431,357,Natalieland,East Jonathanton,2466.7,9.32,1539.6,2023-08-09
9432,45,South Davidfurt,Port Jennifermouth,1979.4,8.56,1639.42,2023-05-24
9433,379,Barajaston,Portermouth,2374.9,20.25,2688.29,2023-06-15
9434,91,Castillotown,West Jasmine,269.5,23.57,400.74,2023-11-04
9435,335,Port Davidville,Olsonburgh,132.3,23.23,237.91,2024-04-28
9436,2,Jenniferfort,North Kristiberg,1818.0,8.8,899.41,2023-11-06
9437,129,Bryanside,Salinasland,1807.0,21.02,2403.24,2024-01-26
9438,108,Nathanmouth,Ellisfort,2197.6,10.42,1609.96,2024-01-24
9439,407,Bishoptown,Rachelport,2068.1,18.97,3508.89,2024-02-24
9440,354,North Rodneyfurt,North Rhondaborough,1075.1,3.23,209.45,2024-12-17
9441,29,Lake Tiffanymouth,Port Kevin,1912.4,23.16,2237.67,2023-08-13
9442,491,Stanleyshire,Hudsonmouth,1185.3,4.61,625.05,2023-11-26
9443,81,Gilbertshire,North Valerieside,1131.5,18.23,1376.42,2023-11-16
9444,463,South Lydiatown,Dannybury,1181.4,2.13,236.3,2023-05-16
9445,343,Nelsonton,Robinfort,2212.1,11.7,2282.13,2024-01-21
9446,97,New Jimmy,North Johnville,1231.9,2.35,330.37,2023-02-03
9447,23,Michaelfort,North Amandatown,1374.0,9.93,719.91,2023-02-26
9448,109,Romerotown,Port John,1490.6,22.59,3252.51,2024-12-24
9449,441,Smithport,East Angel,1603.6,4.37,602.76,2023-09-27
9450,453,East Kristinaberg,New Kayla,1089.1,23.98,3009.36,2023-06-02
9451,62,Josephbury,Shannonbury,860.2,10.66,812.5,2023-07-13
9452,237,Port Ann,Toddmouth,1224.6,14.27,1251.82,2024-10-26
9453,216,East Laurafurt,Tracifort,1652.8,6.79,776.54,2024-03-04
9454,420,Robinmouth,Tinafurt,1612.4,6.29,1012.39,2023-06-30
9455,344,Hamiltonmouth,Ortizfort,977.4,16.56,1910.72,2023-02-07
9456,422,West Jason,Mayside,1062.1,21.73,1614.48,2023-03-12
9457,377,Alisonport,Petersonmouth,1939.5,9.02,1791.41,2023-06-21
9458,105,Carlsonton,West Meganbury,541.7,3.91,152.25,2024-10-11
9459,264,Davidsonfort,South Brian,818.3,24.71,1107.24,2023-04-25
9460,256,Lake Rachel,South Maryhaven,947.8,19.9,2056.23,2024-12-23
9461,419,Port Jennifer,New Matthewburgh,1019.9,17.19,1317.16,2024-05-05
9462,405,Lake Jill,East Amanda,1437.5,22.91,2588.12,2024-01-23
9463,472,Hollowaybury,Lucasland,1059.0,2.0,243.58,2024-04-29
9464,230,Lake Brianfurt,Christopherville,1934.4,23.28,4475.08,2023-11-28
9465,203,Port George,Hernandezborough,1872.7,4.68,787.52,2023-06-18
9466,46,Williambury,Jenniferfurt,1855.1,13.38,2348.58,2023-10-22
9467,66,West Edwardton,Amyberg,71.3,4.83,40.62,2024-10-19
9468,246,Dustinmouth,Lake Jameshaven,848.9,18.58,1162.37,2024-11-20
9469,102,Christopherhaven,Rayton,2298.6,16.21,4051.78,2024-01-25
9470,212,Marthamouth,New Amandaberg,1160.2,4.13,402.15,2024-04-21
9471,220,Lake Steventown,Wuchester,160.4,2.68,25.82,2024-04-07
9472,242,Jonathanhaven,Lake Stephaniechester,801.9,2.38,178.1,2023-03-18
9473,80,Williamsland,South Lee,163.3,2.86,49.18,2023-03-23
9474,318,North Bryan,West Sean,488.4,14.43,412.5,2023-04-25
9475,160,East Richardmouth,Port Gabrielle,1958.9,9.68,1953.19,2024-04-13
9476,86,Patrickview,Port Craig,2236.6,17.11,3537.05,2023-09-15
9477,345,New Rachel,Jaredmouth,1538.0,9.86,850.53,2023-05-14
9478,460,Lorettaview,North Cody,1684.3,23.45,3544.59,2024-09-25
9479,222,Guymouth,South James,376.1,7.25,224.3,2024-12-14
9480,102,Rachelville,Johnton,1708.3,17.02,3102.31,2023-04-26
9481,479,Deborahtown,West Lukeland,1528.5,23.11,2922.98,2024-07-05
9482,256,East Marioton,Shaneport,570.4,24.97,1005.32,2023-01-27
9483,487,Grahamland,Rodriguezbury,1037.0,17.49,937.39,2024-06-27
9484,205,Carloshaven,Tiffanyshire,2443.6,13.14,2303.79,2023-09-25
9485,353,South Edwardport,Morrowberg,1105.8,10.41,1065.14,2024-06-23
9486,3,New Susanberg,Jacksonport,1426.9,11.35,1585.52,2023-12-18
9487,266,Medinaborough,East Jason,1716.0,14.56,1790.19,2023-03-08
9488,183,Michaelmouth,Jonesstad,1050.8,4.81,494.11,2023-11-25
9489,297,Lake Dominic,East Samantha,2268.3,1.39,229.81,2023-09-24
9490,293,Garciafort,Tapiatown,492.9,19.89,783.34,2023-12-11
9491,385,Port Georgeton,Kimberlymouth,1218.0,5.42,505.83,2023-01-27
9492,74,South Huntershire,Amyside,2133.2,6.06,1472.63,2024-06-20
9493,126,Lake Heather,New Williamchester,852.1,18.63,970.24,2023-07-11
9494,212,West Kevin,Devonmouth,1598.4,8.3,1432.19,2024-03-03
9495,85,Hartmantown,Johnsonmouth,2308.4,20.68,4411.05,2024-05-14
9496,240,Rachelberg,North Williammouth,1210.3,2.32,274.45,2023-11-04
9497,130,West Victorburgh,Pecktown,483.2,19.74,930.9,2023-01-08
9498,214,Warnerchester,East Carrie,1613.2,22.01,4206.45,2024-08-17
9499,490,Port Katrina,Alexanderbury,1024.5,2.1,122.65,2024-12-01
9500,280,Floresborough,East Jamesside,780.7,18.49,1112.13,2024-01-31
9501,87,Ericton,Christopherview,168.1,10.08,145.59,2023-07-26
9502,383,Tiffanyburgh,West Mercedesburgh,1280.3,14.17,1869.38,2023-08-18
9503,316,Wendyfort,Lopezborough,1323.9,13.52,1484.93,2023-08-28
9504,458,Port Johnburgh,North Dawnton,2419.1,7.52,1228.67,2024-08-19
9505,349,Lake Brittany,South Joshuahaven,2463.2,22.35,5657.96,2024-02-01
9506,319,Katiemouth,New Brandon,2341.1,19.22,4378.49,2024-12-12
9507,363,North Donna,Natalieville,932.6,13.48,1004.55,2024-12-17
9508,154,Nicolechester,Youngborough,843.8,20.2,1126.12,2024-10-01
9509,117,Jonesmouth,Port Scott,719.0,21.4,1819.48,2023-12-07
9510,127,Chandlermouth,Youngport,1753.7,6.65,665.96,2024-05-26
9511,98,West Elizabethton,Andreberg,1383.9,3.91,489.98,2023-11-22
9512,70,North Carmenmouth,Lake Kimberlyhaven,706.2,11.1,429.32,2024-06-21
9513,495,South Jennifer,West Kaylee,1631.2,19.96,2091.72,2024-10-04
9514,497,Lake Eddiestad,Deborahberg,1259.9,24.27,2059.08,2023-12-23
9515,345,Mcintyrechester,West Victoria,1544.3,20.37,1773.38,2023-10-19
9516,40,Port David,New James,2197.8,4.84,1127.41,2023-05-28
9517,93,Port Charles,North Jacob,994.6,3.3,339.73,2024-10-08
9518,51,East David,West Kevinport,126.1,16.05,135.26,2024-01-20
9519,125,North Joshuaborough,Keithfurt,941.3,6.19,669.91,2023-01-08
9520,112,Port Gary,New Charles,2043.5,10.48,2209.91,2024-09-23
9521,284,Thompsonbury,West Taylor,1713.3,7.99,689.13,2023-04-30
9522,126,West Michelleside,Justinfort,484.7,5.03,129.67,2023-05-11
9523,96,Lake Angela,West Erika,349.4,15.28,426.31,2023-10-25
9524,310,Laurenport,Lake Kristine,135.7,3.7,46.98,2024-03-19
9525,340,Barbarastad,Caitlinfort,94.5,21.36,135.53,2024-01-21
9526,463,Stephaniebury,North Williammouth,1944.5,12.66,1782.64,2023-12-03
9527,3,South Dylanmouth,South Anneville,1459.5,17.54,1293.96,2023-03-14
9528,385,Lake Melissa,Maryfurt,1741.1,16.75,2762.35,2024-01-28
9529,176,Beverlyfurt,Powersmouth,1884.3,23.83,3427.67,2024-06-07
9530,90,Smithtown,Simmonsberg,2115.1,22.21,5047.99,2023-11-09
9531,132,Christopherbury,New Rickyberg,2350.6,21.4,4379.97,2023-08-06
9532,399,West Jasmine,Makaylaport,2478.4,19.82,4210.82,2023-12-24
9533,146,Charlesside,Haleyburgh,1228.4,9.95,673.36,2024-04-30
9534,59,Emmashire,Jeffreyton,1811.0,8.31,1404.36,2023-12-05
9535,354,Richstad,Christineland,1189.7,16.03,2152.22,2023-10-13
9536,273,Parkerville,Elizabethburgh,1403.5,1.26,148.16,2023-09-14
9537,28,Lake Caitlyn,Lake Amystad,2420.0,22.75,6004.5,2023-04-20
9538,369,Pacehaven,North Normanmouth,164.1,6.7,131.26,2024-05-29
9539,373,Port Rachelhaven,West Caitlinhaven,1323.2,21.67,2528.22,2023-10-01
9540,59,Jacobsville,Stevenside,545.2,16.05,785.38,2023-12-09
9541,342,North Kevinhaven,Pinedashire,487.9,5.92,167.32,2024-08-09
9542,446,Port Jenniferfurt,Chandlerberg,1719.1,1.6,303.33,2023-02-04
9543,280,Ashleybury,Davidfort,1790.0,5.27,932.51,2023-05-05
9544,96,Spenceport,Morrisburgh,621.9,17.4,1112.29,2023-07-28
9545,336,West Matthewmouth,Lopezport,1792.9,10.23,1380.49,2024-01-27
9546,58,Lake Tracy,Lindaberg,2178.9,22.22,2719.87,2024-04-22
9547,149,Jamieville,Brownberg,291.9,12.22,264.82,2023-01-27
9548,86,Mathewsfort,Clairefort,455.8,23.91,1113.33,2024-10-08
9549,384,New Shelby,Peterhaven,2231.8,12.86,1488.43,2024-06-20
9550,58,Williammouth,Jenkinstown,1905.8,10.62,1728.21,2024-12-06
9551,425,Lake Sylviamouth,Coxshire,2017.9,24.69,4124.25,2023-10-16
9552,307,Jenniferburgh,New Allisonville,1867.8,10.87,1208.01,2024-01-02
9553,260,Billyview,Robertstad,67.3,8.68,42.83,2024-04-27
9554,227,New Sara,West Alexandra,1022.6,7.16,452.85,2024-12-15
9555,315,North Scott,Lake Lori,623.0,1.38,53.29,2023-10-11
9556,477,Johnberg,Johnsonview,1454.8,3.01,429.15,2024-12-03
9557,145,Lake David,Robbinshaven,2359.9,6.01,1560.12,2023-08-03
9558,40,Mooremouth,Johnchester,2366.3,1.29,321.85,2023-08-07
9559,341,Amberton,Johnsonbury,1540.4,7.74,658.11,2024-03-10
9560,2,Donburgh,West Jessica,889.7,11.74,1103.79,2024-06-28
9561,150,West Kirktown,Vincentville,1342.7,13.04,1076.22,2024-08-02
9562,401,Andersonhaven,East Aaronville,1061.5,12.75,735.71,2023-02-10
9563,252,West Christopherstad,Barkerport,1266.6,7.01,724.92,2024-11-23
9564,117,Smithburgh,Bradleyburgh,171.3,1.17,19.21,2024-04-09
9565,338,North Danielside,Matthewfurt,2490.7,16.61,3205.77,2024-06-16
9566,119,Taylorberg,Williamsfurt,770.6,1.97,175.13,2023-03-08
9567,255,West Anne,Carpenterfurt,838.7,18.23,772.8,2023-04-03
9568,305,West Brandonmouth,New Michelleborough,2261.8,11.6,2146.68,2024-12-22
9569,281,Port Darrylton,Tinastad,2455.7,6.82,1687.45,2024-08-27
9570,281,Samanthaton,Lake Jillianstad,509.1,1.62,90.12,2023-04-24
9571,47,Port Elizabethside,West Julie,2274.0,4.13,706.91,2024-06-03
9572,15,Tapiaport,Scottshire,1890.9,2.52,302.72,2024-01-18
9573,16,Oliverfurt,North Richardland,1096.6,5.69,479.42,2024-12-14
9574,16,Paulfurt,East Ryan,228.8,15.83,191.12,2023-11-15
9575,34,New Amymouth,Reyesberg,488.0,1.99,69.96,2023-06-23
9576,439,Aprilport,Christopherchester,1702.3,16.31,3005.08,2023-08-16
9577,236,South Jeffrey,Loganport,2379.9,20.25,4835.25,2024-11-20
9578,481,Markport,Port Michaelview,170.1,10.43,155.87,2024-06-21
9579,262,South Valerieborough,North Nancy,2039.4,11.56,1897.69,2024-09-02
9580,46,Lake Jenniferport,Thompsonbury,1412.6,23.85,3172.06,2023-05-19
9581,425,Port Jamesmouth,West Martinview,450.6,23.93,1137.83,2024-09-13
9582,158,South Sonia,Port Glennbury,187.2,18.72,323.43,2023-01-07
9583,127,Port Jocelynhaven,North Jennifer,1605.1,14.03,1252.48,2023-05-02
9584,32,Lake Joseberg,Fitzpatrickchester,1378.9,16.78,1352.02,2024-01-06
9585,433,South Debra,Forbesport,2289.1,3.4,799.42,2023-03-17
9586,256,Davidside,Gabriellaberg,722.2,22.81,1629.37,2024-04-30
9587,462,Mirandatown,Lake Gail,1999.5,10.65,1719.09,2024-04-17
9588,290,North Daniel,Lake Timothy,224.5,21.65,286.99,2024-12-23
9589,291,Huntstad,Morrisburgh,1027.8,1.7,146.55,2024-04-14
9590,170,South Sandraside,North Garyville,425.5,3.27,110.69,2023-03-01
9591,239,West Teresaborough,Port Johnfurt,234.0,22.59,586.22,2024-11-03
9592,341,South Victortown,Lake Christopher,1908.0,1.96,418.48,2023-08-31
9593,180,Port Sharon,Port Tannerborough,553.8,1.1,60.48,2024-03-15
9594,84,North Andrewmouth,West Erica,2395.3,8.33,1702.7,2023-08-03
9595,98,Port Brandonside,Brandyton,1129.0,16.77,1374.21,2023-04-12
9596,326,Wattshaven,Jamesberg,1834.9,2.42,507.18,2024-05-07
9597,269,East Nathanielborough,Tonyaland,1490.7,17.55,2282.57,2024-10-06
9598,363,New Maryfort,South Joseph,1431.9,12.38,1178.85,2024-06-15
9599,88,East Laura,Cooperland,1280.0,5.19,545.41,2024-04-15
9600,322,Rollinsville,West Brittanyfurt,1567.5,22.03,2186.3,2023-05-28
9601,322,Courtneyport,Lake Sarahside,1825.6,17.81,3655.3,2024-05-18
9602,458,Rhondafort,Youngville,88.9,17.8,107.36,2023-02-16
9603,341,Whitebury,South Josephburgh,2048.2,6.82,1190.3,2024-08-04
9604,158,South Jesse,North Jennifer,1088.0,18.13,2090.77,2024-06-26
9605,70,Ponceview,Lake Davidside,1926.2,7.87,1061.44,2023-10-13
9606,164,Lake Donnabury,Castilloshire,1709.5,6.96,1059.01,2023-11-29
9607,68,Port Matthewberg,Kirstenland,1820.9,10.43,1849.68,2024-08-10
9608,284,East Trevorfort,North Sharon,1789.8,15.47,2456.36,2024-01-05
9609,498,Estradaside,Barberside,1070.0,11.9,784.63,2024-05-03
9610,444,Romeroberg,Petersonton,431.0,6.97,354.88,2024-08-27
9611,2,North Julia,West Monica,603.1,6.63,287.18,2024-10-28
9612,54,South Robert,Jeremyfurt,2350.7,16.14,2047.12,2024-02-03
9613,31,New Theresaberg,New Mark,1057.0,5.67,413.0,2024-01-16
9614,192,North Matthew,Jacobborough,335.9,17.59,350.51,2023-01-05
9615,176,North Matthew,North Michaelland,1026.0,5.71,654.72,2024-12-02
9616,88,Bobbyfort,Buchananburgh,483.8,21.97,689.03,2024-02-27
9617,455,North Jessicashire,New Heathermouth,2009.3,13.68,2181.7,2024-01-30
9618,142,Brandonton,New Amy,582.0,9.75,296.5,2023-01-07
9619,379,North Juliebury,North Jesse,702.5,9.71,683.23,2024-05-04
9620,139,Johnsonbury,Hillfurt,2274.0,16.66,2707.02,2023-01-18
9621,54,East Richardtown,Andersonhaven,2184.6,23.42,2859.2,2024-10-31
9622,151,Munozport,Laurachester,1194.6,7.36,794.03,2023-02-16
9623,86,Lawsonshire,North Ericland,2479.5,8.98,2113.22,2024-04-15
9624,368,South Bianca,West Josephfurt,1925.0,2.95,504.24,2024-03-24
9625,194,South Traceyland,Brendaborough,783.2,21.55,1751.58,2023-01-02
9626,83,North Gregory,Lake Latasha,632.2,3.63,173.71,2023-09-14
9627,140,Melissashire,Morenoton,1578.9,3.95,709.04,2023-02-12
9628,129,Kaylaville,Sandraview,1893.5,16.4,1930.11,2023-09-12
9629,450,North Danland,Tuckerstad,1668.5,7.92,1203.37,2023-06-20
9630,373,East Ginaton,Edwardsmouth,1277.7,11.61,1004.61,2024-11-18
9631,317,Kathleenport,Lake John,550.5,6.15,384.33,2023-06-03
9632,292,Port Timothy,Amandaville,1344.4,12.9,1795.45,2023-10-15
9633,32,South Laura,Isaiahshire,2039.4,9.64,2158.35,2023-04-08
9634,484,Kimberlymouth,Wilsonport,1188.6,20.43,1657.96,2023-03-05
9635,143,Morrisside,Jonathanmouth,1644.7,20.13,2165.81,2024-10-07
9636,460,Lake Alexis,Wilsonburgh,1226.3,14.65,2051.96,2023-06-23
9637,455,West Henry,New Melissa,624.8,9.15,472.15,2023-12-31
9638,40,Marytown,Martinezside,1416.4,7.24,1044.04,2023-02-21
9639,208,East Dustin,South Danielview,113.0,13.08,88.42,2024-03-16
9640,245,Maddenborough,North Sophiafort,2450.2,22.7,3709.98,2023-10-22
9641,482,Michaelton,West Johntown,1360.9,17.33,2794.6,2023-02-14
9642,419,Flowersfurt,Valdezshire,461.6,5.93,145.96,2023-04-24
9643,7,West Kayla,Alanberg,1607.4,23.1,3498.97,2023-04-08
9644,59,East Jon,North Catherineview,1093.1,18.67,1863.75,2024-07-13
9645,321,New Laurieport,Port Tracie,1827.2,10.06,2031.99,2023-03-05
9646,311,Wellsport,South John,1062.4,19.0,2299.53,2023-12-30
9647,408,North James,Robertburgh,301.0,20.49,653.31,2023-06-27
9648,359,Lake Steven,Lake Haleytown,206.5,22.91,434.49,2023-03-08
9649,40,Miguelchester,Lake Cassidy,1590.6,10.26,826.21,2024-07-05
9650,298,New Casey,Lake Kathrynchester,2131.3,7.39,879.6,2023-12-29
9651,2,Port Joshua,Millerport,72.0,3.58,15.86,2024-04-01
9652,23,Amyhaven,North Thomas,390.0,24.78,538.27,2023-11-04
9653,467,Jessicaberg,South Matthewtown,54.0,7.1,20.58,2024-05-27
9654,318,Hillborough,Millermouth,2458.0,4.96,1401.86,2023-07-26
9655,262,East Tommyborough,South Teresaview,1375.8,19.94,3219.5,2023-06-13
9656,89,Lake Suzannemouth,Jeremiahberg,2406.7,16.33,2275.45,2024-09-20
9657,383,South Edwin,Gibsonport,197.2,10.39,113.91,2023-04-05
9658,19,Stewartborough,South Laurenport,1769.9,14.15,1499.41,2024-05-31
9659,317,Port Ronaldview,Smallmouth,2133.6,15.84,3494.54,2024-06-25
9660,259,Johnsonville,Taylorstad,1531.1,16.28,2929.91,2024-07-26
9661,332,West Shawnchester,Lake Joseberg,2194.0,4.93,1246.06,2023-08-03
9662,70,East Joshua,North Christine,215.2,3.03,70.86,2024-03-10
9663,432,Kaiserberg,Lake Mark,680.6,1.33,75.4,2024-02-14
9664,470,Jessicaberg,East Rachelberg,1246.4,6.92,940.79,2023-06-28
9665,189,Livingstonfort,Robinsonmouth,1086.7,18.24,1482.2,2024-07-06
9666,379,Williamsshire,Port Kimberly,465.7,17.91,909.25,2024-03-17
9667,500,Kellystad,West Jorge,1517.5,21.81,2287.91,2023-08-07
9668,459,Port Nicoleville,Emilyport,843.0,12.29,834.82,2023-04-29
9669,258,South Shawntown,South Charlesport,1896.1,12.75,2503.16,2023-10-11
9670,256,Ashleymouth,West Johnfurt,467.6,6.51,224.66,2024-09-27
9671,329,South Emily,Cabreraside,1220.8,12.26,1608.29,2023-04-09
9672,223,Perezport,South Waynemouth,1359.9,20.96,2203.23,2023-05-07
9673,21,Wrightstad,Port Wendy,88.9,8.49,70.8,2024-03-18
9674,345,Hobbsport,Oscarfurt,954.0,6.24,411.24,2023-09-13
9675,419,Robertborough,Parksborough,1361.9,8.6,1218.45,2023-09-10
9676,175,Buckleytown,Raychester,2125.1,14.68,3689.51,2023-01-04
9677,69,Erinberg,Navarroberg,2434.1,11.41,1438.07,2023-02-16
9678,317,Toddborough,West Eugenefurt,1350.3,19.42,2472.48,2024-09-20
9679,438,Lake Tiffanyland,Lake Kathleenmouth,1600.2,10.19,1633.34,2023-07-28
9680,240,South Ryanbury,Kennethhaven,1562.6,6.08,679.37,2024-07-27
9681,168,Lake Dianaburgh,Port Davidtown,2272.6,10.43,2689.67,2024-04-18
9682,46,West Lawrenceside,South Tracyborough,2120.9,20.13,2394.91,2024-11-13
9683,71,East Carolyn,Smithport,1276.0,4.11,322.86,2024-02-11
9684,54,West Rickey,East Thomas,980.2,21.12,1449.12,2024-04-21
9685,143,South Chad,East William,1339.7,22.03,1745.61,2023-02-06
9686,403,Petersonberg,Taylorside,895.8,8.04,613.05,2024-09-18
9687,124,Baileyburgh,Adamsmouth,1536.0,6.62,796.89,2024-09-25
9688,241,Morseshire,Grossberg,874.1,20.23,1677.48,2024-12-19
9689,170,Davidmouth,Port Madelineville,1943.6,19.33,4364.29,2023-09-19
9690,472,Jennifermouth,Port Julie,143.3,11.73,189.3,2023-11-19
9691,235,Heatherport,Lisaton,1720.4,9.7,1738.62,2023-06-19
9692,287,Port Steven,Annaton,2245.3,12.66,3131.92,2023-09-11
9693,472,Janetland,Danieltown,2040.4,20.17,3073.58,2023-08-03
9694,483,New Christinaside,Olsenburgh,1887.3,8.93,1043.78,2023-03-03
9695,149,West Patriciaport,Davisfort,860.8,20.63,1572.62,2023-10-19
9696,27,Port Nicholas,Colemanshire,1077.3,20.03,2356.33,2023-05-30
9697,87,Lake Alyssafort,East Bethanyfort,251.6,12.8,234.2,2023-10-18
9698,325,Lake Daniel,Port Kristine,2137.6,21.45,4183.0,2024-07-27
9699,390,Cindyfort,South Michaelport,2274.1,15.91,3233.94,2023-09-13
9700,108,Barnesport,North Stacyside,2126.4,11.27,2670.03,2024-03-15
9701,448,Wrightville,Mcguiremouth,1977.0,10.54,1413.53,2023-11-11
9702,73,New Sandrahaven,Brandonview,1482.8,23.45,3239.3,2023-07-05
9703,138,Schmidtberg,Michaelchester,197.5,6.38,108.6,2024-11-27
9704,389,New Cristina,Port Theresa,143.2,1.02,13.03,2023-03-23
9705,66,New Laura,Dennisberg,269.7,14.69,220.88,2023-02-08
9706,241,Nicoleton,Collinston,743.0,10.96,828.87,2023-12-10
9707,175,Johnsonport,Lake Richardtown,2227.9,6.31,1386.56,2024-02-18
9708,312,North Lisa,Hortonstad,219.5,24.84,530.52,2024-01-10
9709,83,Matthewsborough,Lake Alex,2183.3,10.0,1470.15,2024-05-13
9710,371,North Kimberlyview,South Matthew,1556.8,11.01,1231.72,2023-02-06
9711,262,Port Nicolemouth,Kristenstad,1114.2,5.02,385.82,2023-11-29
9712,105,East Jason,Smithshire,917.7,1.54,148.88,2023-07-24
9713,307,Port Kenneth,New Erica,695.5,10.78,411.06,2023-07-14
9714,267,East Sarah,Davidshire,1270.5,12.9,1334.39,2024-03-26
9715,309,Millermouth,New Alexandraview,489.9,10.18,371.31,2023-10-08
9716,260,New Williamchester,Cassandratown,2238.1,5.53,808.15,2024-02-27
9717,34,Christopherburgh,Pamelafort,150.6,3.46,60.87,2024-12-18
9718,25,Ronaldborough,Port Jamesmouth,1228.4,20.31,2654.0,2023-04-18
9719,412,Marieshire,Jameshaven,2481.3,5.86,1570.06,2024-02-23
9720,150,Johnchester,Fisherport,1709.6,2.47,452.1,2024-03-19
9721,215,West Kylefort,Port Stephanieshire,739.4,13.7,720.18,2024-01-18
9722,93,East Karenton,Carlsonfort,1649.1,21.76,1930.42,2023-11-07
9723,45,South Davidtown,East Donnahaven,1708.6,16.13,3149.03,2024-06-22
9724,375,Erikberg,Lancetown,595.2,22.85,1194.38,2024-01-07
9725,124,Elliottborough,Rebeccaland,437.9,22.8,521.16,2024-10-14
9726,478,South Davidville,East Chris,2328.0,12.65,3485.34,2024-01-22
9727,233,South Dustinfurt,East Davidside,1062.3,23.55,2622.26,2023-07-12
9728,234,North Brandonville,Cathyport,638.4,10.98,725.97,2024-10-08
9729,317,New Daniellefort,Christinetown,974.8,9.57,661.56,2024-12-20
9730,259,West Robert,West Stephenmouth,2219.8,5.99,1502.06,2023-06-19
9731,129,Santiagoville,Brianburgh,321.5,8.94,316.91,2023-06-06
9732,56,Munozchester,Lake Adam,545.0,19.52,1069.52,2023-05-23
9733,294,Janetfurt,Port Jessicaton,2259.3,4.35,920.86,2023-07-30
9734,276,Port Jeff,Jamesfort,822.1,5.93,524.46,2023-04-26
9735,128,North Charles,Lake Samantha,1564.8,19.03,1889.42,2024-10-27
9736,187,Pamelafort,Desireeton,512.1,23.71,677.0,2023-02-24
9737,336,Martintown,Vincentfurt,1712.9,24.6,3025.16,2024-04-27
9738,238,New Eddieview,East Tammyberg,1324.1,9.07,1260.8,2024-09-04
9739,71,South Melindashire,East Caleb,106.0,10.04,54.51,2023-09-14
9740,145,Jacquelineview,Valeriechester,2010.7,11.14,1724.41,2024-11-14
9741,383,Wilkersonland,Robertside,1807.4,8.68,1881.57,2024-10-24
9742,224,Osborntown,Julialand,2071.0,8.34,1476.65,2024-10-23
9743,216,West Davidchester,Leeberg,435.1,23.38,1152.69,2024-09-19
9744,131,New Coreyville,West Marie,2400.0,14.5,2336.05,2024-08-20
9745,457,South Wendyside,South Brianmouth,1669.2,11.88,2211.3,2023-07-14
9746,145,North Becky,New Garrett,1468.3,6.98,637.46,2024-01-18
9747,471,New Dustin,East Davidstad,181.5,14.6,285.54,2023-05-18
9748,118,East Joseph,Nancymouth,463.7,5.03,122.1,2024-12-23
9749,318,New Joelburgh,Sethland,1864.3,19.6,2750.96,2024-07-05
9750,192,Greenehaven,Bradport,555.3,12.09,388.15,2023-12-08
9751,393,Dominguezbury,North Jay,1388.2,13.89,1680.44,2023-03-26
9752,456,Wintersville,Belindahaven,1420.4,22.46,2916.56,2023-01-10
9753,426,Port Jameshaven,Kimberlystad,2076.8,15.15,3689.42,2023-12-19
9754,372,Beckchester,North Kaitlyn,1528.2,23.84,2801.15,2024-01-04
9755,359,Lake Craig,New Cassidy,867.8,14.98,1331.68,2023-04-04
9756,337,East Jessica,Kaitlynside,1480.7,8.53,1353.41,2023-06-12
9757,393,North Michaelchester,Wilsonfurt,2499.4,24.96,5008.22,2023-01-28
9758,16,Clarkside,Russellhaven,837.5,6.72,511.54,2024-05-26
9759,447,Port Bryanshire,Roweview,681.7,24.24,1022.72,2024-05-31
9760,270,New Brandon,Michaelstad,432.7,22.03,1046.34,2024-02-19
9761,253,East Joanna,Gonzalezstad,970.4,13.92,987.65,2024-01-18
9762,241,Lake Michael,Hernandezborough,2231.9,19.9,3781.81,2023-11-19
9763,24,New Kimberlyview,Ernestside,1917.1,15.38,2189.72,2024-01-06
9764,481,Terriside,North Stephanie,356.1,17.44,473.87,2024-02-05
9765,117,Smithfurt,New Danielborough,156.5,23.4,357.18,2024-08-15
9766,176,Fordfurt,New Dylan,1087.6,4.44,458.35,2023-01-07
9767,358,Brianport,Jesseberg,2264.1,18.83,4840.17,2023-12-21
9768,40,Port Maria,Lindseyhaven,118.3,20.14,170.76,2024-11-27
9769,326,East Jennifermouth,Hansonside,1180.5,22.61,1395.19,2024-12-15
9770,22,New Tammy,West Curtis,1263.5,7.48,1035.29,2023-10-19
9771,340,Kimland,Jacksonside,1698.7,3.54,341.81,2023-01-23
9772,66,Rebeccaside,Denisebury,780.3,18.92,1345.21,2023-09-08
9773,138,Michaelview,Garyhaven,2014.6,18.9,2930.85,2024-04-09
9774,177,Garyport,Boothland,907.6,8.77,496.87,2024-07-29
9775,472,North Teresastad,Brookemouth,757.0,5.3,341.83,2024-12-13
9776,288,Jackbury,Damonberg,1683.3,5.83,576.9,2024-07-25
9777,174,South Hannah,New Christina,1898.4,12.76,2735.76,2023-08-26
9778,217,South Lonnie,Robertview,2305.0,24.03,5406.19,2024-02-23
9779,36,Novakbury,Richardville,2272.8,10.39,2727.17,2023-10-05
9780,167,Leefurt,Calebfurt,901.4,18.83,979.14,2024-04-27
9781,441,Taylortown,Coleview,943.8,10.98,820.2,2024-05-25
9782,155,East Aaronborough,West Pamela,1082.4,14.43,1417.56,2024-03-27
9783,383,Bennettfort,East Christophershire,2451.9,14.58,2839.89,2024-05-22
9784,175,Johnsonland,Lake Ryan,635.5,7.02,422.68,2024-07-12
9785,212,Rodriguezfort,New Derek,1443.3,9.89,833.03,2024-06-27
9786,301,Munozville,Port Teresa,335.6,22.76,499.05,2023-06-09
9787,134,Lake Theresa,Lake Michaelborough,868.8,24.62,1350.03,2024-08-30
9788,192,East Ryan,North Amyborough,2270.4,23.35,4546.11,2024-11-10
9789,42,Sanchezfurt,South Kayla,1017.6,10.7,996.74,2024-08-30
9790,291,New Joyton,East Craigville,2374.5,16.39,3116.4,2023-05-05
9791,430,Lake Kevin,South Dawnview,1155.1,18.74,1554.92,2024-12-12
9792,284,Montgomerychester,West Amy,1911.5,22.06,3819.61,2024-05-17
9793,260,East Cynthia,Cherryview,795.2,12.56,1026.3,2023-07-07
9794,44,Feliciafort,Danielberg,1587.3,24.77,4001.21,2024-10-11
9795,83,Port Jasonport,Brooksport,1450.6,23.31,1829.03,2024-09-22
9796,200,Port Nicolasfort,Tracyhaven,1261.9,2.22,279.03,2024-06-10
9797,391,Bowersport,Rodriguezborough,1448.2,20.94,1905.16,2023-07-05
9798,129,Juanhaven,Patrickport,901.5,14.52,726.49,2024-12-04
9799,248,West Michael,Stewartstad,376.2,1.1,24.18,2023-12-27
9800,6,Smithmouth,East James,739.8,15.07,1118.16,2023-09-01
9801,386,West Daniel,Port Jeremytown,321.0,10.37,393.17,2024-03-26
9802,218,North Jennifer,New Donald,1534.5,14.7,1921.16,2023-11-20
9803,429,Austinview,East Pattyton,647.1,24.91,1541.18,2024-02-12
9804,199,Port Peterland,Christopherburgh,1334.2,17.02,1495.0,2024-01-24
9805,7,Lauraside,Whitefort,60.9,19.91,75.38,2024-10-30
9806,329,North Williamhaven,East Joanshire,1062.4,9.36,824.68,2024-12-10
9807,318,North Meganville,Lake Krystal,1855.4,12.77,1804.49,2024-11-29
9808,159,Bryanhaven,South Jim,1842.0,4.99,850.76,2024-04-15
9809,5,Carriehaven,Gomezside,2010.9,1.04,148.19,2024-08-14
9810,382,Lake Brian,Alexandriaburgh,2103.3,18.04,2473.77,2024-03-29
9811,66,Laurentown,Lake Cody,440.4,5.88,168.99,2023-07-28
9812,156,Port Bradley,East Michael,805.9,13.57,1089.9,2024-09-07
9813,407,Shawnstad,East Mollyburgh,2168.9,24.69,3453.52,2024-08-01
9814,175,Madisonfort,Mayhaven,845.9,17.4,972.15,2024-07-13
9815,354,Lake Andrea,Micheleton,2105.7,2.94,550.82,2023-08-29
9816,500,Micheletown,Daviston,1894.3,1.31,166.26,2024-06-24
9817,423,Robertbury,New Joyfort,1373.1,17.48,1921.31,2023-03-10
9818,342,Nixonview,Christineburgh,1697.9,18.28,2267.8,2023-09-28
9819,288,East Antonio,Petersenburgh,2463.2,24.2,5739.92,2023-04-24
9820,448,East Andrea,North Kerri,870.4,23.04,2361.24,2024-11-23
9821,84,Audreyside,South Anneview,207.0,3.47,68.89,2023-01-31
9822,309,Hornemouth,North Rachel,1281.2,2.89,310.69,2023-01-29
9823,218,Jordanville,Catherineside,123.5,23.54,275.1,2023-06-14
9824,481,West Brianna,New Fernando,993.1,6.48,614.99,2023-05-07
9825,333,Greeneville,Burkeland,1560.9,12.52,1670.85,2024-09-22
9826,298,Michaelport,East Javierhaven,653.3,10.94,782.13,2023-12-19
9827,351,Ericaland,North Benjamin,1312.8,9.07,755.8,2023-03-26
9828,340,Andreashire,North Melissaview,1253.8,2.18,169.77,2023-02-01
9829,116,Kristineport,West Barbara,1523.0,24.71,1962.98,2024-09-17
9830,102,West Jillville,West Michelle,1251.9,6.25,737.88,2023-07-30
9831,364,Bennettshire,South Jameshaven,1682.4,3.58,385.84,2024-10-02
9832,230,Ryanchester,Port Mackenzieshire,664.8,9.23,669.94,2023-12-24
9833,51,Port Geraldport,West Kaitlinland,2384.5,8.92,1735.91,2023-02-26
9834,425,Taylorport,New Susanfort,1476.0,9.22,1455.19,2023-04-22
9835,257,East Williammouth,East Angela,1970.0,6.99,1044.35,2023-10-02
9836,65,Michaelside,Robertmouth,1164.2,2.48,303.96,2023-12-12
9837,146,Wellsmouth,Tranborough,1767.5,19.55,2525.37,2023-10-05
9838,310,Lake Jillhaven,Chavezborough,2130.6,15.94,3589.21,2023-05-11
9839,307,Hernandezmouth,Suttonborough,227.0,9.53,229.21,2023-06-09
9840,87,Port Brian,Leonardfurt,2392.7,6.71,1367.81,2023-12-17
9841,62,Michaelland,Chadside,2277.8,22.77,2861.35,2024-08-25
9842,138,South Jesse,Brianville,727.5,12.2,752.34,2024-08-16
9843,210,North Todd,New Brookehaven,1457.1,6.91,1015.03,2023-08-26
9844,71,Lake Mary,East Jonathan,2149.9,11.57,2704.84,2023-04-12
9845,361,East Victoria,Joannaberg,1295.0,24.88,3773.45,2024-02-01
9846,291,South Davidberg,North Eric,2369.4,19.02,2595.64,2024-04-28
9847,289,Lake Alexander,Port Valerieberg,1656.0,16.76,2764.09,2023-09-20
9848,68,West Melissa,Josephview,1682.7,1.57,290.65,2023-06-24
9849,399,West Craigmouth,Cynthiaside,1428.7,14.49,1417.0,2023-08-05
9850,132,West Matthewhaven,North Michaelburgh,776.4,17.1,1355.89,2023-12-14
9851,415,Kathyshire,Kirkbury,1863.9,8.68,1352.83,2024-11-03
9852,452,Port James,North Michael,2467.5,21.72,2967.92,2023-02-10
9853,176,New Monica,Port Kristen,632.4,14.02,967.28,2024-12-05
9854,452,Port Brandon,Josephfurt,1582.1,1.39,223.38,2023-07-09
9855,47,Fowlerstad,Brownhaven,2293.3,17.97,3741.24,2023-05-14
9856,382,Boydberg,North Jeffreyside,1758.7,15.26,2695.01,2023-02-03
9857,289,Walterston,Brianburgh,1136.8,5.5,726.69,2023-08-24
9858,187,Pamelaborough,Lake Melissaton,1757.6,24.35,4489.52,2024-01-15
9859,197,New Elizabeth,Nicolebury,2400.2,19.16,4735.05,2024-10-10
9860,146,North Michael,Maybury,2027.3,23.17,4252.99,2023-10-24
9861,197,East Angelaside,Shannonberg,263.1,16.29,223.5,2023-12-21
9862,210,Smithborough,East Lisa,309.9,19.6,589.15,2024-05-24
9863,480,South Jamesshire,Port Patricktown,134.1,13.75,161.23,2024-10-29
9864,463,Lake Craig,Tateton,1123.9,1.02,68.54,2023-04-17
9865,110,North Lukemouth,Port Dale,2151.9,6.36,1291.58,2024-11-14
9866,81,New Ricky,East Dalton,1398.9,14.18,2301.92,2023-05-18
9867,203,Edwardsview,Millerbury,77.9,22.91,166.42,2023-03-27
9868,84,New Danielville,Blakefurt,2138.4,11.29,1578.65,2023-08-04
9869,152,South Henryborough,Hoganland,2363.4,5.78,1107.4,2024-11-25
9870,193,Lake April,Williehaven,1947.1,13.08,3032.86,2024-10-17
9871,52,Porterfort,Jonestown,935.9,12.59,968.56,2024-09-12
9872,338,Lake Brendaborough,North Stacey,1469.3,17.72,1935.14,2024-11-07
9873,442,Chaneystad,Lewisfurt,2149.9,12.77,1924.27,2023-12-18
9874,18,Russellberg,Annaland,2124.0,15.13,2707.09,2024-04-13
9875,308,Gambleland,Amyberg,828.2,10.39,701.66,2024-12-01
9876,3,New Christophertown,Port Sonya,647.8,10.42,680.45,2024-09-04
9877,218,Nortonside,Lake Amyfort,1496.3,18.82,2081.62,2023-12-02
9878,496,South Stanley,Osborneborough,2241.0,16.69,3166.51,2023-06-28
9879,265,Paigeborough,Nguyenport,640.7,16.87,1111.71,2023-02-24
9880,436,Williamhaven,Amberfort,2421.9,11.29,1605.48,2024-05-13
9881,496,Lake Jacob,Phillipsport,444.0,6.1,153.34,2024-06-27
9882,215,New Lauren,East Johnathan,1495.0,5.23,850.21,2023-06-28
9883,261,Dylanborough,North Ashleychester,363.1,7.53,231.51,2023-03-21
9884,265,Lopezville,Port Rebeccafort,2241.7,17.47,3503.03,2024-07-21
9885,151,Campbellside,Curryton,176.8,1.34,13.35,2023-10-10
9886,240,Lawsonmouth,East Anna,996.0,20.97,1933.8,2023-10-20
9887,470,New Glenshire,Emilyshire,1933.0,1.31,131.14,2023-04-29
9888,18,North Valerietown,New Rachel,1470.8,2.33,384.6,2023-01-16
9889,132,North Susan,West Crystal,1154.3,13.46,1797.2,2023-03-19
9890,323,Goodmanborough,East Ashleybury,1011.6,23.02,2320.24,2023-08-14
9891,206,Brendaberg,Curryton,807.1,12.91,698.96,2024-10-06
9892,497,East Lauren,Port Charles,1895.4,6.57,1122.76,2024-12-08
9893,55,Port Cathy,South Hollyside,129.5,15.51,115.14,2023-04-28
9894,255,North Karenland,Paulshire,1457.2,8.63,1135.16,2023-07-22
9895,492,Davidbury,East Charleneport,215.8,6.26,77.87,2023-06-20
9896,278,Lake Brad,East Michelleborough,82.5,8.05,76.56,2024-10-04
9897,184,East Lauraport,East Amy,1611.6,16.71,2684.39,2024-05-22
9898,299,Jacquelineville,Port Keith,1594.1,3.49,654.55,2024-03-22
9899,154,Sarafurt,Alexisshire,1657.7,5.71,707.41,2023-04-08
9900,339,Robertport,Michaelshire,2156.6,1.35,205.45,2023-08-10
9901,290,East Rachelfurt,Joshuabury,1464.7,2.51,230.51,2024-04-04
9902,19,Timothybury,Taylorfort,1148.8,16.0,1974.66,2023-04-07
9903,127,Phillipsbury,South James,1835.3,6.48,1236.99,2023-10-15
9904,240,Brownbury,North Deborah,1416.7,18.03,2491.9,2023-04-30
9905,199,East Davidmouth,West Kathleenfort,1003.5,11.32,1358.18,2023-04-02
9906,481,Farmertown,Jamesmouth,2086.9,21.2,3833.65,2024-03-21
9907,104,West Whitney,Parkerton,834.4,24.89,1141.68,2024-12-28
9908,109,Piercefort,Lawsonville,1963.7,20.95,2105.05,2024-04-21
9909,112,Mcdanielville,Mitchellton,1432.2,20.63,2450.18,2024-12-26
9910,335,Kingbury,Stewartland,1357.7,7.88,1036.04,2024-05-23
9911,209,Aguirrefort,Hicksport,526.3,13.67,616.84,2024-06-05
9912,105,Davidside,South Matthewhaven,635.1,17.57,1001.98,2023-04-13
9913,362,Hansenland,New Phillipfort,1602.4,21.94,3773.23,2024-02-29
9914,262,Trevinomouth,Maryland,70.9,10.24,55.71,2023-07-21
9915,478,Lake Savannah,Austinton,458.8,1.11,29.83,2023-10-25
9916,114,Vincentstad,Christopherport,806.8,2.92,171.5,2023-12-01
9917,241,Port Sara,South Edward,597.0,21.81,721.83,2023-02-16
9918,230,Johnchester,Solisside,1297.9,2.36,247.0,2023-12-19
9919,70,East Angelaport,Garciaport,1044.7,11.86,681.5,2024-06-10
9920,287,Loganstad,Port Danielfort,2469.5,19.77,5218.86,2024-09-22
9921,117,Louisshire,Zacharyshire,1404.0,4.23,310.82,2024-08-19
9922,228,North Tara,Smithstad,194.7,4.75,109.04,2024-06-01
9923,258,Parkerberg,Tashamouth,833.0,11.51,501.87,2024-05-11
9924,429,North William,Joshuaport,1579.4,22.8,2401.02,2023-05-24
9925,251,Ayalaport,Brandyfort,81.7,11.02,68.84,2023-06-21
9926,87,Laneside,Paulchester,1348.2,3.66,547.89,2023-08-26
9927,90,New Katherine,Maryville,702.4,15.33,1037.66,2024-02-25
9928,33,Martinezstad,Parkfurt,976.1,9.2,1002.46,2023-11-30
9929,213,New Virginia,Angelafurt,513.9,10.72,497.65,2024-08-01
9930,356,Lake Javier,Port Ruthhaven,1217.7,7.21,662.37,2024-08-10
9931,392,Lake Richard,Taylorfort,1875.5,8.59,1315.95,2023-11-23
9932,414,New Samanthachester,Reyesville,485.4,11.64,401.33,2024-09-24
9933,273,Thompsontown,East Hannah,778.1,20.46,1713.81,2023-12-22
9934,215,New Joelton,North Andrew,408.2,21.55,525.73,2024-11-06
9935,25,Leslieland,Taylorport,1654.0,23.76,3542.46,2023-03-12
9936,54,Aarontown,East Taylorberg,1782.6,20.59,2773.74,2024-10-20
9937,377,Martinberg,Jeffreystad,1916.6,3.47,384.77,2023-08-24
9938,279,Blackburntown,Debbieton,1110.3,22.44,2618.94,2023-11-07
9939,147,Port James,North Raymondshire,2168.3,2.79,497.25,2024-03-12
9940,189,Lake Wayne,Gonzalezmouth,1853.3,12.87,1254.5,2024-04-12
9941,273,Matthewview,East Peter,197.7,10.93,238.98,2024-12-22
9942,377,Port Sethstad,Parkville,72.7,15.6,72.76,2024-10-25
9943,133,New Adamton,Tanyaport,563.3,2.63,134.52,2024-10-01
9944,249,West Christopherstad,Zacharyhaven,1113.1,17.86,1240.98,2024-03-26
9945,472,West William,East Katrinaton,834.1,23.87,1067.44,2024-01-30
9946,193,South Frank,Lake Charlesville,1582.7,18.92,3383.64,2024-08-09
9947,277,Benjaminfurt,Paulaborough,546.7,6.79,239.28,2023-11-30
9948,454,East Glennmouth,West Nicholasshire,1466.3,6.86,942.08,2024-11-07
9949,28,Conniehaven,Jenkinsmouth,930.9,7.69,518.8,2023-12-28
9950,173,East Jamesborough,Castroside,880.6,8.6,845.5,2023-04-01
9951,327,Morenoton,Johnsonshire,1820.0,21.48,4523.12,2024-08-30
9952,422,Mooreton,Rebeccaberg,377.0,5.62,186.61,2023-08-29
9953,347,Lake Troystad,New Paulberg,1617.6,20.3,3852.01,2024-04-06
9954,194,Espinozashire,Lauraborough,1860.5,22.79,3497.18,2024-01-22
9955,396,East Justinton,Patricktown,319.7,13.61,422.15,2023-04-07
9956,324,Johnchester,Tristanport,443.7,23.31,887.27,2024-05-21
9957,129,New Michealmouth,Wrightbury,975.7,23.45,2679.29,2023-04-01
9958,457,Russoview,Lake Kelsey,1229.4,18.36,1412.78,2023-02-26
9959,351,Sanchezport,Flemingland,2494.3,16.18,2087.34,2024-04-23
9960,287,Lake Elizabethmouth,Ginahaven,1413.4,16.63,1634.47,2024-08-10
9961,212,South Amandachester,New Linda,1905.7,19.05,3581.51,2023-11-03
9962,471,Austinfort,Port Paul,1340.2,14.7,2181.82,2023-05-10
9963,293,Williamfort,Christopherton,351.0,15.66,343.65,2023-04-19
9964,494,Port Dawnport,Port Teresaborough,2381.0,3.17,796.99,2023-11-03
9965,262,Christopherstad,Walkertown,480.5,24.1,759.7,2024-10-30
9966,438,Carterstad,West Abigail,1896.5,1.02,223.88,2024-04-25
9967,129,Lake Christopher,Nathanfurt,1009.8,9.36,925.93,2023-08-21
9968,141,Jesusport,Rickeyberg,2175.5,3.28,607.43,2023-08-29
9969,314,North Jeremiahmouth,Blankenshipview,887.2,7.68,742.91,2023-08-03
9970,473,Abigailtown,Rebeccaberg,452.3,13.93,548.71,2023-11-23
9971,27,New Sandra,Willieport,2295.0,3.05,725.23,2024-12-24
9972,104,East Jeffrey,Lake Cindy,2231.8,9.33,1368.59,2024-05-09
9973,244,West Caitlyn,Deannaland,2266.2,4.8,658.61,2024-05-14
9974,5,Jasmineton,Boydview,517.4,17.03,977.84,2023-03-16
9975,280,North Kathleentown,Wellsport,805.5,11.72,1009.49,2024-08-07
9976,425,New Chelseyberg,Port Elizabethville,2380.5,9.65,1309.81,2023-12-29
9977,72,Port Ryanberg,Port Hayley,1993.4,15.02,2412.28,2023-02-21
9978,188,Nathanfurt,Darrellshire,276.3,4.55,127.9,2024-07-25
9979,209,Lake Jacquelinebury,Smithfort,196.2,11.03,237.03,2024-05-24
9980,321,West Cherylburgh,North Melissamouth,2272.7,8.53,1365.79,2024-08-01
9981,349,Lake Evanshire,Bensonburgh,565.3,11.52,348.65,2023-11-17
9982,108,Toddton,Fergusonborough,1333.4,21.96,2567.36,2023-10-10
9983,225,Josephberg,Coreyberg,99.7,5.08,38.14,2023-10-10
9984,149,Port Davidside,Burtonstad,483.9,15.35,709.92,2024-06-25
9985,202,Adamshire,South Benjaminport,1017.9,23.39,2297.69,2024-06-27
9986,437,West Courtneyside,Seanfurt,562.9,10.52,397.26,2023-06-14
9987,81,Jonathanmouth,Port Jerryfurt,1407.6,10.3,829.58,2023-06-15
9988,394,Port Heatherport,East Ronaldtown,1873.3,24.22,2752.11,2024-09-13
9989,208,South Deborah,South Adam,85.0,23.67,199.32,2023-04-06
9990,146,South Ronaldburgh,Albertfurt,813.4,2.18,191.11,2024-12-25
9991,42,Kaylaside,Garzastad,1968.1,17.02,2334.41,2023-07-03
9992,131,New Brenda,North Loriberg,1597.6,11.39,2181.99,2023-09-22
9993,349,South Carolchester,Huangside,2140.4,17.98,4236.8,2024-09-08
9994,487,East Amy,Port Michael,134.7,23.63,172.75,2023-05-31
9995,193,Lake Kenneth,North Melindaton,1739.7,10.32,1192.86,2024-03-01
9996,269,Moraleston,East Michelleside,1107.3,24.63,3217.55,2023-08-29
9997,149,Williamstown,East Robert,721.6,21.09,1086.94,2023-03-14
9998,316,West Jose,South Tammy,1887.8,13.8,1906.73,2024-10-29
9999,84,Roberthaven,Donovanburgh,2288.8,21.48,3760.28,2024-10-16
10000,54,West Timothy,Taylorport,2242.9,9.45,2193.02,2024-01-09
10001,41,West Christy,Richardsshire,1602.9,13.27,1848.26,2023-12-03
10002,383,Andersonton,Marymouth,139.1,18.55,268.84,2023-11-28
10003,444,Webbhaven,East Paul,157.2,16.84,143.51,2023-01-25
10004,10,West Stephanie,East Brittney,1004.2,1.15,91.6,2024-02-10
10005,172,Taylorfort,Deleontown,1611.0,11.61,1737.09,2024-04-06
10006,466,Scottside,New Jean,538.2,20.9,1053.95,2023-04-18
10007,462,Port Jamesshire,Liuville,2065.9,10.11,2244.13,2023-07-08
10008,200,North Ryan,Jenniferborough,815.0,2.74,115.39,2023-04-17
10009,241,Danielport,Dominguezfurt,1584.9,14.1,1567.7,2023-06-03
10010,466,Crystalfort,Lake Carriemouth,2190.4,6.3,1489.52,2024-02-25
10011,467,West Sarahbury,Christopherchester,236.6,9.38,246.87,2024-11-16
10012,269,Jacksontown,Johnview,1724.1,4.67,521.76,2023-04-01
10013,434,Thomasborough,East Jeremyborough,1452.0,9.32,1380.02,2023-12-22
10014,329,West Stephanieport,Russellport,2096.9,12.06,2681.04,2023-10-19
10015,316,Simpsonland,Jacobstad,2316.3,17.49,4169.36,2024-02-18
10016,338,Fryetown,East Jonathan,1313.7,1.58,139.22,2024-07-10
10017,16,Smithfurt,New Brent,112.6,9.31,120.67,2023-02-20
10018,277,New Matthewton,Port Joshuafort,2109.3,11.41,1362.2,2024-01-10
10019,398,Darleneburgh,Youngview,882.6,23.32,1975.77,2023-09-03
10020,295,Tylertown,Lake Juliabury,349.0,19.34,457.83,2023-02-12
10021,34,East Victoria,New Courtney,1912.9,9.56,1855.94,2023-11-16
10022,356,Jacquelinemouth,Millershire,468.2,23.06,1194.61,2024-07-29
10023,81,Norrisland,Brendaberg,456.3,19.09,788.58,2023-11-26
10024,344,West Richardfurt,South Chaseburgh,64.2,19.79,108.67,2023-09-23
10025,93,West Laurafort,North Amyfurt,2256.1,2.73,646.89,2024-01-18
10026,182,South Annaton,Craigchester,166.5,15.08,301.19,2023-07-06
10027,281,East Coleville,Port Beverly,389.8,21.27,921.18,2024-05-15
10028,311,Duffychester,Charlesbury,58.8,24.33,87.34,2024-09-06
10029,168,Lake Noahberg,West Lisa,1103.8,9.02,529.52,2023-09-08
10030,365,North Baileyfurt,East Brittney,1910.1,12.45,1568.53,2023-11-28
10031,119,New Benjaminchester,Teresaberg,382.9,19.0,669.38,2023-05-30
10032,419,Port Kristina,New Laurenfurt,2224.1,8.09,967.88,2023-04-28
10033,380,Ritaland,Raymondstad,2412.3,19.01,3465.76,2023-06-22
10034,417,Ariasland,Gregoryside,1901.4,12.67,2216.95,2023-09-04
10035,259,West Jessicashire,Lake Andreaberg,422.3,24.36,918.45,2024-06-16
10036,477,Port Anthony,New Janetmouth,2402.7,8.1,2006.67,2023-02-18
10037,247,Montoyaborough,Morganfort,2374.6,24.27,6269.45,2023-06-19
10038,300,Richardfurt,Kelseyburgh,1623.8,9.51,999.65,2024-05-09
10039,388,Angelaberg,South Denise,1500.1,4.7,713.46,2023-01-25
10040,14,Lake Kevinchester,Laurafurt,923.1,13.59,795.04,2023-09-04
10041,148,North Heidiberg,Pamelaport,1330.7,16.37,2341.28,2023-12-16
10042,303,South Victoriastad,Brittanyview,1413.7,16.73,2555.85,2024-04-23
10043,171,South Aliciafurt,West Howardmouth,1639.7,13.37,2342.44,2023-08-14
10044,344,Cassidyhaven,Alexanderton,2437.8,19.09,3214.2,2023-06-21
10045,300,New Cindy,Josephshire,1302.3,12.89,963.66,2024-02-08
10046,467,North Carolland,Michelleview,117.9,8.56,89.82,2024-07-27
10047,315,North Tammy,Jamesburgh,567.9,12.72,414.16,2023-05-02
10048,294,South Joshuahaven,Robertsstad,177.4,7.08,85.41,2023-06-13
10049,242,Lauratown,North Mariamouth,1742.6,14.63,2509.32,2023-05-26
10050,6,Ashleyton,Lake Dawn,355.9,23.55,920.18,2024-05-19
10051,271,Leestad,Simsside,122.4,18.04,165.51,2024-12-04
10052,486,West Patriciachester,Phillipsport,1715.0,13.1,1559.02,2024-09-20
10053,387,East Michael,Collinsshire,1348.4,8.91,1385.73,2024-04-15
10054,194,Scottfort,North Isabelmouth,559.9,8.05,313.11,2024-04-21
10055,113,Port Jeffrey,Zacharyshire,1041.9,23.7,1999.49,2024-07-28
10056,436,South Ryanstad,Dylanhaven,1014.7,18.51,1948.16,2024-11-25
10057,4,Tiffanyton,West Ronald,2210.0,12.28,1553.63,2024-03-12
10058,265,Rothmouth,North Jon,1417.9,14.04,1264.26,2024-10-24
10059,431,Lake Adrianstad,South Michael,1505.8,13.03,1192.33,2024-11-21
10060,300,Harrisonfort,New Laura,2151.1,19.97,4187.78,2024-05-16
10061,127,Cruzberg,Josephport,1581.6,1.11,114.32,2023-11-17
10062,203,Jerrybury,Smithburgh,1945.6,3.81,380.09,2023-04-09
10063,226,Morrisonside,Castillofort,1538.9,18.01,2323.14,2024-12-06
10064,288,Gonzalezstad,Kristenport,965.0,17.56,1357.99,2024-02-17
10065,342,West Grant,Sarahstad,759.7,14.41,586.69,2023-11-16
10066,268,Kimberlychester,North Tammy,1864.4,11.26,1638.03,2024-01-02
10067,332,Petersonfort,West Jennifer,220.3,8.56,128.82,2024-11-24
10068,198,Morrisberg,Port Brettland,1406.0,6.96,656.5,2024-05-19
10069,485,Zimmermanshire,Pottsfurt,2221.7,4.76,1143.16,2024-11-24
10070,108,Sotoville,Robertborough,1312.1,19.14,1642.8,2024-10-30
10071,307,Lake Kaitlinstad,West Laura,2393.0,19.31,3468.1,2024-11-22
10072,204,Mcdonaldfurt,Singletonton,948.4,18.77,1989.72,2024-12-17
10073,97,Port Leahtown,South Jared,152.3,16.68,301.59,2024-08-23
10074,451,East Stevenchester,Vanessaberg,493.1,20.34,1088.9,2024-08-05
10075,44,Annfort,West Robin,630.0,17.92,588.34,2023-09-09
10076,369,Stephanieton,Port Hannah,672.2,20.43,1156.58,2023-07-11
10077,251,South Justinchester,Ellisshire,796.2,24.48,1346.11,2023-04-04
10078,238,Meganmouth,Lisaburgh,544.2,21.87,969.59,2023-08-10
10079,21,Port Michaelborough,New Katherinefort,140.5,19.26,315.78,2024-06-01
10080,309,South Beth,North Cathy,1461.0,11.01,1405.57,2024-11-03
10081,441,Cortezfort,Millertown,809.6,20.75,1297.82,2023-03-20
10082,313,Fostershire,Shanebury,874.2,12.5,891.14,2024-02-12
10083,103,East Angelashire,South Susan,993.1,19.72,1022.13,2024-12-15
10084,106,Lake Thomasshire,Emilyfort,1944.6,7.02,1010.43,2024-02-27
10085,374,Nolanshire,Lake Jamestown,2275.9,10.64,2743.04,2024-08-09
10086,382,Coleshire,Drakeville,1472.4,23.14,2941.11,2023-08-30
10087,255,Rodgersmouth,South Charlesfort,99.4,20.45,202.06,2024-12-16
10088,143,North Wesleyville,North Janiceborough,2417.6,8.53,1933.18,2024-12-28
10089,467,Michaelburgh,Palmerstad,2231.5,1.76,431.56,2024-10-19
10090,339,East Scottland,West Patriciaborough,445.8,3.5,152.8,2024-07-05
10091,35,West Katherine,Sheppardmouth,1992.8,11.95,1947.38,2024-06-05
10092,302,Danielfurt,Watkinshaven,1709.7,11.18,2190.97,2024-02-28
10093,119,Kelleymouth,Martinezshire,297.1,8.69,212.69,2023-01-18
10094,17,Colebury,West Theresa,1054.9,8.4,486.57,2024-03-21
10095,285,Lake Taylorshire,South Thomaston,696.0,21.62,1215.47,2024-10-30
10096,57,North Jamie,Greenville,2297.1,11.07,2932.29,2024-10-28
10097,356,Shawnfort,South Annaborough,2355.2,10.24,2571.99,2024-02-26
10098,74,Robertsonside,Maynardchester,441.5,20.97,821.45,2024-02-14
10099,435,New Evan,Carlsonmouth,2110.5,15.08,1853.46,2024-08-09
10100,274,Fergusonstad,Port Shelleyland,1251.8,14.49,1721.24,2023-03-12
10101,296,Schultzfort,North Mark,1296.8,22.88,1825.42,2023-05-07
10102,208,Port Monica,West Cathytown,2390.4,14.98,3355.82,2024-10-11
10103,357,South Danielle,New Maria,113.3,13.72,88.6,2023-08-05
10104,449,Heatherfurt,New Tracey,901.8,24.99,2354.72,2023-03-23
10105,362,Matthewburgh,Heidishire,951.4,12.16,762.21,2024-06-29
10106,105,Port Adam,Lake Tylerville,1997.3,6.15,1387.34,2023-02-27
10107,498,Port Ruthmouth,Thomasview,353.7,8.7,275.67,2024-09-01
10108,385,West Jimmy,Port Jenniferchester,1260.3,12.83,947.99,2024-02-14
10109,473,Cameronfort,East Joehaven,1574.5,7.13,991.5,2024-01-01
10110,3,East Jasmineshire,Salazarhaven,2126.1,7.5,1138.2,2024-03-02
10111,228,Huntfort,Port Joshua,194.8,18.62,190.55,2024-02-18
10112,442,Martinezborough,Harmonmouth,955.5,2.08,132.54,2024-10-03
10113,497,Lake Jessica,Allenmouth,2487.4,2.22,439.53,2023-04-09
10114,249,Lake Cynthiahaven,Leemouth,1950.0,11.67,2717.8,2023-03-20
10115,91,Dodsonborough,New Matthewport,439.3,10.87,486.31,2024-07-27
10116,384,New Neilbury,Tanyaton,1845.8,13.08,2725.42,2024-01-22
10117,381,Coleberg,New Stevenfurt,1990.5,4.69,1070.54,2024-08-01
10118,295,West Lawrence,Meyershaven,705.1,24.88,1750.48,2024-05-29
10119,192,New Ashley,Robertsborough,2065.9,15.38,3581.8,2023-07-26
10120,246,North Lisa,East Erin,331.5,21.46,813.69,2023-10-10
10121,422,Chenburgh,Baxterbury,1739.7,20.5,2801.42,2023-07-22
10122,482,North Davidfort,North Maryland,2198.7,24.8,4426.28,2023-12-10
10123,287,New John,East Christopher,947.3,22.63,1764.32,2023-02-06
10124,125,Conwaymouth,Marymouth,1770.5,23.56,4910.75,2023-05-02
10125,31,Hooverchester,Middletonburgh,2389.1,12.62,1648.77,2023-05-15
10126,382,Edwardburgh,South Ryan,2106.8,8.74,2175.99,2024-05-23
10127,29,Dixonbury,East Benjaminchester,1754.9,9.51,1668.51,2023-06-20
10128,62,Garciaborough,Schmidtside,2000.4,17.64,2988.45,2023-11-24
10129,394,Nataliebury,New James,1417.7,5.68,628.83,2024-03-14
10130,359,Newtonview,Ebonyside,1606.2,12.41,2292.03,2024-07-11
10131,180,Sanchezstad,Andreaville,99.1,2.47,28.08,2023-04-28
10132,62,Davisshire,Flowersville,973.7,20.04,1039.49,2023-11-19
10133,434,Lake Christine,New David,542.4,3.39,179.73,2023-01-22
10134,1,Carlashire,Terranceville,1260.8,9.45,996.3,2024-05-18
10135,295,Melissastad,Youngmouth,1122.7,24.77,3106.14,2024-11-21
10136,225,Michellehaven,Deborahhaven,2482.6,18.64,3832.08,2023-04-25
10137,211,East Dianeton,Port Jason,1103.4,18.79,1509.47,2023-04-12
10138,357,Andrewview,New Amandabury,2189.7,19.27,2636.86,2023-03-31
10139,13,East Daniel,Lake Victoria,1173.4,14.67,1592.69,2023-03-08
10140,52,New Patrickview,South Victoria,1734.5,6.06,928.58,2023-11-18
10141,70,Nathanstad,Smithmouth,1243.3,18.26,1869.11,2024-03-23
10142,18,Hicksstad,Port Audrey,2335.7,5.03,1314.29,2023-05-09
10143,37,Greenmouth,Lewischester,402.4,9.35,253.06,2024-11-21
10144,35,West Carolynside,Campbelltown,1020.9,24.62,1665.15,2023-07-27
10145,454,North Christopherburgh,North Jacksonland,830.5,8.42,555.72,2023-03-31
10146,145,Bradleybury,Longtown,1232.1,9.05,599.81,2023-01-22
10147,81,West Codyborough,Lake Allison,990.7,12.22,1360.67,2023-04-14
10148,318,East Janiceberg,Michaeltown,2453.7,2.08,328.12,2023-05-07
10149,364,Port Brenda,Port Jayberg,102.5,17.65,104.07,2024-12-13
10150,95,East April,New Jessica,1999.1,9.42,1815.71,2024-03-05
10151,360,Hoffmanchester,Jensenborough,1012.5,2.55,175.61,2023-09-05
10152,443,East Shawnastad,Smithton,1578.4,24.78,2575.59,2024-07-20
10153,418,West Elizabethhaven,West Tara,380.9,20.03,740.37,2023-01-05
10154,208,Mikaylaville,Brianchester,2044.2,11.37,1876.46,2024-07-05
10155,120,Lake Sarah,Lake James,2426.8,7.88,961.85,2023-10-06
10156,498,Lake Danielville,Floresshire,1852.9,5.29,597.66,2024-01-11
10157,290,South Marystad,West Denniston,1647.2,17.6,2285.37,2023-04-17
10158,484,Lake Timothy,Lake Dannychester,730.0,9.04,653.91,2023-03-15
10159,239,Chaneychester,Dennismouth,2417.5,18.89,5203.44,2024-05-12
10160,35,Gutierrezland,Port Mary,1397.9,1.29,160.1,2023-08-22
10161,171,Shawnberg,North Jessica,637.4,24.21,806.16,2024-10-03
10162,398,West Amy,Port Victorville,1160.1,5.48,417.36,2023-07-02
10163,468,New Jill,Smithstad,2025.8,21.57,4500.94,2024-06-12
10164,427,Lake Patrick,Garcialand,1651.1,10.24,1267.76,2024-08-25
10165,16,East Mary,New Madeline,962.1,10.81,749.56,2023-03-31
10166,188,Haleyhaven,East Frankhaven,1129.1,24.83,2084.29,2023-03-11
10167,81,Juliemouth,Shawnview,2455.4,1.2,346.16,2023-06-02
10168,273,Port Keith,Johnview,1576.1,9.96,1402.6,2023-04-06
10169,65,East Maria,North Michaelburgh,1257.1,20.15,1779.49,2023-05-26
10170,299,East Jonathanstad,New Miguel,1942.5,9.25,1745.68,2024-01-05
10171,223,East Keith,Phamborough,2101.6,24.22,4491.04,2024-10-03
10172,204,North Charlesview,Johnsonland,1656.7,23.39,2799.99,2023-05-14
10173,221,Lake Rebecca,Walkerland,1511.9,21.98,2235.01,2024-01-20
10174,341,Lake Elizabethton,Chenberg,111.1,10.19,71.43,2024-07-08
10175,390,Mosleystad,Ronaldville,897.3,9.79,735.97,2023-07-02
10176,488,Lake Molly,North Ryanport,2381.1,21.94,4245.73,2023-05-13
10177,450,North Eric,Port Davidtown,939.9,21.78,1311.23,2024-12-26
10178,428,Powellburgh,Hayesbury,1326.4,15.11,1307.77,2024-10-08
10179,392,Stephaniehaven,Williamberg,2449.2,11.9,1861.0,2024-04-01
10180,331,Phillipschester,Davidfurt,2177.3,20.37,3255.24,2024-02-08
10181,217,North Matthew,Wagnerbury,98.7,2.59,30.56,2023-11-24
10182,214,New Edward,North Timothy,1734.9,3.69,740.39,2024-08-26
10183,40,South Julia,East Leslie,1920.1,10.52,1976.05,2024-01-21
10184,221,Ralphland,Daymouth,833.6,23.52,2084.49,2024-09-11
10185,66,Thomasmouth,Santoston,1936.6,6.96,1440.45,2024-10-03
10186,397,Hunterfurt,Toddfurt,2124.8,19.98,4806.01,2023-10-24
10187,2,Nicoletown,Woodchester,1151.6,18.8,1855.5,2024-05-21
10188,299,Hardybury,New Angela,312.7,13.67,246.09,2023-06-12
10189,140,Lake Suzannemouth,Amandatown,1815.3,2.74,443.11,2023-03-01
10190,496,Catherinestad,Estradaton,156.7,21.16,305.3,2024-12-29
10191,486,Ronaldburgh,Lake Andrea,1662.8,6.91,1192.24,2023-06-19
10192,332,Kimberlystad,Mckayland,790.0,16.98,1532.06,2023-04-30
10193,70,Patriciaborough,Lake Cheryl,1832.1,18.6,1988.64,2024-01-10
10194,475,Donnamouth,Spencerton,2240.9,13.37,2520.53,2023-04-01
10195,437,East Steven,Wileyville,1523.6,1.2,93.23,2024-05-21
10196,312,West Isaiahview,Martinezport,94.4,13.36,134.25,2024-04-26
10197,261,South Monicafort,Barbaraview,2187.9,8.91,1867.68,2024-08-02
10198,111,Kimberlyside,New Paul,152.4,3.9,30.39,2024-02-16
10199,18,Nicholeborough,New Derrickland,742.4,21.14,1158.15,2024-09-03
10200,458,New Mariaport,Anthonychester,1404.5,18.79,2603.2,2024-10-14
10201,114,Rileychester,West Donna,168.2,10.04,196.6,2023-03-23
10202,337,Andrewton,West Theodore,886.1,16.4,1459.69,2024-11-05
10203,325,Lake Donald,Patelborough,1108.7,20.25,2050.26,2024-04-03
10204,36,Lake Kristenshire,South Shelleyburgh,501.7,3.54,118.13,2024-08-23
10205,215,Lake Cheyenne,Lake Katherine,288.2,17.84,461.64,2024-06-12
10206,83,Lake Pamelastad,Melissaburgh,104.0,4.29,42.18,2024-06-09
10207,493,Beckerfort,West Nathanton,2285.8,22.12,5733.73,2024-01-08
10208,259,South Christopher,Port Ericafurt,1147.6,11.13,869.57,2024-12-11
10209,178,Paulafort,Russellmouth,331.1,17.94,598.07,2023-04-21
10210,82,West Monicaborough,Katherinefort,1436.7,21.73,2427.56,2024-07-03
10211,261,Kingmouth,North Danielstad,176.4,20.64,250.21,2023-10-04
10212,462,Matthewstad,Matthewchester,2067.8,19.8,2802.19,2024-03-18
10213,89,East Mariah,Hudsonview,1741.1,8.7,836.75,2023-04-16
10214,126,North Mariafurt,Jamesstad,1002.5,21.69,1313.45,2024-06-21
10215,222,Jonesland,Smithberg,599.0,18.38,750.64,2024-07-14
10216,367,Hammondfort,North Mary,955.1,24.25,1731.91,2024-04-11
10217,182,Michaelmouth,Ryanfort,2258.7,3.88,695.58,2023-04-14
10218,50,Millerberg,Kyleborough,1252.9,21.65,2328.99,2023-05-14
10219,177,Corymouth,Patriciaburgh,567.2,7.85,401.75,2024-12-22
10220,292,New Christinaland,Lake Robert,2130.9,8.28,2027.25,2023-06-17
10221,204,Joshuafurt,Sarastad,1704.8,10.51,1710.17,2024-04-01
10222,449,Reesefort,East Justin,713.1,1.95,107.06,2023-03-13
10223,98,New Dylan,West Riley,1824.1,23.37,4749.98,2024-06-07
10224,116,Ryanborough,Mccarthyhaven,1996.1,4.12,484.35,2024-03-05
10225,458,New Thomas,Lake Tasha,106.3,24.91,316.49,2024-09-04
10226,198,Jamesbury,Ashleyville,1832.3,24.57,5142.24,2024-12-10
10227,458,West Vickiehaven,New Kaylashire,673.9,23.0,1223.32,2024-10-31
10228,430,Travisfurt,South Jeffrey,583.0,21.79,958.93,2024-06-16
10229,279,West Andrea,Leeshire,2334.5,9.71,1532.15,2023-12-28
10230,166,North Mary,Trevinoshire,1022.3,13.1,682.09,2023-04-25
10231,453,East Trevor,South Regina,2145.3,5.8,835.88,2024-12-21
10232,325,East Madeline,Jefferychester,2412.7,13.43,2457.07,2023-07-26
10233,328,West Brian,New Maryview,2048.2,7.7,943.95,2024-02-02
10234,476,East Micheleshire,Juliamouth,1210.9,13.73,1488.36,2024-05-02
10235,314,West Crystal,Port Michelle,1299.4,15.15,1005.21,2023-01-16
10236,190,South Heather,New Kari,988.5,10.14,638.79,2024-04-01
10237,488,North Shawn,Christinestad,1677.5,15.35,2747.91,2024-09-30
10238,213,Webbshire,Lake Colton,1173.3,17.52,1227.62,2024-04-19
10239,175,New Peterhaven,Lopeztown,1370.2,2.99,254.75,2023-04-19
10240,314,North Derrickburgh,Rodriguezberg,615.2,7.1,381.19,2023-02-16
10241,495,New Kristaview,Goodmanstad,1861.8,17.89,3995.64,2023-04-14
10242,421,Diazview,Mckenzieberg,881.1,24.76,2365.99,2023-01-17
10243,493,West Travis,Christopherfurt,1883.6,23.82,2749.02,2024-12-25
10244,458,Port Pam,Reevesmouth,1969.4,20.73,4454.41,2024-01-20
10245,42,Porterchester,West Whitneyville,1309.1,3.11,333.05,2023-02-04
10246,152,Stricklandfurt,Silvaland,1711.0,1.64,165.83,2023-03-18
10247,198,New Angelaside,Lake Courtney,939.0,22.94,1278.36,2023-03-29
10248,115,Kaneborough,Ericborough,1668.3,14.71,1686.48,2024-10-26
10249,451,Castilloville,North Jennifer,1953.5,17.01,2307.1,2024-07-29
10250,38,Aaronview,Kingview,2105.4,7.76,1099.04,2024-08-19
10251,377,Jamesbury,Sparksbury,125.1,6.21,90.49,2023-04-17
10252,340,Port Jessicatown,Martinezborough,1765.5,20.85,2951.59,2024-03-29
10253,327,Kimshire,Lake Rebeccaton,1883.6,24.19,5010.8,2023-11-21
10254,492,New Jamesstad,Catherinechester,172.3,11.19,182.74,2023-12-02
10255,70,Joshuaville,South Melissaburgh,1874.5,12.3,2195.26,2024-11-06
10256,339,Port Michael,Manuelton,1890.3,18.1,1944.46,2024-09-26
10257,261,West Jennifer,Shawntown,2187.6,8.09,1567.86,2023-12-19
10258,89,Gregoryburgh,North Kyle,663.3,18.8,1362.14,2023-05-10
10259,229,East April,Lake Juan,1016.0,20.02,1931.7,2023-10-23
10260,178,East Patriciaton,Lauraville,1198.5,12.42,1391.2,2024-03-08
10261,478,Ashleyburgh,Donaldsonmouth,1628.7,5.52,1036.81,2023-12-11
10262,116,New Crystal,Bowmanhaven,742.1,4.2,202.04,2024-03-18
10263,185,Annberg,New Angelafurt,2355.9,4.11,662.86,2024-02-20
10264,93,Woodardberg,Rodriguezmouth,2218.4,12.82,2319.87,2023-10-25
10265,174,Lake Rebekahhaven,West Rodneystad,1167.2,7.05,668.28,2024-09-21
10266,267,New Meganstad,Garzachester,167.4,24.88,400.19,2024-08-08
10267,480,Lake Brittany,Lake Cynthia,1337.6,9.26,700.15,2023-06-10
10268,18,New Alicia,New Paulview,2317.6,13.63,2534.64,2024-02-29
10269,299,New Andrew,North Jenniferton,606.8,10.08,533.28,2024-07-04
10270,278,Lake Allison,Rogersborough,2076.4,18.08,3280.96,2024-07-06
10271,402,South Cynthiafurt,Curtismouth,2088.9,21.96,2859.87,2024-11-01
10272,237,Morganside,Janiceberg,88.7,18.95,162.54,2024-09-13
10273,301,West Christinatown,Sullivanchester,861.5,17.51,1484.9,2023-06-06
10274,406,East Michael,Port Ryanberg,1941.1,6.92,1295.38,2023-07-08
10275,451,Port Thomas,Perkinsshire,1505.4,11.73,1469.81,2023-04-27
10276,126,Tanyastad,Rachelshire,989.1,17.84,1774.41,2023-07-25
10277,67,Lake Elijah,Crystalshire,1722.1,5.26,668.71,2023-10-02
10278,479,Hannaport,East Alexander,1630.8,2.31,449.63,2024-03-03
10279,365,Wandaburgh,Harrisonstad,827.2,10.78,977.79,2024-06-16
10280,149,East Adamshire,Lake Todd,1679.7,16.49,2532.83,2024-11-18
10281,269,Port Annette,New Lindsey,1058.2,24.69,2485.7,2023-06-28
10282,292,Bryanburgh,South Mckenzie,1678.0,2.64,529.63,2024-07-07
10283,383,West Lindabury,Marktown,1316.1,11.43,1507.77,2023-01-25
10284,167,Santoschester,Whitneymouth,2302.8,21.95,5604.64,2024-11-17
10285,403,Port Lindashire,East Kaylamouth,1565.1,7.97,1180.09,2023-08-08
10286,365,West Terryville,Port Wendybury,1485.1,17.9,1449.45,2024-12-27
10287,488,Port Scott,Port Jesus,1422.7,18.96,1675.22,2024-09-30
10288,317,Gillespieburgh,Stevenborough,1599.8,24.07,2064.61,2024-12-10
10289,217,Port Sierrafurt,Juanfurt,737.9,6.13,380.5,2023-05-25
10290,401,Ericville,East George,387.2,17.19,568.17,2023-09-11
10291,393,Carrilloborough,Rodriguezshire,1479.4,22.2,2453.86,2023-10-11
10292,348,Billyton,Rodriguezfort,2401.8,23.65,6330.65,2024-10-05
10293,322,Crawfordville,North Coreyview,1188.7,3.06,303.76,2024-10-09
10294,11,Williamsberg,Port Daniel,1597.6,20.44,3448.39,2024-05-20
10295,404,South Donald,Gomezmouth,157.8,18.23,168.67,2024-09-01
10296,419,Geraldbury,South Ryan,123.9,18.82,145.63,2023-09-18
10297,94,Lake Billy,New James,1049.1,10.99,623.06,2023-07-04
10298,175,Sharonmouth,Lake Terriland,833.4,8.72,527.86,2023-01-01
10299,390,New Jodyfurt,Port Michelle,313.8,21.81,709.76,2023-11-09
10300,324,Chelseaburgh,Port Donaldhaven,154.7,17.78,223.27,2023-12-04
10301,340,East Mark,Kevinstad,1758.4,17.1,3196.89,2023-02-25
10302,482,South Nicolechester,Port Christopher,1302.6,1.04,92.88,2023-06-08
10303,140,Robertland,North Charles,914.9,17.67,1827.03,2024-05-16
10304,461,Melissaville,Brownstad,433.7,5.19,247.7,2023-07-22
10305,302,Rhondaborough,Jonesshire,1620.7,22.04,3588.05,2023-08-11
10306,66,Milesborough,West Ericview,2398.6,11.16,2657.13,2023-01-22
10307,23,Lake Debbie,Ballchester,1566.9,20.59,2061.13,2024-03-14
10308,301,Coreyshire,East Jacobtown,2377.1,9.29,1810.05,2024-04-02
10309,335,Jasonfort,Kyliehaven,1188.6,18.83,1219.25,2023-09-16
10310,483,West Alexandramouth,Fowlerberg,582.0,22.84,856.02,2023-10-10
10311,192,South Beth,Port Carolynport,625.8,6.57,329.91,2023-06-01
10312,109,Whitetown,New Christianstad,1705.0,17.32,2505.36,2024-07-16
10313,199,South Cynthia,North Brandon,664.2,18.33,1308.24,2023-12-20
10314,247,Cummingsbury,New Victoria,2008.0,19.46,3409.05,2023-11-11
10315,154,Cruzberg,Robertfort,840.5,5.96,274.87,2023-01-26
10316,132,Juliestad,West James,1786.7,15.17,2492.2,2023-01-15
10317,459,Raymondton,Port Roger,52.5,22.9,66.43,2023-07-09
10318,490,Johnview,Matthewview,1730.0,5.38,797.65,2023-03-05
10319,296,Rachelshire,South Christopher,1981.8,3.05,581.63,2023-01-06
10320,202,South Ashlee,Rollinsside,1511.0,12.55,1298.86,2023-02-04
10321,391,Triciahaven,Diazmouth,1012.9,17.99,1437.01,2023-01-30
10322,407,Meganport,Lake Andrewville,1269.0,17.04,1799.52,2023-06-06
10323,62,West Jessica,West Natalieborough,2119.5,23.0,2744.89,2024-06-02
10324,189,West Jenniferfurt,Port Robert,1889.2,5.09,997.79,2023-05-26
10325,401,Aaronberg,Stephanieland,1005.6,13.01,1395.64,2024-09-09
10326,388,Barrerashire,Ashleymouth,2474.4,2.21,332.23,2024-10-14
10327,294,Lake Renee,Jeremybury,533.2,23.33,1360.01,2023-04-13
10328,273,Smithton,Glennberg,960.7,4.47,323.66,2024-01-26
10329,106,Ortegaborough,Leahmouth,1141.4,18.66,1631.11,2023-05-26
10330,389,Kellymouth,Jenniferport,834.4,1.25,122.94,2024-10-01
10331,268,South Tabitha,East Linda,279.4,2.33,55.3,2024-05-11
10332,237,East Drewport,Chavezhaven,1737.0,16.66,2049.63,2024-07-01
10333,384,South Cristinabury,East Lisa,2110.8,7.43,1581.21,2024-12-05
10334,194,Millerland,Christianfort,1712.2,23.55,2533.81,2023-10-13
10335,312,Kaitlynfort,Owensport,266.0,15.63,393.85,2023-06-11
10336,55,Edwardsmouth,Jeremyburgh,551.3,10.72,681.08,2023-04-28
10337,470,South Patriciaville,North Nancyburgh,1938.8,10.48,2240.01,2023-01-27
10338,115,Lake Karenland,Lake Kathryn,1131.4,10.47,839.48,2023-07-11
10339,33,Thomasfurt,Lake Dianabury,1471.2,19.29,2577.27,2024-05-18
10340,206,Reginaldborough,South Zacharytown,1592.4,21.08,2602.42,2024-07-13
10341,103,South Megan,Lake Brittany,583.4,1.4,78.11,2023-05-21
10342,28,Phamchester,Franklinmouth,1005.7,18.06,1058.33,2024-12-12
10343,229,Harmontown,South Jessicamouth,928.8,2.85,180.34,2024-03-04
10344,415,East Edward,New Thomasport,1300.5,21.88,3344.99,2023-06-07
10345,430,New Vanessa,North Richard,1795.1,16.55,3296.99,2023-01-01
10346,335,North Jeffrey,North Andreahaven,2278.3,3.59,526.03,2023-07-28
10347,448,East Sierraton,Bruceburgh,941.7,21.73,2102.83,2023-02-27
10348,344,New Chad,Port Kristopherchester,2333.9,18.51,4423.89,2023-09-06
10349,82,Cochranstad,Christinefurt,1595.9,15.5,1868.65,2024-04-30
10350,411,Rogersstad,Patriciaburgh,1232.7,16.09,1218.28,2024-06-24
10351,226,Port Alyssatown,Pamelamouth,1509.5,14.94,1986.57,2024-08-27
10352,153,Alejandrabury,Amyland,1179.0,17.73,1534.85,2023-08-18
10353,243,East Brittney,South Donnaside,1316.2,15.03,2055.81,2024-02-03
10354,310,North Theresashire,Lorettamouth,268.5,5.37,131.42,2024-06-29
10355,167,Perryside,East Joseberg,991.2,19.37,2210.47,2023-05-17
10356,482,Adamsview,Lake Aliciaview,766.5,14.18,1284.46,2024-12-12
10357,127,Jefferymouth,Port Jonathanville,1221.7,2.19,157.62,2023-04-09
10358,66,Amybury,Khanborough,581.4,17.69,589.75,2024-11-14
10359,135,Brittanyview,West Steven,1008.2,14.73,1232.13,2023-03-05
10360,389,Andersonmouth,Gonzalezchester,1080.7,4.76,347.13,2024-12-10
10361,256,Michaelfurt,Lake Brianaton,1385.3,13.86,1061.81,2023-06-30
10362,35,South Jimmyport,Lake Matthew,1231.0,17.64,2213.38,2024-02-24
10363,192,Gonzalesfurt,West Dawn,1339.4,5.15,646.87,2024-01-04
10364,386,Mooreshire,Masonview,204.7,15.17,328.4,2024-01-16
10365,187,New Devinport,Sherrystad,258.2,11.46,352.53,2024-02-03
10366,355,Jacksonberg,North Chelseachester,873.2,15.4,818.4,2023-06-26
10367,166,Erictown,Tapiafort,953.1,22.19,2080.16,2024-05-06
10368,460,Joneshaven,West Alyssaside,1413.1,17.04,2669.76,2024-07-18
10369,394,East Sydney,West Raymond,1121.1,1.14,123.57,2024-07-04
10370,312,Brittanychester,Tinaborough,412.2,19.68,810.76,2023-09-18
10371,74,Fordton,Perezborough,2324.5,20.14,3510.08,2023-07-23
10372,54,Lake Christopherberg,North Andrewside,1380.8,11.53,1478.59,2024-05-05
10373,464,Port Christopherhaven,West Dawntown,967.7,22.45,1619.64,2024-09-04
10374,81,West Tyler,Johnview,1516.6,10.84,1379.47,2023-11-19
10375,256,Melissaside,East Patriciamouth,1055.8,16.94,1959.05,2023-01-25
10376,18,Thompsonmouth,Michelefort,701.9,7.65,403.77,2024-10-09
10377,53,South Ryan,Johnland,1164.4,4.62,464.76,2023-04-12
10378,282,Whiteside,Port Kara,1907.6,23.16,2589.09,2023-03-28
10379,280,Davidside,Port Dana,2375.5,18.42,2338.78,2023-12-13
10380,379,Smithview,Carlaborough,170.3,13.96,171.47,2024-12-02
10381,14,Arnoldfort,Port Lauren,810.7,23.45,1417.14,2024-02-14
10382,7,Escobarfort,Lake Reginaldmouth,1880.6,9.12,990.95,2023-03-23
10383,464,Mcdowellview,North Zacharyfort,834.1,1.25,52.24,2024-06-29
10384,250,New Scott,Ashleyview,1622.3,22.35,3903.54,2023-11-04
10385,256,Manningland,Lefort,1506.6,20.29,2084.79,2024-04-30
10386,416,Port Laurenburgh,Jordanbury,1116.3,15.12,1371.5,2024-09-12
10387,100,New Lindseyville,Tonytown,1941.3,14.15,2194.08,2024-12-03
10388,391,Earlland,East Jonathanborough,2083.7,19.86,2925.62,2023-08-18
10389,419,Edwardsfort,Robertfort,859.7,23.46,1338.75,2024-07-19
10390,499,Grayport,North Olivia,1138.3,7.64,784.31,2024-10-06
10391,441,Grayport,Susanton,610.7,23.86,1317.26,2024-02-20
10392,221,South Jameshaven,West Josephburgh,412.3,20.04,951.8,2023-12-08
10393,474,East Emilyshire,Lake Christopherfort,2303.7,5.09,680.23,2023-02-25
10394,149,Jasonland,West James,231.9,1.01,15.29,2023-08-12
10395,148,West Alexander,Angelaside,556.5,22.27,1052.33,2023-09-08
10396,60,Lake Mary,Lake Jamesberg,2468.0,2.21,640.63,2024-03-25
10397,2,Richardview,Cooketon,1520.7,1.21,208.99,2024-09-20
10398,320,Lake Timothymouth,East Markborough,668.6,4.13,218.61,2023-05-25
10399,84,Lake Ronald,Schroedershire,1221.6,22.82,2493.79,2024-02-28
10400,250,New Carrieburgh,Port Tracey,1508.2,7.47,1312.1,2023-03-19
10401,9,Armstronghaven,Port Crystal,1154.7,24.44,2220.37,2024-03-12
10402,298,Padillaville,Mitchellshire,1451.7,19.03,3190.96,2023-02-18
10403,153,West James,Robertmouth,331.4,14.36,384.21,2024-09-04
10404,187,North Nicolemouth,East Jennifer,1237.5,18.3,1748.76,2024-02-25
10405,180,South Kari,Johnburgh,552.2,11.59,556.87,2023-03-26
10406,305,Maryland,West Laura,1333.7,20.35,2318.3,2023-07-19
10407,186,Fergusonside,Cohenborough,1723.4,9.31,1537.43,2023-07-13
10408,314,North Josephstad,New Heather,1159.1,6.87,843.96,2023-05-30
10409,406,Port Teresafort,Brownborough,1361.3,24.02,2239.06,2024-07-02
10410,223,Maryview,South Johnville,1820.8,23.38,2320.78,2024-04-11
10411,246,New Williamport,Lake Loristad,645.7,14.55,588.84,2023-10-19
10412,225,Sherylborough,Lake Jameschester,664.9,12.44,574.34,2024-06-20
10413,141,Nguyenstad,East Amandaberg,1618.5,2.9,307.71,2023-02-17
10414,418,Brianfurt,Simpsonshire,1312.3,11.67,1176.83,2023-02-23
10415,476,Ashleytown,Kelleyburgh,228.1,21.57,459.83,2023-01-25
10416,171,East Richard,South Aaronchester,1393.3,14.51,1745.53,2023-08-26
10417,435,North Vanessa,West Andrea,964.6,15.22,1421.39,2024-10-23
10418,305,Hancockfurt,Lake Justin,2434.9,4.04,620.89,2023-07-04
10419,166,Lake April,Port Justin,149.2,19.7,335.87,2023-10-27
10420,59,Jonesfort,Sandrastad,1493.5,8.67,965.29,2023-12-04
10421,146,Powellshire,Mccoyport,1123.5,10.11,1005.66,2023-06-26
10422,115,East Christopher,West Joshua,129.4,18.5,130.95,2023-08-09
10423,65,Oscarside,North Shawnbury,729.3,23.21,1190.5,2024-06-07
10424,69,Fosterburgh,Davidland,2156.3,18.75,3349.85,2024-06-12
10425,467,Lake Brianberg,Andreside,511.7,6.62,391.73,2024-04-25
10426,122,Jacobborough,West Adam,185.5,24.5,356.53,2024-09-01
10427,366,Port Alexander,Sharpberg,545.3,22.05,765.11,2024-09-17
10428,465,Lake Amy,South Allison,952.6,23.68,1623.33,2024-10-09
10429,203,Harperfort,Harrisonport,2061.8,17.09,1811.48,2023-07-17
10430,361,New Raymond,Meyerhaven,2494.0,4.75,746.49,2024-03-16
10431,251,Mccarthyborough,Port Ericview,344.1,10.68,183.77,2024-06-12
10432,241,Victoriafort,Penningtonton,1422.3,19.33,2000.54,2023-10-19
10433,360,West Brittany,West Ricky,1285.4,21.63,1674.89,2024-05-16
10434,481,West Carolyn,Wangland,1977.6,24.62,4019.47,2023-01-18
10435,234,Turnertown,South Josephshire,1091.1,2.14,269.07,2023-12-04
10436,127,North Jennifertown,New Timothy,587.8,16.39,829.33,2023-02-14
10437,292,East Eugene,Port Ronaldmouth,2175.7,21.29,3651.64,2024-11-15
10438,415,West Ronaldfort,East Kathrynberg,1273.8,14.67,1586.52,2024-06-30
10439,451,Saundersland,Lake Donald,848.5,9.04,389.5,2024-02-01
10440,187,Quinnburgh,Hunterhaven,1897.5,17.47,2335.82,2023-08-06
10441,205,Lake Amanda,Port Mary,1671.3,11.65,1165.02,2023-08-23
10442,498,East Susan,Spencestad,434.8,15.64,803.19,2024-10-29
10443,476,South Stacymouth,West Timothyshire,1944.8,1.65,178.8,2024-12-17
10444,487,Calebfurt,Davidhaven,1131.5,6.55,464.97,2024-05-14
10445,82,Williamsbury,South Kimberly,411.5,9.54,319.57,2023-12-07
10446,319,Perryton,South Zacharyfurt,896.8,10.26,470.17,2024-08-21
10447,256,New Coryview,Orozcoberg,795.5,2.88,170.88,2024-06-20
10448,300,North Jorge,Nunezville,346.6,12.01,301.23,2023-04-16
10449,404,Davidfurt,Jacobtown,1400.3,19.5,2751.24,2024-07-26
10450,284,Linbury,Rebeccaview,1133.6,7.67,822.74,2023-11-01
10451,434,Michaelchester,West Melissa,271.9,22.1,631.28,2024-01-05
10452,344,South Emily,Oneillville,1405.0,17.09,2851.49,2023-07-21
10453,162,Debraland,Patelmouth,1277.0,1.17,109.15,2024-11-14
10454,187,North Bryceside,Amystad,1923.8,17.58,3600.15,2024-01-14
10455,245,Sheilahaven,East Mikemouth,529.7,10.41,514.48,2023-12-01
10456,485,Wilsonstad,Mitchellton,397.7,13.52,596.46,2024-07-27
10457,499,Lewisburgh,Lake Henry,958.8,19.47,1901.38,2023-09-04
10458,24,New Peter,Lake Alyssamouth,108.9,2.97,20.47,2024-12-27
10459,400,North John,North Christine,1051.4,10.97,723.37,2024-08-20
10460,125,Lake Glennfurt,New Javierville,364.8,3.56,100.22,2024-08-25
10461,94,Aprilmouth,Lake Johnfort,1404.3,19.75,2994.15,2023-04-11
10462,115,Vazquezview,Port Heatherton,1234.6,23.66,3376.19,2023-06-16
10463,80,West Tiffany,West Adam,1152.0,22.06,2261.06,2024-09-04
10464,88,Lake Kimberlyshire,North Johnside,323.5,24.48,797.89,2023-09-24
10465,124,Lake Angelabury,Hubermouth,809.9,6.34,293.91,2023-02-06
10466,290,West Sydney,South Jonathanberg,56.2,22.27,122.9,2024-06-13
10467,111,Friedmanmouth,Anitamouth,136.6,23.98,249.08,2024-05-30
10468,257,North Aaronberg,Port Debraville,131.7,14.42,185.81,2023-03-29
10469,391,Lake James,South Williamview,550.3,21.65,1244.84,2024-09-09
10470,102,Nunezfurt,East Sandra,1313.9,3.97,422.58,2023-05-20
10471,24,West William,Michaelbury,1362.5,11.21,1476.5,2023-09-01
10472,479,Pamelafort,Welchshire,2339.1,12.4,2204.3,2023-09-10
10473,377,Sanchezbury,Simmonsport,907.2,9.54,908.1,2024-03-30
10474,416,Batesview,East Juan,2289.3,19.98,3217.49,2023-05-14
10475,343,Mcphersonborough,Castanedamouth,57.4,23.64,139.77,2023-03-11
10476,182,South Stephanie,Port David,2226.4,12.55,2685.88,2023-10-09
10477,353,South Jeremy,Andrealand,2444.2,8.05,1230.1,2023-01-07
10478,378,Shaffershire,East Kellystad,2071.4,18.97,3755.33,2023-02-16
10479,467,Singletontown,Sawyerfort,1280.4,2.55,306.82,2023-11-14
10480,109,Port Carlos,Velezview,834.4,8.81,597.85,2023-01-29
10481,402,Melissaton,Lake Josephside,889.4,13.09,1198.28,2024-08-09
10482,79,East Lauren,Duranshire,1207.9,4.58,480.46,2024-05-07
10483,44,New Josephmouth,Nguyenborough,755.9,3.74,298.28,2023-06-24
10484,480,Brownchester,Moodyborough,956.1,19.94,1934.3,2023-03-09
10485,195,Hornchester,Lake Peterchester,1918.7,14.92,1665.69,2023-10-28
10486,349,Andrewsberg,Allenton,83.8,17.11,114.66,2024-02-08
10487,323,West Kimberly,Lake Christine,2064.2,3.06,596.68,2024-02-19
10488,146,North Michaelbury,South Lorimouth,986.9,11.48,749.65,2024-10-16
10489,183,West Brendanshire,East Michelle,90.8,7.61,66.65,2024-06-20
10490,172,Port Robinchester,Reevestown,160.3,1.99,34.47,2023-07-16
10491,301,Kingfurt,Patrickmouth,1402.4,1.81,240.76,2024-08-27
10492,448,Russellhaven,North Jamesville,387.6,16.03,320.71,2024-02-14
10493,334,Richardsonmouth,South Shaunmouth,2235.0,15.95,1875.09,2023-05-30
10494,124,Amberville,Lake Felicia,991.8,15.57,1104.78,2023-12-09
10495,437,New Tracy,Stephanieberg,863.5,16.58,1456.55,2023-03-13
10496,472,Holderhaven,New Andrea,2244.3,20.79,5420.86,2024-03-24
10497,288,Mayoville,New Michael,1710.5,19.92,2642.78,2024-09-10
10498,85,West Brian,Nicoleland,583.0,8.03,279.99,2023-07-31
10499,381,West Shirley,Jenniferton,795.8,8.8,600.15,2023-11-09
10500,121,Port Tylerhaven,Harperfort,288.3,1.92,55.95,2024-09-04
10501,447,Port Amy,Wangchester,906.2,19.78,1865.87,2024-12-06
10502,326,Danielland,Lake Jamesborough,1624.9,5.42,608.12,2023-01-22
10503,209,New Wendy,Dennishaven,2186.3,15.7,3710.05,2023-10-05
10504,395,North Sabrinashire,Leehaven,1033.4,6.95,664.51,2023-02-17
10505,303,New Amandafurt,East Jessica,149.5,1.84,20.63,2023-02-01
10506,360,Pricestad,South Jeffery,2272.6,18.04,2102.05,2024-12-17
10507,390,Brentton,New Bobby,2433.6,22.65,4878.74,2024-11-23
10508,85,Lake Carlahaven,Gonzalezville,1382.1,18.68,2186.94,2023-11-07
10509,295,Port Kevin,Monicaside,2113.3,3.51,376.2,2024-04-12
10510,297,East Joshua,East Gerald,972.4,18.73,975.58,2024-04-24
10511,423,Millermouth,West Clarenceburgh,1279.8,11.75,829.27,2023-08-19
10512,455,Justinshire,Christinamouth,84.1,15.16,150.19,2024-02-03
10513,288,North Cindychester,East Davidbury,1025.1,10.75,962.38,2024-07-18
10514,321,Danielsland,Lake Stacyside,301.5,22.44,447.13,2024-02-10
10515,93,Jenniferfort,Dustinfort,1386.7,10.11,807.54,2023-07-01
10516,130,East Biancatown,Erictown,1396.3,9.76,777.88,2024-06-09
10517,79,South Justin,New Allisonchester,847.5,23.26,1516.98,2024-02-11
10518,179,Kennethborough,Harriston,955.7,6.56,381.4,2024-09-30
10519,304,South Gordonland,New Brandon,586.6,3.59,170.36,2023-01-26
10520,83,Lake Patriciaton,Hallville,1276.4,10.47,1388.77,2023-03-19
10521,476,Hessfort,North Brandon,1977.2,23.66,4251.43,2023-08-07
10522,159,South Kellyfurt,Port Christinaland,1270.5,18.89,2181.7,2024-04-20
10523,324,Jasonton,Brennanmouth,1246.3,9.73,1077.76,2023-09-01
10524,62,Sanchezshire,Matthewberg,1432.0,13.13,1971.5,2023-07-14
10525,389,Lake Ross,New Alanchester,1192.3,6.56,511.78,2024-09-27
10526,19,Peckview,New Kenneth,875.3,12.9,1301.88,2023-02-27
10527,424,South Jeffrey,Whitefort,2239.8,5.14,1331.4,2023-04-04
10528,230,Hintonview,Teresafurt,252.1,21.02,550.58,2024-05-01
10529,136,Port Sarah,West Melissa,264.5,11.02,153.27,2024-09-29
10530,134,West Laura,South Jacqueline,693.1,3.51,153.2,2024-07-04
10531,379,South Ronaldchester,Port Nicolechester,745.6,9.28,665.43,2023-07-23
10532,379,Michaelshire,Lake Natalie,1600.5,15.39,2596.39,2023-09-06
10533,45,Justinmouth,South Yvetteport,1510.4,18.48,2116.8,2023-09-05
10534,59,Karenbury,South John,1666.7,21.14,3730.27,2023-05-10
10535,286,Barnestown,Lake Samanthaview,2096.3,23.37,5254.04,2023-07-19
10536,220,South Sarah,Harperton,159.1,15.28,204.1,2024-10-11
10537,414,Delgadoborough,Lake Christinaberg,380.8,15.47,628.81,2024-11-13
10538,167,Williamton,Port Laurie,521.2,6.92,279.35,2024-12-05
10539,244,North Sally,Cartertown,1853.1,8.5,979.0,2024-02-08
10540,145,New Rachel,South Zachary,1691.8,1.06,190.3,2024-12-25
10541,433,Johnsonland,Lorihaven,1666.7,3.91,524.99,2024-01-12
10542,223,Johnborough,Lake Tiffanychester,1919.1,7.49,1520.39,2023-01-07
10543,80,Harrisontown,Kevinview,1749.8,5.57,617.82,2024-12-20
10544,102,Lake Brett,Whiteton,847.6,9.2,437.01,2024-05-06
10545,426,Port Jacobburgh,Rojasshire,401.3,23.67,953.59,2023-12-29
10546,442,New Kimberlyside,Jeremiahmouth,266.3,13.8,425.26,2024-02-18
10547,295,Marquezfurt,North Keith,1735.4,9.27,1753.06,2023-08-29
10548,496,Loriton,Amandaborough,1684.2,7.56,754.74,2024-08-29
10549,174,Carolinehaven,Williamsstad,1589.7,19.55,3438.51,2024-01-14
10550,327,Donaldland,Wongton,66.2,10.65,61.96,2024-11-10
10551,270,Michaelfort,Hicksview,201.3,22.71,435.69,2024-09-18
10552,242,Dianatown,New Christopherhaven,2310.5,17.73,3305.98,2023-06-26
10553,17,West Tara,South Kayla,226.0,10.39,151.19,2024-11-24
10554,251,Armstrongton,Tinamouth,1746.1,5.42,882.8,2023-04-30
10555,78,Lake Elizabethmouth,Freemanside,1347.3,3.53,498.48,2023-06-22
10556,80,New Juliaville,North Nathan,1046.4,4.8,338.14,2023-03-27
10557,370,Craigtown,North Robert,2202.1,4.01,717.92,2023-09-22
10558,172,Forbesland,New Gregory,1102.4,7.99,984.28,2024-03-30
10559,298,South Michaelview,Lake John,2283.2,20.04,5041.98,2024-02-17
10560,497,Susanburgh,New Hannah,1604.7,8.03,991.38,2023-04-25
10561,299,South Kellyborough,New Kevin,1143.6,17.95,2107.76,2023-08-27
10562,311,West Shannon,Danielmouth,1730.7,24.42,2969.74,2023-10-07
10563,251,Sarahville,New Nathan,1545.9,19.9,1971.56,2023-06-07
10564,444,East Kathy,New Michaelburgh,899.1,22.24,1219.53,2023-07-02
10565,259,Josephhaven,Weaverfort,2081.7,19.01,3095.81,2023-03-18
10566,3,Collinsfurt,Osbornton,688.6,20.56,1663.17,2023-02-02
10567,217,Lake Normanview,West Megan,2279.1,8.93,1593.66,2024-10-17
10568,96,Port Caleb,New Ericburgh,2249.0,16.51,2400.39,2023-10-22
10569,366,North Davidmouth,New Vanessaport,127.8,2.82,21.13,2024-05-11
10570,231,Lucasville,Christianborough,1792.5,5.95,613.38,2024-06-12
10571,469,Laurenstad,Gordonview,1512.3,9.2,990.18,2023-10-06
10572,103,West Michaelmouth,Timothystad,558.1,17.33,633.63,2024-12-29
10573,482,Ricemouth,Cruzland,299.4,8.65,305.85,2023-09-25
10574,204,West Nicole,Victorshire,2223.2,3.3,374.9,2023-10-28
10575,128,Youngland,New Scottstad,1036.9,13.97,735.76,2024-03-06
10576,447,Johnport,Jameston,1087.3,13.91,1675.93,2023-12-15
10577,378,Nelsonfort,East Charlesborough,1512.6,13.02,2137.96,2024-10-11
10578,100,Bradleychester,New Donnahaven,2290.4,16.47,2850.93,2024-12-24
10579,343,Lake Donna,Waltersbury,226.3,9.49,223.87,2024-12-13
10580,49,Contreraston,Scottmouth,2240.5,14.52,2865.83,2023-01-30
10581,441,Port Annettemouth,Gabriellaville,930.7,6.91,685.81,2024-07-16
10582,194,South Kylemouth,North Emilyville,827.9,20.28,864.75,2023-07-24
10583,94,Carolbury,Port Andreafort,1948.5,1.3,201.17,2024-06-17
10584,204,New Jessicamouth,South Josephmouth,627.4,10.12,343.96,2024-12-02
10585,335,Monicaside,Jessicaborough,142.8,4.39,71.4,2024-02-17
10586,254,Shermanfurt,Port Christopher,477.7,4.45,234.68,2024-04-20
10587,473,New Ashleyfort,Angelastad,1402.9,15.52,1309.05,2024-08-18
10588,357,Nicoleburgh,New Jenniferport,2400.0,3.51,882.22,2024-07-26
10589,329,East Sarahshire,Danieltown,408.7,24.0,783.12,2024-07-22
10590,23,Wallacehaven,Halebury,293.3,20.01,393.98,2023-08-07
10591,149,Juliefurt,South Harold,2390.9,4.01,519.87,2023-01-04
10592,315,West Christopher,Christopherport,131.3,8.75,96.05,2024-04-23
10593,203,North Stevenmouth,East Danachester,2230.5,12.91,2753.24,2024-06-04
10594,20,East Manuelview,New Brittanymouth,383.1,15.76,523.11,2023-07-21
10595,95,Lake Jenniferview,Holtfort,1432.6,15.68,2133.55,2023-01-15
10596,478,Walshfurt,Curtisshire,2174.8,11.14,1882.37,2023-06-06
10597,283,Sarahberg,Douglasmouth,966.7,24.53,1541.58,2023-06-11
10598,345,Ginatown,Kathleenmouth,277.7,10.39,332.1,2024-09-25
10599,489,Lake Stephenmouth,Waltersland,2335.5,3.73,461.17,2023-12-17
10600,352,Hodgesmouth,New Emma,603.8,24.66,800.68,2023-10-07
10601,102,Smithside,New Gregoryborough,2435.5,2.99,507.13,2023-01-02
10602,458,New Robert,Larrybury,1467.5,5.68,422.61,2024-01-28
10603,433,Wesleyside,Smithberg,2387.4,1.63,208.75,2023-05-13
10604,408,East Pamelaview,Leahport,1986.7,16.96,2102.39,2023-04-14
10605,334,Mejiafurt,Harveyview,146.9,1.17,10.73,2023-03-21
10606,168,Williamtown,Hillborough,2342.6,12.82,2581.46,2023-09-20
10607,274,Lake Kennethstad,Heatherberg,2237.4,11.77,2281.61,2024-03-29
10608,87,Bakerview,Moralesberg,2115.6,15.79,1817.84,2023-04-24
10609,481,Davismouth,Port Jessicafurt,1181.5,13.79,1829.41,2024-04-04
10610,89,Port Zachary,North Ryan,476.6,15.31,786.83,2023-02-03
10611,494,Lake Kristen,Lake Mackenzie,381.2,11.88,441.68,2024-07-20
10612,304,Charlesfurt,Richardfort,1938.6,7.14,800.73,2024-12-14
10613,487,Trantown,Ryantown,1693.4,17.22,2582.05,2023-06-03
10614,189,North Steven,Robertchester,2122.1,8.1,1786.97,2023-10-23
10615,206,East Jeffrey,Lake Kathy,764.5,16.38,1069.55,2024-04-11
10616,280,West Melissa,Pettyfort,1979.2,9.66,1314.98,2023-02-20
10617,426,Port Samuel,Port Aaronhaven,177.7,12.41,207.39,2024-01-22
10618,220,New Renee,Davidfurt,1456.3,18.67,1872.56,2023-08-25
10619,268,East Melissaburgh,East Justinstad,580.9,10.87,580.33,2024-04-06
10620,327,Lake Gabriel,East Ericborough,643.3,21.21,1025.56,2023-08-01
10621,471,West Joshuahaven,West Chadmouth,1641.4,16.56,1892.11,2023-11-23
10622,20,Kaylaburgh,Olsonbury,873.6,6.86,506.39,2024-01-27
10623,497,Bryanport,Bautistastad,83.3,18.8,160.26,2024-08-13
10624,60,Michellebury,Lake Alyssa,126.8,14.95,191.88,2023-02-13
10625,40,South Robert,New Nicholasborough,1137.3,4.48,479.5,2023-06-28
10626,362,West Ericfort,Port Scottchester,1994.3,19.38,4614.61,2024-06-21
10627,57,Ryanfurt,Port Heather,1275.8,7.79,642.66,2023-12-19
10628,216,East Matthewfurt,New Josephfurt,2025.2,9.99,1607.27,2024-12-17
10629,208,Stephensstad,Brandonview,698.4,3.77,147.02,2024-04-20
10630,472,Deanberg,Andersonmouth,125.9,22.28,273.22,2024-12-28
10631,480,Russellfurt,New Richard,2300.6,8.85,1028.18,2024-02-15
10632,197,New Rachelberg,North Williamville,1115.2,24.67,2934.47,2024-04-20
10633,199,Barrettberg,West Randymouth,183.7,14.61,148.71,2024-01-15
10634,429,Pierceburgh,South Jeremy,1870.9,4.13,595.3,2024-02-02
10635,150,West Dominiqueland,South John,2345.4,6.55,1175.83,2024-01-03
10636,54,Wallaceburgh,Smithhaven,178.6,14.19,154.42,2024-06-08
10637,62,Lauraside,Susanmouth,69.1,12.41,84.36,2023-06-28
10638,472,Brownview,Alanchester,1525.1,14.97,1647.25,2023-01-13
10639,310,Angelatown,Ralphshire,1859.3,2.11,405.53,2024-11-05
10640,38,Frystad,Rosefurt,1681.4,14.74,1289.23,2023-09-05
10641,425,Grahamview,West Moniquestad,1515.1,18.03,1376.72,2024-06-24
10642,409,Port Karenland,Port Theresaside,1904.9,8.99,1780.91,2023-12-22
10643,214,Michaelland,Bakerborough,2031.1,16.3,2019.88,2024-08-08
10644,242,Port Aliciatown,Jasminetown,2494.5,9.76,1846.32,2024-12-17
10645,57,Reginaldborough,Lindamouth,2009.4,6.73,848.56,2024-04-05
10646,96,Lake Eric,South Maryhaven,637.5,23.69,913.77,2023-06-22
10647,193,West Christopherfurt,Savageville,2025.4,24.34,5168.27,2023-07-20
10648,168,Copelandstad,Steinland,1223.4,3.35,318.77,2024-08-09
10649,86,South Joan,Lake Diane,1869.1,1.52,200.69,2024-05-27
10650,228,Cortezville,Grayton,2418.8,9.79,1922.88,2024-11-26
10651,189,East Taylor,South Heather,754.5,16.94,1157.96,2023-06-01
10652,66,West Jenniferberg,Port Jonathanport,1203.5,12.96,989.11,2023-10-18
10653,317,South Tammyshire,Maldonadostad,1797.7,21.73,3659.64,2023-12-08
10654,394,New Phillipton,Jamesshire,2125.2,12.84,2877.93,2023-04-25
10655,270,Dennisland,Johnsonton,902.3,10.45,551.99,2024-09-05
10656,466,Stevenstad,Dorseyfurt,1188.2,22.9,2549.86,2023-03-14
10657,60,New Michelletown,Port Daniellebury,2117.7,13.58,3062.91,2023-05-07
10658,51,Johnsontown,Martinezside,1032.6,18.49,2106.52,2024-08-10
10659,59,Williamsview,Adamshire,1219.5,3.54,477.48,2023-11-25
10660,60,Bellmouth,South Darrylside,279.4,7.19,202.16,2024-12-07
10661,187,South Williamchester,North Kyle,435.2,17.84,660.35,2023-10-19
10662,39,Palmerland,Alyssaport,2222.7,24.19,4342.88,2024-05-11
10663,473,New Heatherburgh,Goodwinberg,2292.5,23.45,4357.54,2023-02-20
10664,136,Seanchester,South Andreaburgh,1865.6,22.5,4698.57,2024-07-25
10665,210,Kevinhaven,Lake Tammieview,276.4,22.39,309.67,2023-06-04
10666,163,Lewistown,Mckenziemouth,1035.6,8.71,1022.23,2024-02-17
10667,417,Gilberthaven,Spencerborough,1653.9,14.03,1932.7,2023-02-22
10668,333,Richardport,North Miguel,62.0,7.1,49.52,2024-10-25
10669,453,West Michelle,Lake Sheilashire,2452.2,3.18,658.97,2023-01-09
10670,106,West Christopher,Fryburgh,2270.6,12.08,2114.4,2024-03-06
10671,65,Port Ralphburgh,Harveyfurt,1643.1,1.88,176.84,2024-02-20
10672,341,Maxwellview,Port Adamton,1157.2,13.77,1752.75,2024-09-03
10673,233,New Jesus,Josephburgh,2383.3,16.16,3678.04,2023-02-26
10674,241,Fullerland,New Jefffort,447.7,23.5,1236.6,2023-02-18
10675,133,Lake Amandatown,Rachelfort,1488.5,9.58,1550.05,2024-10-26
10676,397,Sylviafurt,Elijahport,79.9,2.53,11.01,2024-01-19
10677,149,Keithton,Hillfort,2137.6,23.32,5671.09,2023-08-29
10678,364,Grahamfort,East Dylanbury,2146.7,19.75,4265.0,2024-11-12
10679,77,Angieshire,Monicatown,2241.1,11.5,2767.81,2024-12-25
10680,144,Port Michaelshire,Carlsonborough,2136.9,2.8,475.56,2023-01-08
10681,492,Josephshire,East Samantha,554.1,19.3,663.86,2024-06-09
10682,63,South Kathleen,Lesliebury,1668.9,24.68,2260.43,2024-11-20
10683,150,Jacksonview,South Michele,671.0,24.97,1209.66,2023-10-19
10684,466,West Stephaniemouth,South Heather,1664.3,23.62,2363.15,2023-12-18
10685,432,Taylorfurt,Lake David,1894.6,4.5,562.85,2023-06-01
10686,151,New Shelby,Port Sarahport,203.0,11.21,271.93,2024-01-27
10687,472,Brennanport,Stuartbury,359.4,2.76,55.1,2024-03-10
10688,414,West Jocelyn,South Brandon,1302.5,10.61,907.97,2024-10-17
10689,322,Kimberlytown,West Emily,2375.7,15.34,2709.17,2024-11-27
10690,471,New Billy,New Anntown,1769.1,15.72,1853.96,2024-08-29
10691,433,Debbiestad,East Tracie,1739.1,10.38,1088.17,2023-05-01
10692,97,Scottville,West Kevin,1896.2,7.88,1016.04,2024-12-22
10693,386,Ryanburgh,Palmerchester,1915.1,6.61,1471.7,2024-01-11
10694,221,Mackenzietown,Haleyhaven,2172.2,14.93,2335.45,2023-09-03
10695,53,North Kevin,Johnport,132.6,8.77,125.02,2023-08-06
10696,476,Robertstad,East Benjamin,285.5,22.16,527.05,2023-04-27
10697,149,Annstad,Port Jessica,1650.5,23.35,3658.53,2024-04-20
10698,324,Kellybury,Herreraburgh,1619.9,18.83,3211.41,2023-03-21
10699,279,Bowmanmouth,Kristenside,307.7,17.41,622.78,2024-10-10
10700,275,New Kimberly,Mistyland,1516.6,17.41,2501.2,2024-11-25
10701,232,Stephenmouth,Wyattfort,1099.2,21.05,2370.71,2023-08-18
10702,393,East Kaylaport,Brentland,1881.8,2.28,381.94,2023-11-06
10703,357,Jameston,Jessicaview,1340.9,24.61,2283.58,2023-03-25
10704,328,East Patriciaburgh,South Laurenhaven,1700.5,16.22,3245.96,2024-02-13
10705,122,Hansenport,Lake Michaelton,744.5,8.35,527.67,2024-10-18
10706,425,Grantberg,Pughton,705.3,6.35,532.96,2023-10-12
10707,389,Amandaburgh,Stevensstad,1649.9,15.61,1735.95,2024-01-05
10708,258,Donaldside,Port Ashley,1527.3,1.83,269.82,2023-09-17
10709,429,Currytown,South Ericstad,1940.8,4.75,1074.74,2023-08-29
10710,248,Kathrynstad,New Tanya,641.5,16.98,1186.44,2024-06-02
10711,3,Ashleyburgh,South Kelly,2002.7,8.67,1177.03,2023-05-15
10712,467,Lake Danielburgh,East Ashleyville,1998.1,6.14,629.34,2024-11-29
10713,286,Wellsmouth,Rhondafort,1881.7,13.44,2364.53,2023-03-26
10714,378,Port Cristina,North Gregory,1452.1,11.74,1621.21,2023-12-01
10715,371,Kimberlyport,East Amanda,1569.4,5.06,408.87,2023-09-15
10716,180,Lake Joseph,Riveraview,1980.2,23.51,2433.67,2024-04-16
10717,272,South Joshua,Lake Tony,1233.6,14.69,1543.11,2024-10-03
10718,259,South Daisytown,East Scott,703.9,18.52,1008.22,2024-08-27
10719,311,Angelamouth,Edwardborough,171.6,23.71,414.47,2023-03-20
10720,219,Michaelville,Evanfurt,1533.7,22.4,2410.39,2023-02-11
10721,442,Clarkville,New Lisafurt,2352.8,3.28,708.27,2024-03-20
10722,473,East Jonathanstad,Clarkeside,710.1,20.5,1462.61,2023-07-31
10723,91,New Pamelaville,Port Donaldland,2251.7,20.9,4952.97,2024-06-16
10724,314,Morrowview,South Christina,1862.2,13.31,2786.82,2024-04-04
10725,382,Port Tracimouth,East Lisa,113.5,24.45,332.41,2023-03-31
10726,46,Myersbury,New Anthonybury,1657.5,10.45,1834.87,2024-05-23
10727,61,South Danielfort,New Brianchester,1917.2,4.6,853.18,2024-10-21
10728,450,Port Charles,Shaneberg,1177.9,14.98,1626.64,2024-09-20
10729,108,East Janicehaven,Chanville,1408.3,19.68,3094.49,2023-03-24
10730,249,New Larryton,Zunigafort,641.5,2.95,138.25,2024-01-09
10731,363,Amandahaven,West Rebeccabury,1271.0,9.31,1274.65,2023-03-31
10732,388,Lake Curtisfort,Port Maria,2091.4,13.46,2085.44,2023-05-23
10733,236,Willieland,South Edwardland,2235.2,3.96,550.91,2023-10-09
10734,98,South Karlaport,West Ashleyfurt,1763.3,23.99,2888.54,2023-05-05
10735,254,Cooktown,New Adam,734.2,5.19,364.63,2023-07-06
10736,120,New Robertton,South Peterfurt,512.1,5.84,285.73,2023-03-18
10737,402,Patriciaton,Richardberg,1763.9,21.71,2396.95,2023-12-03
10738,7,Susanmouth,New Pamela,298.0,22.5,674.32,2023-07-15
10739,123,New Barryberg,Randyside,1542.5,5.44,677.59,2023-03-09
10740,261,East Nicolefort,South Mario,2246.1,7.26,1237.24,2023-10-07
10741,74,Aliceland,Jerryberg,1165.6,15.82,1717.69,2023-07-16
10742,291,Michaelshire,South Joseph,888.8,24.46,2095.21,2023-05-30
10743,116,Ortegachester,Lake Damon,383.1,24.02,971.29,2024-09-12
10744,2,Fergusonstad,Katherinechester,2383.2,22.69,5757.42,2024-09-11
10745,435,Williamside,South Paultown,2165.6,14.79,2406.12,2023-01-05
10746,410,Hillhaven,North William,1861.0,14.14,2226.37,2023-04-29
10747,344,Deniseside,South Josephmouth,2421.0,15.57,2928.02,2024-03-20
10748,179,Hallside,Fowlerhaven,1970.1,12.73,2062.11,2024-04-08
10749,51,Carlsonhaven,East Pamela,1161.9,6.34,740.45,2024-12-08
10750,66,Sanfordtown,Williamton,1084.6,17.34,2131.08,2023-03-29
10751,53,West Tonyahaven,West Eileenshire,1478.3,3.04,325.56,2023-09-16
10752,107,East Ivanville,Thomasborough,1666.3,16.28,1810.93,2024-05-18
10753,191,New Darrellstad,Ashleyberg,174.3,1.71,21.75,2024-02-02
10754,134,Lake Bruceville,Port Melissamouth,2366.6,17.23,2547.24,2024-02-14
10755,427,New James,Michaelmouth,1042.3,14.84,1807.06,2024-04-18
10756,54,Patriciaton,Andresshire,1951.7,7.92,1564.59,2024-03-10
10757,93,Port Scott,South Arthur,467.8,4.35,205.63,2023-06-07
10758,248,New Gregorymouth,Port James,609.0,5.08,161.91,2024-09-30
10759,361,Richardmouth,Barnesport,1974.1,13.57,1942.78,2024-03-08
10760,388,Bradyton,Lake Valerie,2157.3,12.39,3097.33,2024-06-08
10761,426,Port Kathryn,Apriltown,1922.1,14.81,1836.19,2023-10-22
10762,270,Andrealand,Grantstad,2092.7,6.97,741.49,2023-01-10
10763,266,Bryanchester,Theresaville,2438.6,14.48,2852.15,2024-03-04
10764,487,Reillyborough,North Anne,552.5,15.83,513.15,2023-03-05
10765,284,North Morgan,Hicksbury,2469.2,11.18,3208.96,2023-07-10
10766,4,Snyderton,Loristad,505.2,10.02,272.27,2024-04-29
10767,35,New Briannaburgh,East Anthonystad,1562.3,20.43,2063.16,2024-07-08
10768,230,Heidifort,Loriville,962.3,15.99,849.62,2023-11-24
10769,279,Tinahaven,Robinsonstad,2114.0,8.24,1742.04,2023-08-31
10770,2,Michellehaven,Laurenbury,1419.8,19.54,1865.56,2023-03-25
10771,225,Brandytown,Lake Michelle,533.5,16.31,1034.79,2023-08-15
10772,50,Natalieberg,East Juanborough,2225.3,20.29,3976.08,2023-07-10
10773,129,East William,New Crystal,597.2,6.01,194.83,2023-06-03
10774,188,West Jesse,Davidmouth,1458.4,10.5,1093.88,2024-06-13
10775,452,Conleymouth,Michaelfort,817.2,1.75,157.23,2023-07-02
10776,471,Andreaburgh,Thomasview,2460.1,1.37,384.1,2024-10-26
10777,67,North Kristi,Ramirezside,922.4,16.6,1309.77,2023-06-01
10778,52,Tapiaton,Jacobchester,2142.4,23.01,4368.86,2024-04-05
10779,285,Port Jocelynport,East Becky,1684.5,19.7,1722.96,2024-11-06
10780,265,New Adamstad,West Kimberlybury,2037.3,14.55,3030.14,2024-03-29
10781,374,Juliashire,Smithfurt,2481.5,2.39,682.83,2023-03-17
10782,500,West Carrieborough,Wagnerbury,2281.2,7.73,1475.71,2023-04-10
10783,249,Lake Tiffanychester,South Joshuafurt,1405.7,4.98,516.93,2023-02-05
10784,191,Dixonland,West Jessica,1854.0,6.26,637.29,2024-11-08
10785,436,Mcconnellland,New Kimberlyshire,1094.1,8.07,639.94,2024-01-15
10786,229,New Johnland,Johnsonside,2026.8,6.64,1373.32,2023-05-13
10787,457,Michaelbury,Christophermouth,1940.9,10.15,1558.8,2023-12-28
10788,206,Lewismouth,Kathleenmouth,1258.9,16.47,1998.25,2024-03-05
10789,294,Port Nina,Chavezstad,572.3,22.73,732.93,2024-07-04
10790,48,East Lukestad,Lake Matthewborough,1982.5,2.66,422.68,2024-10-22
10791,173,Matthewstad,Beckside,2497.3,24.74,5642.03,2023-05-07
10792,106,Cabreramouth,West Isaiahton,1871.7,1.61,202.33,2024-10-27
10793,30,Juanmouth,East Jenniferfort,1829.7,21.18,2631.11,2023-05-05
10794,239,Lake Rachelview,East Susanville,614.4,12.83,436.72,2024-08-23
10795,324,Berryfort,Bridgetberg,70.6,23.75,140.84,2024-10-28
10796,276,Grantchester,Wiseville,1647.7,1.66,155.43,2024-12-02
10797,147,South Brendaside,North Michaelshire,1472.7,22.1,3669.02,2023-07-17
10798,245,Craigland,New Victoriaview,2463.2,9.91,1441.95,2024-03-08
10799,139,West Crystal,Ramirezmouth,402.5,3.32,83.89,2024-06-06
10800,221,South Christinahaven,North Chelsey,1149.5,17.63,1193.42,2024-10-17
10801,185,Richardsonstad,North Juan,1419.3,23.36,2223.64,2024-05-05
10802,218,Port Brett,Hoodville,2203.7,23.1,2761.29,2023-11-01
10803,311,Hoodchester,Collinston,2365.3,21.03,4491.1,2024-11-27
10804,414,Andersonborough,Lake Katherine,109.0,18.2,129.58,2023-02-10
10805,67,Lauriemouth,Lake Amanda,2292.2,11.59,2510.58,2023-09-23
10806,460,Desireefort,East Dariusfort,109.4,11.81,78.97,2024-02-04
10807,281,Nathanport,Dunnport,1882.7,1.82,254.22,2024-02-17
10808,120,Velasquezmouth,New Krystalberg,2041.1,24.27,2555.57,2024-08-13
10809,472,South Heatherburgh,South Thomasfurt,818.8,24.41,1448.2,2024-06-24
10810,411,Henryfort,Carriebury,2447.3,3.37,761.35,2023-12-18
10811,410,South Davidmouth,Herreraview,1984.6,21.4,3727.74,2023-01-26
10812,223,Miguelland,Ayalaton,2347.0,18.94,3086.65,2023-08-26
10813,381,East Peterhaven,Walkerbury,850.3,17.9,1825.27,2023-06-20
10814,374,North Martinview,Port Jennifer,1757.7,13.93,1360.4,2024-09-24
10815,497,North John,Hobbsburgh,1145.8,8.07,582.36,2023-03-30
10816,186,Nelsonshire,West Dustin,820.8,2.33,223.84,2023-04-12
10817,473,West Jeremyhaven,Andrewtown,2265.3,24.37,6320.2,2024-06-30
10818,144,South Kevinhaven,North Cherylmouth,1741.7,8.82,1288.92,2023-08-25
10819,374,South Tara,Thompsonside,73.6,19.89,78.17,2023-11-25
10820,377,Port Logan,Derrickland,1014.2,12.96,947.91,2024-08-10
10821,13,Huntershire,West Jacobtown,1512.0,6.83,1184.84,2023-08-26
10822,41,West Destinychester,Port Alexa,225.3,22.22,553.11,2024-08-28
10823,276,Rangelshire,Scottshire,792.9,1.8,145.06,2024-02-29
10824,37,New Phillipfurt,West Andrewborough,177.8,16.12,147.14,2023-09-23
10825,222,Josephview,Port Lisafurt,2115.1,19.8,2890.65,2024-08-22
10826,26,North Matthewborough,West Angela,930.4,13.46,631.03,2024-11-03
10827,150,Masseyside,Mcphersonfort,83.2,22.35,97.85,2024-12-23
10828,320,North Adrian,West Steven,1797.4,7.12,961.28,2023-02-23
10829,375,Merrittborough,Christophermouth,1181.8,13.68,1047.2,2023-07-10
10830,185,West Michael,North Seth,2421.0,20.43,3688.33,2023-02-10
10831,298,East Markberg,Cooperbury,1045.4,7.77,915.13,2023-03-23
10832,69,Hallborough,Charlesmouth,1532.3,21.63,2576.66,2024-03-12
10833,99,Lake Patricia,West Billfurt,824.8,11.13,512.44,2024-08-02
10834,379,Paynefurt,Weissfurt,1349.3,17.72,2203.76,2023-10-10
10835,342,Garcialand,Lake Juan,243.8,24.71,348.49,2023-04-22
10836,91,Port Jessica,Coopermouth,2236.5,20.02,3442.46,2023-03-26
10837,61,New Mia,Brentmouth,1719.1,9.95,1522.03,2023-07-03
10838,124,Henrybury,Nathanview,951.9,8.92,437.92,2024-11-23
10839,430,North William,Ericksonton,316.7,23.56,602.46,2024-04-30
10840,37,East Danielle,Kevinchester,2327.7,2.7,533.0,2023-04-02
10841,412,Port Markburgh,Fisherborough,1598.3,17.41,2328.29,2023-10-15
10842,199,Samuelhaven,Samanthaview,1236.3,19.39,2409.68,2024-05-06
10843,52,East Timothy,West Juliamouth,2201.3,20.65,4923.91,2024-05-20
10844,398,East Dalebury,Tammychester,1583.3,17.58,3131.09,2023-10-15
10845,235,Port Lydiaborough,Hayleyside,2066.3,17.81,2153.39,2023-10-23
10846,494,Michaelmouth,Angelburgh,1034.9,2.39,186.39,2024-03-04
10847,150,Mckenzieside,Port Saraland,970.6,10.92,718.38,2024-05-04
10848,390,New Curtismouth,West Georgemouth,731.3,15.25,778.43,2023-03-30
10849,93,Lake Melissa,North Alexander,2373.5,13.12,3524.44,2024-12-21
10850,278,Lake Billyfort,Matthewsside,665.7,8.4,648.12,2024-03-23
10851,444,New Wendyport,Rickview,608.4,13.2,835.9,2024-12-22
10852,228,South Gary,North Benjamin,265.6,20.18,358.82,2023-12-31
10853,349,South Jasonside,Stoutville,1600.2,7.52,1229.96,2023-06-13
10854,419,East Ericmouth,Elizabethland,733.7,12.83,940.08,2023-11-30
10855,368,Lake Taylor,Port Brianstad,1790.1,19.75,2900.1,2024-01-03
10856,137,Port Dianeside,East Michael,845.3,14.79,1253.09,2024-06-23
10857,472,East Christopherside,North William,2292.8,8.18,1633.93,2023-09-03
10858,295,East Sarah,Thomaschester,1459.4,8.34,1366.06,2023-06-24
10859,443,Donaldtown,Port Heatherfort,1668.3,10.23,1869.68,2024-11-06
10860,497,West Christina,Hannahfort,1383.8,22.53,2070.9,2023-08-05
10861,287,Port Jeffrey,South Thomas,1999.1,4.71,964.31,2023-07-05
10862,10,Simmonshaven,Lake Morganshire,1866.6,20.21,3191.57,2023-02-01
10863,204,Smithberg,Tamiport,1627.8,12.44,1358.22,2023-09-27
10864,412,Tylermouth,North Benjaminmouth,1681.9,17.17,2408.84,2023-01-08
10865,232,Grantside,Nielsenfort,673.9,14.73,1139.23,2023-09-22
10866,76,Gardnerville,Campbellton,1351.3,8.72,815.32,2024-06-08
10867,233,Lauraside,Lake William,909.0,14.51,1448.88,2023-04-08
10868,229,Wigginsmouth,Lake Ralph,350.4,4.04,124.12,2024-03-17
10869,218,Lozanofurt,North Sean,801.2,11.45,752.62,2024-05-22
10870,313,Andersonstad,Reidville,1750.8,10.61,1003.4,2024-07-08
10871,187,Lake Joyce,Port Kathrynland,250.0,3.89,61.54,2024-09-08
10872,296,East Angelica,South Ashleyfort,451.0,21.13,560.65,2024-09-05
10873,223,Zhangberg,East Derek,1661.7,15.67,1508.32,2023-08-09
10874,8,Nicholasbury,Brennanborough,2168.4,12.91,3218.88,2023-07-29
10875,230,South Robert,New Timothyshire,1350.8,9.52,1319.93,2024-08-10
10876,434,East Aaron,Vanessamouth,830.5,3.8,296.61,2023-11-02
10877,457,Lisashire,Ellisshire,1648.9,18.61,1990.88,2024-08-14
10878,213,Shaunfurt,Watsonfurt,1847.5,16.65,3312.85,2023-07-20
10879,402,Kathrynstad,Torresside,1238.1,16.88,2296.82,2024-03-20
10880,57,New Latashahaven,New Christophermouth,1141.1,24.18,3150.13,2023-07-14
10881,434,Garnerton,East Donna,715.6,9.53,555.94,2023-02-10
10882,187,Debraburgh,Huberport,1196.8,23.21,1650.94,2024-10-12
10883,185,New Michaelshire,Stephaniemouth,2490.3,19.0,4675.02,2024-06-11
10884,19,Karenstad,Taylorburgh,952.9,7.77,690.35,2023-03-12
10885,450,South Traceymouth,Williamsberg,1617.8,19.82,3156.39,2024-03-12
10886,190,Millerchester,Ellisland,1368.7,12.0,1193.46,2023-10-26
10887,487,Pricebury,West Anaberg,1004.1,16.12,1365.18,2024-04-08
10888,183,Nobleshire,Paigechester,2270.8,23.41,4703.03,2023-07-25
10889,243,Emilytown,Port Brandon,874.7,9.08,769.11,2023-02-01
10890,210,Bryanmouth,Port Anthony,1006.4,21.0,2170.47,2024-12-20
10891,498,Port Mckenzietown,Jasonberg,565.8,20.87,1160.63,2023-07-15
10892,14,New Kristin,New Mark,500.2,18.01,1070.21,2023-12-02
10893,400,West Deannafurt,West Robert,2499.2,22.56,6576.45,2023-12-01
10894,376,Juanville,North Kristinville,74.2,11.78,72.49,2023-11-05
10895,397,Port Stephanieside,Lake Daniel,1201.9,13.67,1634.36,2024-01-07
10896,260,Fisherbury,Johnsonmouth,400.1,10.34,301.54,2023-03-25
10897,285,West Steven,Andrewland,2207.8,12.95,3324.36,2023-10-05
10898,81,Sandovalburgh,Amyside,1473.6,7.54,1285.39,2023-05-16
10899,207,East Derrickburgh,Gomezberg,1851.7,16.48,2436.6,2024-01-05
10900,313,North Nathanmouth,Caseyhaven,106.0,10.83,91.44,2024-05-21
10901,238,Elizabethton,Benjaminview,1373.8,19.91,1726.43,2023-04-21
10902,89,New Cameron,Port Joan,1116.2,22.0,1681.97,2024-02-24
10903,412,New Phillipmouth,Payneshire,1621.5,19.49,3709.22,2023-02-04
10904,29,West Colinmouth,Kingberg,2471.0,5.72,1063.24,2024-01-18
10905,53,Teresaberg,West Teresachester,2403.2,15.48,2896.78,2024-04-29
10906,400,New Ian,Lewisfort,1109.3,6.37,598.52,2023-11-22
10907,252,South Sharon,Clarkside,1194.2,13.61,971.44,2023-07-13
10908,34,Olsonside,Tonyashire,310.1,24.85,689.67,2023-09-09
10909,220,Lake Brianshire,Scottshire,1486.7,10.35,1787.07,2024-04-06
10910,242,Reedshire,South Nicole,1475.8,1.52,243.49,2023-06-20
10911,19,Michealland,Longstad,2016.9,9.23,1160.06,2024-07-07
10912,314,Rachelport,Amberfurt,292.8,15.55,338.78,2023-02-13
10913,73,Lake Danielmouth,Davisberg,1217.3,2.49,284.14,2023-12-05
10914,269,East Kimberlyhaven,New Megan,560.0,12.48,371.98,2023-07-03
10915,158,East Hannahburgh,East Jenniferberg,205.1,6.18,138.79,2024-09-10
10916,485,Timothyburgh,South Sharon,2070.8,14.91,1849.43,2024-11-30
10917,222,Kennethbury,West Nicoleburgh,1938.4,8.19,991.42,2023-08-31
10918,143,New Jason,North Tracyfurt,1456.8,18.19,2730.81,2024-07-09
10919,357,Colinport,Mariaside,1577.6,3.34,264.85,2024-02-21
10920,313,Cindyland,Port Keith,979.4,14.85,1086.04,2023-10-05
10921,294,Hamiltonton,North Matthewfurt,1552.3,3.83,586.2,2024-03-01
10922,127,West Jasonmouth,Lake Curtisborough,2125.3,11.09,1612.13,2023-07-03
10923,237,Lake Alexis,Lisafurt,217.0,3.57,47.18,2024-02-03
10924,469,Amandaberg,Port Michelleton,2484.1,22.74,3865.04,2023-06-07
10925,335,Hornshire,North Stephen,925.2,9.37,1026.51,2023-04-06
10926,289,Meganfort,New Taylor,405.5,20.43,893.45,2023-01-30
10927,189,East Lauren,Robertmouth,2043.3,18.98,2100.78,2023-05-29
10928,222,New Kevin,North Tracihaven,1526.7,10.23,1253.44,2023-06-01
10929,486,Matthewshire,Haynesbury,1633.4,7.09,754.83,2024-10-05
10930,107,Victorburgh,Willisfort,2321.6,20.85,4309.71,2023-06-25
10931,382,Joyceburgh,Hansonside,1816.5,9.57,1917.87,2023-02-08
10932,257,East Diana,New Cynthia,2218.6,7.89,1070.09,2024-01-12
10933,124,Lawsonstad,South Annhaven,784.8,6.82,537.19,2024-07-08
10934,28,Bondstad,Annville,800.9,14.2,1187.99,2024-02-14
10935,92,Port Mark,Mccarthystad,1851.0,1.23,270.2,2024-05-03
10936,406,East April,Wallsbury,2191.8,12.4,1618.87,2024-12-09
10937,39,New Linda,Hoffmanchester,244.3,11.89,186.79,2024-07-12
10938,169,North Teresamouth,Craigshire,1032.5,9.59,1152.71,2023-02-17
10939,311,New Brianna,Holtshire,913.6,4.79,354.67,2024-02-13
10940,157,Schroederport,Blackshire,406.9,21.69,845.71,2024-04-17
10941,239,Garrisonborough,South Steven,1705.2,17.87,2048.5,2024-02-20
10942,391,Port Markstad,Port Amyborough,401.8,23.9,963.27,2023-07-30
10943,262,Saraview,East Randyberg,1783.1,15.14,1804.46,2024-08-08
10944,441,Marcusport,Timothyberg,2205.2,13.64,3255.98,2024-03-06
10945,496,Smithburgh,Boydhaven,1506.6,20.23,3348.13,2024-02-17
10946,132,Lake Christopher,Annside,1118.7,4.98,468.71,2023-04-07
10947,43,Port Jamie,Port Brittney,1269.8,13.92,2021.25,2023-09-16
10948,447,Wallstad,Port Marystad,177.4,1.43,19.42,2023-12-07
10949,318,West Rachel,North Melissa,2149.5,4.97,816.19,2024-05-27
10950,384,North Benjaminside,North Kayleemouth,2395.1,10.14,1524.81,2023-01-05
10951,39,East Ryanton,Port Christineton,740.2,18.85,1172.39,2023-07-31
10952,11,East Aliciamouth,New Jasmine,1681.0,2.2,189.63,2023-06-23
10953,413,Lindseyport,Scottburgh,696.5,17.9,630.31,2024-04-19
10954,412,Murillofurt,Austinfurt,300.6,2.66,73.29,2023-05-18
10955,29,Walkerland,Dillonview,735.6,19.88,985.56,2023-07-08
10956,271,Leonport,Smithton,2471.5,5.32,992.82,2023-09-18
10957,410,Porterstad,Adamville,2311.7,7.99,1435.08,2024-05-05
10958,190,Knightville,South Jenniferberg,926.1,1.72,144.59,2023-05-11
10959,452,Summerhaven,Hallview,562.1,2.51,78.39,2023-03-05
10960,203,Lake Nicolebury,West Dennisstad,328.8,8.76,204.93,2023-09-06
10961,417,Jamesburgh,North Angela,1135.2,6.41,809.67,2023-05-12
10962,358,East Feliciaport,New Christian,586.3,2.38,74.29,2024-06-07
10963,141,North Joanville,East Williamton,1803.8,24.69,4387.39,2024-04-11
10964,185,Port Jenniferberg,West Vanessa,1439.7,3.21,538.75,2024-08-28
10965,120,Ramseyfort,Frankfurt,1066.4,1.67,151.33,2023-07-22
10966,359,New Rebeccaburgh,Careyhaven,66.7,23.65,156.79,2024-03-03
10967,233,Josebury,New Christopher,2495.7,21.4,4335.2,2023-03-08
10968,325,Lake Joshualand,South Virginiatown,572.0,21.01,1005.59,2023-11-20
10969,3,North Summerstad,New Jennifermouth,1664.5,3.0,559.25,2024-05-19
10970,88,Evansview,Lake Elizabeth,289.4,22.15,450.38,2023-01-07
10971,283,Burtonhaven,North Lori,1063.6,2.84,319.95,2023-07-21
10972,487,Leonardborough,West Michaeltown,1560.6,4.79,826.43,2024-12-21
10973,1,Davidsonport,North Dennis,1828.6,22.51,2102.9,2023-10-02
10974,139,Torresberg,Beverlystad,1069.0,6.01,492.7,2023-07-28
10975,28,Frederickshire,Port Justin,2123.9,15.25,3720.18,2023-04-23
10976,500,Port Danielleshire,West Ericstad,469.1,16.61,856.02,2023-04-17
10977,22,Jesseshire,East Jenniferfort,2377.8,6.99,1462.2,2024-02-18
10978,425,South Troyberg,Johnview,2094.6,20.89,2443.44,2024-11-02
10979,17,Barryborough,South April,1414.9,21.48,3634.07,2024-08-13
10980,162,Manuelbury,West Alanshire,2394.3,9.14,1221.2,2024-10-24
10981,293,Brooksmouth,West Tracy,1878.6,23.15,4329.01,2024-03-06
10982,493,Kristenberg,Annettehaven,2362.1,15.67,4211.9,2023-05-10
10983,494,Bakertown,Port Jacquelineshire,2306.5,16.05,2001.57,2023-12-31
10984,410,Samueltown,Port Kristyport,420.2,10.75,472.64,2023-11-27
10985,388,Lake Jimmy,Smithport,2227.3,21.7,5112.04,2023-08-03
10986,26,Mistystad,Lake Bradleystad,1261.3,12.63,1283.84,2023-02-24
10987,457,South Tonymouth,Crosbyhaven,2126.0,7.16,1296.47,2024-08-29
10988,5,Millerberg,Port Nathan,864.1,4.59,329.41,2024-10-12
10989,443,Grayburgh,Salazarshire,2101.6,5.06,762.18,2024-11-25
10990,135,New Rachelbury,East Paul,689.3,2.37,149.23,2023-03-08
10991,57,West Jacob,Lewismouth,1674.2,17.61,2330.67,2024-08-21
10992,133,Lake Connieville,Goodmanside,1961.9,19.24,2779.15,2023-02-17
10993,398,Rosebury,Lake Jennifer,2205.5,18.73,2526.26,2024-04-16
10994,286,North Roger,Amandaview,1272.5,20.04,1810.76,2023-04-15
10995,494,Port Stephaniefort,West Anatown,2077.0,3.33,372.7,2024-11-29
10996,344,South Lauraport,Williamston,1413.0,23.73,3008.58,2023-06-17
10997,22,Willieburgh,Kennethland,1974.9,8.93,2005.8,2024-04-26
10998,196,Port Johnshire,Higginstown,1413.8,10.64,1529.27,2024-05-03
10999,139,Port Rachel,West Melissashire,2133.2,8.83,1003.3,2024-12-09
11000,143,Port Lancechester,North Seanfurt,1848.6,3.19,418.28,2023-10-27
11001,393,Port Stacey,South Mary,1879.2,15.98,3444.55,2023-07-24
11002,10,Jacobbury,Lake Edgar,405.1,10.71,457.15,2023-03-23
11003,23,Michelleshire,Danielstad,1348.6,2.45,245.35,2024-07-10
11004,343,Codyburgh,Anthonyfort,208.8,20.66,284.34,2023-07-06
11005,91,Lake Randall,Jenkinsstad,1303.9,10.96,1485.72,2023-09-01
11006,228,Joannaborough,North Jeffreytown,1056.2,7.05,694.13,2024-06-20
11007,372,Nielsenmouth,Phillipsland,155.4,4.43,37.45,2024-04-28
11008,448,Geraldburgh,Davidton,1430.4,13.12,1325.63,2024-04-17
11009,338,East Jean,South Paigebury,2270.9,1.13,303.6,2023-08-30
11010,220,Anthonyview,Danielsfort,1370.5,11.54,802.52,2023-02-16
11011,185,West Joyce,Parkborough,1360.4,22.64,2014.2,2024-01-16
11012,306,Rodneymouth,Lake Ryan,1463.1,4.7,792.4,2024-07-23
11013,378,Christineside,Port Matthew,1883.2,19.88,2897.72,2024-07-29
11014,444,New Carolinemouth,Housemouth,306.7,2.14,44.38,2024-07-24
11015,408,Sullivanchester,West Candice,1174.5,3.0,185.49,2024-10-08
11016,446,Henryport,Shannonport,1261.1,1.33,164.62,2024-08-29
11017,381,Port Laurenborough,Mcintyreton,1170.0,19.19,1296.88,2023-07-25
11018,468,Williamsport,Adamland,1365.4,1.14,175.8,2024-02-14
11019,499,Christopherport,Escobarmouth,1209.5,7.01,724.78,2024-03-10
11020,321,Danielsport,Patrickhaven,950.9,11.96,650.35,2023-06-01
11021,222,Lake Maryport,Lake Christopher,1098.3,12.6,1466.06,2024-04-15
11022,372,Woodtown,Port Donna,1098.3,4.15,257.36,2023-10-24
11023,120,New Jamesside,New Michael,440.3,20.86,814.92,2023-03-25
11024,6,Williamsonfort,Lake Karen,783.5,21.74,1160.41,2023-05-29
11025,186,Morenohaven,North Brendachester,2379.2,15.2,2190.56,2024-08-09
11026,319,East James,Davidville,438.2,23.85,1067.81,2024-12-09
11027,425,West John,Nicoleview,1238.9,6.33,624.22,2023-03-19
11028,28,Josephport,Port Stephenberg,1186.5,24.35,3032.43,2024-11-16
11029,352,Port Charlesville,West Brenda,2243.5,17.27,2214.6,2024-08-11
11030,138,Calhounmouth,Robertville,1937.4,9.29,1635.7,2024-11-24
11031,396,Lake Michael,North Brandifurt,2029.9,17.51,3339.8,2023-06-14
11032,441,East Beth,Mcmillanstad,1008.1,18.63,1640.29,2024-12-13
11033,85,Gordonfort,Higginsfurt,1371.8,3.17,421.74,2024-01-05
11034,273,South Marie,Wardview,888.5,10.72,562.28,2023-03-21
11035,287,West Jessica,North Bruceshire,579.6,3.3,97.58,2024-06-21
11036,337,North Marialand,Port Crystalchester,1372.3,4.57,529.07,2023-11-15
11037,333,North Robert,Millerburgh,144.3,2.68,30.26,2023-11-13
11038,368,North Christophermouth,Michaelhaven,462.6,2.13,94.36,2024-08-10
11039,475,West Sean,North Brian,640.3,2.49,180.33,2024-05-16
11040,55,South Brettbury,Lake Vanessamouth,875.8,9.44,924.32,2023-03-03
11041,386,Walkerton,Wilsonview,829.2,10.39,972.94,2024-03-29
11042,294,Michaelshire,Robinbury,238.4,17.93,259.11,2023-09-12
11043,441,East Debbie,Reynoldsmouth,1044.4,20.32,1576.92,2024-09-02
11044,439,North Timothyton,Robertport,1021.6,21.96,1424.59,2023-02-03
11045,442,West Markside,Travisview,2467.8,4.19,777.39,2024-04-10
11046,415,West Charles,North Joshuastad,970.5,12.72,1417.54,2024-05-04
11047,142,West Williamside,Jeffreyfurt,198.5,4.56,65.93,2024-07-06
11048,468,Levystad,Harveyview,931.0,20.32,2262.43,2023-09-14
11049,225,North Edward,North Stephenport,98.1,15.75,79.24,2023-07-25
11050,422,Rodriguezhaven,Calebtown,1419.9,23.35,3559.37,2023-09-16
11051,467,Benjaminhaven,Port Larry,2398.6,16.59,3546.3,2023-10-18
11052,326,Colemanside,West Kevin,287.4,21.16,693.48,2024-05-12
11053,27,North Justin,Johnsonfort,2227.5,22.41,5132.94,2023-06-23
11054,150,New Maryport,New Hannah,1617.3,11.49,1348.79,2024-01-05
11055,124,Mariamouth,Scottstad,1312.4,24.82,3835.11,2024-04-23
11056,119,Kennethfurt,Bakerview,2136.5,19.13,4303.94,2023-01-02
11057,32,Jasonbury,Castilloberg,2388.9,19.16,3174.96,2024-05-21
11058,366,Thompsonfort,Jessicaberg,601.6,20.49,1338.17,2023-06-04
11059,437,Port Thomas,Billland,1064.5,18.01,1776.17,2024-05-07
11060,142,Port Scottfort,East Dustin,2381.7,12.92,1620.76,2024-01-04
11061,191,Rodriguezhaven,West Ianton,1434.8,21.38,2059.84,2023-05-30
11062,453,Sandovalbury,Jenniferborough,1578.4,1.13,124.47,2023-04-12
11063,162,South Courtney,Moorestad,1546.0,2.22,371.09,2023-11-14
11064,241,Lake Mary,Davidbury,1881.6,20.71,2105.75,2023-04-28
11065,13,Stevensmouth,Port Haley,86.2,12.73,95.56,2023-04-23
11066,59,South Erica,South Michaelhaven,441.5,11.93,360.28,2024-02-08
11067,25,South Kathleenborough,Port Coreytown,2494.6,1.11,321.44,2024-08-02
11068,438,Lake Maryport,Port Jaketon,835.6,16.13,721.02,2024-11-19
11069,168,Smithberg,Holmesstad,339.8,15.96,623.3,2023-06-02
11070,463,Kleinhaven,Brandyfort,2293.1,8.88,1705.46,2024-09-09
11071,93,Kristyburgh,Port Bradleyshire,1378.2,19.6,2375.38,2023-10-05
11072,85,New Cassandrabury,Perezstad,1237.6,1.58,119.66,2023-06-13
11073,177,North Jeremy,Zacharychester,1278.4,19.82,2055.13,2023-05-25
11074,72,Hunterstad,East Marymouth,821.1,5.41,337.3,2023-05-17
11075,190,West Traceyside,Delgadoville,2407.0,9.66,1682.77,2024-05-05
11076,130,South Dorothyberg,North Brandonburgh,2251.0,3.81,626.61,2023-02-07
11077,262,New Paul,South Jamesville,1196.9,3.2,308.86,2023-03-22
11078,7,Robertfurt,West Nicoleton,1211.3,19.26,2431.58,2023-05-23
11079,319,North Joseph,East Josephshire,1812.9,3.93,846.68,2023-10-26
11080,137,Port Tina,Graceville,1878.1,3.89,636.64,2024-05-30
11081,421,Wilcoxville,West Davidborough,265.1,1.59,43.17,2024-12-12
11082,480,New Denise,Christopherstad,759.3,4.05,362.08,2023-04-06
11083,22,South Timothy,Kellystad,2070.8,12.82,2501.76,2024-05-07
11084,170,West John,Port Theresa,2445.0,18.64,3470.87,2024-09-20
11085,111,West Michelle,Heathermouth,1098.2,15.49,1848.26,2023-07-26
11086,320,Thomasburgh,Mackenzieburgh,2015.4,4.7,743.6,2023-10-05
11087,458,Barretthaven,Murphyhaven,406.2,19.58,710.42,2024-04-06
11088,239,New David,East Reneeberg,2297.6,7.37,1114.7,2024-03-11
11089,78,Amyberg,West Madison,2101.5,5.87,1106.7,2023-07-28
11090,25,South Morganberg,New Jerryside,1702.2,5.28,577.51,2023-06-25
11091,211,Hannahchester,Lake Andrewchester,969.9,2.23,170.64,2024-02-05
11092,425,South Lauren,Chelseaport,2037.4,11.53,1419.1,2023-05-13
11093,313,Barryview,West Patricia,2041.9,3.95,672.69,2023-01-10
11094,161,Matthewberg,Sanfordstad,2121.0,15.78,1994.21,2024-10-22
11095,458,East Angela,New Heatherburgh,1361.2,20.54,2508.61,2024-04-01
11096,221,Jillianville,Nathanborough,1104.1,14.89,1822.78,2023-03-30
11097,355,Kathyshire,Baileybury,778.8,24.23,1405.77,2024-03-07
11098,496,Stevenborough,Mccannshire,527.6,16.79,1001.7,2024-02-10
11099,144,South Jill,Benderville,822.0,24.26,2358.04,2024-09-27
11100,189,North Jennifer,Wolfville,963.4,11.1,1104.07,2024-12-13
11101,56,Judyhaven,Diaztown,127.7,14.03,129.67,2024-10-12
11102,335,Jasminehaven,Brownside,2294.6,10.16,1545.42,2024-11-21
11103,282,New Danielle,North Alexanderchester,2326.3,3.59,679.32,2023-12-14
11104,123,Hillstad,Arthurchester,1468.4,22.06,3390.69,2023-12-30
11105,5,Port Brian,New Scottberg,2440.5,19.23,2769.43,2023-02-04
11106,417,Juliemouth,Lake Sabrinaton,738.9,20.45,977.85,2024-11-24
11107,123,New Alexis,West Robert,593.9,13.44,751.86,2023-09-29
11108,75,East Kelly,Port Melissaborough,303.9,14.68,224.33,2023-01-23
11109,79,Riddlebury,New Vincentmouth,844.8,15.65,1321.58,2023-01-21
11110,159,Julieburgh,Port Sandra,1264.4,7.2,470.64,2024-05-14
11111,476,Port Thomas,Wolfbury,650.6,21.04,1563.01,2023-08-29
11112,416,Cynthiaton,Burtonborough,979.9,13.36,1082.81,2024-01-25
11113,83,Petersonfort,Kington,1274.1,4.67,315.34,2024-07-09
11114,215,Lake Antonioview,New Monica,1187.1,12.44,1261.69,2023-03-05
11115,183,Port Christopherbury,Aprilstad,2383.3,5.86,1190.51,2024-12-23
11116,30,Ralphton,West James,552.6,24.89,874.04,2023-03-22
11117,76,Meaganhaven,Bernardview,2115.7,19.59,4904.25,2023-01-10
11118,236,Lake Ashleyview,North Reneemouth,543.1,22.19,638.98,2023-08-26
11119,278,Andrewmouth,Jonathanberg,122.4,15.61,228.37,2023-08-16
11120,352,Lake Brian,East Markville,465.8,12.14,302.68,2023-09-01
11121,203,Port Diane,Adrianside,1193.4,3.38,397.19,2024-12-10
11122,321,New Diane,Bellside,389.6,1.08,35.97,2024-04-08
11123,430,Zunigaton,Beckerchester,2196.8,16.75,4161.22,2024-05-02
11124,352,Jameschester,Leefort,510.9,12.05,710.54,2024-08-21
11125,217,East Thomasside,Davidsonborough,476.0,16.57,431.92,2023-09-01
11126,194,Martinville,Williammouth,1383.9,14.78,1038.84,2024-11-01
11127,259,Marvinhaven,Rachelshire,1948.8,22.57,4827.13,2023-12-22
11128,82,South Nicholasfort,Lake Joshua,1718.3,13.57,2594.45,2023-04-03
11129,84,Carterburgh,New Carrieport,1241.5,2.13,266.78,2024-08-06
11130,166,West Morgantown,Williamsfort,955.2,14.06,921.82,2023-06-02
11131,39,East Danielleberg,West Catherine,1283.8,1.56,176.67,2023-03-25
11132,147,New Tammyfurt,New Tammytown,1710.2,15.32,1597.56,2023-10-10
11133,310,Thompsonshire,Port Melindabury,297.1,15.67,488.99,2023-06-29
11134,32,Melissaton,Huntberg,1135.0,6.21,372.79,2023-05-04
11135,317,North Erin,Port Megan,1351.4,7.35,1000.65,2023-11-18
11136,133,New Lauraton,Lake Natashaberg,1387.9,21.41,3326.65,2023-07-20
11137,294,Brianaville,Walkerview,680.7,13.74,766.22,2024-10-25
11138,460,Lake Stephanie,Lake Daniel,159.1,20.68,382.27,2023-09-19
11139,461,Amberville,New Amandaville,2363.5,6.92,1109.69,2023-10-18
11140,235,North Julie,Edwardmouth,2000.0,13.94,3185.45,2023-02-03
11141,94,West Jonathan,New Danaport,2294.2,16.23,2870.15,2023-01-16
11142,353,Lake Kevinhaven,South Peggystad,294.9,2.69,94.96,2024-08-19
11143,213,Susanton,Kathrynstad,122.4,17.88,223.97,2023-10-06
11144,453,Angelaport,Lesliefurt,779.2,8.68,641.16,2024-06-03
11145,328,Diazfort,Port Jasmin,1466.0,16.25,1697.56,2023-08-10
11146,432,West Daniel,Lake Ryanside,109.5,12.97,126.26,2023-03-12
11147,500,Joshuabury,Michellefort,1771.6,11.68,1285.17,2024-02-04
11148,124,Jeffreyland,Angelatown,1623.9,9.03,1679.56,2024-08-10
11149,448,North Tammyfurt,East Sheena,1125.1,4.04,461.12,2024-02-13
11150,459,East Christine,Holdershire,1338.4,12.92,1212.41,2023-06-28
11151,277,North Albert,South Chloefurt,246.7,19.88,355.09,2024-07-29
11152,226,Seanmouth,North Joanville,2378.6,3.36,753.03,2024-10-20
11153,499,Bakerland,South Bobmouth,540.7,2.87,166.51,2024-07-29
11154,199,North Victoria,Richardchester,2427.6,21.18,4977.43,2023-05-02
11155,142,New Marissamouth,West William,2456.4,7.48,1682.94,2023-05-02
11156,57,Jamesland,Hamiltonmouth,2415.4,7.05,1085.53,2024-08-20
11157,370,South Alexis,New Jasonstad,1267.1,14.07,1452.47,2023-02-18
11158,245,East Stevenhaven,North Sarahhaven,2027.6,9.44,2114.68,2024-06-07
11159,423,Kristenchester,Lauraport,1050.8,4.24,387.4,2024-08-14
11160,367,South Michael,West Jason,84.4,22.85,166.74,2024-05-06
11161,59,South Nancyberg,Jessicaberg,2293.0,7.07,825.96,2023-08-27
11162,198,Patrickland,East Miguelport,863.5,11.78,797.89,2024-03-13
11163,262,West Justinmouth,Lisaland,390.3,15.4,594.2,2024-07-15
11164,65,Traceytown,East Virginiahaven,1672.4,21.22,2626.35,2024-06-26
11165,77,North Stacey,Mckeeview,824.4,9.25,837.17,2023-06-10
11166,233,North Melaniestad,Davidbury,694.5,14.49,800.37,2024-01-20
11167,238,Davidborough,Romanville,477.6,5.29,233.69,2024-06-06
11168,316,Wongland,Robinsonville,446.9,24.58,872.21,2024-01-04
11169,161,North Codyton,Emilyhaven,714.7,11.4,420.77,2023-08-25
11170,84,Lake Markfort,Williamchester,2473.2,7.23,1179.03,2024-03-20
11171,209,South Christineville,Katieton,1123.8,23.18,1728.05,2023-07-21
11172,316,Lake Cory,South Jenniferborough,1693.8,13.61,2748.6,2023-07-30
11173,385,North Ryanbury,North Jerry,380.6,5.87,195.59,2023-08-01
11174,332,Port Thomas,Jonesshire,1534.3,10.37,968.32,2023-06-12
11175,216,Joseside,West Amy,2208.9,11.16,2097.08,2024-02-29
11176,45,Debrahaven,Jamesberg,507.5,10.89,442.97,2024-01-16
11177,138,South Michellestad,Port Nancychester,198.0,9.65,145.41,2023-07-28
11178,103,Fowlerport,Lyonsport,1621.5,2.24,413.97,2023-08-15
11179,427,Port Brianview,East Johnton,1252.0,23.23,2891.6,2024-07-20
11180,119,Stevenburgh,Taylorfurt,1941.5,4.86,567.99,2024-03-17
11181,27,North Matthew,Watersland,1585.9,1.1,135.92,2024-10-03
11182,442,Robertsbury,Markville,1837.9,4.57,671.57,2023-10-01
11183,300,Scottbury,North Tanyafurt,749.2,10.37,838.74,2023-06-24
11184,19,Karaberg,Gonzalesburgh,2008.5,2.81,521.16,2024-09-14
11185,306,West Diana,North Kyleburgh,1438.1,21.57,1564.79,2023-08-28
11186,304,North Kristenburgh,Jensenfort,310.6,10.41,350.55,2023-12-16
11187,479,Nicholeberg,South Rayshire,2188.9,8.41,2135.29,2024-09-09
11188,454,Robertchester,Jaredview,1814.6,1.93,198.66,2023-01-26
11189,336,Gallagherchester,Mcfarlandmouth,1321.4,7.45,767.96,2023-07-31
11190,389,Port Lesliefurt,South Tracytown,1851.2,12.78,1676.62,2024-05-16
11191,467,East Tammyside,North Douglasborough,1644.5,4.75,840.18,2023-01-14
11192,175,North Alexishaven,Lake Dawn,1634.4,5.34,872.65,2023-02-23
11193,458,East Larry,Morganport,1679.8,14.2,2038.28,2024-06-25
11194,256,East Annachester,Lake Jim,1171.5,23.34,1745.17,2023-12-14
11195,204,Ronaldshire,Brownchester,1945.6,5.76,645.85,2023-09-15
11196,454,Shaneshire,Matthewhaven,965.1,19.58,1473.76,2024-02-03
11197,273,West Karen,New Kimberlybury,309.7,18.99,318.4,2024-02-27
11198,443,Lake Jennifer,Holmesshire,1713.0,10.7,2081.04,2024-11-01
11199,468,East Meredith,West Melvin,339.0,12.87,283.32,2024-12-29
11200,487,Griffinhaven,Hernandezchester,669.4,16.34,820.7,2023-12-19
11201,235,Port Elizabeth,Turnerside,105.0,7.47,47.33,2024-03-28
11202,159,Sanchezhaven,Cynthiastad,2485.2,22.8,3853.42,2024-05-28
11203,212,South Henry,Aliciashire,2088.5,16.51,3565.18,2023-09-03
11204,469,East Kevintown,Lake Toni,879.2,23.02,1966.42,2023-07-05
11205,146,South Elizabethfort,Millerton,922.5,21.34,2325.34,2023-11-06
11206,41,East Deborahton,Nielsenview,1272.8,12.77,1779.52,2023-10-30
11207,192,North Karinaburgh,South Jamesside,250.1,10.87,165.8,2024-04-08
11208,430,West Brandonfort,Joannaland,1767.7,22.05,2473.42,2023-06-27
11209,256,East Jeremystad,New Claudia,2456.7,23.89,5142.7,2023-11-24
11210,253,East Melissa,Travismouth,891.2,15.39,1550.11,2024-08-14
11211,31,Rachaelstad,West Denise,2311.4,14.53,3416.04,2024-12-08
11212,166,Georgefort,Whiteview,687.8,2.67,136.08,2023-12-19
11213,402,New Jeff,Jasonbury,450.9,19.94,782.74,2024-12-23
11214,413,Cristianview,Schaeferfort,2109.3,4.95,688.99,2024-04-22
11215,374,Barkerbury,Sarahbury,2162.5,10.58,2651.7,2024-02-11
11216,495,Josephborough,Longhaven,615.9,22.85,946.1,2024-06-10
11217,361,New Jenniferburgh,New Petermouth,2490.9,15.47,3261.94,2024-05-11
11218,117,North Roger,Erinside,734.2,16.44,846.23,2024-11-21
11219,159,Sergioside,Jasonmouth,1950.5,24.41,4357.42,2024-12-26
11220,471,Adrianton,Brownmouth,895.4,11.96,856.73,2023-09-13
11221,450,Hernandezmouth,New Raven,2292.2,17.64,4092.05,2024-06-05
11222,242,Randallland,Brandimouth,1783.1,8.08,1584.44,2024-11-10
11223,392,New David,West Christopherchester,2360.6,4.11,917.24,2023-08-22
11224,77,Clinehaven,Weeksmouth,1013.7,7.57,716.92,2023-10-11
11225,109,East Paul,Ritashire,1978.4,19.94,4196.73,2023-07-10
11226,6,East Madison,New Deborah,1670.7,8.1,1209.88,2024-04-06
11227,446,North Pamela,Gregorytown,1054.7,16.07,1787.39,2024-10-22
11228,287,West Reneechester,Schultzberg,232.5,1.77,37.06,2024-05-26
11229,85,West Lindsey,New Joshuamouth,764.4,24.62,1749.32,2024-09-26
11230,133,Carterhaven,South Lorihaven,1468.4,6.94,780.09,2024-07-30
11231,183,Hickmanview,Lake Linda,371.3,4.09,89.39,2023-08-25
11232,397,West Ryan,West Charles,1289.5,24.05,2570.57,2023-08-17
11233,146,Russellstad,Karenville,173.3,23.07,414.42,2024-11-30
11234,187,Lake Tamiview,North Matthew,1313.5,2.71,263.29,2023-04-26
11235,393,Jasonton,New Kevinmouth,1200.5,14.75,995.18,2024-08-07
11236,136,West Danielport,Stephenstad,2129.1,13.69,1989.98,2023-08-10
11237,493,East Brittany,West Danielleview,1712.4,9.42,1234.38,2024-09-22
11238,147,Smithmouth,Port Amberland,336.6,4.54,158.84,2024-08-23
11239,446,Ryanstad,Lake Aaron,551.2,7.37,219.01,2023-05-24
11240,213,Lake Madison,Matthewberg,1195.1,1.64,203.94,2024-07-14
11241,123,Seanburgh,North Jonathan,2140.6,6.19,1534.38,2023-02-23
11242,166,Mccoystad,Ashleyhaven,1497.8,15.65,1651.91,2024-03-03
11243,470,East Angelaberg,Rogersshire,2335.7,13.96,3418.43,2023-07-22
11244,242,New Joanmouth,Morrisonberg,710.2,8.83,322.57,2024-07-01
11245,80,New Stacy,West Dennis,562.7,17.58,1071.26,2023-02-09
11246,37,Bennettfort,Patrickchester,1331.5,2.76,209.67,2024-01-30
11247,498,Lake Craig,Davidville,497.1,8.41,253.57,2024-01-02
11248,394,Laurenfurt,Christophertown,1667.0,2.89,327.22,2024-10-18
11249,393,Dawsonville,Shellyberg,1264.7,14.29,1641.96,2023-12-28
11250,30,West Antonio,Port Phillip,1187.8,24.32,1549.21,2023-01-20
11251,190,South Thomashaven,Kylechester,956.3,1.68,83.16,2023-11-15
11252,478,North Lisastad,Lake Timothy,2370.2,18.32,4111.73,2023-07-23
11253,208,Lake Omarside,North Carol,368.9,17.05,396.16,2023-01-05
11254,391,East Stephanieport,Anthonyfurt,489.3,7.13,334.83,2024-04-16
11255,232,Amandaview,Autumnshire,2199.7,5.85,1028.42,2023-05-20
11256,269,Port Michaelmouth,Lake Melissafort,424.7,23.99,863.2,2024-02-24
11257,263,West Brett,New Traviston,178.8,18.73,176.84,2023-07-29
11258,124,North Robert,West Zachary,1572.7,19.99,3437.46,2024-11-14
11259,340,East Kevin,Leeland,1130.3,23.19,2225.71,2023-06-07
11260,318,North Jason,Castilloport,855.6,17.81,1457.14,2023-10-12
11261,200,Hodgeview,Zacharytown,1492.8,11.43,1849.65,2023-03-15
11262,186,Jonesside,Mathewfurt,1436.0,3.61,447.6,2024-09-02
11263,301,Michaelfurt,South Lisaburgh,728.9,3.58,254.48,2024-02-09
11264,186,Melindaview,Port Kimberly,1386.1,6.39,757.16,2024-12-18
11265,270,Lake Jesse,Lake Jenniferview,1158.3,18.24,1897.43,2024-03-04
11266,10,Port Jennifermouth,Port Maryborough,455.7,20.41,948.37,2023-08-10
11267,162,Gibsonshire,Greenetown,296.5,20.28,448.77,2024-08-04
11268,476,Bowenfort,West Ashleyton,1528.0,14.85,1398.12,2023-01-21
11269,380,East Jill,Gonzalezburgh,745.9,21.45,1408.56,2023-06-19
11270,170,Stephanieville,Kimhaven,2485.1,23.99,4487.9,2024-09-10
11271,500,Huffmanville,New Andrew,1849.7,5.63,669.97,2023-06-11
11272,37,Melissaton,Jonathanview,1636.6,14.78,2520.11,2024-03-05
11273,254,Port Dylanhaven,South James,1992.8,6.12,864.85,2023-02-03
11274,426,Edwardberg,Zacharymouth,857.2,10.19,475.61,2023-10-13
11275,185,Morrismouth,East Emilyview,1086.4,3.27,293.21,2023-02-09
11276,411,Edwardshire,West Zacharyside,1594.6,4.42,748.4,2023-07-27
11277,218,Kennethton,Ginaton,100.0,2.04,17.32,2024-11-19
11278,455,Christopherchester,Alexisberg,803.8,15.66,1125.49,2024-12-01
11279,445,West Victoria,North Shawnbury,2050.2,13.52,3161.8,2024-08-20
11280,62,North Allison,East Michael,2200.8,2.35,260.4,2023-12-13
11281,460,Zunigaview,Aliciachester,1609.4,23.62,2505.56,2023-07-26
11282,99,Maryfurt,East Johntown,1647.0,21.99,3802.49,2023-06-03
11283,111,East Robertmouth,Port Diane,284.1,17.8,369.99,2024-01-15
11284,307,New Michelleside,Port Jimmyville,2223.5,21.03,3591.9,2023-02-02
11285,295,Christinefort,South Crystalberg,560.1,18.52,858.23,2023-08-14
11286,474,West Ashleyport,North Davidview,2271.8,17.41,3940.34,2023-08-15
11287,198,Wrightshire,Desireeshire,2390.5,7.89,2055.44,2024-03-14
11288,347,Clementston,Higginsshire,1948.0,5.3,1174.48,2024-06-05
11289,383,Jordanton,Port Andrewhaven,1547.0,8.61,748.82,2023-10-22
11290,407,Allenton,West Dianaborough,2210.3,4.92,741.77,2023-01-19
11291,14,Donaldside,West Annafort,555.7,12.81,784.08,2023-08-04
11292,50,Port Briana,New Anthonyville,1139.0,11.71,846.9,2024-02-12
11293,312,East Carolynburgh,Port Erikabury,810.7,16.62,910.52,2023-12-17
11294,362,Port Dennis,New Dannyshire,705.8,19.79,810.87,2024-09-26
11295,348,Port Kennethside,South Tracy,1433.0,16.83,1738.63,2024-09-15
11296,197,Port Nancy,Sextonfort,1458.0,24.33,3667.95,2024-09-24
11297,143,Cassidymouth,Richardburgh,480.7,7.3,225.2,2023-02-24
11298,425,South Chelseaside,Nicoletown,65.5,14.79,111.65,2023-03-03
11299,39,Mayoborough,Maryfurt,395.7,12.84,588.8,2023-06-04
11300,341,East Erin,Paulstad,2117.3,11.81,2866.66,2023-10-20
11301,228,Port Amber,Jimenezberg,1608.6,13.67,1108.0,2024-09-15
11302,80,Thomaston,Sethborough,194.0,17.17,375.4,2024-07-26
11303,16,Cruztown,New Amy,906.5,16.51,872.55,2024-12-11
11304,232,New Kathryn,North Davidview,2347.4,3.15,644.69,2023-10-13
11305,54,Brownland,East Maria,369.9,1.45,40.15,2024-09-18
11306,220,West Melissahaven,Marystad,721.0,20.89,1146.65,2024-03-10
11307,207,North Aaronstad,Drakeberg,2380.6,2.85,533.09,2024-07-27
11308,496,Nicholsland,Paulhaven,1834.1,17.47,3387.9,2024-06-28
11309,121,Cummingsburgh,South Garyshire,276.0,8.99,248.49,2024-02-04
11310,95,Gomezfort,Port Nancy,716.7,1.04,41.5,2023-04-16
11311,356,Jonathanborough,South Seanport,1010.9,9.93,820.65,2023-07-16
11312,434,North Kelly,Lisaton,795.0,9.88,856.87,2023-07-22
11313,235,Jacobsmouth,Campbellville,1935.9,23.27,3396.32,2023-08-27
11314,245,Lake Marymouth,Jameschester,2211.9,18.4,3709.97,2023-09-26
11315,173,Holderstad,Port Melissa,1225.3,8.22,1042.61,2024-11-12
11316,406,Lovechester,Jonathanview,56.7,13.47,71.03,2024-03-07
11317,28,Carlyfort,Cowanmouth,1893.2,18.44,2335.21,2023-05-09
11318,390,Patrickville,New Jordan,1549.3,8.13,1399.04,2024-01-12
11319,326,Lake Susantown,New Elizabeth,1771.5,3.81,669.6,2024-11-07
11320,193,East Andrewfort,North Stephanie,107.4,11.04,67.39,2024-08-28
11321,460,Salasstad,Port Michaelstad,2379.4,9.03,2352.36,2023-10-11
11322,165,North Jose,Gayberg,1184.0,21.07,2627.81,2024-05-07
11323,279,North Robertochester,Peterchester,549.4,22.0,855.06,2024-12-27
11324,36,Guerraton,Pricetown,1511.2,23.82,3587.22,2023-07-01
11325,104,Dennisberg,Lake Nancy,1605.6,20.97,2034.49,2023-12-03
11326,58,Kristenhaven,Tamarabury,202.9,14.81,286.83,2023-05-23
11327,432,Davidport,Johnstonport,911.5,2.35,123.83,2024-03-07
11328,28,Anthonyside,South Rileyville,173.7,10.55,142.59,2024-01-08
11329,170,Lake Karatown,West Paul,589.6,21.34,1033.93,2023-06-28
11330,337,Carolview,East Sarah,1461.6,7.46,636.48,2023-03-08
11331,227,Port Denisemouth,Glovermouth,2107.6,16.35,3365.76,2023-04-02
11332,295,Clarkbury,West Jennifer,1541.5,17.19,1517.66,2024-12-17
11333,477,South Lauraton,Port Tanner,2447.9,10.9,1394.4,2023-03-14
11334,139,West Jessica,Sanchezhaven,1573.7,17.15,2387.59,2024-03-15
11335,77,Dunnfort,South Desireemouth,1558.9,20.86,3590.38,2024-08-08
11336,263,East Lisaview,New Brianna,1532.5,23.32,2334.73,2024-08-14
11337,365,Port Ricardoland,Matthewhaven,1690.4,12.76,1859.19,2023-04-20
11338,465,New Jason,Valenciaburgh,1199.3,21.39,2250.82,2024-03-29
11339,179,East Michelle,Nicholasstad,1286.6,7.14,598.73,2024-07-15
11340,276,Sarahville,South Dawn,1573.2,24.67,3953.15,2023-03-05
11341,130,Codytown,Washingtonhaven,1732.1,24.91,3507.36,2024-08-29
11342,7,West Omar,Heatherton,2305.5,5.5,1251.82,2023-10-03
11343,226,New Katieland,North Kathyhaven,2188.1,23.68,4657.66,2023-08-16
11344,171,East Kelseyville,West Brenda,208.8,8.79,154.48,2024-12-03
11345,100,West Brendan,West Kelly,1496.5,9.52,827.68,2023-07-27
11346,232,North Joseph,Lake Meganport,2137.5,20.24,2817.53,2023-11-26
11347,428,New Bradleyshire,Julieshire,2151.8,18.44,2227.96,2024-10-28
11348,496,West Jimmy,North Nicholas,852.4,11.71,1010.45,2023-10-11
11349,274,Williamsmouth,Port Sarah,212.0,1.43,18.54,2023-11-25
11350,158,East Rebecca,Port Frank,497.2,8.05,433.3,2023-11-22
11351,416,Alexanderstad,East Tonyaview,2348.6,16.42,4175.58,2024-10-29
11352,216,North Laura,Jerryside,2042.1,16.38,2724.69,2023-11-29
11353,328,Maryshire,Hendersonville,1990.7,2.34,323.74,2024-04-26
11354,55,Ramirezhaven,Harringtonchester,460.8,20.45,614.06,2024-04-14
11355,241,Ashleyborough,Ethanbury,965.6,14.68,1342.49,2023-12-04
11356,452,Timothyville,North Deborah,2459.3,3.06,493.59,2024-02-10
11357,263,Gilmoreville,New Devonbury,1651.5,15.67,1954.39,2023-05-05
11358,298,Seanfort,New Jesse,1831.5,18.02,2530.87,2024-08-07
11359,305,Kathrynton,Port Mariaburgh,2018.2,1.63,372.35,2023-05-26
11360,307,Hopkinsville,Huangfort,168.0,11.37,136.33,2023-05-03
11361,280,East Davidmouth,Lake Troy,691.2,19.48,1316.36,2024-10-13
11362,316,New Allisontown,Soniabury,209.0,3.36,72.5,2024-08-20
11363,454,South Pamela,Rogersland,674.6,4.74,285.16,2024-05-25
11364,38,Mariahview,East Christopher,278.2,21.77,568.2,2023-05-01
11365,432,North Richard,Gloriaport,1574.5,17.46,2209.74,2024-08-04
11366,433,Jillmouth,Jacobland,1360.5,2.3,293.06,2024-10-14
11367,217,Stonebury,North Maxwellfort,2484.0,23.97,3185.39,2024-01-06
11368,427,Port Matthew,Sarahaven,2075.8,13.54,3161.34,2023-10-04
11369,328,Mcconnellberg,Fuentesside,764.2,21.64,1323.36,2023-05-29
11370,245,Port Ryanbury,North Sandraburgh,1095.3,18.34,1139.4,2023-03-02
11371,143,Port Ralph,Johnmouth,1910.1,17.44,3613.31,2023-03-17
11372,241,New Evan,North Amyside,449.8,1.05,52.99,2024-10-24
11373,266,Tinaview,East Christian,172.9,24.26,310.23,2023-11-14
11374,348,Carterbury,Jonathanport,1872.9,9.27,1054.74,2023-07-25
11375,365,New Tylerstad,Blairfort,78.5,15.95,104.64,2023-04-01
11376,248,Rioshaven,Berrytown,1726.2,24.4,3056.21,2024-05-31
11377,31,Englishshire,West Joseph,482.8,24.96,630.78,2024-03-11
11378,267,Steinberg,North Steven,533.4,9.77,532.85,2023-05-06
11379,286,Johnsonmouth,Port Shelby,2168.9,3.22,519.1,2024-11-18
11380,159,Lake Wendychester,Carpenterville,1541.7,5.27,492.87,2024-05-27
11381,136,North John,Melissaville,1546.4,16.21,2074.99,2023-11-27
11382,495,Gonzalezport,North Michael,1630.9,3.41,383.37,2023-09-13
11383,93,South Andrewstad,West Evelynbury,2114.9,21.73,5296.71,2023-11-04
11384,43,Port Zacharyborough,Williamstown,2488.7,2.81,629.96,2023-09-16
11385,119,New Karenberg,Lake Douglas,74.6,21.66,172.39,2023-01-15
11386,75,East Madison,North Richardstad,570.0,23.37,1444.71,2024-08-08
11387,243,Garymouth,New Shawnbury,1135.5,19.05,2137.5,2023-10-27
11388,348,Garciaberg,Garrettberg,184.4,8.86,116.68,2024-03-14
11389,338,South Craig,Youngfurt,455.3,13.15,397.76,2024-05-16
11390,356,Williamsborough,Jonathanburgh,1871.7,18.79,2408.19,2024-08-18
11391,124,Lake Marcusport,East Eugenemouth,731.7,13.92,638.91,2023-08-17
11392,332,Johnmouth,Jerryport,1330.3,1.1,85.53,2023-03-12
11393,399,Denisestad,New Colleen,2151.4,12.45,2468.0,2024-07-21
11394,53,Heatherville,Teresafort,294.2,24.17,788.64,2024-07-12
11395,189,South Patricia,North Ashley,566.3,14.1,898.33,2024-09-22
11396,105,Grayberg,East Luisview,2024.7,6.96,1597.97,2023-06-02
11397,313,East Zacharystad,Maryshire,1202.9,1.33,164.89,2023-11-12
11398,86,Port Jamieberg,West Courtney,1262.7,3.82,349.09,2024-07-02
11399,113,North Cristianville,Feliciaport,2048.7,4.59,1115.69,2023-11-26
11400,50,South Tanya,South Jorge,410.7,6.63,269.32,2024-01-12
11401,248,Lake Richard,East Dustin,1860.0,14.65,2883.97,2024-08-15
11402,224,Mcleanville,New Maryfurt,1989.4,22.26,3224.44,2024-03-18
11403,115,Katieland,Port Joseph,456.2,1.16,33.77,2023-06-03
11404,439,Jessicaville,West Linda,965.8,1.3,125.13,2023-01-05
11405,23,Lake Charles,New Brandiport,1742.4,19.51,3414.05,2023-01-25
11406,314,North Joseph,Garcialand,2497.6,8.32,1793.25,2024-09-09
11407,278,Port Tammymouth,Brianberg,2236.2,2.0,492.21,2024-04-12
11408,178,Kristinaton,Kingtown,440.1,10.1,335.92,2024-08-23
11409,445,Leeburgh,Lake Bryanburgh,1327.8,18.96,2274.77,2023-08-30
11410,449,New Steven,North Stevenview,1844.7,11.84,2263.42,2023-12-04
11411,260,Jamesville,North Shellychester,1894.1,16.12,2298.64,2024-03-15
11412,269,Port Kimberlystad,Port Samanthafurt,2381.8,18.37,3353.15,2023-03-09
11413,347,Morrowfurt,Davischester,198.2,9.45,111.08,2023-08-29
11414,362,North Timothyfurt,Shawnport,382.9,4.45,109.39,2023-02-26
11415,192,South Craig,Austinville,1677.8,24.33,4880.27,2023-01-26
11416,436,Stephanieview,Mackton,2130.5,2.52,407.53,2023-08-03
11417,398,New Craigland,Richardmouth,382.4,23.59,922.91,2024-10-01
11418,464,East Stephanie,Port Stephaniemouth,576.8,8.22,268.74,2023-01-06
11419,474,South Lauren,West Ryanside,2192.3,23.49,4174.77,2024-01-14
11420,261,Lake John,Robinfurt,876.8,10.11,876.32,2023-07-28
11421,46,Kathleenbury,West Amy,1756.7,11.11,1981.51,2024-02-12
11422,276,Riosborough,North Aliceside,629.1,11.55,663.45,2024-12-21
11423,354,Marvintown,West Kristy,1207.7,13.6,1811.99,2023-08-19
11424,277,Jeffreyberg,Josephville,2429.2,8.99,1865.26,2024-03-12
11425,409,East Nathanielshire,Shannonborough,2340.8,14.22,3985.65,2023-06-26
11426,115,North Karenfurt,Lopezburgh,480.8,4.6,231.78,2024-03-23
11427,424,Port Keith,Ianborough,2461.9,21.85,4159.47,2023-09-10
11428,100,Lake Christopherburgh,Huangborough,858.7,17.51,1134.66,2023-07-06
11429,139,North Stephanie,Ramseyshire,1910.7,12.68,2499.73,2023-08-04
11430,168,Williamsside,Michaelberg,2025.8,8.97,1110.22,2023-12-20
11431,7,Ashleyfort,Elizabethstad,2320.6,4.71,675.83,2023-01-24
11432,144,Fernandofort,North Michael,1377.0,22.04,1954.05,2023-08-31
11433,410,Staffordtown,Lake Abigailbury,1940.4,20.95,3957.92,2023-03-27
11434,198,West Ashleymouth,South Sergio,2457.3,15.11,3642.63,2023-05-19
11435,287,Stricklandshire,Powellton,349.0,13.43,381.2,2023-11-30
11436,374,Lake Derekmouth,Huffmanhaven,1710.6,23.62,2145.7,2023-09-22
11437,310,West Laura,Gonzalezside,1109.7,15.22,1615.55,2024-03-03
11438,197,Jacquelineborough,North Brian,1517.1,9.16,730.76,2024-05-31
11439,78,Stephaniefurt,Lisafurt,1662.2,13.7,1965.44,2024-03-08
11440,299,North Tylerberg,South William,1560.1,2.69,252.64,2024-02-28
11441,356,Christopherstad,New Philipmouth,1314.9,18.54,1244.01,2024-02-27
11442,408,South Debbieville,Kempborough,504.6,13.16,657.92,2024-05-29
11443,334,Isabellaview,West Johnport,2007.0,19.0,2561.88,2023-04-01
11444,171,East Terryburgh,Blankenshiphaven,517.1,1.3,51.33,2024-11-16
11445,91,North Susan,Port Matthewburgh,1645.8,16.61,2161.29,2024-11-01
11446,315,Port Michael,Natashaport,824.1,1.83,136.77,2023-02-09
11447,281,New Danielchester,Erinton,785.2,4.36,247.64,2024-12-01
11448,422,Singhport,Port Nathanielhaven,1345.3,15.75,2060.75,2024-11-22
11449,264,Robertmouth,North Connor,54.1,24.19,115.67,2023-02-12
11450,16,New Jasmin,Jamiemouth,1911.3,13.46,1977.1,2023-12-14
11451,236,Harveyton,West Patrick,1336.9,3.2,482.19,2024-04-28
11452,491,South Melindahaven,Smithfort,293.7,15.3,279.54,2023-03-27
11453,499,Karentown,North Emily,550.6,10.61,392.07,2024-05-16
11454,286,West Jennifermouth,East Sharon,1064.3,1.7,172.81,2024-12-14
11455,140,New Emilyhaven,West Elizabethfurt,1672.7,7.87,1378.86,2024-06-27
11456,58,Thomasshire,Hughesberg,563.1,20.98,701.78,2024-09-18
11457,366,Karenview,Adamsburgh,2109.0,5.17,1200.72,2024-07-25
11458,109,Butlerberg,Robertmouth,1791.6,24.85,4886.54,2023-09-11
11459,483,Brianmouth,South Donald,2166.8,19.75,2809.69,2024-02-15
11460,259,North Keith,Pierceview,228.0,15.1,336.97,2024-11-28
11461,153,Rodrigueztown,North Kristi,184.3,8.31,131.52,2023-07-06
11462,241,New Christopher,Port Mariaview,1761.1,2.12,341.2,2023-09-06
11463,193,South Jamesmouth,Walkermouth,1446.5,12.72,2154.56,2023-01-27
11464,285,Mccanntown,Nicholeland,1305.9,19.89,1619.77,2024-01-27
11465,416,New Jason,East Lisaville,347.7,19.22,349.55,2023-07-05
11466,86,West Andrea,North William,1337.7,18.92,1760.24,2024-03-09
11467,117,South Bruce,East Natashafort,1516.0,18.12,2705.11,2023-10-23
11468,317,Smithview,West Kendrahaven,306.8,4.83,114.18,2024-07-18
11469,30,Amandabury,West Joshuachester,1744.8,8.42,742.14,2023-05-20
11470,251,Lake Rebecca,West Micheleland,371.3,6.1,134.32,2024-02-18
11471,158,Lake Travisview,Lake Lynnchester,1343.2,11.75,1619.04,2024-11-13
11472,439,Jeffreyview,Carrollstad,485.4,6.87,199.54,2023-09-30
11473,41,Cruzmouth,Port Jasonchester,821.1,14.07,651.96,2024-06-20
11474,213,East Clintonberg,North Toddtown,1356.0,15.66,1309.62,2023-02-09
11475,177,East Justin,South Heather,585.7,21.57,734.57,2024-07-28
11476,46,Lake David,Richardbury,369.2,11.88,488.51,2024-09-08
11477,177,Allisonland,Annettechester,1405.4,14.59,1039.14,2024-09-30
11478,461,West Adam,Adamview,601.9,23.42,723.18,2024-12-24
11479,93,Kimborough,Jameschester,2072.7,12.03,2396.63,2023-12-05
11480,327,Parkschester,Brownton,1906.5,2.55,378.17,2024-11-05
11481,39,Pettymouth,Julialand,466.2,5.68,253.32,2023-05-22
11482,16,South Haileyview,West Daniel,577.6,11.77,355.14,2023-03-09
11483,434,Mendozatown,North Johnfort,2133.9,16.66,3171.19,2024-07-07
11484,444,Sarastad,Contrerasmouth,272.9,15.32,210.47,2023-12-30
11485,43,Richardborough,Jacobburgh,2293.9,7.65,1634.26,2024-04-02
11486,480,Colemanview,Loriton,2170.0,6.67,1131.99,2023-03-24
11487,19,New Katherineton,Ramirezmouth,1190.3,4.43,444.86,2023-12-30
11488,366,North Ruthview,Hernandezshire,1600.3,7.78,664.84,2024-07-08
11489,432,Graytown,Charlesshire,1450.0,14.23,1658.38,2023-10-12
11490,180,Hernandezshire,Stacymouth,2245.3,17.56,4420.58,2023-08-24
11491,58,Hardyville,South Emily,610.3,24.05,1106.25,2024-09-17
11492,167,Jeffreyport,Lake Kaylaton,2389.1,18.05,3427.65,2024-02-03
11493,296,Port Thomas,Woodschester,2436.6,1.86,494.07,2023-05-21
11494,19,Christopherland,Port Paul,716.7,23.52,1415.54,2023-01-23
11495,374,Chelseaburgh,South Jonathan,2202.3,9.72,1182.13,2023-08-03
11496,65,Barberside,Christopherport,2371.6,3.41,529.66,2024-03-15
11497,443,Lake Sharonmouth,Carriechester,121.8,10.5,82.12,2023-11-09
11498,406,Port John,Port Daniel,2168.8,15.08,3780.14,2024-04-08
11499,48,Lindsaystad,Johnsonstad,417.1,24.41,849.57,2024-07-08
11500,349,South Kristin,East Christine,1612.4,5.84,844.6,2023-03-17
11501,26,Debrahaven,Johnsonchester,1078.0,9.1,652.89,2024-01-25
11502,265,Dawnview,Kylefort,594.6,10.21,584.41,2023-02-22
11503,114,New Benjamin,Lake Wandaton,2392.0,9.69,1609.9,2023-08-31
11504,10,West Brianshire,Ramirezfurt,1532.3,15.11,2573.5,2024-01-28
11505,53,West Anna,New Geoffreyfort,1771.3,1.66,260.76,2023-08-03
11506,23,Haleyborough,South Sheriville,1010.0,17.36,1475.8,2023-09-08
11507,332,South Kevinville,Stevenshire,276.7,8.44,201.69,2023-08-22
11508,426,Yangmouth,East Tiffany,347.1,10.39,181.69,2024-04-05
11509,325,Millerland,Moralesview,1964.9,6.4,853.83,2023-12-04
11510,262,East Meganview,West Briannahaven,2264.9,9.88,2437.99,2024-01-19
11511,199,Jonesville,Jacksonmouth,1805.7,18.43,3878.4,2024-05-30
11512,51,West Elizabethstad,Lake Joshua,2157.9,7.9,1044.9,2024-06-12
11513,11,Port Claudiaburgh,Megantown,1279.9,19.31,2818.48,2023-10-22
11514,179,North Eric,Michaelport,394.1,5.06,112.96,2023-03-12
11515,4,Port Stevenfurt,Hintonbury,307.6,13.54,479.76,2024-09-22
11516,437,New Jamie,West Spencerland,1044.6,1.38,132.0,2023-02-24
11517,176,Kingchester,East Joannfort,1242.2,9.38,954.88,2023-02-26
11518,83,West Austinberg,Lake Melissafurt,344.0,24.59,765.42,2024-10-19
11519,182,North Sharon,Kingmouth,1005.2,22.69,1895.83,2024-05-03
11520,201,Johnchester,Mackton,2015.9,7.73,881.84,2023-03-17
11521,465,New Maryfurt,Herreratown,1636.4,16.89,2685.24,2024-07-29
11522,376,Port Robinborough,East Kellytown,1312.2,23.7,3713.62,2023-01-23
11523,451,Timothyland,Lake Anitaland,1530.0,11.35,1384.87,2023-05-19
11524,328,New Vanessa,North Ellenport,1871.5,16.28,3297.06,2024-03-30
11525,455,West Shirleyfurt,South Anne,1272.6,23.96,1546.26,2024-08-17
11526,249,Craigfort,Jamieside,58.6,21.29,144.97,2023-09-12
11527,401,Teresamouth,Burketown,246.8,1.72,27.98,2024-03-16
11528,386,Christopherhaven,Braunville,1700.4,6.46,924.38,2024-03-24
11529,370,Maryton,West Tyler,773.6,7.06,573.27,2024-03-24
11530,352,South Henryburgh,Amyland,2411.4,21.65,4324.35,2024-06-18
11531,173,New Karen,Patriciahaven,2271.9,23.45,6160.65,2023-07-05
11532,189,South Robert,Lake Sierraport,583.8,21.73,956.94,2024-01-09
11533,26,Port Tanya,Lake Tyroneborough,920.1,23.97,2586.28,2023-01-28
11534,219,South Elizabethburgh,Castillofurt,405.6,15.81,328.92,2023-04-02
11535,499,Goodshire,South Katietown,1811.3,9.4,1412.03,2023-12-23
11536,416,West Jennifer,North Jennaberg,822.1,22.87,1274.72,2023-08-13
11537,212,Terryfort,East Christopher,1150.2,4.34,338.42,2024-01-28
11538,13,Millerville,Scotthaven,1591.5,1.91,318.67,2024-07-06
11539,30,West Morgan,Port Markchester,1435.5,23.57,2310.07,2024-02-04
11540,341,South Kenneth,New Elizabeth,1630.2,3.79,615.89,2023-08-05
11541,215,Sarahville,Danielland,778.0,1.99,168.02,2024-04-20
11542,402,East Cristianport,Nealshire,64.8,8.09,44.27,2023-10-23
11543,172,Reneeview,Whitetown,1098.3,5.02,415.77,2023-09-14
11544,42,Port Jessicaborough,Schaeferville,841.4,22.98,1861.07,2024-07-22
11545,96,East Melissa,Colemanberg,511.1,18.83,784.43,2024-10-12
11546,178,Gordonbury,South Victoriaport,2485.2,14.1,3978.02,2024-07-12
11547,348,Brandonview,South Rodney,783.0,2.66,158.08,2024-07-17
11548,230,Jessicachester,East Joshuachester,127.4,10.32,155.7,2023-07-17
11549,284,Caseview,Brandonshire,1554.4,9.42,1295.21,2023-11-07
11550,105,Joneshaven,East David,453.6,3.73,106.85,2024-03-13
11551,317,Sawyerberg,Port Martin,567.7,21.35,1236.31,2023-07-22
11552,492,Aliciaton,Schneiderfurt,1594.9,3.48,573.11,2024-12-13
11553,300,West Douglasland,Charleshaven,1920.0,23.85,2814.12,2023-06-26
11554,488,North Sabrina,West Jeremy,1087.0,16.86,1370.42,2023-10-27
11555,483,West Catherinemouth,East Joseph,317.3,20.49,680.71,2023-02-11
11556,429,Lake Daniel,West Brittanyview,987.8,10.28,1020.13,2024-03-10
11557,285,New Renee,Michaelberg,2359.0,12.51,2012.06,2024-12-23
11558,25,Jacksonfurt,South Danielfort,2050.7,10.18,1527.35,2024-04-01
11559,349,Port Caitlynmouth,Derekside,1409.9,23.12,1762.12,2024-09-28
11560,157,Calvinborough,New Andre,240.5,21.81,587.47,2024-12-23
11561,298,Wilsonmouth,New Amy,657.1,24.62,1901.64,2024-07-10
11562,451,Sandraborough,Johnside,1433.7,9.55,1530.68,2024-04-14
11563,62,Beckburgh,Owensland,1471.3,22.22,2812.35,2023-08-19
11564,392,Michaelton,Margaretbury,70.3,13.5,89.22,2023-06-14
11565,440,Jonesfort,Bakerchester,2090.1,7.02,1276.65,2023-04-22
11566,127,Mullinsport,Dunnmouth,425.2,17.4,442.92,2024-02-20
11567,278,Fuenteshaven,Paulbury,504.9,23.21,1298.81,2023-10-30
11568,275,West Staceyberg,New Denisemouth,1915.0,9.1,1559.83,2023-07-26
11569,406,Danahaven,East Edwin,1918.3,3.93,819.82,2023-02-07
11570,272,Brandyport,Millerstad,2143.2,1.85,295.08,2023-06-14
11571,452,Nancyport,North Brandonshire,2147.8,20.42,4561.06,2024-08-01
11572,498,Espinozaview,Duncantown,154.6,21.66,213.08,2024-03-09
11573,344,Dawsonfort,Lake Katieview,1111.0,6.26,355.03,2024-09-28
11574,462,West Warren,Gloriaton,1376.1,20.48,1856.94,2024-10-04
11575,327,New Rachel,Port Carolinemouth,1341.9,1.45,197.75,2023-01-17
11576,357,Ashleyport,Lake Calvin,1213.2,20.0,2219.5,2024-11-27
11577,63,Christopherchester,West Travis,1737.1,2.56,491.63,2023-10-25
11578,452,New Bettyville,South Christopher,1849.4,8.88,1792.07,2023-05-01
11579,249,Emilybury,North Randall,298.8,12.0,330.35,2023-08-24
11580,480,Aprilhaven,West Derek,768.4,22.87,1255.74,2023-04-05
11581,484,Santosside,Port Melissaton,1781.3,1.59,228.15,2024-05-31
11582,262,North Brian,South Marthabury,2471.4,3.79,671.2,2024-02-21
11583,330,Boyerport,East Thomas,1163.8,11.42,857.35,2024-11-30
11584,325,Lake Johnburgh,Tannerview,797.7,3.79,297.58,2024-04-06
11585,218,East Lisa,Port Stephen,827.7,20.22,1320.82,2023-08-02
11586,84,Michaelview,Port Patrick,1540.3,15.39,1951.63,2024-09-07
11587,85,South Sheila,Harrisberg,1429.8,5.32,598.07,2024-08-24
11588,486,Williamsville,Wardhaven,1804.2,6.24,1322.05,2023-06-06
11589,442,Hutchinsonstad,South Jeffreyshire,609.5,19.15,739.37,2024-08-23
11590,21,Lake Barry,Maryland,1605.0,2.89,448.42,2024-04-14
11591,413,Clementsmouth,New Andreamouth,849.8,10.73,660.9,2024-06-06
11592,351,Jordanburgh,North Sarah,2440.3,23.17,3878.15,2023-07-15
11593,204,West Brianfort,North Lisa,622.3,5.59,391.33,2023-04-05
11594,296,Bellchester,East Richard,1320.0,21.54,1720.81,2023-03-19
11595,281,Smithstad,Lawrenceside,1961.4,11.65,2439.18,2024-09-21
11596,478,Lewisport,Cookmouth,260.3,16.19,337.99,2023-12-15
11597,53,East Jared,East Anthonyhaven,917.8,18.3,941.78,2024-09-12
11598,96,New Patricia,Johnsonchester,1203.4,1.18,138.66,2023-09-14
11599,129,Robertsonburgh,East Jonathanburgh,2171.0,11.27,1634.95,2024-01-13
11600,24,East Christopher,South Nicole,1835.8,6.16,762.84,2024-09-15
11601,135,North Annhaven,Hermanton,215.1,24.28,453.26,2023-02-14
11602,346,Joshuahaven,Lake Stevenfort,522.3,2.8,108.38,2023-06-05
11603,288,Port Kelly,South Mark,1229.8,3.86,382.71,2023-06-01
11604,147,Brittanyside,Jasminehaven,400.1,3.98,91.73,2023-06-22
11605,228,New Mary,West Bradleyburgh,1180.1,23.2,1695.82,2024-06-11
11606,406,Camposchester,Moodyfurt,552.2,12.07,557.89,2024-11-14
11607,144,Adamsfurt,North Tammyshire,1887.8,18.59,2521.26,2023-10-13
11608,479,East Taylorton,Lake Jessicachester,2070.8,8.77,1351.7,2023-06-13
11609,100,New Devon,Patriciaside,1073.0,8.33,1011.7,2024-05-13
11610,274,Brianville,Lake John,207.3,3.35,53.99,2024-06-26
11611,243,Stanleymouth,Garrettview,850.7,5.23,347.79,2023-05-27
11612,332,Christopherfort,Royfurt,1610.9,1.45,205.97,2023-05-13
11613,100,Amandaview,Matthewsville,1330.6,15.51,1354.89,2024-10-01
11614,243,South Markview,Younghaven,161.1,8.16,127.19,2024-02-28
11615,192,West Frankmouth,Hinesmouth,1292.4,24.89,1842.68,2024-07-19
11616,25,Williamsport,Edwardfort,2259.8,1.23,242.0,2023-03-12
11617,36,South Michaelbury,Lake Vickie,2230.6,20.01,3058.44,2023-10-22
11618,344,Kimburgh,Norrismouth,1295.2,15.9,2112.37,2023-05-21
11619,367,Jordanville,South Robert,368.2,7.82,225.02,2023-02-24
11620,34,Aaronfort,West Belindaville,502.2,13.64,424.24,2023-07-05
11621,475,Gordonfort,Russellborough,1194.9,7.3,666.66,2024-08-04
11622,414,New Lindsey,East Jared,2351.4,14.08,2159.52,2023-08-21
11623,100,West Samuel,Singhborough,1113.1,5.84,444.2,2024-07-28
11624,467,North Ashleyhaven,Port Monica,1739.4,13.39,1474.27,2023-12-31
11625,267,Smithstad,Lisachester,377.6,4.64,178.13,2023-01-04
11626,333,East Denise,North Kelseyborough,1873.8,1.17,161.7,2024-08-27
11627,404,South Micheal,Christopherside,611.6,19.63,1139.98,2023-08-09
11628,42,Spencerborough,Williamland,1859.2,7.65,822.6,2024-12-22
11629,95,Thomasport,Youngfort,1034.5,12.76,895.7,2024-05-13
11630,209,East Markstad,Lake Ashley,1827.1,5.74,1031.25,2023-01-22
11631,475,New Richardtown,South Thomasfort,1409.7,3.3,518.44,2024-12-16
11632,83,New Jean,New Jean,1833.7,16.58,3410.08,2023-07-05
11633,53,Mathewsville,East Cliffordside,1607.3,20.44,3438.63,2024-05-18
11634,338,South Michael,Samanthaberg,1417.8,9.73,1557.0,2023-07-11
11635,128,Hicksbury,South Michelleport,1470.1,9.76,1223.46,2024-10-29
11636,250,South Reginald,West Danielton,133.7,5.2,44.5,2023-10-04
11637,258,South Kevin,West Sharon,205.5,2.23,30.56,2023-03-10
11638,267,North Robertfort,West Jenniferburgh,811.7,22.93,1547.6,2024-01-23
11639,159,Richardsonville,New Lonniemouth,1164.9,1.32,131.88,2024-07-16
11640,468,Gordonport,North Robert,1514.7,1.34,124.2,2023-09-01
11641,2,East Josephview,Jimmyhaven,1742.8,7.02,1047.48,2023-12-10
11642,214,Micheleberg,Lake Kellieshire,879.3,1.73,138.64,2024-09-09
11643,343,Beasleyshire,Gordonhaven,1227.9,2.79,298.65,2024-03-03
11644,332,New Jackson,Erichaven,646.2,15.63,661.53,2023-05-30
11645,483,East Diamondchester,New Patty,1373.1,22.74,2801.22,2023-02-22
11646,80,New Alyssa,Freemanfort,1904.2,2.39,404.73,2023-06-18
11647,331,East Leslietown,West Tara,2415.6,20.03,5085.22,2023-06-06
11648,179,East Sarah,Nicoletown,2389.7,3.31,631.2,2023-07-20
11649,216,Port Brenda,Perezview,662.3,8.6,614.73,2024-09-29
11650,495,South Kellyhaven,Powellville,1495.6,18.5,1854.02,2024-11-11
11651,154,South Thomas,Chambersbury,1951.9,2.03,244.55,2024-10-26
11652,44,East Kellyshire,Paulton,2044.8,10.94,2464.89,2024-06-05
11653,404,Graytown,Harrisonview,884.6,20.19,1733.18,2023-04-13
11654,419,East Amandaport,Port Julie,1963.8,4.82,1131.49,2024-03-10
11655,348,Port Johnstad,Adamsland,1752.8,12.96,1182.5,2023-12-04
11656,44,Velezton,South Annaberg,1461.2,10.26,788.85,2023-10-27
11657,288,New Christinatown,Lake Douglas,728.5,24.61,1961.6,2023-05-12
11658,54,North Christopherbury,New Feliciaburgh,2224.1,1.02,160.25,2023-06-18
11659,288,Reidburgh,East David,2480.1,22.29,3377.27,2024-04-12
11660,229,East Richard,Gomezstad,543.8,11.08,421.46,2023-03-23
11661,418,South Diamond,Thomashaven,803.5,8.91,451.08,2023-06-22
11662,360,West Natalie,Fergusonbury,1149.3,16.52,1688.49,2024-01-19
11663,67,New Kimberlymouth,North Wendy,222.0,23.24,547.96,2024-04-22
11664,361,Moniqueshire,Catherineborough,2004.5,12.02,1891.53,2024-08-25
11665,333,Chapmanside,Port Emma,1069.2,19.19,1903.77,2024-02-29
11666,209,Port Angela,Shawnberg,1732.1,16.37,2818.8,2024-08-21
11667,185,Christinaview,North David,1415.5,21.64,1637.14,2024-02-06
11668,304,Karenhaven,Nicholasshire,1942.9,8.0,1536.64,2023-07-30
11669,213,Port Wendyside,Port Waynetown,1394.5,16.47,2688.63,2024-01-12
11670,244,North Alicialand,Port Sarahview,1041.4,18.0,1823.57,2023-05-01
11671,44,Hollandberg,Angelaside,1866.3,20.99,3100.75,2023-01-28
11672,176,North Alice,North Nicolefort,2270.2,13.17,2234.86,2024-11-17
11673,269,Port Rebeccafort,South Timothy,1230.5,12.56,1309.32,2024-06-05
11674,494,New Katherine,Garciaton,937.4,4.31,374.35,2024-10-01
11675,499,Joneshaven,Johnburgh,881.0,6.61,321.22,2024-04-05
11676,99,East Ethanstad,Justinside,1718.8,20.31,3974.0,2023-05-17
11677,463,East Trevorburgh,Zimmermanchester,1127.5,8.49,1065.73,2024-09-27
11678,194,North Mary,Bryanbury,457.2,19.21,984.27,2024-07-28
11679,3,Diazbury,South Thomasland,142.0,4.13,40.28,2023-11-13
11680,328,East Angela,Lake Justin,496.9,20.98,805.8,2024-09-22
11681,265,Lake Chad,Scottville,202.5,3.89,65.82,2023-11-04
11682,285,West Antonio,New Emily,474.0,8.99,499.3,2024-12-17
11683,56,Ginaport,Port Josephfort,1389.1,2.72,294.17,2023-12-13
11684,211,Willisburgh,New Madisonside,1822.0,24.1,3542.28,2024-12-18
11685,115,Damonside,Natalieshire,560.4,4.88,192.59,2024-06-20
11686,490,Trevorborough,Valdezchester,2093.4,13.19,2964.44,2023-09-09
11687,321,South Ann,New Carlos,125.8,6.13,52.35,2023-07-19
11688,481,Robinsonland,West Frankland,434.1,15.66,731.05,2023-03-05
11689,440,Whiteside,North Laura,73.5,18.55,98.6,2023-09-13
11690,53,Dwayneburgh,Scottfort,344.3,13.58,487.99,2023-06-26
11691,2,Floreston,North Calvin,1556.1,15.25,2711.35,2023-10-26
11692,106,Andrewfort,North Christine,2173.2,21.35,4743.73,2024-02-13
11693,66,Coleville,Jasonchester,1580.4,5.96,523.76,2023-09-22
11694,407,South Carlosland,North Julian,1575.1,1.77,271.37,2024-03-14
11695,22,Kennethfurt,South Jose,949.5,7.98,569.24,2023-10-22
11696,187,Wileychester,Mendezbury,211.6,23.57,379.76,2023-06-14
11697,109,Waterston,Gracemouth,944.0,12.39,1011.72,2023-08-25
11698,351,South Patriciaport,Gonzalezland,1604.8,14.33,2715.42,2023-05-07
11699,2,Jamesside,East Ericville,2271.1,12.89,2996.98,2023-07-05
11700,173,South Patrickfurt,Anthonyport,1971.3,10.46,2288.83,2023-12-01
11701,321,East Patriciaside,Aaronfurt,2477.3,12.49,2680.64,2024-10-27
11702,293,Martinstad,Lopezland,1919.6,21.11,2354.61,2024-09-11
11703,476,North Shannonfurt,Edwardfort,1041.6,19.69,2096.97,2023-04-08
11704,412,Bryceton,Greenfort,979.8,3.79,414.06,2023-05-25
11705,41,Hebertborough,Joshuaview,1701.4,2.6,327.35,2023-03-07
11706,85,Jennifertown,Samanthaland,1129.2,10.74,1289.35,2023-12-06
11707,238,New Victorland,Elliston,768.5,17.65,1035.78,2024-11-18
11708,110,Longburgh,East Sean,1770.8,3.19,315.9,2024-04-14
11709,199,West Darrell,Kimberlybury,613.9,17.57,1202.86,2023-04-14
11710,171,Kristyport,Heatherburgh,2173.7,24.4,3870.2,2024-08-03
11711,9,New Haleybury,New James,2125.0,9.69,1596.31,2023-08-12
11712,93,Lake Patrick,South Kelsey,992.0,5.57,575.96,2023-12-04
11713,269,Blankenshipstad,Lake Franciscobury,1073.9,9.95,710.39,2024-09-13
11714,361,New Blakefurt,New Nicoleland,1389.0,20.51,2043.21,2023-11-24
11715,372,Nelsonberg,Greenhaven,1492.6,11.45,1333.35,2024-07-23
11716,372,South Juliaside,Lake Kevin,172.9,17.9,339.96,2024-11-03
11717,164,Garychester,Lake Nathan,2041.5,3.77,636.02,2024-10-25
11718,328,Chaseside,Lindseystad,1317.9,1.87,141.85,2023-01-16
11719,157,Timville,New Patriciahaven,98.1,11.06,71.19,2023-11-08
11720,411,West Roy,New Aaronstad,1339.8,7.24,556.51,2024-09-26
11721,124,Michaelfurt,Port James,1870.7,3.9,652.7,2023-09-11
11722,81,Robinchester,West Barbaraburgh,2173.1,15.7,3773.96,2023-04-29
11723,12,Lake Brianmouth,Andersonton,1654.6,22.45,2398.88,2023-10-23
11724,484,Kelleyborough,Kentburgh,1521.6,17.51,1881.05,2023-11-29
11725,102,Davidfurt,West Dawn,2351.8,17.48,2299.4,2023-11-14
11726,426,Lake Rhonda,Port Kelly,723.0,21.4,1124.02,2024-01-08
11727,21,North Aaronview,Barnesfurt,1126.8,15.66,920.03,2024-10-07
11728,437,Stephanieburgh,Gordonside,1214.9,9.22,863.8,2024-04-22
11729,128,Pittmanbury,Lake Ashleyshire,2138.9,14.37,1818.91,2024-08-09
11730,179,Franklinbury,Lopezville,190.6,16.38,361.78,2024-05-02
11731,358,Josephchester,West Henrystad,1144.5,13.65,997.74,2023-07-17
11732,404,Curtisshire,Crawfordfort,230.6,17.34,230.48,2023-10-18
11733,234,Millerview,Port Joshuaville,178.9,3.38,47.12,2024-01-19
11734,185,North Courtneytown,Hensleyville,1234.0,10.11,1048.75,2024-08-28
11735,381,East Kimberly,Harrisbury,2021.1,16.75,3218.22,2024-06-24
11736,308,Tranborough,Lake Josephhaven,365.1,23.85,600.75,2024-07-23
11737,216,West Joshuamouth,South Nicholas,988.4,6.23,342.18,2024-09-20
11738,61,Michaelton,Lake Laura,1205.5,8.88,873.61,2023-10-30
11739,172,West Paulahaven,West Bradleyview,2032.2,1.72,322.75,2024-11-21
11740,361,South Jeffrey,Tamaraton,696.7,1.57,67.19,2023-03-21
11741,105,Rachelborough,Jeffhaven,1580.2,17.51,3130.81,2024-07-08
11742,431,Wileychester,East Peter,1421.6,18.68,1584.76,2023-08-18
11743,62,Lake Christine,South Davidmouth,1490.6,10.69,1107.74,2023-04-30
11744,393,Harperfurt,Burkeport,627.1,10.33,544.69,2024-10-04
11745,299,Philipstad,Port Jermaineport,1387.5,11.23,1331.21,2023-07-11
11746,246,Brookebury,Cherylmouth,1007.6,21.92,1907.3,2023-12-28
11747,489,Daymouth,Lake Michaelfort,1319.6,6.57,987.52,2023-12-24
11748,300,North Denise,Port Rebekahberg,777.7,13.94,723.69,2023-06-03
11749,313,Benderberg,Millerbury,143.5,18.4,247.21,2024-11-07
11750,239,Watkinsview,Gravesland,179.7,7.75,98.01,2023-09-10
11751,186,Washingtonchester,Brianborough,733.2,11.99,718.15,2023-05-12
11752,288,North Erica,South Jonathantown,785.4,9.25,439.82,2024-11-15
11753,236,Wagnerburgh,Thomasburgh,1059.3,2.46,191.23,2023-01-05
11754,464,Lake Sarahbury,New Alexanderhaven,2076.7,4.91,849.05,2024-05-29
11755,315,East Allenside,Annton,184.3,8.62,89.48,2023-11-28
11756,409,Phillipbury,Lake Melanie,651.9,3.97,175.15,2023-10-25
11757,287,Ricestad,North Deanna,67.9,11.77,49.38,2023-06-06
11758,268,Chaseside,Kramerfort,2354.5,1.74,294.93,2023-04-16
11759,463,South Kelly,East Andrewfurt,2376.6,15.62,2155.35,2023-04-18
11760,254,Brianville,Riveramouth,95.6,16.65,121.04,2024-01-17
11761,184,Heathertown,Tracychester,1226.8,1.01,124.37,2023-09-04
11762,320,West Hannahstad,New Mason,122.0,5.59,65.32,2023-06-19
11763,166,Leeton,Jamesview,578.0,20.26,1100.23,2023-05-19
11764,477,South Michaelfort,Pricebury,1014.5,23.77,2619.5,2023-04-13
11765,156,North Melissa,North Brittanyfurt,2491.6,24.82,6086.0,2023-01-02
11766,48,Leeside,Douglasberg,1944.3,20.44,4252.86,2023-12-08
11767,266,Medinaborough,South Annaberg,1919.5,12.5,2009.89,2023-07-26
11768,377,Lake Matthewstad,Elizabethhaven,1038.0,10.75,1129.0,2024-11-20
11769,462,New Jessica,New Joseph,1924.8,13.66,1443.48,2023-02-24
11770,107,North Isaiahport,Lake Geneton,619.5,6.44,356.35,2024-10-30
11771,102,Patriciaport,West Danielle,1988.2,3.87,390.29,2023-06-12
11772,351,Melissamouth,Port Victoriaborough,398.9,20.18,475.65,2024-05-04
11773,313,Nelsonfort,Port Brenda,2057.2,13.38,1960.39,2023-04-08
11774,142,Timothyfort,Allisonchester,669.5,10.52,751.09,2024-03-02
11775,116,Jasonville,Lake Donna,1439.2,11.86,1782.7,2024-05-04
11776,128,Nathanielburgh,Greeneborough,1015.7,7.46,885.63,2024-05-18
11777,148,Whiteport,North Crystalton,2052.0,24.18,4737.9,2023-10-24
11778,88,South Ginahaven,Johnsonland,302.8,3.61,90.24,2023-06-26
11779,40,Rochamouth,Stantontown,168.6,13.98,123.03,2024-09-03
11780,460,New Anthonymouth,Hallhaven,1766.5,21.74,3575.46,2023-12-20
11781,470,West Donnabury,Rebeccamouth,673.9,13.18,775.26,2024-08-17
11782,10,West Sandra,North Matthewstad,107.7,17.18,113.61,2023-06-06
11783,148,West Christopher,Griffinburgh,920.6,21.6,1441.54,2024-09-14
11784,215,Ambermouth,Port Anthony,1600.8,10.59,1353.52,2024-05-11
11785,87,East Ryan,Diazhaven,1516.7,1.92,161.84,2024-03-21
11786,162,Lake Regina,Port Josephborough,2197.6,5.52,1273.66,2023-04-12
11787,457,Matthewville,West Jaimeborough,375.9,8.21,359.45,2023-05-24
11788,168,Deborahburgh,East Jessica,2384.6,23.27,5249.79,2024-01-02
11789,237,Port Matthew,Nelsonton,1309.4,7.41,1029.52,2023-10-11
11790,334,Ryanville,Christopherton,1086.7,11.01,1306.44,2023-01-11
11791,373,Maryhaven,Hunterfurt,2036.4,12.53,2730.02,2024-09-17
11792,412,Brownview,Mosleyview,2389.4,14.69,3843.53,2023-09-24
11793,481,Whiteshire,Walkerside,641.7,6.74,315.78,2024-07-12
11794,48,Lake Frances,New Ryanbury,2111.5,8.46,1086.59,2023-04-07
11795,202,Martinezberg,Lewismouth,1401.0,7.16,726.59,2024-05-04
11796,368,Harrisville,Anthonystad,2409.7,3.02,806.44,2023-05-23
11797,426,Williamsmouth,South Richardmouth,1687.8,5.21,793.78,2023-01-23
11798,213,Lake Elizabethfurt,North Sherriberg,2289.1,19.51,2398.86,2023-09-22
11799,158,Rileyside,Johnshire,739.3,1.33,54.52,2024-01-12
11800,250,New Jameshaven,Port Bradleyside,204.3,16.61,378.27,2023-12-03
11801,189,Port William,Gibsonchester,2225.0,17.04,3590.11,2024-07-21
11802,220,Port Dontown,Berryshire,2074.6,6.09,1192.9,2024-06-27
11803,220,New Paigeburgh,West Danielland,955.2,22.44,1614.9,2024-01-17
11804,32,Jeremyfort,North Troyport,1882.0,4.06,734.57,2024-06-08
11805,211,East Clairemouth,Lake Jacob,589.9,19.22,789.47,2024-09-26
11806,346,Lake Diana,Kevinside,1164.7,5.16,410.0,2023-08-04
11807,386,Port Stephenshire,East Robert,176.9,21.94,450.38,2023-01-26
11808,460,Ayalahaven,West Ryanmouth,1306.9,5.15,800.91,2024-06-24
11809,424,Carolynburgh,South Mary,1524.0,22.42,3333.96,2023-12-03
11810,328,North Timothy,Jessicaton,868.2,6.09,588.77,2023-07-15
11811,494,Victoriachester,East Scottbury,692.3,5.32,346.47,2023-03-15
11812,343,West Jamesberg,Jonesfort,2055.3,4.01,980.61,2024-07-26
11813,255,Lake Jessemouth,New Diana,2165.6,20.35,4197.94,2024-08-31
11814,128,New Paulshire,Ashleyfurt,1749.2,13.27,2518.45,2024-04-15
11815,365,Hernandezberg,Alanside,1966.3,24.98,3431.43,2024-04-09
11816,379,Lake Scottchester,Philipland,1163.8,8.99,576.58,2024-05-29
11817,140,Rodgersview,Lake Timothyview,1923.5,19.59,3105.85,2024-02-04
11818,10,Port Melissastad,Jamestown,1565.2,13.07,2075.72,2024-04-20
11819,71,Barbaramouth,South Michele,967.0,22.05,2386.58,2023-04-07
11820,479,Port Mark,Lake Taylorville,1691.2,2.24,281.11,2024-11-26
11821,40,Port Sarah,Aaronstad,822.4,7.47,613.53,2024-05-03
11822,322,Port Aprilfurt,North Pamelaville,371.3,10.64,203.92,2024-10-23
11823,401,Wardport,New Erica,1629.5,3.61,551.17,2024-07-23
11824,328,Port Michaelport,Garretthaven,1818.9,19.51,2902.93,2024-02-13
11825,119,East Brianfurt,South Valerie,1127.1,8.88,1054.38,2023-09-06
11826,117,East Nicholas,Carterchester,341.1,13.84,361.15,2024-08-06
11827,457,Dawntown,Woodport,2416.5,15.3,2496.31,2024-03-15
11828,165,Michaelbury,Jessicashire,2093.1,4.07,435.74,2023-04-23
11829,85,Lake Joanne,Christopherfurt,672.7,1.4,85.62,2024-10-30
11830,295,Port Michellemouth,New Matthew,1960.1,18.55,2354.28,2024-01-27
11831,287,South Jefferyside,Andreville,919.6,23.2,2494.21,2023-01-06
11832,351,Lake Lauraland,Port Kimberlyville,1266.4,1.36,188.83,2024-11-18
11833,389,New Susanborough,Port Jasminemouth,512.9,1.65,44.56,2024-06-24
11834,485,Danielstad,East Alison,715.3,18.55,1250.87,2023-01-12
11835,73,Stevenmouth,East Annaton,506.2,15.95,901.01,2023-09-01
11836,364,New Katiestad,Johnsonberg,111.5,8.94,75.26,2023-12-17
11837,196,Sarahfurt,West Mark,950.8,9.31,1017.91,2024-02-01
11838,255,Lake Karenbury,Mcintoshchester,2056.4,22.31,3262.28,2024-02-07
11839,227,Port Amandaside,North Christinamouth,960.1,20.12,1957.34,2024-12-17
11840,118,Samanthastad,Dustinberg,1388.6,6.27,1035.16,2023-05-01
11841,107,North Michele,Richardborough,1506.0,15.46,2423.77,2024-10-20
11842,498,Donnatown,Mariochester,225.5,14.88,250.24,2023-03-24
11843,281,Rebekahfort,Nguyenchester,1371.8,13.2,1871.08,2024-01-26
11844,272,Oliverport,Lake Fernando,1127.7,23.11,2735.5,2023-05-06
11845,175,South Daniel,Phamfort,2353.6,1.36,349.71,2024-03-27
11846,125,Stewartmouth,Port Cole,1231.6,18.43,2454.28,2023-11-12
11847,438,East Jamesside,Port Jacob,1529.8,13.44,1045.46,2023-02-13
11848,186,Danielleland,New Sierramouth,224.4,15.46,278.41,2023-10-30
11849,268,South Joycechester,New Jessicaton,1596.3,15.12,2502.46,2024-04-20
11850,375,Maryfurt,Ewingville,766.4,19.14,1385.52,2024-01-03
11851,445,East Andrewbury,Patrickburgh,93.4,11.82,77.79,2023-06-25
11852,194,West Alexander,Bakerberg,1077.9,17.06,1793.37,2023-03-08
11853,81,Lake Crystalshire,Amandafurt,1618.8,1.09,114.06,2024-06-07
11854,260,Lake Cynthiaburgh,East Haleyton,1146.4,23.54,2874.21,2023-01-10
11855,28,Stuartland,Danielstad,1145.8,13.49,1662.81,2024-08-04
11856,68,East Timothy,West Christopher,1996.9,14.25,1486.26,2024-04-19
11857,465,New Ryan,New Cheryl,134.7,9.19,146.95,2024-10-11
11858,300,Ryanberg,New Matthew,360.8,7.05,268.41,2023-09-28
11859,107,East Miguelborough,West Benjamin,2282.5,22.28,6034.4,2023-06-03
11860,471,Jamesshire,Port Elainechester,1473.5,16.19,2571.95,2024-10-29
11861,315,South Victoria,Andrewshire,1355.8,12.52,1436.82,2023-09-21
11862,131,Gonzalezton,North Robertside,461.0,4.58,198.55,2023-07-03
11863,245,South Tracyberg,Port Robintown,2070.5,19.7,2076.65,2024-02-27
11864,466,Port Wanda,North Christopher,627.0,3.43,180.36,2024-05-04
11865,62,New Melissa,Thomasstad,1376.5,15.98,2135.55,2023-01-05
11866,204,Sarahshire,Tracyland,215.5,2.39,32.81,2023-12-05
11867,333,Port Stephenberg,South Danielburgh,1246.3,5.32,647.64,2023-07-11
11868,130,West Ashley,Port Richardville,226.4,10.47,252.17,2024-01-27
11869,327,Tammyside,North Jacob,2323.1,22.44,2907.77,2023-10-29
11870,141,Romeroburgh,Jessicafort,1952.7,10.42,1960.65,2023-01-25
11871,294,Lake Crystalland,Port Davidburgh,1234.4,24.78,2575.85,2024-02-14
11872,188,South Margaretville,East Peter,588.7,5.39,234.54,2024-01-15
11873,127,Schwartzport,West Larry,381.2,17.82,351.51,2023-01-28
11874,385,Christophermouth,East Bryan,310.7,17.43,610.07,2023-12-03
11875,198,Frederickmouth,East James,522.3,16.63,480.04,2024-11-10
11876,47,Mosesmouth,Jasonfort,246.1,21.78,351.0,2023-12-09
11877,31,Ramirezfurt,Alexanderborough,859.8,24.74,2455.63,2023-07-30
11878,379,Margaretstad,Heatherberg,2105.8,12.82,1481.09,2023-01-12
11879,108,West Veronica,West Katherine,988.8,10.06,981.81,2023-03-30
11880,152,Phillipland,Lake Robertville,2376.0,14.2,1744.12,2024-04-08
11881,204,Brandonbury,Simpsonshire,413.5,21.58,593.04,2024-11-25
11882,154,East Jeffreymouth,Port Anthonyborough,1252.3,6.09,835.8,2024-07-06
11883,243,South Rachelstad,South Gregoryfort,985.9,18.75,2199.5,2023-06-02
11884,32,New Stephaniehaven,Coleshire,333.4,10.14,356.16,2024-11-14
11885,465,West Jamesland,Carneystad,1103.6,24.03,1765.74,2023-09-16
11886,38,Levifort,Bellview,1160.2,13.76,1489.46,2024-06-26
11887,236,Lake Juliaton,Millerfort,676.3,14.04,500.92,2024-03-12
11888,132,West Rickyborough,Whitestad,444.3,15.59,590.6,2023-05-09
11889,369,North Kelly,Yangport,1203.8,20.44,2662.81,2023-07-30
11890,32,Jonesberg,Singhview,163.9,3.51,32.59,2024-03-10
11891,327,Lake Kaitlin,Careyview,1850.4,19.42,2479.49,2024-04-20
11892,323,South Thomasview,Christieton,2181.2,11.29,1801.94,2023-03-21
11893,11,South Christopher,South Loganville,957.4,19.15,1494.06,2023-04-06
11894,322,Port Briantown,Port Douglasside,2221.7,20.33,2969.48,2023-03-19
11895,385,Williamsstad,Cisneroston,1179.9,18.48,2056.74,2023-06-16
11896,309,Port Michael,Lake Brian,1833.4,7.71,1190.84,2023-04-21
11897,299,Brianmouth,Caseyland,2444.1,21.0,2640.78,2023-06-19
11898,321,Aliciamouth,East Brandonton,1914.3,18.19,3164.48,2023-10-30
11899,145,East Elizabeth,South Christopher,582.7,20.79,1015.37,2023-03-27
11900,112,North Carol,Lisafurt,1372.8,21.47,2122.55,2023-06-26
11901,430,East Christinebury,Port Charlesstad,1938.7,13.91,1893.94,2024-06-18
11902,136,Garciafort,South Davidfort,574.3,7.35,273.71,2023-11-03
11903,238,Port Christian,Debramouth,1549.1,14.07,1129.52,2024-11-28
11904,488,Jennifermouth,East Samanthaville,2129.2,1.05,135.87,2024-07-25
11905,178,Adrianaville,Jonesbury,1934.7,9.39,1241.38,2024-05-27
11906,413,Jonesfurt,Lake Jamesmouth,545.7,18.01,915.23,2023-08-26
11907,108,Kanemouth,Oliviashire,762.0,18.07,1602.66,2024-12-01
11908,438,Samanthafort,South Angela,1346.1,9.2,709.45,2024-08-23
11909,27,South Michael,Port Davidfurt,2055.6,20.68,4014.03,2024-05-27
11910,46,North Toddburgh,Lake Amber,521.5,20.42,910.35,2023-06-01
11911,490,West Andrew,Lake Connie,1213.0,23.99,3455.01,2024-01-30
11912,393,Martinborough,New Lindseyburgh,601.6,6.96,217.91,2024-01-27
11913,133,East Daniel,Allenmouth,2271.9,19.79,4604.34,2023-12-21
11914,327,Gilbertport,Kimberlymouth,1405.8,24.36,3662.82,2024-09-03
11915,220,Fritzhaven,South Wesleyview,81.9,22.34,157.51,2024-11-13
11916,189,Andersonshire,North Maria,2207.3,2.9,394.56,2023-02-14
11917,119,Parkerside,Cannonborough,1280.2,8.26,1048.42,2023-12-28
11918,399,Martinport,Ramirezberg,197.2,24.56,473.18,2023-08-10
11919,69,Mackburgh,Port Jeffrey,1187.8,12.61,846.16,2024-02-22
11920,1,North Melissa,North Danielleland,1140.8,17.86,1755.43,2024-12-18
11921,436,Susanchester,West Laura,1433.4,22.6,3807.0,2023-05-07
11922,220,Jamesport,East Katelynburgh,1665.8,11.89,1566.48,2023-08-20
11923,171,East Emilyburgh,East Robertland,2436.7,22.91,3294.15,2023-12-08
11924,335,Conleyfurt,New Amber,423.0,11.04,299.52,2023-06-24
11925,4,Samanthaburgh,Amyberg,1156.4,2.74,258.68,2024-08-19
11926,222,New Catherineview,East Nathanberg,2343.2,13.82,2811.45,2023-02-16
11927,52,Port Evan,North Amyton,721.5,24.81,1936.87,2023-11-18
11928,311,North Jessicaville,Myersmouth,762.5,22.27,1264.98,2024-10-24
11929,99,Davidstad,East Craigfort,2107.8,11.27,2134.35,2024-04-07
11930,89,Port Christophermouth,New Stephanieside,1607.7,8.0,810.3,2024-08-01
11931,299,East Melinda,Matthewfort,827.9,11.66,739.33,2024-08-03
11932,247,Stevenfurt,Edwardston,2094.8,16.36,2892.19,2023-11-16
11933,192,Knappview,Tannershire,2037.5,6.31,1389.47,2024-06-20
11934,115,Kennethfort,Brettfurt,266.7,16.04,329.41,2023-07-31
11935,337,Kennethville,South Davidburgh,1826.6,24.38,4255.39,2023-11-24
11936,347,Karenberg,East Benjamin,1227.0,20.89,1460.75,2023-02-05
11937,331,Lake Amber,Hayesside,1825.0,22.16,3021.25,2024-07-06
11938,416,Derrickland,Michelleville,2417.3,17.29,4418.64,2024-07-20
11939,318,East Beth,West Julia,237.9,16.46,406.21,2023-04-21
11940,378,Lake Robinton,Duffystad,1544.3,10.12,1511.57,2024-06-04
11941,250,Bobbyburgh,Smallfort,595.1,6.37,362.15,2023-07-02
11942,215,North Rodney,Anthonyborough,2281.7,4.62,1056.69,2024-10-22
11943,329,Justinland,Schwartzview,234.5,3.2,71.07,2024-01-20
11944,323,New Shawn,New Alan,1541.2,17.92,2708.5,2023-04-16
11945,397,Johnsonmouth,New Jonathan,2153.3,6.52,1466.35,2023-03-23
11946,350,North Michaelhaven,Williamsland,763.5,10.45,915.02,2023-07-01
11947,397,Andreaville,New April,2050.0,17.4,4052.35,2024-05-29
11948,261,Lake Adamhaven,Williamsview,92.4,5.44,51.0,2023-05-07
11949,204,West Sarashire,New Mark,263.4,18.27,486.25,2024-05-04
11950,14,New Carlosshire,Dominguezchester,181.2,20.88,429.8,2024-10-25
11951,483,Jasonmouth,Lake Louisshire,2427.4,14.82,1944.72,2023-07-30
11952,103,Laurabury,East Kenneth,255.4,13.53,236.41,2023-12-31
11953,165,Chadhaven,Lake Joy,721.6,14.62,828.36,2024-09-10
11954,268,Port Joshuaside,Rodgersview,1116.0,2.47,330.06,2023-10-09
11955,495,East Veronica,Dawnbury,1272.0,15.77,2293.59,2023-01-22
11956,462,Lake Douglas,Aprilburgh,2306.7,7.82,1084.98,2023-02-15
11957,199,Parkerbury,Jamesstad,1768.1,3.26,459.44,2024-02-13
11958,149,Abbottberg,East Crystalside,403.4,20.22,688.06,2024-03-09
11959,155,Christopherside,Lake Timothymouth,641.5,15.81,710.19,2024-05-12
11960,271,New Angelafurt,Barbarastad,369.7,16.37,361.93,2024-03-12
11961,310,South Kimberlyburgh,West Deborah,628.8,8.24,434.25,2023-08-22
11962,172,East Williamchester,South Luismouth,1812.1,16.32,2687.02,2023-09-17
11963,302,Calvinborough,Sarahfurt,305.4,17.13,466.71,2023-11-21
11964,405,Lake Crystalchester,New Patriciaport,149.3,8.49,86.87,2023-04-28
11965,106,West April,Frankstad,428.2,4.36,155.66,2024-09-20
11966,267,Stanleytown,Justinland,597.0,21.68,816.79,2024-02-11
11967,287,West Jennifer,Boydport,285.6,17.09,568.96,2024-06-16
11968,137,North Yolandamouth,South Danielleborough,2283.3,10.44,1863.39,2023-06-13
11969,500,West James,Kyleview,67.2,20.14,126.68,2023-09-11
11970,240,New Erin,Donnamouth,2174.5,7.06,1756.3,2024-04-20
11971,67,Walshville,New Kathleen,1092.0,18.16,2171.16,2024-03-01
11972,409,East Jonathanburgh,West Paul,793.2,21.28,1317.9,2023-01-07
11973,92,Sarahfurt,Wellsland,861.1,19.3,1310.52,2024-10-02
11974,127,Robbinschester,North John,213.0,9.9,173.54,2023-11-04
11975,153,Guerreroville,South Frankport,960.3,16.77,1514.26,2023-03-01
11976,321,Georgechester,Jonesmouth,852.9,16.42,728.82,2024-07-23
11977,413,North Tammytown,Brianside,2093.3,1.17,126.4,2023-12-03
11978,270,Port Sarah,South Erika,2217.3,7.24,1176.33,2024-07-16
11979,274,Cruzberg,Barryhaven,2389.7,12.63,2395.4,2024-06-11
11980,342,Heatherside,Lake Tina,1176.1,8.15,630.79,2024-12-16
11981,254,Port Brandonmouth,Annstad,661.8,5.29,281.82,2024-11-09
11982,147,Crawfordshire,Rosarioport,1362.6,6.64,674.14,2023-06-11
11983,66,Collinsview,Millerstad,1374.6,16.29,2489.08,2023-04-03
11984,489,New Daniel,East Mariastad,2304.4,9.7,1566.6,2024-04-06
11985,447,Bookertown,Jamieton,2018.5,13.99,1646.57,2024-09-16
11986,128,Lake Josephchester,North Lisahaven,87.9,5.54,36.78,2024-11-26
11987,181,Nguyenfort,East Julie,807.6,12.69,1014.72,2024-11-14
11988,53,Brendaview,Lake Isabellaville,812.9,3.56,197.78,2024-05-19
11989,335,Murphyburgh,Seanchester,1629.6,14.89,1398.74,2024-08-25
11990,114,Port Andrea,Allentown,294.6,17.17,416.67,2024-04-09
11991,323,Jacksonmouth,Owenview,1442.0,16.85,2723.15,2023-01-07
11992,121,Curtisburgh,Kristinmouth,465.1,14.85,741.47,2023-05-02
11993,287,Wilsonview,Jamesmouth,2354.6,8.52,1354.69,2024-02-29
11994,69,North Danielburgh,North Kellyport,2459.0,18.04,4311.56,2023-08-17
11995,251,West Michael,South Stevenfort,1173.8,2.76,363.06,2023-04-05
11996,257,East Kenneth,New Alexander,1758.4,22.95,3105.84,2024-11-01
11997,3,Jessicaport,East Jeffrey,2489.2,5.67,1529.45,2024-03-15
11998,139,East Sandramouth,East Andreabury,2091.0,3.31,564.51,2023-01-16
11999,468,Lake Scottton,East Bruceburgh,1244.3,22.84,1923.13,2024-01-05
12000,411,Port Steven,North Ralph,1339.1,16.77,1168.1,2023-08-04
12001,82,West Christopher,New Christopherview,2428.5,19.16,4264.81,2023-07-03
12002,134,Frankside,Rebeccaland,458.1,16.25,821.5,2024-12-29
12003,167,East Michael,Lake Walter,2078.9,15.52,3338.38,2023-10-04
12004,290,North David,Monicaborough,1411.8,8.09,694.64,2024-07-09
12005,421,Buchananland,Sandersborough,650.5,11.1,523.75,2024-02-16
12006,67,Anthonymouth,Chelsealand,1069.1,8.66,756.29,2023-03-27
12007,450,New James,Jacksonshire,1335.5,23.29,2073.38,2024-04-16
12008,23,Michaelbury,Michaelchester,992.8,11.07,1311.67,2023-12-13
12009,279,Davidton,Courtneyfort,2469.5,14.31,2669.97,2023-04-25
12010,394,East Alan,Port Charlestown,113.0,21.85,272.61,2023-11-17
12011,1,West Josephshire,Davidfort,1401.7,1.32,183.05,2023-09-04
12012,79,Scotttown,East Shannonborough,51.1,23.27,97.42,2024-03-03
12013,246,Fergusonchester,Markville,1388.1,10.54,1268.07,2024-03-19
12014,322,Gamblehaven,Juliestad,1592.6,19.86,3033.08,2023-11-07
12015,6,New Aaronmouth,North Jefferyland,428.7,22.8,1171.94,2024-09-20
12016,33,Lake Amberton,Martinmouth,1163.0,2.47,316.3,2023-10-16
12017,482,Turnerburgh,Carrillohaven,2254.1,11.18,2561.81,2023-05-13
12018,194,East James,East Gabriel,457.4,21.95,916.87,2023-04-28
12019,138,North Brenda,Sloanton,2364.7,10.4,1423.91,2024-06-23
12020,500,Lake Ianside,Port Craig,219.3,21.43,464.21,2024-06-27
12021,430,Davidborough,Kingbury,1467.2,14.47,1723.35,2023-06-05
12022,69,Ballberg,East Rebecca,1957.6,22.47,3598.34,2024-08-26
12023,305,South Brian,Colemanview,1568.1,5.0,842.86,2024-02-13
12024,287,Schultzview,East Samuel,805.2,20.72,1014.84,2023-05-27
12025,122,Jessicaburgh,South Matthewberg,1051.8,8.97,979.54,2023-05-28
12026,103,Castillohaven,Martinezbury,800.6,5.02,449.09,2023-05-11
12027,277,Rogersshire,West Steven,1420.6,19.51,2621.25,2024-06-18
12028,180,East Davidside,Jessicaview,1244.0,16.72,1936.52,2023-12-31
12029,397,Russellstad,Petersonport,1542.1,2.27,209.53,2024-08-15
12030,435,Port Peter,Richardston,1878.9,23.56,3327.19,2024-02-25
12031,77,Traceyfurt,Lake Edwinville,1335.0,9.36,1364.1,2024-02-27
12032,336,South Vanessafort,Lake Angelaberg,2236.0,16.59,2536.5,2024-12-05
12033,455,Maldonadofort,North Danachester,578.1,13.38,716.48,2023-11-26
12034,165,Jeffreytown,Dawnchester,1115.0,16.9,977.45,2023-07-02
12035,10,East Wendy,Holmesside,2402.1,14.32,2600.41,2023-10-04
12036,140,Mosesbury,Maryview,1760.6,4.59,635.64,2023-01-18
12037,405,South Charles,Petersberg,1813.0,15.43,2883.06,2024-02-01
12038,153,East Amy,South Ryanville,2194.4,21.6,5472.19,2023-02-19
12039,338,Belindabury,Davidport,208.0,12.23,185.55,2024-02-03
12040,400,Robersonton,Port Troymouth,434.2,2.01,72.0,2023-10-15
12041,50,West Jason,Campbellfort,2295.3,15.76,3658.69,2024-06-12
12042,42,Karenmouth,Kimtown,723.4,21.42,1774.97,2024-12-06
12043,62,Douglasfort,Garciabury,2033.5,14.5,2745.66,2024-03-29
12044,401,Port Bryanstad,Youngmouth,1209.4,4.88,410.59,2024-03-04
12045,301,New Michelle,New Jessica,1314.4,13.86,1527.64,2023-08-02
12046,90,Ashleyfort,Kevinstad,680.8,21.2,1303.91,2023-04-17
12047,497,West Stephanieville,Amyfort,1081.2,14.26,1612.56,2023-09-04
12048,454,Port Joshuaton,Williamsfurt,1024.7,18.64,2078.51,2024-05-16
12049,29,West Jeanette,New David,1258.5,5.45,353.22,2023-12-30
12050,411,North Mark,West Sharonside,1415.7,16.89,1790.58,2023-03-09
12051,443,Madisonhaven,Lauraview,100.6,14.68,125.29,2024-11-14
12052,165,Port Joseph,Rebeccafort,565.3,19.3,1052.92,2024-11-16
12053,316,Knighthaven,South William,1143.6,17.45,1916.39,2024-04-28
12054,358,West Marcus,North Gabrielle,365.7,9.25,363.13,2023-11-27
12055,13,Lake Danielleville,Timothymouth,1910.5,21.96,3336.09,2023-01-28
12056,308,Port Rachel,New Michael,1770.4,14.13,1993.86,2023-01-27
12057,335,West James,Taylorchester,1835.9,1.03,139.48,2024-05-02
12058,439,Nguyenchester,Lake Jessica,1427.2,4.07,376.26,2024-01-16
12059,331,Port Natalie,Michealshire,423.2,17.89,534.05,2024-01-08
12060,20,Stephanieside,Michaelfurt,2454.0,7.85,1615.18,2023-02-05
12061,293,New Chris,Snyderport,61.4,24.35,110.86,2023-05-05
12062,463,Emilyville,Nicholasmouth,1746.9,10.44,1742.81,2023-07-08
12063,26,Riosland,Evansburgh,390.5,17.67,722.29,2023-02-25
12064,353,Clarkberg,North Jeffreyport,1572.7,9.63,1776.89,2024-11-06
12065,246,Lake Paul,Pamport,1237.2,4.82,418.08,2024-07-05
12066,460,Jonathanton,West Anthonymouth,1236.8,11.99,993.52,2023-09-25
12067,171,Sawyerstad,North Adam,2394.8,23.65,4938.74,2023-12-18
12068,484,Wendyland,West Davidshire,1126.7,17.06,1772.71,2023-08-27
12069,19,Carterton,Codyside,1564.0,21.61,3285.25,2023-05-05
12070,329,Mooretown,North Mason,1804.5,20.91,2546.51,2023-10-19
12071,259,Ronaldside,Kochmouth,1177.5,16.06,1838.86,2024-05-28
12072,24,Dawnmouth,Porterland,85.2,7.34,65.19,2024-08-29
12073,400,Port Jennifer,Leemouth,1711.0,4.77,416.88,2024-03-14
12074,128,Port Danielburgh,Lake Ashley,2176.5,12.44,2006.23,2023-06-19
12075,285,New Adam,Danielborough,576.3,19.65,909.23,2024-03-03
12076,435,Currymouth,New Ryanburgh,1947.9,19.02,4266.32,2023-12-21
12077,373,Philipfort,Angelashire,1226.4,9.26,925.01,2024-03-23
12078,286,Port Breannaport,South Eric,925.2,4.33,343.02,2023-06-19
12079,13,Port Jonathanville,Thompsonberg,843.2,10.22,756.98,2024-09-10
12080,496,North Kevin,Callahanhaven,1825.6,11.23,1576.89,2024-03-01
12081,159,Jasonside,New Cynthia,1277.4,13.6,1668.62,2023-04-23
12082,24,Bonniefurt,East Connie,2193.2,13.24,1678.68,2023-03-24
12083,208,Lake Julieburgh,South Jonathanchester,175.6,5.22,68.44,2024-05-09
12084,147,Brandtmouth,New Johnberg,1620.6,9.17,1002.41,2024-08-31
12085,136,Martinezside,New Emily,1139.6,13.23,897.62,2024-04-14
12086,234,Jeremyburgh,Gillland,1606.8,24.42,2747.88,2023-05-23
12087,160,East Patricia,Jessicahaven,64.8,20.64,131.42,2023-09-05
12088,109,Stephanieside,Port Amyburgh,961.1,8.89,872.9,2023-02-24
12089,466,West Heatherport,West Zacharyfort,1924.6,12.58,1934.93,2024-09-07
12090,54,West Alexanderville,Bensonton,870.4,3.54,168.23,2024-06-07
12091,331,Pachecohaven,West Anthonyport,1496.8,16.56,1582.59,2023-09-28
12092,179,Howardstad,South Lawrence,1130.1,21.99,2381.88,2023-10-10
12093,269,South Tracyburgh,Gordonhaven,847.9,7.71,408.4,2023-10-31
12094,477,East Kenneth,Alishatown,2351.1,16.96,2680.8,2024-11-28
12095,315,Robbinschester,North Audrey,1636.8,7.93,1208.68,2024-03-21
12096,45,Anthonystad,Brettborough,1177.6,24.08,2334.92,2024-08-04
12097,356,Kellerport,Palmerville,248.4,1.14,16.3,2023-12-10
12098,482,New Alexis,Evansburgh,974.7,17.73,1421.48,2023-06-27
12099,280,Duncanville,West Michellechester,2053.9,10.1,2242.21,2024-02-06
12100,170,West Vincent,Simpsonfurt,1578.1,1.06,153.09,2024-12-24
12101,115,South Charlesside,Clayton,1528.9,11.52,2107.1,2023-05-31
12102,130,South Robert,Lake Jonathanmouth,1726.9,14.76,1758.52,2023-10-17
12103,398,South Christopherburgh,Douglaston,2497.1,5.93,1399.49,2023-03-30
12104,299,West Shanebury,Lisaville,1225.9,17.73,1873.02,2023-11-10
12105,324,North Holly,Wayneside,570.0,13.14,417.22,2024-06-23
12106,247,West Matthewfort,Richardstad,1856.4,17.81,2871.51,2023-09-05
12107,162,South Johnmouth,Port Davidside,2022.7,10.19,2426.58,2023-11-23
12108,42,Lake Johnathan,North Melanie,1332.6,2.34,219.85,2024-12-02
12109,372,East Nicholasbury,East Alan,1984.1,10.94,1568.58,2024-09-18
12110,377,New Johnnyville,Sellersbury,215.0,17.66,412.37,2024-05-11
12111,100,West Deniseburgh,West Marthaburgh,138.9,19.92,304.82,2024-01-05
12112,190,North Holly,Lake Vanessa,1675.0,4.22,561.2,2023-02-02
12113,72,Lake Jordan,Lopezstad,830.5,21.3,1254.96,2024-01-25
12114,476,Claytonfort,Jordanmouth,2271.4,24.88,4928.26,2023-09-04
12115,391,New Jeanne,Calebburgh,789.9,9.06,541.85,2024-11-05
12116,192,Jenniferville,Lake Davidfurt,2422.9,11.6,2533.04,2024-12-20
12117,213,Baldwinborough,Moralesview,1434.9,21.16,2879.18,2024-03-28
12118,124,North Tiffanyview,New Ralph,1313.8,6.45,717.92,2023-01-03
12119,356,South Melissa,Christopherchester,1155.0,6.03,729.13,2023-09-14
12120,56,West Jameston,New Aaronstad,1740.0,9.37,1863.73,2024-07-14
12121,134,Sarahland,South Erin,469.1,6.66,318.82,2024-03-12
12122,416,Robertmouth,Cooperchester,853.1,18.2,995.67,2024-05-15
12123,93,Allenton,East Sarahview,956.0,13.39,1504.4,2023-11-04
12124,470,Clarkfurt,Barneshaven,758.0,8.66,557.94,2023-06-16
12125,359,Victoriaport,Bakerfurt,299.0,10.2,190.73,2023-12-25
12126,467,Lopezmouth,North Josephburgh,1189.8,19.52,1702.52,2023-01-18
12127,211,North Elizabethport,Kevinfurt,1969.1,15.33,2596.1,2024-08-12
12128,106,South Kelly,Gonzaleztown,542.8,12.9,376.92,2023-11-10
12129,18,East Kathleen,Conniefurt,294.1,7.15,238.03,2023-03-23
12130,195,South Ashley,Meghanborough,367.8,18.85,368.23,2023-10-29
12131,119,Wangchester,Ashleyberg,57.1,16.15,77.39,2024-06-24
12132,349,Port Annettechester,Jessicahaven,2084.5,7.57,1018.32,2024-11-28
12133,454,Sandovalside,Lake Melanieburgh,1067.0,5.35,684.92,2024-02-13
12134,371,Lake Jasmineborough,New Abigail,1880.9,24.29,2949.75,2023-09-30
12135,327,Thompsonfort,New Nicoleview,948.3,7.67,725.34,2024-01-23
12136,254,Estesside,Bryanfurt,489.1,20.31,958.37,2023-02-22
12137,185,Port Michaelborough,Youngchester,142.4,5.11,44.06,2024-06-10
12138,328,South Douglasside,Port Paul,1816.7,22.02,2753.41,2023-03-03
12139,447,Lambville,South Williamtown,2393.6,6.47,1154.84,2023-01-27
12140,196,North Jordan,Port Joemouth,283.5,4.14,74.95,2024-07-14
12141,382,South David,South Jose,2311.3,9.78,1546.75,2023-10-13
12142,199,Blakeshire,Lake Mary,1996.0,8.49,1278.69,2023-02-16
12143,370,Leebury,West Elizabethchester,175.7,22.21,233.82,2023-01-20
12144,79,Carrchester,Patriciatown,2479.6,9.01,2141.62,2024-05-09
12145,475,Millerland,East Tammyhaven,2199.3,7.16,1770.13,2024-06-13
12146,122,Port Ernestmouth,New Jesusmouth,1824.5,9.64,1880.68,2023-12-25
12147,60,Lake Danaborough,Warrenmouth,161.4,10.73,95.91,2024-07-13
12148,188,West Sharon,Lake Amandaborough,2483.9,15.71,1962.76,2023-03-16
12149,187,Kentmouth,East Jenniferstad,1657.3,22.91,2257.79,2024-03-16
12150,260,East Karen,Laurenchester,2121.8,4.96,723.61,2023-09-27
12151,407,Adamton,Ramirezville,1254.9,19.05,1896.17,2024-12-26
12152,172,Port Jacob,Stevenland,2261.3,24.82,3692.08,2023-08-10
12153,190,West Stevenview,Port Seanborough,946.7,9.59,606.38,2024-11-12
12154,285,North Deborah,Michelleton,1495.7,2.52,391.65,2024-05-28
12155,225,Greenville,South Danny,688.6,6.04,372.11,2024-04-04
12156,22,West Dustinchester,West Anamouth,777.9,19.96,1406.57,2024-04-18
12157,365,South Brianafurt,West Mary,157.3,9.29,109.85,2023-03-01
12158,465,West Ralphhaven,Lake Phillip,2399.6,20.81,5436.18,2024-12-01
12159,497,Youngmouth,Owensville,1335.3,12.06,1902.68,2024-09-15
12160,345,East Anthonyfurt,East Christopherchester,358.1,16.11,288.84,2024-02-10
12161,466,West Ethan,New Kathrynchester,757.9,8.3,515.3,2024-01-28
12162,8,North Michaelhaven,Mullinsport,957.2,3.46,352.76,2024-11-02
12163,401,Michellebury,North Anthonyberg,866.2,17.31,1160.79,2024-07-26
12164,495,East Richardhaven,Adamfort,841.9,15.29,1195.05,2024-12-01
12165,478,New Sarahside,New Renee,1881.6,16.49,2253.08,2023-08-29
12166,384,Osbornbury,New Timothyside,1022.4,15.18,1716.12,2023-12-09
12167,149,North Danielborough,Port Samuel,1793.8,4.19,482.05,2023-12-07
12168,205,Courtneyburgh,North Saraburgh,495.1,7.05,178.96,2024-03-05
12169,20,Port Michellefurt,West Andrew,635.7,2.54,92.61,2023-11-13
12170,434,Lake Nicolas,East Margaretfurt,2075.2,21.46,3689.77,2024-06-05
12171,124,West Savannah,Wilkinsberg,296.8,21.35,486.19,2024-06-05
12172,412,Madisonton,Franklinstad,882.7,2.88,246.63,2023-08-26
12173,427,East Brandonborough,North Erica,272.7,8.23,225.13,2023-06-15
12174,56,East Ashleyborough,Anthonyborough,171.1,21.07,318.44,2023-08-23
12175,211,Shermanborough,Kevinshire,377.3,4.47,102.95,2023-12-23
12176,139,Port Michaelfort,Danielview,1714.3,22.99,4068.0,2024-12-13
12177,477,Port Joshuaport,Danafort,54.8,19.52,101.11,2024-07-08
12178,305,Port Eileenton,Wellsbury,858.2,4.27,250.24,2023-11-03
12179,119,South Richardstad,Loweryburgh,432.7,7.89,176.04,2023-06-15
12180,14,South Cody,Millerport,1743.8,19.58,1840.37,2023-03-13
12181,310,East Norma,Annaborough,286.4,4.11,102.23,2023-01-15
12182,340,Johnsonton,Joneschester,469.7,16.82,484.12,2023-09-27
12183,251,South Rachaelview,New Scotthaven,627.7,2.47,141.12,2024-07-26
12184,118,Lake Janeview,Simonland,1439.6,18.14,1732.25,2023-11-26
12185,60,Burnettville,West Seanfort,1909.4,15.5,3495.92,2023-08-09
12186,302,Jamesport,North Donna,1608.7,12.63,1600.22,2024-10-01
12187,209,Maloneville,South Martinborough,737.7,18.68,1190.08,2023-03-03
12188,461,Natashamouth,Contrerasside,1851.4,20.2,2618.3,2024-02-15
12189,306,Kramermouth,Lindsayville,1930.7,19.09,4160.32,2023-05-23
12190,111,Lake Jessica,Justinview,2177.1,12.0,3014.22,2024-07-19
12191,97,Brownshire,West Richard,971.1,22.72,1108.54,2024-12-27
12192,201,Danielleview,Heidichester,50.7,12.16,56.61,2023-12-18
12193,66,New Jamesfurt,South Sandra,652.7,23.32,1162.43,2024-04-07
12194,497,West Shannontown,Garrettside,1238.6,5.5,398.78,2023-05-15
12195,216,Juarezland,South Pamela,869.2,12.28,1074.66,2023-12-18
12196,102,Wilsonville,Shawside,218.7,18.9,471.17,2023-02-24
12197,416,New Natalie,Port Darinmouth,1101.8,15.1,1171.32,2023-03-22
12198,231,Markfurt,Stanleyton,1515.6,14.09,1771.35,2024-02-02
12199,94,Mccarthyburgh,New Selenabury,2169.1,5.69,1244.58,2023-01-17
12200,33,West Daniel,West Justin,1743.5,5.66,840.49,2023-07-11
12201,96,North Jenniferbury,Amandastad,734.4,4.99,224.27,2023-11-27
12202,101,South Alicia,New Amandamouth,2479.4,23.71,6454.18,2024-08-22
12203,481,Kennedyshire,Hayesshire,1329.0,19.87,1684.24,2024-09-30
12204,173,Kathleenfort,East Michaelton,2323.1,5.24,747.84,2024-07-11
12205,349,South Brian,New Danielville,1523.4,1.67,152.95,2024-06-22
12206,471,Jamesfort,Valenzuelaport,117.1,14.94,173.86,2023-11-13
12207,352,New Kevin,South Danielborough,2467.6,21.44,5894.78,2023-11-22
12208,160,Lake Kristen,New Michelle,284.9,7.67,120.64,2024-07-21
12209,80,Mcfarlandfort,New Amber,879.1,4.85,389.35,2024-01-17
12210,14,Allenville,Ashleyshire,666.5,9.87,532.81,2023-10-06
12211,295,New Catherineville,Moorestad,1329.9,20.78,2479.19,2024-07-24
12212,179,New Kristen,East Lacey,1780.3,22.72,3996.86,2024-11-28
12213,495,West Sharontown,Debbieside,134.8,10.96,90.03,2024-06-03
12214,236,West Katiechester,East Jacobchester,1553.3,5.54,817.42,2023-12-14
12215,176,Jonesmouth,Feliciafurt,731.9,9.46,441.55,2023-11-30
12216,443,West Veronicafurt,Reyesmouth,1404.4,20.5,3222.74,2023-09-22
12217,330,Meganton,Jacquelineberg,624.0,18.18,922.0,2023-01-29
12218,375,Fowlerfort,Angelatown,2361.0,9.77,2161.14,2023-06-18
12219,125,New Alex,Castilloport,2268.8,23.23,2715.02,2024-04-21
12220,175,Mooremouth,North Darlenehaven,1918.0,14.9,2918.43,2024-06-25
12221,261,East Joseph,Kristyside,1425.4,9.67,1022.6,2023-05-03
12222,245,Emilyburgh,Stevensland,1763.3,5.44,1022.58,2023-04-02
12223,98,North Michael,Hamiltonhaven,366.3,5.37,194.48,2024-11-01
12224,448,East Kimberly,Chrisstad,84.3,12.57,94.49,2024-02-29
12225,156,South Michael,East Michael,2226.8,14.38,2952.7,2023-06-04
12226,146,Bradleyhaven,New Kaylafort,1282.2,8.15,1020.84,2024-05-31
12227,381,Dixonland,Dorothybury,1192.6,16.12,1432.35,2024-09-16
12228,188,Haroldborough,Prattview,1568.4,7.45,788.39,2024-06-05
12229,285,Smithshire,Allenmouth,2387.6,10.14,1825.79,2024-05-14
12230,430,Jefferyshire,Desireemouth,1613.2,10.14,974.05,2024-03-23
12231,339,Hillberg,North Kevin,391.5,21.27,920.29,2024-07-19
12232,347,New Selenamouth,East Lisa,51.7,5.15,28.57,2024-03-26
12233,362,Port Jakeshire,Andersonhaven,1723.8,20.27,3300.56,2023-10-09
12234,382,Vanceburgh,Lake Ricky,697.2,16.02,1180.79,2023-03-27
12235,182,Paulland,Stewarthaven,1686.5,22.41,4202.64,2023-08-18
12236,37,North Jamiefurt,Andersonton,1860.2,5.27,698.28,2023-07-20
12237,459,Rothborough,South Lauren,399.9,16.83,546.49,2024-08-30
12238,292,Johnsonfort,Carolynview,1629.9,1.63,253.23,2023-11-09
12239,292,Josephberg,Jessebury,2077.1,23.79,5026.8,2024-12-08
12240,218,Carpenterside,Port Luisbury,1035.6,12.61,879.97,2024-05-11
12241,393,South Carolfort,Hernandeztown,2062.7,5.09,737.4,2023-01-29
12242,13,Larryhaven,North Gwendolyn,846.0,5.77,488.44,2023-12-23
12243,116,Lake Derektown,Lopezside,1103.9,7.5,834.99,2023-09-30
12244,113,South Donnaland,Michelleburgh,393.6,10.79,232.31,2023-12-07
12245,459,South Carlafort,Cookstad,781.0,2.41,181.83,2023-03-02
12246,37,Campbellview,West Valerieview,2110.7,24.88,3389.41,2024-05-05
12247,98,New Patrickborough,South Jenniferhaven,895.8,22.35,1997.87,2024-11-22
12248,347,Cherylbury,Jerryville,1997.5,2.03,221.18,2024-12-03
12249,467,East Amandaport,Garciaview,2116.1,10.87,1548.54,2024-09-17
12250,124,Tammytown,Port Patricia,123.9,22.93,288.65,2023-08-20
12251,96,Jaredville,Campbellton,1830.2,23.76,4449.48,2023-02-01
12252,395,Wilkinsfurt,Willieland,450.7,9.72,445.24,2024-10-01
12253,282,Chungstad,New Aaronville,1034.5,15.08,1087.66,2023-08-15
12254,343,Autumnbury,South Brandi,1185.7,11.44,1295.9,2024-01-07
12255,322,Thomastown,Timothymouth,984.3,7.76,652.59,2024-01-26
12256,338,Coleton,West Michellestad,2344.3,6.59,1277.13,2024-03-17
12257,21,South Jill,Brandimouth,1855.8,12.04,1241.27,2024-06-05
12258,151,Deniseville,South Kendraport,1842.8,18.6,1975.66,2023-06-30
12259,5,East Lisaburgh,New Danielview,2498.9,24.28,5257.94,2023-06-24
12260,66,New Joshuaside,Mannport,961.2,15.54,1057.72,2023-01-25
12261,367,East Sandy,Johnsonborough,306.7,18.73,481.19,2023-05-26
12262,300,Mejiaburgh,Lindseyfort,1486.7,1.47,152.03,2024-06-23
12263,371,Laurenburgh,Aprilmouth,220.5,2.31,60.02,2023-09-08
12264,37,South Kimberly,Ericchester,201.2,5.07,64.74,2023-03-29
12265,89,Hernandezborough,Davisport,1843.3,20.33,4280.54,2024-12-21
12266,9,Port Angela,Landrybury,2498.0,7.8,1793.86,2023-01-25
12267,136,New Melissaburgh,North Marcusview,1796.7,10.94,1060.67,2024-06-13
12268,344,North Jilltown,West Donaldmouth,259.7,2.76,58.84,2023-08-19
12269,15,East Bradton,Sotoview,2126.2,17.44,2391.2,2024-11-29
12270,46,Careyville,Sweeneyville,2011.8,9.89,1007.83,2024-11-03
12271,163,West Amber,Sydneymouth,942.9,13.53,1044.83,2024-06-05
12272,228,Ruizburgh,Riceland,145.3,10.97,165.7,2024-08-21
12273,60,North Keithview,Hollymouth,2418.3,9.59,1347.5,2024-06-20
12274,171,Brendachester,Kimberlychester,699.0,6.47,522.83,2024-11-29
12275,369,Stacyland,West Jennytown,1037.7,14.6,885.25,2023-06-05
12276,80,New Marilynside,Jasonbury,372.4,11.99,239.43,2023-03-16
12277,59,Lake Anita,Nathanmouth,209.3,19.68,361.62,2023-02-20
12278,465,Pearsonport,South Matthew,306.6,9.04,161.38,2023-03-04
12279,434,East Edward,East Stephen,1787.9,5.18,933.02,2023-06-21
12280,99,East Matthewton,Lake Elizabeth,285.7,5.99,129.87,2023-04-04
12281,439,Fosterberg,Port Richard,694.9,1.86,74.13,2023-04-30
12282,489,East Donnaberg,West Jeff,1083.6,8.81,899.53,2024-11-01
12283,179,Beckyfurt,Ryanport,1758.9,12.97,2652.99,2024-08-07
12284,103,Elizabethland,East Lisa,577.9,21.38,648.94,2024-05-03
12285,225,Port Nancyland,New Katrinaberg,1273.2,2.79,213.82,2024-07-17
12286,157,Howardshire,New Justin,405.3,18.61,665.27,2023-10-01
12287,475,Port Teresaton,Ballshire,836.2,18.39,959.2,2024-01-26
12288,18,Port Gerald,Fredport,99.0,13.42,133.32,2023-04-11
12289,163,Heatherchester,Carlbury,1862.2,11.28,1922.2,2024-02-07
12290,20,Connorton,Ryanport,1926.1,6.53,835.59,2023-03-04
12291,377,New Williamstad,West John,292.9,1.36,45.87,2023-11-11
12292,427,Lauraport,Port Richard,1654.5,14.8,2564.97,2024-06-14
12293,362,South Rachelton,New Steven,2185.0,24.59,6236.57,2023-01-04
12294,305,Mullinston,Haleyside,2101.5,19.54,2127.15,2024-12-14
12295,369,East Danny,Kellystad,1547.3,13.12,1249.13,2023-09-16
12296,406,Lorifurt,Joshuatown,2160.5,11.84,2545.51,2023-02-24
12297,330,Pearsonside,East Daniel,1488.7,16.88,2743.4,2024-01-21
12298,157,Kimmouth,Wilsonville,502.6,13.5,746.59,2024-11-18
12299,463,East Michael,Kennethview,1845.8,9.05,1526.47,2023-02-11
12300,326,Micheleland,Port Julie,679.4,4.6,234.13,2024-02-25
12301,77,Munozland,Rivasbury,519.7,17.98,1004.11,2023-05-11
12302,125,Williamview,South Michelle,1042.7,7.25,469.9,2023-05-14
12303,438,Mariamouth,North Noahbury,1354.7,18.04,2291.74,2024-05-18
12304,33,Jeffreyfurt,Velezville,1014.6,11.5,810.83,2024-04-14
12305,393,Lake David,Shaneland,2202.9,1.9,229.81,2023-03-03
12306,450,Robertsfurt,North Michael,469.1,16.37,456.89,2024-04-13
12307,377,Rosariobury,New Meredithmouth,1197.4,20.66,1564.25,2024-06-13
12308,120,Katherinestad,Sharpfort,1093.9,12.3,1254.37,2023-11-10
12309,6,South Christopher,Michelleburgh,1674.9,11.93,1709.06,2023-10-07
12310,129,Georgeburgh,Morrowton,1258.3,13.26,1874.63,2023-02-01
12311,325,East Jennifer,Smithborough,2403.6,13.08,3315.78,2023-12-25
12312,113,North Kristen,South Laura,928.4,18.18,1861.45,2023-07-16
12313,233,Montoyafort,Port Ginamouth,517.9,19.29,1194.2,2023-08-08
12314,128,Danielleburgh,Port Benjaminbury,1462.0,2.31,211.48,2023-03-18
12315,199,Marcside,North Nicholas,1989.1,10.25,2202.02,2023-04-05
12316,499,Port Victoria,New Jamesburgh,1625.2,1.39,183.51,2023-10-03
12317,376,East Scott,Munozport,2296.8,15.15,4095.6,2024-09-20
12318,448,New Erin,East Adamshire,337.0,4.37,140.07,2023-07-26
12319,443,East Emily,South Marthabury,1032.9,22.16,2045.31,2024-07-12
12320,45,Zacharyfort,New Colleenbury,1075.3,15.07,1690.35,2023-10-11
12321,345,Salinaston,Reyesland,2134.6,1.48,217.86,2023-04-05
12322,338,North Stefaniebury,Jennahaven,636.5,1.65,94.27,2023-09-05
12323,460,West Danielborough,Lake Erin,1655.2,23.71,3274.1,2023-11-22
12324,271,West Johnville,Silvaborough,1234.3,19.18,1217.9,2024-01-12
12325,418,East Jamie,North Brandonborough,1072.7,22.31,1543.01,2023-01-31
12326,201,Fergusonland,Lake Ashley,1478.9,16.56,1818.44,2024-01-31
12327,220,Bradshawfurt,West Brandi,1008.1,10.71,1293.62,2023-10-09
12328,270,Lake Charles,Lake James,71.0,18.18,96.54,2023-04-28
12329,472,New Timothy,Tonishire,1631.7,16.57,1994.89,2023-11-25
12330,23,Mitchellland,Deborahview,169.2,15.6,233.3,2024-10-02
12331,355,Ramirezfurt,East Marcia,1069.4,15.93,1281.92,2024-04-15
12332,180,Valentinetown,South Christinaport,1788.8,19.28,3726.84,2024-08-23
12333,476,Stephaniebury,South Amanda,2459.7,24.12,6667.26,2023-07-09
12334,384,West Amandatown,Parksberg,772.7,20.2,1419.64,2024-07-10
12335,109,North Jessica,New Kathy,755.4,2.62,116.52,2024-04-07
12336,358,West Christopher,Port Adam,1073.6,10.42,850.5,2024-03-09
12337,313,West Robert,Kevinland,491.1,16.26,931.7,2023-07-17
12338,61,Lake Maryshire,New Brianshire,2423.3,11.57,1582.86,2023-05-23
12339,461,Hoopertown,Schwartzside,1917.7,13.11,2562.83,2023-06-02
12340,253,New Steve,North Monicafort,810.7,22.06,1157.72,2024-05-29
12341,429,West Barbara,Whiteville,1328.6,15.64,1383.71,2023-11-02
12342,427,South Sandra,Frankland,2366.4,11.8,1941.69,2023-08-06
12343,245,Debrachester,Morganfurt,2391.4,3.25,453.29,2024-04-13
12344,355,South Jamie,East Veronica,1116.9,8.99,518.42,2024-07-14
12345,423,East John,Port Sabrina,2492.2,19.97,3460.72,2024-04-07
12346,448,Cruzborough,Steinberg,1259.6,16.4,1320.74,2023-08-21
12347,482,Port Brian,West Tiffanyton,307.8,20.64,475.26,2024-10-30
12348,165,Gomezburgh,Port Davidhaven,1678.8,4.17,436.95,2023-12-06
12349,202,East Dianaville,Kylefurt,178.5,13.92,267.42,2023-11-20
12350,110,Justinhaven,Watkinsfurt,137.7,5.75,71.91,2023-09-05
12351,436,East Thomas,West Johnhaven,1090.0,7.99,697.2,2023-09-23
12352,437,West Christopherland,Sandrastad,932.2,10.5,1141.35,2024-05-31
12353,455,Butlerview,Thomasmouth,548.3,20.07,1276.23,2023-09-17
12354,253,North Angelatown,Andrewhaven,822.9,7.21,586.85,2023-04-27
12355,1,Michaelstad,Ericmouth,746.9,15.36,683.34,2023-02-04
12356,23,North Mark,Lake David,1319.4,5.1,552.27,2023-05-22
12357,277,New Jonathan,Clarkfurt,1918.3,18.16,2247.79,2023-08-22
12358,325,Browntown,Port Anthonyport,268.0,1.05,14.13,2023-11-22
12359,434,Susanside,Jonathonshire,401.1,21.77,743.91,2024-06-09
12360,208,Rebeccastad,Salinasland,636.4,22.76,1548.27,2023-03-11
12361,238,Pamelafort,North Kathryn,73.6,17.45,66.43,2024-03-17
12362,408,Mathisview,Port Ericfurt,901.4,17.9,1410.75,2024-11-14
12363,289,Alvaradofort,Edwardsbury,916.2,22.28,1590.19,2024-06-21
12364,137,Jameshaven,West Jamesborough,95.3,22.12,143.88,2024-02-11
12365,303,East Nicholas,South Ricky,2244.7,2.15,316.77,2023-07-23
12366,205,Port Michaelside,Brentton,757.9,17.11,1458.0,2024-02-19
12367,65,South Seanstad,New Brian,1807.9,11.42,1967.17,2023-05-10
12368,452,South John,Ramosberg,1739.2,24.64,4211.99,2023-12-24
12369,138,Lake Reginahaven,Bradleymouth,1137.6,11.36,663.03,2024-02-06
12370,87,North Ashley,Lake Joeland,1962.3,20.0,4562.56,2023-01-25
12371,268,New John,North Andrewfort,1824.2,1.46,291.51,2024-07-24
12372,370,Gallegosmouth,West Grace,1641.7,21.43,2774.38,2023-05-27
12373,272,Rachelland,Johnberg,861.2,4.41,214.09,2024-08-16
12374,206,Bonnieville,East Makayla,1490.0,10.19,1298.15,2023-09-19
12375,460,Port Amy,Joannton,2262.9,21.97,4660.04,2024-03-15
12376,141,South Sandra,Brettton,582.2,5.61,297.05,2024-12-05
12377,273,Skinnerhaven,South Lisa,913.1,22.04,2363.39,2023-11-01
12378,226,New James,Espinozafort,154.5,6.6,71.97,2023-02-04
12379,131,Pinedamouth,East Dustinmouth,1056.0,19.84,1492.99,2024-07-16
12380,347,East Barry,South Samanthastad,598.5,18.19,715.49,2023-06-25
12381,330,Laurenfort,East Patriciachester,1932.2,22.7,3352.82,2023-01-19
12382,263,Wilkersonshire,East Christinaton,1632.6,15.89,2832.84,2023-02-01
12383,240,East Susanland,Johnsonport,856.8,9.15,818.89,2023-12-24
12384,54,North Laurashire,Port Robert,1527.0,11.63,1824.96,2024-09-06
12385,364,North Jerryshire,West Noahborough,1345.1,6.23,568.54,2023-09-19
12386,304,Jamiemouth,Port Elizabethborough,1452.4,1.31,133.16,2024-10-30
12387,176,East Brittanyberg,Cookeview,456.6,12.69,669.69,2023-09-02
12388,487,South Edwinberg,Stoneborough,434.8,5.86,198.65,2023-10-25
12389,460,West Timothyland,Andrewburgh,1663.3,8.62,1509.25,2023-12-12
12390,252,Maryville,East Johnville,2401.7,3.67,943.11,2024-08-14
12391,312,West Ashley,Marshport,1037.9,1.11,99.78,2023-12-27
12392,457,Katherineborough,Priceborough,1051.8,3.13,251.74,2024-08-12
12393,229,Lake Jameston,Daniellechester,1096.6,8.62,1058.63,2024-12-22
12394,377,Theresashire,South Randallport,1280.0,4.84,444.38,2023-02-06
12395,387,Caseyfort,Woodberg,955.3,11.12,941.89,2024-05-27
12396,360,South Marvinside,Nelsonton,1462.8,14.36,1535.0,2023-06-29
12397,370,South Anthony,Kelleyview,1614.6,2.0,310.43,2024-09-27
12398,452,Jamesshire,Melaniefurt,771.7,9.08,688.51,2024-01-05
12399,464,West Karlfurt,West Janice,1456.9,10.59,1340.59,2024-12-29
12400,200,West Johnmouth,Lake Allison,536.3,7.09,450.98,2023-08-01
12401,132,Marshallstad,Lake Brooke,1526.5,1.54,137.25,2023-07-08
12402,71,Lake Lori,Lake Kevinchester,770.8,13.75,1269.17,2024-10-16
12403,116,Chrisfurt,Pereztown,1532.3,10.71,1200.49,2024-02-13
12404,444,Chapmanview,Lake Allison,499.1,14.34,804.86,2024-07-21
12405,246,Kingburgh,Haileyburgh,238.0,16.91,257.97,2023-05-30
12406,54,Janetton,Lake Michael,90.8,22.41,215.39,2024-09-28
12407,357,Michellemouth,Ortizside,1564.0,20.1,3124.23,2023-04-21
12408,184,East Manuel,Sandersfort,1265.7,11.2,731.49,2024-12-20
12409,116,New Ronnie,Leemouth,202.2,18.06,345.49,2024-01-08
12410,415,Moranside,Hayesmouth,2284.5,6.73,1840.92,2024-02-02
12411,309,East Alexander,East Kelsey,830.9,5.3,382.89,2023-03-23
12412,386,Lake Robert,Loweryburgh,2479.9,18.85,3472.97,2024-09-02
12413,287,Gregoryfort,East Erik,263.1,6.01,165.26,2023-05-06
12414,464,Port Ashley,South Matthewchester,1326.1,8.3,928.98,2024-10-21
12415,235,New Lisaland,Marcofort,1785.8,4.47,594.73,2024-02-15
12416,69,Monicamouth,Terrychester,2016.8,8.4,1471.26,2023-12-13
12417,345,North Robertburgh,North Cherylside,162.3,5.8,70.5,2023-03-20
12418,261,New Pamelaport,Brandontown,195.9,18.06,190.64,2023-07-06
12419,1,Patelton,South Haley,1098.1,11.72,943.43,2023-08-28
12420,164,East Franklin,North Jodyfurt,134.7,8.7,138.31,2023-11-02
12421,458,Kimstad,Port Kenneth,1236.2,22.79,2664.95,2023-03-13
12422,201,Brucefurt,Philiptown,2055.1,18.11,3560.32,2023-05-21
12423,35,Port Mikestad,South Ryanfort,2153.6,6.02,1553.43,2024-09-22
12424,44,Nguyenbury,New Zacharybury,709.4,24.33,1432.96,2023-05-19
12425,223,Fisherport,Port Roberttown,2488.0,19.35,2721.07,2024-12-21
12426,213,Higginsfurt,Philipbury,1849.7,4.6,613.63,2024-09-18
12427,394,Stephenland,Davisport,1786.5,16.39,2505.88,2024-02-22
12428,136,East Kyle,Julieshire,1996.9,17.57,4113.84,2023-10-06
12429,39,New Kristenmouth,New Maria,1648.8,11.0,1599.62,2023-03-31
12430,186,North Rachelport,Danielside,1136.9,4.89,452.94,2023-08-09
12431,199,Hendersonshire,West Brian,1874.2,12.38,1257.86,2023-03-30
12432,41,Lake Thomas,North Kristenmouth,217.4,21.89,368.2,2024-08-20
12433,194,Vaughnshire,East Norma,1256.9,7.12,501.31,2024-02-03
12434,423,Port Todd,North Richard,801.1,22.56,979.79,2024-10-01
12435,262,South Lisashire,Weberfort,1834.6,4.72,682.89,2024-02-22
12436,475,North Nicholasbury,Ericberg,1985.7,22.72,4393.31,2023-05-01
12437,229,Hallville,Dillonbury,1521.2,23.1,3796.11,2023-07-13
12438,243,Smithberg,Sandersborough,1324.7,16.02,2493.46,2024-11-20
12439,69,West Joseph,Powellshire,1220.1,10.18,847.7,2023-12-18
12440,63,Kimberlymouth,Kylemouth,599.8,23.53,1171.08,2023-03-15
12441,140,Michaelshire,Port Hannah,743.6,3.75,177.15,2024-05-24
12442,332,Tiffanybury,Port Emily,1663.8,1.16,113.75,2024-12-02
12443,417,Moralesfort,Angelaview,1965.5,11.04,1625.82,2024-11-25
12444,292,West Colton,Annashire,1629.9,11.36,1368.83,2023-01-23
12445,199,Moralesmouth,Elizabethborough,595.7,17.02,846.67,2023-05-29
12446,346,Port Tina,West Ashleytown,487.9,9.88,326.0,2023-12-09
12447,300,Newtonchester,South William,2071.1,1.33,287.95,2024-10-28
12448,294,Keithview,New Brad,1603.0,13.24,2527.96,2024-10-13
12449,169,Debraview,Port Christina,654.7,11.77,719.82,2024-01-06
12450,87,West Christina,Martinshire,630.3,16.76,992.86,2023-09-14
12451,225,New Crystalburgh,Port Katrina,493.9,2.18,97.43,2023-10-25
12452,444,Brandonbury,West Andre,132.4,7.17,64.74,2023-01-11
12453,103,Alexandrastad,Lake Susan,1024.4,13.1,1336.72,2023-05-10
12454,495,Gordonmouth,North Christineborough,1545.3,24.48,3766.04,2024-03-05
12455,240,Lindseyshire,South Lauren,77.4,23.68,185.11,2024-10-19
12456,428,Richardhaven,Stacyside,993.5,17.59,1615.93,2024-06-30
12457,277,Lake Christopher,Port Michael,1143.4,7.54,575.9,2023-09-30
12458,266,Penaburgh,South Tara,861.3,18.34,1747.55,2023-10-03
12459,354,Fergusonborough,Spencerbury,1154.3,21.43,1848.4,2024-12-10
12460,399,West Johnberg,West Georgeport,1318.4,7.51,1169.02,2024-09-16
12461,318,Lake Cathy,Rosehaven,703.0,1.59,120.28,2024-04-23
12462,282,North Natashatown,Chamberston,1738.5,12.19,2122.97,2023-07-14
12463,412,East Jessica,Carpenterborough,828.9,7.49,678.63,2024-05-05
12464,394,Lake Mariaport,Oscarchester,736.7,4.74,393.86,2024-08-23
12465,155,Jackhaven,Lake Olivia,685.9,22.3,1583.48,2023-05-02
12466,371,Lake Patrickfurt,Jeffreytown,1762.3,13.37,1813.48,2023-10-06
12467,326,New Teresa,Anthonyport,2230.2,15.88,4145.07,2023-03-08
12468,103,Mckinneystad,West Garymouth,1573.4,13.94,1789.67,2023-12-13
12469,90,Whitehaven,Monicastad,2226.5,21.18,5454.52,2023-11-17
12470,54,East Nicholechester,Leeside,1244.7,8.38,1109.45,2023-06-20
12471,246,West Paigechester,Randallfort,323.0,11.69,309.35,2024-11-02
12472,209,New Brian,Lake Laura,1966.0,13.89,2017.94,2024-09-12
12473,380,Brianton,North Jamesport,350.4,22.2,474.36,2023-08-07
12474,44,East Harrymouth,Carolfurt,1247.5,10.07,1044.68,2024-04-22
12475,33,Chaseberg,Lake Cynthia,624.6,13.66,722.38,2023-02-22
12476,464,Lake Brandon,South Timothy,764.8,17.77,1613.13,2024-05-22
12477,218,East William,South Robertland,234.7,17.58,240.2,2024-03-01
12478,87,Rothhaven,North Courtneyside,1067.7,19.59,1221.93,2023-04-12
12479,371,Autumnborough,New Julie,811.3,17.18,1084.36,2023-05-23
12480,221,East Mark,Pearsonport,1386.6,18.35,2417.53,2024-06-10
12481,378,Matthewchester,West Amanda,1224.8,23.14,1758.91,2023-08-17
12482,292,Christianborough,Lake Ryan,236.2,4.33,73.48,2023-10-18
12483,253,Yorkchester,Wilsonbury,2435.5,16.12,2309.18,2024-03-05
12484,217,Port Johnathanport,Dannyton,1041.8,24.4,2922.98,2023-01-02
12485,201,Schmidttown,Walkerfurt,1127.9,24.69,2280.99,2023-08-27
12486,341,Lake Victoriaview,South Lesliebury,2113.2,3.21,466.27,2023-11-04
12487,234,Port Aaron,Port Gabriella,1448.4,12.05,1044.85,2023-12-19
12488,162,North Matthewmouth,South Kathrynshire,1365.1,17.6,1524.67,2024-06-11
12489,14,Jeffreyland,Oliviafurt,2491.6,15.34,2058.64,2024-07-19
12490,115,Toddport,Shanemouth,1973.6,5.54,1127.19,2024-03-11
12491,66,Crossland,Riveratown,1954.4,6.74,973.17,2024-02-08
12492,388,Mullinsfort,Lake Edwardberg,2489.3,12.48,3449.56,2024-05-12
12493,266,Angelaberg,Simpsonville,284.9,2.57,81.5,2023-08-17
12494,286,North Debra,Simmonsside,2480.1,21.58,6230.02,2024-09-24
12495,48,North Michaelstad,East Jamesville,327.5,14.58,266.91,2024-05-24
12496,14,Lake Heather,Brentborough,1966.4,24.23,3886.3,2023-05-12
12497,342,Combsfort,Beckview,1115.2,12.33,1098.94,2023-07-12
12498,50,Stephensonport,Kennedybury,1534.0,20.84,1860.18,2024-11-21
12499,161,Ramseytown,East Kimberlyton,1993.7,10.39,2287.97,2024-07-29
12500,152,Klineland,Phammouth,647.3,5.71,288.36,2023-10-19
12501,115,Lake Davidberg,West Jenniferberg,445.3,8.74,196.81,2024-12-11
12502,378,South Robertton,Jacksonhaven,2404.4,6.88,1631.16,2023-08-06
12503,46,Matthewport,Tracyfurt,1881.0,24.2,4874.05,2024-08-30
12504,358,West Madison,Lake Douglas,131.0,4.85,73.93,2024-02-16
12505,36,West Nichole,Danielleborough,1038.6,8.86,1011.37,2024-01-06
12506,435,East Richard,Sheilahaven,766.0,15.13,1070.54,2024-11-17
12507,22,Port Adamville,New Savannahside,1448.6,21.46,2531.42,2024-03-20
12508,185,Leonardland,Stevenborough,619.6,17.87,925.71,2024-01-04
12509,283,North Elizabeth,Lake Jeffrey,1100.1,16.79,1086.38,2023-05-22
12510,411,Donnaview,North Joeview,530.6,1.99,119.24,2024-03-20
12511,412,Wendystad,North Josemouth,2310.8,8.91,1564.01,2024-07-12
12512,242,Lake Laurenborough,North Gregshire,2290.4,5.63,1002.24,2023-06-08
12513,499,Lake Scottbury,Kellerchester,1559.4,13.37,2215.15,2023-01-03
12514,324,Miguelport,Jessicafurt,614.6,13.01,531.48,2023-09-12
12515,369,East Paula,Port Erikafurt,2136.7,8.21,1698.69,2024-08-16
12516,16,Thomasstad,Port Zachary,808.1,14.91,1341.57,2024-04-12
12517,68,New Breanna,Lake Kristinburgh,1671.2,23.34,2479.95,2024-12-20
12518,290,East Alejandraton,North Jermaine,1970.8,21.63,4403.3,2024-05-07
12519,402,Hilltown,Lake Danielchester,392.1,1.65,69.52,2024-06-15
12520,151,South Ashley,Lake Bryan,106.4,4.37,55.54,2023-04-19
12521,40,Port Lauriestad,Michaelmouth,409.7,15.64,383.24,2024-02-23
12522,135,Davisbury,New Markstad,269.5,20.91,386.83,2024-03-06
12523,175,North Ginamouth,Frederickshire,2394.7,16.42,4144.96,2023-01-16
12524,461,Lake Michelleton,Mooremouth,172.8,15.45,223.81,2023-05-13
12525,258,New Jessicahaven,Nancymouth,465.2,14.82,700.8,2024-12-08
12526,477,Robertton,Torresshire,1226.3,22.0,1527.2,2024-11-06
12527,315,Port Keith,Port Joshua,95.4,13.28,127.49,2023-10-20
12528,306,Christineshire,West Michael,1287.9,15.1,2089.52,2023-07-04
12529,456,Veronicastad,New Marissa,2206.8,23.0,2910.36,2024-03-31
12530,500,North Russell,Taylorbury,56.3,17.0,100.13,2024-09-10
12531,219,East Lauraside,Lawrencestad,950.5,9.39,632.48,2023-08-25
12532,371,South Rachel,Edwardsshire,242.6,14.41,358.81,2023-12-22
12533,122,East Joseph,Cruzshire,1588.8,10.32,859.35,2023-09-10
12534,4,Snyderland,South Christopher,143.4,18.46,290.78,2024-09-10
12535,139,Wangshire,Rogerston,2167.9,8.84,2276.84,2023-06-26
12536,359,West Russell,Christensenberg,2181.9,13.5,1636.18,2024-05-04
12537,141,East Bonnieborough,West Jamesland,1933.5,3.84,822.97,2024-04-23
12538,184,North Natalie,East Kelseystad,567.5,6.77,192.36,2024-06-11
12539,452,North Darrenshire,East Mark,1259.3,5.7,410.33,2023-10-10
12540,295,Gutierrezview,New Timothyview,313.9,22.84,531.13,2024-08-25
12541,320,Jenniferside,South Juanton,864.3,16.15,1338.53,2023-04-29
12542,305,Amyfurt,Joelport,368.6,2.97,107.11,2023-11-02
12543,454,Carriefort,Zacharyburgh,1851.7,3.59,508.71,2024-05-11
12544,35,East Madison,Mooneyland,1572.8,16.79,2433.66,2024-06-07
12545,214,Samuelmouth,Thomastown,625.6,8.03,423.52,2024-12-18
12546,466,South Deborahport,West Tiffany,826.6,17.78,867.39,2024-02-29
12547,278,North Randallfurt,East Angelaville,2110.3,9.85,1874.44,2023-05-31
12548,292,Hillbury,Port Heather,1604.5,19.87,1649.99,2024-11-01
12549,216,Harrismouth,Hannashire,2475.7,22.36,6592.62,2023-01-22
12550,175,East Christinaland,Smithbury,2070.0,1.33,283.41,2023-04-29
12551,380,West Dawnville,Victoriastad,2239.9,20.78,3033.26,2024-10-11
12552,312,Richport,New Ianshire,1070.1,15.98,1204.53,2024-07-15
12553,336,Jamesview,Millerland,783.5,16.16,1504.34,2023-03-05
12554,31,Rosemouth,Port Sean,703.5,15.59,707.74,2024-04-06
12555,60,Whiteburgh,Rodrigueztown,57.3,15.0,44.98,2023-09-17
12556,499,Rosalesborough,Lake Oliviaport,960.5,9.03,921.86,2023-05-22
12557,395,West Kathryn,North Jocelynville,1988.0,9.61,1194.71,2024-08-05
12558,158,North Lisatown,Port Michaelmouth,892.5,11.37,630.13,2024-06-08
12559,440,Loweville,Andersonburgh,1709.0,24.94,3762.51,2023-02-07
12560,277,East David,Port Tracy,1426.0,24.19,3705.14,2024-12-05
12561,254,East Genemouth,South Jamiefort,92.7,20.19,223.85,2023-11-23
12562,359,Morrismouth,Whiteborough,155.9,10.88,150.28,2023-02-20
12563,350,Simpsonfurt,Robinsonmouth,859.6,9.55,979.79,2023-12-08
12564,145,Lake Meredith,Gonzalezborough,1041.1,18.57,1187.23,2023-11-03
12565,458,Tamaramouth,Port Jill,127.4,8.99,118.58,2024-11-09
12566,149,New Carolstad,North Stephaniemouth,1153.6,20.03,2697.44,2023-01-24
12567,190,Gillespiemouth,Mikeborough,294.4,22.88,603.55,2023-11-19
12568,263,Lake Valeriemouth,Port Natalie,537.6,3.36,90.5,2023-09-03
12569,417,Perryhaven,Romeroberg,1627.7,14.9,2390.18,2023-12-24
12570,320,Murphyside,Emmafurt,1934.5,12.94,2455.82,2024-09-21
12571,260,Waltersborough,Josephfurt,2175.1,24.62,3259.23,2024-08-25
12572,500,East Steve,Hughesland,2289.0,8.97,1751.41,2024-09-16
12573,356,Smithfort,New Patriciaton,977.9,22.01,1140.73,2024-08-23
12574,8,East Kevinborough,Douglaschester,2489.0,15.55,2326.43,2024-03-26
12575,272,Jasonberg,New Daniellemouth,130.1,20.03,253.77,2023-11-23
12576,404,North Joyce,Bakerberg,1488.1,4.43,686.63,2023-03-29
12577,405,North Cassandratown,Powersside,1372.6,16.23,1868.73,2023-02-07
12578,24,Mooretown,Shannonhaven,539.7,18.16,1149.06,2023-10-23
12579,106,Port Jilltown,Port Aaronstad,519.7,1.57,66.62,2024-06-15
12580,283,West Alishafort,Watkinsborough,1891.2,4.68,670.68,2023-07-12
12581,157,Martinezfurt,Toddtown,1985.8,10.83,2042.49,2024-04-11
12582,130,Mitchellberg,West Barry,1322.4,5.93,425.88,2024-04-28
12583,97,East Courtneybury,East Laurenborough,1325.2,23.74,1744.0,2024-03-17
12584,354,Lake Lisa,West Ashleymouth,678.0,1.54,95.51,2024-03-25
12585,30,North Blake,North Lynnfurt,1651.9,23.18,1952.77,2023-07-02
12586,433,West Brandiview,West Aprilshire,1871.9,14.29,1792.02,2023-05-02
12587,2,Nicholasshire,Port Cynthia,1788.2,2.8,558.3,2023-03-24
12588,156,Petersonfurt,West Mariahside,141.1,7.63,115.61,2024-01-26
12589,495,Laneville,New Brett,1834.0,3.62,727.13,2024-05-04
12590,260,New Henry,East Michaelville,1865.5,17.37,3129.58,2023-09-13
12591,146,Garciafurt,Tracymouth,2316.8,1.2,280.13,2024-05-04
12592,128,Heatherburgh,New Alexandra,1712.0,4.97,620.09,2024-08-15
12593,185,West Albert,Michaelbury,1764.3,10.24,1312.05,2023-12-19
12594,80,East Tara,Garciashire,1106.8,7.52,475.08,2024-04-13
12595,376,Whitechester,Jonesberg,1674.7,18.2,3001.22,2023-02-05
12596,467,Paulfurt,Adkinsfort,2444.9,14.01,1859.5,2024-06-04
12597,63,South Miguelport,Laurenhaven,2108.8,15.69,3186.08,2024-12-16
12598,413,New Danielle,Brandonberg,866.7,15.13,754.68,2023-01-18
12599,158,North Christophershire,East Jessica,1106.7,3.66,453.41,2024-06-17
12600,361,South Stephanie,Port Carmenville,1312.0,6.62,586.57,2023-02-06
12601,388,Jacksonmouth,Lake Danielle,142.6,10.75,113.43,2023-10-11
12602,68,Lake Jaredstad,Lake Joseph,382.0,17.24,704.25,2024-09-04
12603,366,Jamiemouth,Burchside,352.5,20.63,573.8,2024-03-17
12604,433,Jasmineton,Duranstad,1430.8,13.39,2187.52,2024-05-23
12605,364,Joneshaven,Katrinamouth,1610.9,1.04,91.31,2024-07-02
12606,215,West Samanthaland,West Jamie,557.2,24.45,703.05,2024-03-10
12607,189,Kellyside,North Michellechester,1164.2,20.81,1783.31,2023-12-05
12608,126,South Tyler,North Alex,1582.8,10.36,1353.3,2023-05-03
12609,99,Lake Tracybury,Port Tami,507.6,14.16,684.98,2024-12-05
12610,158,Ryanton,Port Scottfurt,1001.2,8.38,591.84,2023-02-13
12611,259,Mitchellport,North Jennifermouth,739.8,22.38,1030.91,2024-11-09
12612,330,Lewishaven,Christopherfort,105.4,12.68,128.8,2023-02-24
12613,441,Lake Jacobberg,Bairdbury,186.7,24.55,393.59,2023-10-18
12614,374,North Paulmouth,East Shari,1839.5,19.69,1845.5,2024-05-31
12615,472,New George,North Beverly,1553.6,1.18,189.61,2024-07-22
12616,36,Port Joshua,South Fredville,1837.0,7.49,1193.32,2023-06-25
12617,488,New Robinside,Kellyburgh,1118.2,6.55,444.35,2023-04-14
12618,257,East Andrewport,Matthewview,1141.8,5.3,313.71,2024-01-07
12619,63,Gonzalezshire,Port Susanbury,1251.6,12.2,1782.64,2024-06-25
12620,41,North Emily,North Stephen,2385.9,20.98,3808.66,2024-07-13
12621,464,Frankmouth,Johnton,2295.1,22.92,5359.32,2024-02-10
12622,449,Port Jamesville,Lake Stephen,2179.6,13.21,3127.18,2023-11-01
12623,160,New Shawn,Lisaton,256.0,9.15,132.05,2023-05-29
12624,86,West Michaelville,West Ashleyport,1502.7,18.24,2886.3,2023-05-07
12625,72,Peterschester,Blevinsborough,1575.6,7.14,1056.18,2024-04-21
12626,157,East Jacobfurt,West Michaelton,387.4,12.61,288.1,2024-04-20
12627,330,West Joshua,New Sarahport,396.8,19.65,651.59,2024-04-10
12628,83,Charlesshire,Lake Christymouth,1691.5,14.6,1338.03,2024-11-26
12629,476,Williamsmouth,South Jason,105.1,4.72,27.45,2024-10-21
12630,55,South Joshua,West Anna,1174.4,5.14,434.65,2024-08-27
12631,17,Allenmouth,East Zoeshire,1651.7,6.86,774.89,2023-06-17
12632,386,Lake Rebecca,Marktown,815.3,9.05,622.34,2024-02-16
12633,186,Bartlettview,Jenkinsmouth,322.5,24.72,458.15,2024-05-04
12634,191,Petersside,Jamesview,2399.1,21.72,3105.82,2023-04-18
12635,144,Davisland,Jeremybury,606.5,6.25,424.02,2024-01-07
12636,58,East Nathan,Warrenfort,2132.2,6.27,682.68,2024-02-01
12637,158,Kennethview,Colliermouth,566.8,7.76,313.01,2024-06-08
12638,245,Hilltown,Melissaburgh,503.0,7.77,322.62,2023-04-07
12639,435,South Christopherchester,Jamieland,1280.3,22.0,1463.12,2024-04-20
12640,379,New Dannyfort,Wongside,959.7,16.93,1514.31,2023-12-07
12641,483,Carriefurt,Jessicamouth,376.2,12.48,390.61,2023-11-13
12642,289,Cassandraland,Troyside,1668.5,11.26,1913.19,2024-02-10
12643,314,Brownview,New Kaylaburgh,1192.6,15.95,1817.27,2023-09-07
12644,357,Daniellefurt,East Jenniferhaven,1480.1,24.19,4137.38,2023-11-04
12645,332,Nancyburgh,Bryanchester,500.4,10.67,488.09,2023-08-31
12646,8,Port Brandi,Ninatown,1960.5,2.87,364.71,2023-04-02
12647,317,Lawsonstad,Samanthahaven,2142.4,17.58,3956.1,2023-03-10
12648,362,West Wendy,Williamsport,1575.3,11.84,1847.26,2024-10-03
12649,14,North Michaelhaven,West Christie,1037.1,6.23,508.89,2024-11-03
12650,316,East Brian,Port Scott,2366.6,11.63,3130.85,2024-07-14
12651,486,South Gregoryfort,West Melissafort,2165.8,12.98,1499.52,2023-07-24
12652,49,New Peterburgh,North Michaelville,1963.3,16.24,1880.19,2023-12-24
12653,248,Lake Zachary,Williamsmouth,211.8,22.22,494.99,2024-08-27
12654,73,East Andrew,Port Davidview,2045.7,24.35,5043.82,2024-03-24
12655,372,Reidborough,Sanchezburgh,365.0,17.79,748.26,2023-05-01
12656,108,New Joshuachester,South Caitlinbury,597.3,16.57,1125.17,2023-11-06
12657,109,Lake Jenniferburgh,New Jeffreymouth,1921.7,3.06,419.38,2024-01-21
12658,221,New Joshua,South Jeffrey,323.7,22.48,847.74,2024-09-02
12659,341,Garnerside,Port Markhaven,2462.9,18.73,4313.25,2023-01-21
12660,212,Lake Kaylaview,Lewisfort,1205.6,17.28,2370.46,2024-08-26
12661,310,South Terri,Lake Greggtown,1476.4,1.95,167.02,2023-02-02
12662,460,Anashire,South Julia,2490.2,20.37,4595.86,2023-01-22
12663,280,Goodwinchester,Port Justinberg,216.5,3.64,59.82,2023-11-29
12664,468,Alexanderside,Michellebury,2261.4,4.08,837.79,2024-02-28
12665,480,Woodardland,Priceborough,533.3,3.82,194.15,2023-12-04
12666,155,Thomashaven,West Gregory,2309.7,10.62,1538.55,2024-10-03
12667,431,Cynthiahaven,Port Dianaview,369.1,10.68,246.15,2023-03-24
12668,147,Rodriguezside,North Stephanie,790.7,20.13,1394.96,2024-06-21
12669,229,North Danielburgh,Greenton,1792.6,18.78,3687.91,2023-06-30
12670,255,Keithhaven,Cynthiafurt,219.5,7.75,162.09,2024-05-28
12671,183,South Jillland,Jonfurt,898.7,1.62,141.08,2023-12-22
12672,456,Michelefort,Strongfurt,1633.0,12.03,1072.29,2024-10-13
12673,324,Timothyport,New Patricia,2438.5,21.28,4514.71,2023-03-24
12674,250,West Brandon,Kathrynland,801.7,2.18,106.49,2023-11-14
12675,88,New Matthewbury,Lake Gregorybury,2072.0,19.57,3737.27,2024-02-29
12676,423,North Lori,Danielton,726.6,23.49,1380.95,2024-03-12
12677,147,Stevenburgh,Julieland,552.0,10.35,668.34,2024-04-11
12678,377,Sullivanbury,Lake Virginiahaven,808.4,19.14,1624.75,2024-06-21
12679,209,Steeleland,Michaelborough,1173.4,3.87,393.63,2023-05-08
12680,226,Milestown,North Robertberg,216.2,5.05,92.02,2024-04-03
12681,148,Kingfurt,Ashleyburgh,1629.3,8.1,1071.33,2023-02-28
12682,150,Wrightstad,Philipberg,1490.9,11.52,1481.39,2023-01-31
12683,355,Lake Denise,New Johnathan,968.5,4.01,437.76,2023-01-30
12684,328,Tammyborough,New Sharonshire,2469.8,16.41,3842.43,2023-08-08
12685,163,Karifort,Lake Thomasfort,1315.4,20.28,2304.78,2023-08-02
12686,420,Lake Ianstad,Leville,1067.7,8.85,660.9,2023-07-06
12687,448,Pamelafort,Morganhaven,573.4,9.04,487.0,2023-06-09
12688,234,Stevenburgh,Lake Conniemouth,1600.7,9.24,1193.19,2023-08-05
12689,402,South Amandatown,Lawrencechester,1610.1,1.72,227.7,2023-05-04
12690,29,New Lisa,Lake Penny,1812.0,12.43,1822.97,2023-03-22
12691,496,Jeffreyfort,Lake Christophertown,2089.4,16.14,2567.31,2024-05-21
12692,101,Lake Susan,Samuelton,565.7,24.78,770.8,2024-07-11
12693,242,Griffithshire,Port Frankhaven,304.5,23.27,406.03,2023-08-06
12694,327,Lake Jayborough,Andersonside,471.6,9.43,276.97,2024-02-26
12695,230,Longburgh,Lake Craig,499.4,16.03,600.54,2023-03-31
12696,176,Port Maureenview,Bradleyborough,1742.1,7.2,949.15,2023-02-08
12697,436,South Rhondashire,Amyfort,1980.9,22.96,2791.69,2024-11-20
12698,273,Lake Christopher,Paulport,2103.5,12.95,1912.55,2024-08-13
12699,207,South Kristen,West Kimberlyburgh,920.3,8.7,917.69,2023-11-05
12700,139,Ravenfurt,East Brett,804.7,4.74,425.45,2023-09-30
12701,70,Penaland,Lake Kristin,579.3,8.39,414.93,2023-04-09
12702,141,Cruzport,Orozcostad,1966.2,1.57,181.83,2023-12-03
12703,208,West Susanfurt,Newmanton,228.5,11.04,285.86,2023-10-31
12704,366,Jeromeshire,Lake Alan,152.8,4.89,55.17,2024-12-01
12705,371,North Carmenside,New Richard,201.2,20.89,412.15,2023-06-21
12706,211,Toddport,Lake Joseph,732.6,12.07,471.28,2023-03-30
12707,18,Port Deannaville,Nancyburgh,1156.0,6.56,469.54,2024-03-04
12708,61,North Daniel,Martinezside,184.6,6.73,76.1,2024-03-30
12709,319,Lake Kimchester,Valeriehaven,1850.2,9.22,1713.51,2023-12-28
12710,1,Pierceside,East Debbie,528.1,5.3,213.32,2024-05-23
12711,291,North Lindsey,Jasonmouth,1085.1,9.34,788.36,2023-06-26
12712,394,Stewartport,East Hollyside,1001.3,16.08,1563.59,2023-06-29
12713,140,Erinchester,South Joshuachester,2453.3,22.97,4868.19,2023-11-16
12714,298,Lake Charlesport,Elliottview,1690.1,4.04,531.11,2024-02-21
12715,14,Michealborough,Port Corey,2272.1,2.73,703.3,2023-03-11
12716,17,Petersonton,Port Jillmouth,2010.9,20.07,3931.69,2024-06-07
12717,18,Port Jonathanside,Lake Charlesborough,1367.5,10.01,1071.46,2023-11-14
12718,126,Jamesbury,Mccallbury,778.8,23.74,1457.55,2024-04-29
12719,357,Kerryshire,West Dorothyborough,2366.7,3.32,592.3,2024-08-06
12720,193,Porterbury,Christinechester,2409.9,12.19,1725.08,2024-05-18
12721,209,Timothyburgh,Sharpville,1208.3,20.02,2717.53,2023-08-26
12722,42,East Kathryn,Bradyfurt,117.3,13.55,118.82,2024-11-01
12723,461,North Kyle,Matthewhaven,2375.8,17.29,2662.89,2023-01-06
12724,462,North Ellenville,Phillipschester,486.4,1.79,93.92,2023-07-13
12725,478,East Calebberg,Lake Maureen,752.7,2.89,213.04,2023-06-24
12726,239,North Janiceton,Yatesshire,1165.8,5.04,352.76,2024-11-25
12727,171,Tammyberg,Erintown,671.8,23.35,1440.36,2023-04-26
12728,250,Lake Tammy,New Rachelton,2285.7,14.59,3380.56,2024-04-05
12729,17,New Carlberg,Tanyaland,2334.4,4.95,1166.32,2023-02-18
12730,354,East Melissaton,Stevenburgh,251.0,19.57,584.11,2024-09-14
12731,490,Barbertown,Lake Destiny,1620.8,17.02,2402.33,2024-11-17
12732,30,Port Katherinestad,East Michellestad,572.9,13.06,832.54,2024-12-17
12733,335,Port Michaeltown,West Richard,339.3,2.53,55.34,2024-06-03
12734,484,Michaeltown,Port Justin,907.7,17.49,1438.93,2024-02-03
12735,85,Johnsonville,Port Arthurmouth,559.3,6.34,406.61,2024-07-24
12736,139,Blakechester,Port Katrinaton,412.5,12.17,368.88,2024-10-02
12737,335,Davidfurt,Adamsfort,752.0,13.58,532.03,2023-08-18
12738,349,Kevinbury,Hardyville,643.3,5.49,245.48,2024-03-07
12739,143,West Kimberly,Justinburgh,1543.2,14.17,1720.58,2023-01-28
12740,215,Conleyville,Alexandraland,2118.4,23.23,4916.3,2024-02-18
12741,324,West Kristen,West Tommyshire,306.8,18.38,426.59,2024-05-28
12742,338,New Christopher,Hawkinsfort,811.9,12.21,667.5,2023-03-20
12743,455,South Crystalville,North Billyside,1490.5,12.25,1081.99,2024-06-27
12744,198,New Gregoryville,West Melissashire,2215.4,17.09,2098.19,2023-10-04
12745,243,Aguilarfort,South Ryanborough,1551.0,18.86,1533.84,2024-09-04
12746,313,North Nicole,Douglaston,1690.0,2.75,280.79,2023-07-19
12747,188,Elizabethchester,East Reginaview,2150.4,16.89,3464.75,2023-06-06
12748,388,Obrienchester,Lake Michael,695.7,2.98,212.24,2024-01-27
12749,17,Port Larry,Thomasburgh,2000.7,5.76,951.24,2024-01-21
12750,450,South Allisonburgh,Samanthaville,459.0,16.85,634.88,2024-08-29
12751,399,Murphyborough,New Kirsten,130.6,1.25,11.84,2024-03-29
12752,419,New Sonyaview,Port John,2076.0,5.04,1218.45,2023-08-05
12753,138,East Jerrychester,Pamelachester,507.8,19.07,753.29,2024-09-29
12754,5,New Monicaville,Levyborough,1940.5,24.57,5082.23,2023-08-02
12755,447,South Blake,Schmidtland,770.6,19.24,1665.08,2023-01-04
12756,208,New Kristinaburgh,West Kirsten,261.7,15.04,205.44,2023-02-03
12757,442,Port Lindaborough,Burnsbury,834.6,10.43,578.63,2024-03-25
12758,390,Port Debra,Lake Matthew,506.0,10.7,500.08,2024-04-09
12759,59,South Kimberly,East Krista,332.6,20.54,584.84,2023-04-06
12760,233,Owenport,North Christopher,490.3,15.47,470.23,2024-11-09
12761,306,Port Bradleymouth,Lake Heidiport,487.4,24.22,654.02,2023-02-26
12762,451,New Kristafort,Mistyland,763.4,4.35,199.94,2023-09-22
12763,280,Campbellburgh,Perezmouth,2127.8,4.41,697.86,2024-11-21
12764,441,Breannaville,Traceychester,680.3,14.25,708.89,2024-12-28
12765,208,North Angela,New Brenda,1222.1,23.29,1595.75,2023-02-13
12766,133,Hensleystad,North Feliciachester,967.2,12.63,747.5,2024-05-23
12767,460,Port Scottmouth,Schultzberg,2163.9,23.3,5487.88,2023-12-18
12768,224,Port Garrettfort,Danielston,2054.7,24.44,5592.22,2023-06-24
12769,121,Saundersside,Merrittmouth,1110.6,12.99,1286.48,2023-03-28
12770,376,Oscarbury,Cruzchester,2492.8,7.78,1667.19,2023-08-29
12771,201,Lopezport,Longberg,2043.4,5.67,993.94,2023-05-17
12772,296,Port Charles,North Trevor,2133.2,3.7,854.99,2023-03-10
12773,196,Bridgettown,East Megantown,497.1,10.34,444.98,2024-01-28
12774,247,Jefferyview,Allenshire,1628.9,1.57,296.96,2023-04-25
12775,13,West Tyronetown,Lake Ray,1492.7,11.01,1096.2,2024-08-09
12776,187,South Joshuaside,East Emily,171.2,20.48,294.23,2023-10-18
12777,417,Davisbury,Travisburgh,83.1,5.84,38.17,2024-04-15
12778,80,Lake Sharonside,East Becky,88.6,12.29,54.88,2023-11-13
12779,411,North Jenniferchester,Reyeshaven,1422.8,6.64,619.26,2023-03-05
12780,412,New Kylestad,South Williamton,263.1,4.41,67.07,2024-07-18
12781,424,Andrewton,Lake Ernest,1207.1,11.79,887.46,2024-09-26
12782,351,Jacksonfurt,Wrightport,1443.4,14.89,2023.71,2024-01-16
12783,143,North Albert,Trevorbury,1048.7,18.37,1641.95,2023-10-01
12784,422,Lake Ashleyville,Turnerview,2191.4,8.87,1186.6,2024-09-05
12785,374,East Mary,Andreaport,1070.6,22.02,2186.59,2023-07-21
12786,294,Ryanton,Traceymouth,1835.8,6.92,986.64,2023-05-25
12787,159,Joelborough,Jonesberg,2186.8,13.26,1736.68,2023-01-10
12788,264,Gatesshire,North Alexview,123.0,12.31,160.31,2023-09-12
12789,314,Lisamouth,Port Daniel,259.4,24.81,695.25,2023-12-31
12790,472,West Heather,Brownmouth,1280.7,16.13,1997.5,2024-11-25
12791,260,East Rebeccastad,Jeffland,234.5,13.03,278.87,2024-01-26
12792,371,Port Davidport,West Bradleymouth,2056.2,1.74,312.69,2024-02-19
12793,202,Rickystad,Pattersonland,202.9,1.47,19.25,2024-04-20
12794,399,North Dan,Williamport,1821.8,11.5,2507.16,2024-10-08
12795,185,New William,Caseychester,790.2,20.9,1040.41,2023-05-05
12796,409,Michelleburgh,Jonathanhaven,1525.6,4.27,548.48,2023-03-17
12797,92,New Cory,Andersonberg,377.9,17.89,672.17,2023-12-09
12798,179,Owensburgh,Reeveston,504.2,4.54,242.72,2023-12-08
12799,201,Sheenaland,East Darren,633.4,8.68,573.98,2024-06-04
12800,96,Julieberg,Port Allison,1565.3,14.88,2431.93,2024-03-31
12801,50,Chenchester,West Aaronbury,1438.4,22.78,2220.02,2024-06-15
12802,360,Josephville,North Kelly,259.1,16.96,323.76,2023-02-21
12803,280,Wrightmouth,West Tracey,2472.3,19.75,3884.06,2023-08-20
12804,304,Leeberg,Port Stephanietown,1027.5,19.6,1424.47,2023-11-10
12805,298,New Nicolemouth,Port Phillip,1969.0,22.09,2859.01,2023-06-12
12806,377,Coryborough,East Steve,1091.8,20.52,1127.48,2024-05-30
12807,77,Catherinestad,North Rebeccahaven,2378.4,20.87,3606.62,2023-07-26
12808,465,Lake Vincentton,Salazarland,1621.5,10.75,1779.21,2023-05-25
12809,263,Port Sandra,Lake Kellie,2401.0,2.58,604.68,2023-07-29
12810,2,Alexanderville,East Roy,260.0,22.9,353.8,2023-12-18
12811,299,North Karenburgh,New Micheleside,1161.0,5.64,590.2,2023-06-30
12812,169,North Benjamin,Markside,1789.1,13.9,2937.87,2024-02-03
12813,480,Austinhaven,Velasquezstad,2319.7,21.65,5236.58,2023-10-02
12814,261,Nicholaschester,East Garrettville,582.4,14.93,839.17,2024-08-14
12815,194,New Alexis,South Gregoryfort,883.5,22.74,1093.63,2023-12-04
12816,448,North Erikland,West Tamara,1172.4,18.7,1741.55,2023-07-06
12817,298,Andersonmouth,New Joshua,933.6,15.88,1715.79,2024-10-31
12818,423,Reynoldsberg,West Danielburgh,234.3,23.99,430.2,2023-06-21
12819,95,East Johnton,Avilastad,1060.5,11.63,669.73,2023-11-08
12820,293,New Stevenbury,Port Heather,387.9,10.08,464.67,2023-02-04
12821,54,Damonside,Lake Calvinborough,1787.6,20.03,2661.15,2024-11-30
12822,378,Port Hailey,Port Morgan,2126.5,6.63,1362.84,2023-03-01
12823,80,New Angelafurt,Jasminstad,708.9,22.3,1069.22,2024-01-25
12824,221,South Edward,Donnahaven,777.1,3.49,214.98,2024-02-11
12825,140,New Crystal,Ruizville,534.0,12.94,572.53,2023-11-01
12826,51,Murphyton,North Alexandrabury,1785.1,7.56,845.85,2023-09-02
12827,331,Ruizberg,West Isaiahtown,2151.7,17.31,2204.34,2023-08-31
12828,246,Lake Amanda,Deanmouth,313.9,18.2,521.73,2024-03-23
12829,448,South Christopherborough,Lozanofurt,519.9,13.32,670.14,2023-11-11
12830,132,Port Steven,West Christopherburgh,2015.4,14.83,3412.45,2024-01-15
12831,17,Taraberg,Melissahaven,1137.2,3.49,289.19,2024-11-12
12832,122,Bowersland,West Kimberly,1671.0,15.18,1917.01,2024-08-18
12833,106,Port Michael,South Lindsey,1835.4,8.85,1387.63,2024-11-18
12834,161,West David,East Amanda,626.1,12.37,400.47,2023-02-04
12835,112,Krausechester,Lake Jeremy,557.8,23.94,749.55,2023-02-18
12836,345,Lake Abigail,Toddmouth,828.7,11.24,597.28,2023-09-30
12837,226,Lake Paul,West Gregory,1787.0,24.91,2429.61,2023-07-02
12838,495,New Candice,Stevensonfurt,2409.4,15.53,4394.96,2023-09-30
12839,413,Crossborough,West Erin,208.0,25.0,343.8,2023-07-20
12840,44,Harrisberg,Andrewmouth,529.2,9.36,402.39,2024-10-12
12841,109,Port Nicholas,Port Megan,1768.9,21.92,4287.45,2024-04-03
12842,461,Teresamouth,West Kathrynburgh,645.6,16.33,900.49,2024-12-08
12843,211,South Jenniferborough,South Brian,457.6,8.26,317.25,2024-06-12
12844,76,Williamsonville,West Derekmouth,1384.1,24.13,3281.51,2024-05-18
12845,485,Lisaside,Gonzalezberg,129.9,23.15,178.35,2024-12-25
12846,396,Lake Meganberg,East Anthony,1630.2,22.66,2505.64,2024-09-05
12847,477,Lake Nicolestad,Christinaside,1400.1,2.0,322.16,2024-02-20
12848,214,West Kimberlyburgh,New Garychester,793.9,12.06,930.63,2023-12-14
12849,289,Sanderston,Heatherside,1453.6,17.48,1448.27,2023-07-23
12850,381,Matthewberg,Jenniferbury,1676.3,13.34,1251.58,2024-04-07
12851,101,Mcbridehaven,Shawnville,481.2,23.59,1041.89,2023-10-11
12852,215,Danielfort,Lake Michaelview,311.6,8.26,173.52,2023-10-17
12853,495,Port Jeffreystad,North Kenneth,879.8,5.81,585.0,2024-08-26
12854,355,East Miranda,Traciechester,1112.4,19.88,1747.03,2023-10-05
12855,220,Lisaberg,Bauerburgh,762.4,10.26,627.15,2023-11-23
12856,232,Kathleenburgh,Floydside,2073.8,8.65,1199.55,2024-10-26
12857,356,Stokesmouth,Hopkinshaven,1720.8,12.62,2101.58,2023-09-16
12858,256,New Marcoside,North Kevinshire,2086.5,10.18,1178.34,2023-03-12
12859,386,West Christopher,Kirbymouth,1766.9,12.61,1765.34,2024-01-26
12860,40,Robertsview,East Catherine,2290.3,10.0,1528.86,2024-06-03
12861,393,Morrisberg,Natalieport,476.5,11.88,492.52,2024-01-01
12862,199,Valenzuelaview,Jonathanside,1507.3,21.55,3131.72,2024-07-25
12863,219,South Tammyhaven,West Kellychester,1573.4,11.83,2217.02,2023-10-01
12864,46,Maryshire,Dawnshire,1143.4,4.38,268.85,2024-10-11
12865,316,West Amy,Caitlinville,1408.8,5.07,454.82,2024-04-07
12866,228,South Christopherstad,Port Juan,1902.0,3.54,514.35,2024-11-26
12867,381,Cruzville,New Jessica,1402.3,22.25,2547.84,2023-06-30
12868,252,North Ginamouth,North Laurenhaven,1739.3,14.4,2462.45,2024-02-16
12869,60,West Daniel,Nicholasstad,2413.2,1.34,338.05,2023-07-17
12870,127,West Patrick,New Michael,1538.5,4.45,516.58,2023-05-24
12871,410,Port Aaron,Rebeccatown,2198.7,11.87,1916.71,2024-06-09
12872,58,Port Jimfort,New Tracyburgh,53.0,10.39,31.5,2023-09-26
12873,463,Sharonfurt,East Jesse,772.7,6.62,558.57,2023-09-10
12874,239,Bowersmouth,West Brandon,2329.8,2.17,466.18,2024-02-25
12875,177,East James,Carolmouth,358.0,10.09,265.65,2023-03-12
12876,298,Port Javier,Katherineshire,1128.0,20.64,2194.5,2023-09-04
12877,338,Bonnieland,Carriemouth,771.0,7.19,415.23,2023-10-26
12878,210,Wellsmouth,Benjaminbury,1893.4,15.8,2317.34,2023-02-11
12879,331,East Kevinton,North Brittanyton,1709.2,2.35,344.07,2023-10-29
12880,98,Tammyfurt,East Noah,839.2,13.17,957.12,2023-04-15
12881,219,Rojasborough,Landrychester,333.9,6.04,188.05,2023-02-05
12882,159,Timothyfort,Port Lisachester,1241.2,6.19,826.76,2023-01-08
12883,344,East Christopherton,Davidland,546.5,9.61,519.67,2024-01-03
12884,238,South Jennifer,Cannonborough,943.7,14.89,1559.76,2024-11-15
12885,186,Hamptonberg,Lake Angela,2211.0,12.19,1814.05,2024-01-31
12886,295,Lake Teresa,Angelachester,1303.9,10.4,1438.22,2024-07-29
12887,139,Amandaland,New Joseph,412.7,9.02,354.76,2023-09-24
12888,208,Jenniferton,Ryanstad,605.1,17.62,679.48,2024-12-13
12889,416,Port Adam,Alexandermouth,482.8,12.94,345.97,2024-10-26
12890,109,Charlestown,Gonzalezport,333.9,20.38,516.93,2023-06-22
12891,178,Kimberlyfurt,Karenland,2414.7,9.22,2293.52,2023-04-25
12892,414,Wilkinsville,New James,2444.2,15.53,4356.38,2024-09-25
12893,173,North Samantha,Wesleystad,166.8,16.97,244.84,2023-10-31
12894,276,New Aimee,East Donaldland,1281.3,16.78,1988.43,2024-03-24
12895,294,Lake Amandaborough,Port Frederick,1061.9,19.76,1138.96,2023-11-30
12896,167,New Rebeccafurt,Lake Adamfort,1841.0,17.89,2846.8,2023-07-20
12897,105,Danielville,Jenniferfort,1751.5,7.64,1087.47,2024-03-06
12898,113,West Christophertown,Adamhaven,1767.0,19.45,2438.22,2023-10-08
12899,135,East Ralphburgh,Lake James,258.6,22.53,578.76,2023-06-19
12900,370,Ortizfort,New Jason,439.3,2.71,80.56,2024-12-08
12901,237,Lake Nataliefort,Hahnton,2189.3,21.98,4359.05,2023-07-12
12902,282,Lake Jason,Lake Brandonstad,2114.5,4.53,1088.95,2024-03-02
12903,159,East William,West Charles,2387.2,9.66,1575.46,2023-04-24
12904,343,Lake Nathan,Leeview,105.3,19.67,126.6,2024-07-30
12905,476,Monroechester,Jonesport,1744.8,16.28,2345.34,2024-01-11
12906,237,Lake Danielleton,Barnettborough,1986.2,5.83,782.83,2024-07-15
12907,119,North Patrickfort,Davidstad,1106.0,23.41,2744.28,2023-12-24
12908,452,South Adam,New Monicafort,172.5,11.87,240.63,2024-06-21
12909,40,Port Oliviaburgh,Adamshire,1131.8,20.49,1952.53,2024-01-31
12910,361,South Jacobbury,Stephaniefort,1684.4,1.01,88.42,2024-01-11
12911,51,Amandatown,New Christopher,1656.2,19.4,3779.63,2023-09-20
12912,424,Onealburgh,Blevinsside,1572.6,7.79,1030.72,2024-09-21
12913,209,Brownfurt,South Sheilaburgh,2010.0,6.48,1517.95,2024-03-07
12914,365,Johnsonmouth,Lake Marie,301.2,18.43,383.23,2023-06-11
12915,289,Lake Dariusport,Port Dawnland,1864.1,12.98,2079.31,2024-05-01
12916,163,Hamptonton,East Cynthiamouth,421.3,2.26,57.17,2024-07-15
12917,3,New Darrenburgh,Lake Christopher,265.7,17.8,441.13,2023-11-06
12918,401,North Ashley,North Michelebury,489.4,17.52,455.58,2024-06-23
12919,346,Collinsburgh,North Mark,1853.4,8.29,1044.34,2023-09-07
12920,29,Griffinfort,East Sarah,2081.0,11.7,2268.79,2024-12-11
12921,124,New Pamela,New Chad,1785.3,24.98,3235.06,2023-02-28
12922,130,East Nicolefurt,North Crystal,1229.9,5.51,632.02,2023-03-27
12923,360,Jodihaven,Harrisbury,1552.3,22.97,2643.75,2024-02-26
12924,145,Elizabethside,Ronnieborough,1936.5,8.52,1897.03,2023-11-09
12925,108,Lorettamouth,Amandaville,744.7,20.79,1025.43,2023-08-02
12926,325,Port David,New James,2067.2,6.9,1610.56,2024-06-24
12927,444,South Debra,East Matthewshire,1417.4,22.4,3552.86,2024-03-26
12928,107,Francesville,East Ryan,1065.2,2.59,315.41,2024-11-27
12929,287,Longborough,East Tamara,1796.7,14.47,2741.22,2024-09-19
12930,217,Port Hollymouth,Davismouth,387.8,3.14,64.39,2023-12-17
12931,131,Jamesville,East Kenneth,1996.9,10.73,2227.67,2023-11-22
12932,22,Woodsmouth,Port Danielview,1670.6,18.74,3328.5,2023-09-15
12933,448,Elliottshire,North Mary,543.3,16.33,795.1,2023-04-06
12934,249,Farmerland,East Gilbert,2488.6,23.25,3373.99,2024-10-26
12935,100,Wardton,Port Joseph,1723.0,18.74,3027.68,2023-05-11
12936,479,Mayborough,Lopezberg,549.5,18.24,958.17,2023-08-16
12937,361,Newmanland,Michaelton,1889.8,16.13,3566.39,2023-12-22
12938,369,Lake Marcofort,Wongbury,2093.9,22.98,2779.87,2024-11-08
12939,436,Port Ryanfort,Lake Holly,2053.6,20.97,2454.26,2023-01-25
12940,9,New Paulshire,Lake Rebecca,1351.7,3.21,333.25,2023-01-20
12941,493,South Stevenchester,East Kathleenton,2217.2,16.96,3377.88,2024-12-01
12942,326,Crystalborough,Cassandraborough,588.4,13.67,613.99,2024-03-13
12943,413,Kennedyport,Hannaborough,1681.2,3.72,349.9,2023-01-05
12944,32,South Timothyland,Prestonchester,2068.9,14.06,3385.13,2023-06-05
12945,286,East Joanna,Port Robert,427.9,21.88,1070.02,2023-03-31
12946,246,Lake Ericaborough,Gatesmouth,640.4,10.58,612.52,2024-02-11
12947,431,Ramirezberg,Elizabethstad,2279.1,19.49,2657.65,2023-05-26
12948,163,Lake Michael,Charlesland,1691.8,9.54,1494.07,2024-07-28
12949,338,Malonehaven,Whitebury,637.4,9.58,437.65,2023-10-28
12950,97,Kristinafort,Lucasland,206.4,2.67,52.84,2024-03-18
12951,95,Allisonland,East Julie,904.3,22.84,1685.28,2024-09-05
12952,360,Lucasborough,West Justin,1332.3,6.98,1102.75,2023-12-03
12953,81,Weavermouth,South Michael,1010.8,8.35,431.85,2023-04-07
12954,74,Zoeburgh,Nortonfort,617.3,17.86,1298.18,2024-11-12
12955,319,East Anthony,North Jeffrey,191.1,2.69,48.51,2023-03-29
12956,308,North Johnmouth,Lake Judith,234.5,8.7,188.72,2023-06-30
12957,187,Davisland,Port Kyle,1624.6,16.72,2541.05,2024-08-21
12958,316,South Sandraville,Mcbrideborough,1929.4,4.32,938.93,2023-06-30
12959,328,East Michael,North Charlesstad,641.7,9.16,531.03,2024-03-31
12960,197,Mcbridefurt,New Derrick,1966.4,22.06,2441.1,2023-04-30
12961,471,South Kimchester,North Jeremychester,2132.9,12.54,1749.56,2023-06-06
12962,164,Jesseland,Brooketown,1323.3,11.67,1820.93,2024-07-16
12963,343,Buchananview,Owensbury,2059.1,23.75,3456.71,2024-09-15
12964,200,South Thomas,Sherrychester,178.5,5.27,66.79,2023-05-16
12965,121,Lake Andrewville,Christopherborough,1008.5,15.78,1580.31,2024-07-08
12966,170,South Jenniferhaven,West Marvin,2409.0,9.69,1731.05,2023-07-22
12967,473,Paulshire,Lake Lydialand,1860.7,1.65,153.85,2023-03-04
12968,355,Elizabethbury,Lake Claudia,324.2,16.23,613.29,2024-12-07
12969,156,Nolanborough,North Spencer,2315.5,17.32,3910.13,2024-04-25
12970,305,Jamesfort,New Sandraton,1945.8,14.21,1982.58,2023-05-20
12971,54,Port Denise,East Melissa,396.0,11.72,250.56,2023-04-27
12972,497,Dawntown,South Benjaminborough,2006.4,20.77,3686.21,2023-08-04
12973,88,New Paulbury,Greenshire,1192.3,24.36,2831.73,2023-01-02
12974,316,South Christina,Davidhaven,301.6,16.64,411.22,2024-08-19
12975,384,New Nathanfurt,New Shirleyville,1550.1,4.21,681.41,2024-06-13
12976,124,Josetown,Carrollstad,2247.4,15.33,4125.27,2024-11-05
12977,91,Davidville,North Nathan,1456.7,1.63,282.42,2023-10-26
12978,118,Suttonville,Jennifermouth,65.3,7.58,49.8,2023-10-21
12979,29,Parksside,West Jonathanberg,1617.8,4.15,693.78,2023-05-18
12980,233,Wangside,Williamville,2468.8,22.82,6292.6,2023-01-12
12981,168,East Jasonmouth,Port Zacharyton,472.2,9.2,470.41,2024-03-30
12982,221,Julieville,Greenstad,2484.2,22.23,3203.51,2023-05-29
12983,391,Mathewsbury,New Emily,575.8,2.34,72.63,2023-07-19
12984,382,Port Randyborough,Wongborough,1537.8,19.48,3451.94,2024-05-24
12985,82,North Gregorystad,North Heatherborough,568.3,17.85,1072.98,2024-11-20
12986,428,Jamesfort,Marshland,904.9,12.21,884.56,2024-11-24
12987,85,Katherineberg,Lake Melissamouth,1354.7,15.67,1236.87,2023-05-23
12988,107,Kristopherstad,West Christopherland,1248.3,11.03,783.52,2023-09-05
12989,178,Cardenasview,New Deborah,574.5,9.75,629.25,2023-02-04
12990,493,New Susanhaven,South Amy,1426.2,16.34,2709.97,2024-06-20
12991,297,New Sharontown,New Jeremybury,1024.8,9.41,589.92,2023-05-01
12992,433,East Johnside,South David,2388.2,15.35,3694.34,2024-01-30
12993,156,South Ashley,Lake Gail,1515.7,15.0,2304.87,2023-06-04
12994,187,West Erin,Lake Krystal,2193.3,2.8,435.41,2023-05-10
12995,101,Catherineland,North Amandaville,2300.5,19.26,3541.58,2023-02-05
12996,422,Williamburgh,North Emily,1900.5,19.26,4154.42,2023-08-13
12997,395,Flowerstown,Evansberg,479.7,24.07,1333.18,2024-03-02
12998,255,Thomasshire,Tracyland,1294.7,14.04,2066.47,2023-12-13
12999,166,East Karentown,Port Mary,1120.6,15.01,1899.1,2023-08-13
13000,61,Elizabethmouth,New Nicholas,1708.6,12.67,1089.18,2023-04-20
13001,27,East Victoriafurt,Bridgesville,1423.8,21.68,3576.81,2023-09-18
13002,212,Wagnerhaven,New Keithhaven,1021.0,15.38,1636.05,2024-11-22
13003,192,South Sandrahaven,Keystad,2312.3,21.74,2747.9,2024-04-18
13004,448,New Zacharyland,Ericaland,1485.4,1.13,156.33,2023-09-27
13005,2,East Kayla,New Christopher,2494.5,8.95,1902.5,2023-06-02
13006,491,Lake Taylorton,Leemouth,810.5,4.98,275.94,2024-07-23
13007,374,Kevinville,New Anna,1545.4,15.82,1301.8,2023-09-23
13008,204,West Leahview,North Jennifer,1386.4,19.84,1951.79,2024-01-18
13009,200,Ayalaberg,Michaelside,1047.7,1.16,141.75,2024-04-18
13010,94,East Melissa,Lake Elizabethbury,589.9,17.9,1133.25,2024-06-10
13011,214,Port Jeremy,Gregoryberg,1286.1,1.76,160.04,2023-07-20
13012,409,North Lisa,Lake Alyssamouth,398.4,12.15,242.05,2023-04-12
13013,81,Martinmouth,Tiffanyport,1592.6,4.91,740.97,2023-10-24
13014,398,Port Scottshire,East Amanda,492.3,5.19,160.74,2024-03-30
13015,419,Julieview,Oliviafurt,2043.0,14.47,1839.33,2023-06-14
13016,196,Stephenmouth,Greenchester,1696.4,7.76,1303.19,2023-04-08
13017,253,South Vincentburgh,Daystad,2448.7,22.09,3213.54,2024-09-05
13018,455,Campbellbury,Paulberg,976.2,8.78,859.9,2024-05-01
13019,437,Adkinsstad,North Josephview,2184.6,13.28,1985.8,2023-01-24
13020,68,Patelstad,Hoganside,1204.7,3.2,373.65,2024-08-31
13021,386,Port Dianetown,Dennisview,1698.7,23.75,2796.09,2023-11-04
13022,280,Davisbury,Johnsonside,2023.4,15.36,3142.41,2024-04-26
13023,117,West Lauraton,Kimberlystad,817.2,22.54,2197.36,2024-06-19
13024,312,South Emilybury,Gonzalezport,862.2,21.73,1321.43,2024-12-14
13025,386,North Jason,Griffinview,1586.9,15.47,2282.83,2024-07-06
13026,179,North Casey,Brewermouth,213.0,15.17,211.96,2024-02-08
13027,174,Whitehaven,Sandrafort,2309.5,16.48,3501.7,2024-01-08
13028,348,Griffinborough,Lake Jeffreyport,400.7,14.2,473.08,2024-08-04
13029,355,Mitchellfort,South Katrinafort,838.1,4.11,173.92,2023-04-03
13030,155,New Jamesburgh,Kellyside,158.2,14.16,189.87,2024-10-05
13031,63,Fernandezfurt,North Robin,1897.5,11.98,2355.73,2023-04-14
13032,108,South Nicholas,Port Brianport,244.9,22.45,437.8,2023-08-03
13033,368,North Dylan,Courtneymouth,1087.9,1.61,154.12,2024-04-27
13034,2,Rickville,Chrisfurt,285.9,21.89,450.7,2024-02-15
13035,385,Port Johnny,West Mark,740.5,24.89,1337.28,2024-09-28
13036,232,Charlestown,Henryhaven,1004.3,21.39,2004.09,2023-06-01
13037,434,Port Andre,Jenniferside,2254.7,24.09,2949.98,2024-01-20
13038,267,East Justinborough,North Brianna,1776.9,15.81,2126.39,2023-05-07
13039,184,Lake Susanmouth,New Jennifer,559.4,22.87,1528.12,2023-07-11
13040,367,Lake David,Port Tyler,1521.1,7.54,644.92,2023-01-19
13041,151,East Cassandra,Lake Benjamin,784.2,1.4,94.01,2023-11-06
13042,322,Lake Joy,North Laurenburgh,2043.4,22.03,2839.96,2023-02-02
13043,19,Justinland,Parkerchester,2319.2,10.77,1723.48,2023-11-27
13044,169,Cooleyview,Hernandezmouth,2091.2,14.13,1837.48,2023-03-22
13045,455,New Dawn,Glennport,135.3,9.96,78.65,2023-07-12
13046,190,New Adriennefort,South Kevintown,346.0,2.16,48.1,2023-02-13
13047,429,Harrymouth,Ballbury,2095.5,19.22,4780.57,2023-12-31
13048,195,Gonzalezhaven,Port Jamesland,2144.4,20.88,4054.3,2024-12-04
13049,206,Lopezland,Lake Heather,1660.6,1.71,312.45,2023-01-15
13050,58,New Cathychester,Martinshire,277.1,17.09,431.36,2024-04-30
13051,419,Hallport,Haynesville,567.6,9.76,315.99,2023-01-04
13052,195,South Jesus,Ericfort,1377.8,19.92,2441.64,2024-05-30
13053,185,Hillchester,Kimberlyborough,2127.2,8.52,1891.14,2024-08-30
13054,249,Lake Scottbury,New Jennifer,1490.5,9.75,1712.76,2024-03-18
13055,318,Morganbury,West Todd,1184.4,2.48,231.01,2024-11-21
13056,430,Davenportton,Kathleentown,2124.0,22.27,3742.02,2024-06-10
13057,345,Susanview,South Abigailport,1657.9,20.7,2649.61,2024-02-20
13058,454,Christopherside,Mcdanielbury,1694.9,7.04,620.51,2023-06-10
13059,218,Andreastad,East Darlenetown,101.1,13.57,85.7,2024-06-02
13060,182,Brandonland,Mallorymouth,354.8,1.26,44.62,2023-11-19
13061,320,Lake Andrea,Grahamton,2044.9,16.79,1781.89,2024-03-08
13062,363,Sarahfurt,West Ashley,1918.9,7.21,1653.16,2024-04-09
13063,400,Lake Keith,Raymondchester,1955.3,15.0,2152.87,2024-02-05
13064,451,Thompsonbury,Lake Manuelhaven,1199.9,17.89,1976.25,2023-06-17
13065,217,South Robert,Danielletown,526.9,9.31,463.24,2023-01-27
13066,263,Dixonport,West Angela,541.1,12.44,603.77,2024-10-14
13067,125,West Julie,North Jeffrey,1752.7,7.45,1286.04,2024-02-10
13068,271,West Kristin,Heatherport,1844.3,18.65,3864.14,2023-03-24
13069,46,North Kimberly,South Kayla,1270.1,1.07,121.33,2024-07-17
13070,349,Port Brian,New Christopher,1593.2,16.9,2957.85,2023-08-05
13071,243,New Gailport,Port Maria,264.1,18.3,320.7,2024-05-01
13072,107,Lake Gail,Port Sarahborough,1544.8,22.06,3937.28,2023-07-08
13073,42,East Deniseshire,Port Andrewmouth,545.0,7.38,247.96,2023-04-20
13074,450,Lake Samantha,Hooperhaven,1592.3,11.61,1790.27,2023-10-09
13075,249,Tanyahaven,Lake Meghanmouth,1908.2,3.36,540.35,2024-02-24
13076,262,Petersview,North Todd,1941.1,10.99,1433.51,2024-12-21
13077,431,South Jasmine,New Ericborough,1239.0,20.51,2419.51,2024-04-30
13078,89,Chelseaburgh,Lake Katie,1306.0,2.65,336.59,2024-05-03
13079,73,South Melissaport,Kimmouth,473.1,2.21,89.42,2023-04-05
13080,151,South Jenniferside,East Sydney,493.6,2.3,79.17,2023-10-23
13081,58,New Angela,Lake Thomas,1664.1,18.19,3338.98,2024-01-20
13082,288,Sloanview,East Annettemouth,1529.1,13.36,2275.21,2024-11-13
13083,244,Lake Maryfort,Smithmouth,290.3,22.14,585.07,2023-06-28
13084,498,Rodriguezshire,West Emilymouth,323.0,19.21,658.24,2023-09-11
13085,303,Michaelberg,North Ericport,396.0,21.89,1035.13,2024-02-28
13086,96,West Joseph,South Ernestland,91.8,17.88,181.52,2023-08-03
13087,50,Ramirezside,New Andrewfurt,1302.5,4.94,445.58,2024-05-10
13088,400,Macdonaldton,Margaretstad,1271.5,17.96,2003.69,2023-01-22
13089,321,Bryanfurt,New Rebecca,1651.0,23.71,2568.73,2023-11-21
13090,142,Jillbury,New Courtneyside,1973.9,6.73,1121.91,2024-12-25
13091,465,Stevetown,West Gabriellastad,563.6,1.84,123.5,2024-08-16
13092,294,Lake Jeffery,Reevesbury,195.2,9.19,173.52,2023-01-30
13093,255,Kaylafurt,Lake Michael,467.9,17.97,796.57,2024-01-27
13094,59,West Ryan,Amyshire,596.9,6.9,306.09,2023-06-03
13095,25,Port Kimberly,South Sheriton,620.0,13.02,833.1,2024-03-24
13096,314,North Jeanneland,Port Kevin,250.2,22.09,607.78,2024-04-05
13097,284,North Erinchester,West Matthewberg,2392.1,17.53,3905.64,2023-12-04
13098,48,Brownchester,Fosterland,951.6,7.91,468.93,2024-08-28
13099,214,New Donnashire,East Christopher,994.2,11.84,1110.87,2023-09-20
13100,422,Jesseview,Hillmouth,452.1,13.34,700.51,2023-02-06
13101,337,Port Jasonchester,New Melissa,375.2,1.24,50.61,2024-04-26
13102,173,Nixonview,New Ericside,974.9,7.83,721.9,2023-05-19
13103,295,Sandraview,Trevorport,1686.2,6.11,625.02,2024-04-11
13104,371,Stevenbury,Lake Kaylastad,363.3,19.15,467.29,2024-08-20
13105,123,Josephside,Howellland,865.1,16.19,798.74,2023-08-25
13106,471,Glovermouth,Michaelmouth,713.6,23.18,1263.56,2024-11-29
13107,168,Maloneview,North Pamela,1737.3,24.62,4595.18,2023-10-22
13108,432,New Alejandrostad,Deannaview,116.3,4.18,43.48,2024-03-18
13109,477,West Ryanstad,Katiefort,2071.9,7.85,1883.99,2023-08-26
13110,370,Port Travisside,East Teresa,1504.0,9.54,1388.93,2024-11-27
13111,181,Lake Andrew,Patelville,1480.7,18.65,2229.71,2023-04-06
13112,391,Hollyfort,Hopkinsfort,772.1,21.22,1574.66,2024-07-27
13113,157,East Davidhaven,Joshuaberg,184.9,12.75,247.73,2024-08-28
13114,185,Gillespiebury,Williamton,2479.5,17.29,3487.25,2024-01-12
13115,482,South Elizabeth,New Charlesside,1059.2,14.66,1414.22,2024-06-29
13116,146,West Sarah,Vasquezchester,694.1,10.22,404.78,2024-04-05
13117,186,New Kristin,Port Robert,787.6,8.32,645.87,2023-09-11
13118,379,Savannahview,Wellsfurt,1238.2,13.4,1756.66,2023-09-01
13119,262,South Laurafort,Port Kevin,829.6,8.61,708.8,2023-01-15
13120,153,East Heather,Port Jefferyville,1902.7,13.82,2782.17,2024-12-05
13121,313,Martinshire,East Jaimetown,978.3,21.75,2381.75,2024-12-07
13122,43,Veronicatown,Hannahville,611.9,1.6,65.28,2023-12-17
13123,122,Payneberg,Williamstown,1215.4,14.39,1064.56,2024-10-03
13124,360,Howardbury,Reedside,2350.9,3.35,822.05,2024-02-17
13125,270,Torresbury,East Kiara,1542.9,23.76,2706.05,2024-12-05
13126,459,North Rachelshire,South Jeffrey,586.0,6.15,302.52,2023-08-20
13127,378,Stevenport,New Brianbury,2498.6,18.96,5673.17,2024-08-19
13128,84,Lake William,New Jacob,348.9,9.69,366.85,2024-03-31
13129,391,Hamiltonview,Mooreburgh,680.6,4.94,242.79,2024-11-10
13130,270,Lorimouth,South Kaitlynside,2471.4,1.04,165.14,2024-04-25
13131,148,East Jillfurt,Catherinefort,1709.6,7.6,738.73,2023-07-23
13132,439,Millerberg,West Jasontown,1213.3,5.33,764.55,2024-12-07
13133,468,New Jill,Lake Brandon,1165.5,4.51,426.39,2024-09-01
13134,245,Walterschester,Lake Pamela,218.7,12.59,179.41,2024-05-03
13135,121,East Seanstad,Jasonhaven,170.8,17.19,322.71,2024-01-30
13136,286,Port Joseph,Robinville,444.9,15.3,780.94,2024-02-10
13137,234,Serranoshire,Garzaview,1676.9,14.33,2024.98,2023-06-28
13138,1,Ronaldborough,Manninghaven,563.9,23.95,825.87,2023-10-09
13139,328,South Tracyport,Garrettport,1350.9,22.99,1964.16,2024-06-28
13140,457,Reyesstad,Theresaport,1177.1,9.55,1292.97,2023-05-07
13141,116,Dawsonberg,Mirandafurt,1974.1,5.3,827.12,2024-09-06
13142,410,New Laurenside,North Peter,439.8,3.1,125.78,2023-10-03
13143,373,East Michellemouth,Port Emily,2470.1,19.38,5339.07,2024-07-07
13144,289,Edgarstad,West Robinport,199.3,13.56,279.89,2024-10-06
13145,343,New Thomas,New Janefort,1779.3,14.88,3127.52,2023-06-05
13146,489,Lake Austinland,Kayleebury,278.7,3.94,62.57,2023-12-09
13147,255,Lindaland,Berryburgh,1524.0,7.49,1019.28,2023-08-17
13148,70,Nicholsmouth,New Bryan,2053.9,18.06,2465.24,2024-03-18
13149,103,Jonathonmouth,Grayberg,1961.1,1.05,139.74,2024-10-12
13150,164,Thomashaven,Robertstown,1662.2,15.12,2410.54,2023-12-25
13151,146,Port Dylan,West Christine,881.5,20.46,1148.55,2024-05-06
13152,306,Pachecoville,East Eric,1431.4,11.89,968.66,2023-04-20
13153,425,North Susanhaven,East Kelly,1139.8,16.01,1257.8,2024-09-11
13154,95,Rogersburgh,Anthonyside,2317.7,14.56,3915.88,2023-04-20
13155,321,Powersfort,Catherinechester,763.0,7.65,371.92,2023-12-20
13156,13,Ashleyborough,North Ryanhaven,2429.3,21.07,2673.69,2023-09-24
13157,391,Annside,Cochranborough,1551.6,2.95,466.11,2024-10-11
13158,69,North Theresahaven,Joshuaburgh,1175.9,3.68,274.74,2024-02-10
13159,336,South Mark,Samanthaton,768.8,6.46,476.96,2023-06-03
13160,157,West Johnville,North Jennifer,2001.1,12.95,3038.47,2024-02-02
13161,378,Jacksonton,Stantonbury,673.5,13.07,957.12,2023-11-03
13162,43,North Jenna,South Marcus,119.6,12.66,170.63,2024-05-07
13163,416,Jessicaberg,Port Megan,2281.2,5.01,968.06,2023-03-16
13164,40,Williamsfort,East Jamesshire,1372.2,15.11,2393.07,2024-02-15
13165,258,Lake Katrina,Shaneberg,172.1,8.28,82.37,2023-05-02
13166,84,Diaztown,Lake Aprilmouth,2098.3,16.82,2927.7,2024-02-24
13167,91,Johnview,Tammystad,2491.2,7.98,1861.62,2023-02-03
13168,322,South Gregory,New Anthony,2499.0,11.58,2602.66,2023-10-10
13169,277,Diazland,Colintown,2045.9,9.54,2090.92,2023-06-14
13170,238,Martinview,New Bobby,565.7,3.16,186.26,2023-09-04
13171,208,Johnhaven,Port Phillip,1257.9,14.83,1072.12,2023-12-29
13172,451,Jacksonborough,New Jamesberg,927.8,22.94,2451.58,2024-05-17
13173,499,North Markton,Christopherland,1360.4,2.26,213.13,2024-08-03
13174,31,South Monicaside,Juliaside,101.1,4.45,36.28,2023-09-21
13175,200,Lake Latoya,West Bonniestad,337.0,21.77,480.97,2024-11-23
13176,13,New Vickie,East Richard,387.2,21.25,623.29,2023-04-03
13177,211,New Mariafurt,Port Robert,2458.1,1.46,276.4,2024-08-24
13178,123,Destinyberg,South Mark,1888.5,9.37,1951.18,2023-01-08
13179,330,Port Dianeshire,Port Joshua,1484.7,23.35,2885.57,2024-07-30
13180,498,South Tracie,Richardfort,630.1,7.48,498.92,2024-10-18
13181,280,Shieldsberg,Hernandezfort,1615.3,20.06,3310.15,2023-02-12
13182,444,Brianland,Lake Teresa,710.2,22.83,1381.49,2023-08-29
13183,55,North Micheletown,Petersonside,1001.6,21.66,2490.8,2023-12-04
13184,99,Sandrafurt,Ericburgh,476.4,20.32,847.2,2024-04-03
13185,69,East Jonathantown,Reneefort,1047.3,24.58,2142.32,2023-02-27
13186,340,East Jefferychester,Port Ellen,859.0,3.72,190.94,2023-01-21
13187,489,South Melinda,Jonesfurt,1327.2,1.75,257.66,2023-10-08
13188,79,Michellehaven,Andersonton,1898.8,3.07,354.4,2024-05-19
13189,401,New Aliceborough,West Jasmine,619.6,1.59,51.81,2024-11-13
13190,90,Hannahburgh,East James,1163.2,8.08,945.4,2024-05-28
13191,295,Jamesview,New Meagan,1707.4,4.84,989.28,2024-08-26
13192,202,Lake Johnburgh,Robertport,441.3,7.75,384.05,2023-03-09
13193,143,South Alyssa,South Sarah,874.8,20.6,1788.94,2024-02-06
13194,309,Robertsfurt,East Barbarastad,1261.1,6.34,442.79,2024-06-19
13195,488,West Matthewville,Dennismouth,276.0,9.89,308.33,2023-03-31
13196,182,Douglasstad,West Ryanchester,2113.8,5.95,926.72,2024-01-17
13197,82,East Gary,North Toddborough,2497.6,23.21,6507.41,2023-02-20
13198,131,Lopezbury,New Charles,2090.9,5.9,754.3,2023-11-29
13199,433,West Patrick,South David,1120.6,11.85,1020.87,2023-05-18
13200,200,Port Damonton,Garciafort,357.9,10.82,382.82,2024-02-27
13201,7,South Andrewfort,Karabury,231.0,8.3,154.95,2024-04-02
13202,482,Castrotown,Lake Alicia,729.9,9.54,714.51,2024-07-06
13203,88,Marshallfort,Harrisonton,457.0,4.43,203.84,2024-02-18
13204,134,Ronaldfort,Helenstad,1745.6,9.64,1762.2,2024-07-07
13205,231,South Keith,East Paulmouth,2426.7,4.54,773.72,2024-11-21
13206,43,West James,Lukeville,1354.4,10.01,895.6,2023-06-02
13207,204,Farrellfort,Lake Marybury,1562.6,23.62,3537.69,2023-03-15
13208,385,Johnhaven,East Rhonda,148.0,16.52,171.89,2024-03-22
13209,114,East Lisa,Berrytown,2018.8,15.94,3664.53,2023-08-30
13210,195,North Chad,Hernandezborough,219.3,11.28,144.96,2024-02-17
13211,309,Davidport,Changmouth,2122.4,6.63,1574.45,2024-03-19
13212,380,East Angelatown,Jamestown,957.8,23.25,1262.88,2023-11-12
13213,416,Sheppardbury,South Stephenland,1616.0,23.76,2774.37,2023-11-03
13214,347,Port Jamieland,Taraland,499.7,1.12,41.59,2024-01-05
13215,313,South Amberfort,Henrybury,1866.3,6.13,1084.01,2024-01-25
13216,429,Rebeccafurt,Port Cindy,2440.5,2.46,520.68,2023-04-08
13217,174,East Doris,Lake Patriciafurt,1392.7,13.75,1643.44,2024-06-22
13218,258,New Dawn,Caitlynmouth,1341.9,18.96,2861.48,2023-01-02
13219,165,Port Yolanda,New Anthonybury,1630.0,23.79,3098.38,2024-03-06
13220,314,North Sharon,Lake Dianeland,694.1,14.48,764.99,2024-11-16
13221,248,Juliechester,Johnsonland,1149.9,14.56,1729.26,2023-07-14
13222,83,West Janice,Richardmouth,686.9,9.39,454.54,2024-09-18
13223,394,New Jonathanport,East Elizabeth,1598.5,16.55,1429.85,2023-10-20
13224,409,Jonathanchester,Lake Ashley,2128.0,6.11,1132.66,2023-10-23
13225,254,Laneberg,Patriciaburgh,1219.7,10.69,885.41,2023-01-11
13226,355,Miamouth,Davidberg,2221.2,13.67,1649.4,2023-02-28
13227,448,North Jessicaville,New Cynthiaburgh,2230.1,11.87,2920.56,2023-09-02
13228,391,Christopherbury,Thomashaven,1106.2,20.25,2572.67,2024-02-01
13229,171,West Jasonberg,Jameston,827.7,2.36,167.62,2024-10-19
13230,225,Richardtown,Reedfort,1348.4,14.04,1482.03,2023-02-09
13231,134,Fletcherchester,South Stephaniechester,1330.0,19.67,2930.89,2023-03-19
13232,309,Johnsonbury,Port Sheilaberg,964.2,3.58,403.15,2024-07-03
13233,412,Kristinechester,Cobbmouth,2262.3,17.3,4302.96,2024-09-22
13234,329,Port Lindashire,Vincentmouth,744.3,12.58,891.38,2024-01-30
13235,88,Cristinahaven,Bushberg,1428.6,15.24,1795.99,2023-07-20
13236,5,Jeffreyland,Charlesland,580.1,22.59,673.82,2024-07-15
13237,406,Shaneside,Trujilloshire,1823.4,18.48,3153.59,2023-04-18
13238,163,Rubioberg,South Allison,952.0,15.7,1150.81,2023-10-07
13239,180,Cameronville,West Davidview,230.7,19.39,488.96,2023-03-17
13240,22,Galvanborough,Kimberlyton,1158.4,9.79,1213.75,2023-02-11
13241,351,Hawkinschester,Stonechester,1428.6,6.9,545.52,2024-05-06
13242,209,Jeffreystad,Matthewfort,1596.5,2.56,293.55,2024-02-02
13243,247,Sharonbury,New James,720.3,24.16,1627.55,2023-01-17
13244,148,South Stanley,South Amberbury,436.4,14.55,748.58,2024-04-02
13245,168,New Lisa,East Richardside,223.9,2.38,42.59,2023-12-03
13246,369,West Richard,South Dominicbury,1349.9,1.34,162.4,2024-05-21
13247,371,New Jamesland,Lake Allen,594.2,18.02,1114.02,2024-06-09
13248,492,Hendricksfort,West Michaelmouth,1334.6,15.19,1070.11,2024-11-04
13249,18,Lake Robert,New Patricialand,273.9,2.86,49.56,2023-06-27
13250,317,East Ryan,Zacharyborough,1888.5,23.79,3770.2,2023-03-03
13251,235,Kristinfort,Port Juliechester,1176.8,13.7,1271.19,2023-08-11
13252,358,Nicolebury,South Holly,1498.1,14.25,1778.85,2023-05-01
13253,500,East Sylvia,Lake Jessicaburgh,623.6,6.19,365.12,2023-09-25
13254,177,Odonnellland,Ryanville,1069.6,14.71,944.39,2024-04-08
13255,25,South Lisa,Port Robertshire,1543.6,12.77,1556.53,2023-06-25
13256,312,Lucasfurt,New Kathryn,256.6,1.39,27.81,2023-09-29
13257,27,Lake Jamie,Williamchester,2284.7,20.56,3896.23,2024-09-23
13258,263,Leahburgh,Natalietown,54.0,17.54,51.01,2023-07-19
13259,401,Wilkinsonstad,Lewisfort,577.8,9.89,555.96,2023-09-21
13260,5,Davidtown,Deanland,1025.7,18.85,1063.28,2024-03-17
13261,403,Gabrielmouth,Lake Maryhaven,975.9,1.08,119.87,2024-12-30
13262,32,New Alexander,Leeside,647.0,11.89,388.13,2023-05-12
13263,385,Schultzfort,Taylorton,2081.9,3.41,811.77,2023-07-28
13264,203,New Annachester,Hawkinschester,394.1,18.4,448.5,2024-09-18
13265,315,West Aaronstad,West Brian,1421.0,6.24,1050.88,2023-09-15
13266,63,New Steven,North Ruthview,152.5,3.3,51.41,2024-08-31
13267,458,Jenkinschester,Matthewview,2310.6,20.97,5005.02,2023-12-14
13268,101,South Taylor,Lake Jacob,1387.8,2.64,280.34,2024-09-21
13269,401,Larryborough,Linfort,1984.8,18.43,2115.53,2023-07-19
13270,462,South Meghanburgh,Kevinville,986.0,12.12,1112.81,2023-09-20
13271,57,New Kathleen,East Amanda,1218.3,2.55,337.74,2024-09-29
13272,412,West Brianaburgh,West Timothy,740.0,8.32,342.99,2024-03-13
13273,92,Hintontown,Davidchester,2353.3,24.82,3858.26,2024-04-05
13274,291,Danielland,Williamstown,1418.7,18.85,2016.28,2024-02-09
13275,470,Williamsonfurt,South William,983.8,19.55,2189.66,2023-01-15
13276,63,New Karenport,Port Alanchester,1495.7,8.9,1253.68,2023-09-26
13277,448,Port Eric,North Sarah,1110.0,4.5,271.75,2024-01-20
13278,168,Keithmouth,Frazierfurt,1237.5,21.82,1644.85,2023-12-03
13279,200,Lake Kelseystad,Sandersside,670.3,8.23,590.36,2023-09-23
13280,142,South Andrew,Patrickburgh,824.6,1.86,93.55,2023-08-10
13281,433,Stevenmouth,Annehaven,2312.7,4.76,1102.17,2023-09-06
13282,167,Terrimouth,Pateltown,1319.7,24.15,1910.16,2023-07-01
13283,170,Lambertburgh,Lisamouth,2092.9,7.32,1328.88,2023-11-10
13284,498,Port Denise,Jamiehaven,1753.5,23.74,3881.33,2024-02-06
13285,73,Hughesbury,Claytonview,855.3,24.59,1302.8,2024-08-01
13286,111,South Ashley,West Monica,2422.6,16.62,2403.02,2024-09-19
13287,338,Thorntonmouth,Sawyershire,650.5,10.0,428.68,2024-04-24
13288,255,Patriciaside,West Troyport,1184.2,8.69,877.0,2023-03-13
13289,79,Wrightview,Ernestmouth,2360.4,21.25,5884.51,2023-09-05
13290,106,East Danielton,Port Loritown,55.8,1.4,4.4,2023-10-01
13291,55,North Alexisville,Robinsonbury,1558.2,16.3,1295.44,2024-10-21
13292,375,East Michaelchester,Ellisfort,1956.5,10.97,1712.13,2023-02-26
13293,453,Lake Sharonbury,North Jonathon,1975.3,12.09,1707.65,2023-02-18
13294,6,Smithshire,Mercadofurt,459.7,13.25,513.13,2024-03-11
13295,472,East Raymond,North Nathan,1272.5,5.69,393.34,2023-07-12
13296,17,Hernandezshire,Cookmouth,2093.5,8.18,1374.57,2023-10-12
13297,444,Port Denise,Thomaston,1760.0,22.95,3199.83,2024-11-29
13298,194,West Ashleyville,Castrochester,1150.3,21.08,1508.84,2023-11-23
13299,312,New Michael,Kristiton,127.5,4.76,63.99,2023-03-30
13300,313,Benjaminberg,Port Joseph,2130.0,23.69,3624.62,2023-05-05
13301,132,Port Valerieberg,Jenniferville,1515.6,22.77,3265.38,2024-08-15
13302,153,Bakerborough,Ashleymouth,1990.4,12.83,3035.79,2023-08-26
13303,426,Johnport,Nicholeberg,2063.3,15.29,3487.43,2023-06-28
13304,376,Port Natasha,Ryanhaven,2426.7,16.31,4330.36,2023-10-17
13305,368,Tracytown,Banksville,796.5,10.77,709.8,2024-02-02
13306,325,Clarkborough,Starkfurt,2369.1,6.88,1745.11,2023-12-27
13307,239,West Carlshire,Timothyside,1153.0,9.27,724.95,2023-03-20
13308,90,East Ashleymouth,Marvinborough,1279.9,14.97,1810.49,2023-07-25
13309,75,North Ashleyborough,Lopezmouth,1326.8,21.37,2945.46,2023-01-16
13310,393,Velasquezton,Williamport,2346.3,19.64,4903.41,2024-11-27
13311,376,Kathrynchester,New Caseymouth,975.2,24.06,1595.37,2023-10-13
13312,157,Chelseaborough,East Eric,1359.0,7.95,918.06,2024-07-02
13313,220,Fryeville,Catherinestad,1932.8,19.49,2647.28,2024-03-06
13314,31,Timothyfort,Amandamouth,1737.1,9.23,1110.47,2023-10-03
13315,80,New Kathrynhaven,North Antoniotown,513.3,18.51,953.97,2023-02-08
13316,213,Port Elizabethborough,South Bruce,1625.8,21.39,2307.64,2024-07-05
13317,151,Port Cherylmouth,Lopezburgh,849.6,21.43,2140.2,2023-10-24
13318,284,South Keithfort,Lake Jeffrey,929.8,22.97,1896.31,2024-05-15
13319,128,Millerfort,Wilsonmouth,471.9,24.48,687.95,2023-12-10
13320,112,Alvarezville,Valeriefort,798.9,23.95,1925.36,2023-12-01
13321,68,Wilsonberg,North Scotthaven,905.3,11.01,1062.86,2023-03-24
13322,392,Rogersfort,Kevinshire,1946.8,13.57,3102.24,2023-07-01
13323,189,Lake Anneburgh,South Sarah,1067.7,9.76,874.29,2023-10-19
13324,3,Janetfort,Abigailhaven,793.0,22.64,1084.63,2023-07-11
13325,315,New Williamland,South Jeffrey,2434.3,24.47,6486.24,2023-09-11
13326,326,North Jason,Lutzborough,1390.6,3.71,342.02,2024-11-22
13327,40,North Travisborough,Tinastad,1193.5,10.52,1324.16,2024-11-21
13328,5,Hallshire,West Timothy,2255.5,17.13,3234.95,2024-09-09
13329,474,Johnborough,East Robert,293.3,8.46,139.55,2024-03-19
13330,326,East Paulborough,Fosterton,243.5,18.97,401.79,2023-12-19
13331,125,West Ian,North Carolyn,982.1,4.69,252.59,2024-11-09
13332,184,Port Brittany,North Sarahbury,1543.4,4.85,412.69,2024-01-19
13333,173,Port Pamela,Amybury,1386.1,22.01,3488.96,2024-08-18
13334,460,South Carl,New Brandonchester,145.7,19.62,218.25,2024-01-05
13335,189,South Patricia,Lake Bettyshire,1520.3,22.13,2540.15,2023-04-23
13336,403,Danielchester,Blakefurt,2223.1,20.69,4249.34,2024-07-29
13337,33,Irwinshire,Danielview,1911.3,3.9,791.43,2024-11-17
13338,48,Lauraside,South Lauren,144.3,23.53,302.07,2024-08-05
13339,151,East Jared,Fisherside,202.2,16.47,365.82,2024-05-06
13340,116,East Haley,Jacksonshire,591.4,1.85,89.89,2024-09-26
13341,204,Paulland,South Jessicamouth,388.9,1.34,39.74,2024-07-21
13342,322,West Jenna,Lake Randy,1436.4,4.5,614.24,2023-01-08
13343,89,Huangfort,Markmouth,512.3,1.2,57.97,2023-11-25
13344,202,Potterbury,West Ryan,987.5,5.74,348.87,2024-06-07
13345,329,Andreamouth,Garrettborough,2034.1,11.01,1474.58,2024-12-30
13346,32,Ariasland,Francostad,296.1,8.43,138.64,2023-11-26
13347,443,East Michele,Steelefort,1174.0,6.49,699.23,2023-01-04
13348,142,South Rebecca,South Michellefurt,2140.4,21.67,5541.55,2023-12-23
13349,222,Port Bryan,Cameronville,316.5,21.41,796.45,2023-05-21
13350,16,Lake Lorifort,Kimberlybury,1817.0,8.0,1329.09,2023-10-03
13351,375,Lake Jesseborough,North Anthonyfurt,1995.6,17.09,3617.02,2024-07-27
13352,260,Jamesville,Guzmanstad,984.6,3.69,420.85,2024-09-19
13353,447,Lake Kathleen,East Ethan,1847.6,21.01,3918.56,2024-06-16
13354,371,Lake Nancyside,Lauratown,1877.7,10.91,1455.15,2024-04-14
13355,161,Port Michael,South Josephborough,379.2,13.97,485.53,2024-09-18
13356,146,Ryanside,New Richardhaven,2275.3,21.93,3737.48,2024-08-01
13357,299,Davidstad,Beanmouth,1658.8,7.23,1067.81,2024-12-23
13358,261,Christensenbury,Port Meghanburgh,767.4,22.05,1004.28,2024-07-03
13359,334,Nancychester,Randallfurt,2374.2,12.62,3225.5,2024-03-04
13360,289,New Cindyberg,Scottburgh,797.7,20.6,1348.75,2023-09-03
13361,474,East April,Cuevaschester,1411.8,15.15,1336.7,2023-06-20
13362,14,New Natalie,South Aprilland,2004.1,9.16,1807.03,2024-03-22
13363,11,West Shelia,Port Marthatown,1833.8,23.51,2612.47,2023-06-16
13364,205,West Barbaraborough,South Pamelaborough,73.1,8.2,54.79,2024-03-18
13365,229,Fernandezhaven,Andrewton,340.2,19.27,711.8,2024-07-16
13366,290,New Cynthiaview,West Troyberg,1340.5,20.21,2059.59,2024-09-23
13367,226,New Robertborough,Lake Alexburgh,1860.3,16.57,3097.65,2024-12-30
13368,66,East Michaelhaven,Aprilbury,1773.5,14.11,1924.44,2023-04-05
13369,402,New Lisaside,Suzannemouth,2442.4,11.35,1729.0,2024-01-06
13370,475,Hectorfort,North Cynthia,576.6,14.6,893.06,2024-02-07
13371,344,West Melissa,Riverabury,2327.2,21.04,2559.71,2024-05-12
13372,180,Lake Kaylaside,West Lisabury,1590.6,4.07,480.67,2023-05-11
13373,94,Clarkton,Lake Melaniebury,2358.7,15.28,3973.36,2024-05-07
13374,233,Stevenchester,Jaredchester,2172.6,9.86,2110.55,2024-10-24
13375,55,Erikton,Pamelabury,2114.5,12.7,2745.68,2024-12-03
13376,272,West Brandonmouth,West Shawnshire,480.5,9.61,331.55,2024-03-19
13377,114,North Lonnie,Wardshire,1812.5,12.75,1207.15,2023-05-04
13378,228,East Charlesburgh,Carsonshire,2499.5,18.71,2721.2,2023-10-04
13379,187,Port Jessica,West Kelly,910.1,12.77,1123.76,2024-02-28
13380,427,East Christophertown,Shawton,1415.1,10.87,1729.15,2023-02-06
13381,174,Raymondfurt,Dianeville,1429.6,5.23,550.17,2023-03-09
13382,254,Lake Amyhaven,East Davidberg,1100.4,8.42,606.14,2023-06-09
13383,36,Tiffanyberg,Washingtonside,2220.5,12.41,2260.53,2023-04-07
13384,111,New Justinchester,Elizabethmouth,615.9,23.82,1641.37,2023-03-03
13385,300,Weaverville,Port Amyfurt,903.9,17.71,1375.81,2023-03-26
13386,421,Sheltonburgh,East Kyle,255.4,2.35,44.71,2023-09-25
13387,90,Rebeccamouth,Christopherland,732.6,22.52,1721.22,2024-12-22
13388,110,Kristastad,Jackmouth,860.5,4.82,471.18,2023-06-11
13389,399,Rodriguezbury,New Kyle,1546.7,19.87,1964.99,2023-04-20
13390,79,West Ashley,Danielland,545.1,3.99,121.3,2024-03-04
13391,282,Jonesview,Westfurt,50.5,15.39,46.54,2023-12-20
13392,244,Munozfort,Lake Jessica,1080.7,13.8,1499.78,2023-09-02
13393,247,Atkinsonfort,West Christina,1418.0,4.68,654.5,2024-03-06
13394,226,New Joshuabury,Robertsfurt,859.8,8.55,571.87,2024-06-15
13395,441,Johnsonfort,Tinashire,1986.0,2.13,386.19,2024-04-19
13396,197,Hendersonberg,West Sonya,2362.7,23.68,2938.94,2023-10-23
13397,329,Larsonmouth,Lake Jenniferborough,970.0,15.23,1446.06,2023-04-09
13398,438,South Kaitlynmouth,Orozcotown,364.7,18.59,487.88,2023-01-21
13399,141,New Christopher,Martinezside,1858.7,13.43,2236.03,2023-01-06
13400,122,Garciachester,Brittneyport,763.7,11.09,910.57,2024-08-20
13401,164,South Ashleeborough,Port Shelbyton,553.4,19.38,599.15,2023-07-30
13402,160,Lake Corey,New Andrewmouth,984.7,16.29,1410.54,2023-07-24
13403,65,New Stephanie,South Christopher,2412.6,5.08,1254.97,2023-08-30
13404,337,East Donaldport,South Jefferytown,293.5,1.99,58.5,2024-06-23
13405,210,Fletcherfort,Stephenborough,1973.2,18.18,3677.45,2023-08-09
13406,63,West Victor,Smithview,662.1,6.54,328.45,2023-07-25
13407,338,West Andrewstad,New John,1397.2,21.81,1832.12,2023-02-12
13408,103,Port James,Davidshire,268.0,20.66,431.48,2024-06-19
13409,416,Stacyborough,Hoton,1753.4,2.48,351.42,2023-08-23
13410,41,Lindaland,Crystalside,639.1,15.88,1185.73,2023-12-23
13411,165,Kelseymouth,Port Christopher,1637.6,7.98,917.89,2023-11-07
13412,16,Katherineport,Hendersonville,2385.4,8.39,2219.15,2024-09-01
13413,418,New Wendy,Hannamouth,59.7,16.5,103.21,2023-05-13
13414,251,Davischester,North Melissaborough,1704.9,22.54,3133.88,2023-02-27
13415,151,Youngtown,North Joshua,1198.7,7.98,912.35,2023-02-17
13416,406,Port Alanbury,Fuenteshaven,2251.8,20.72,4776.73,2023-04-09
13417,206,New Audreyfort,Gomezmouth,898.5,3.41,198.23,2024-05-09
13418,114,Lake Lisafurt,Port Jamesberg,649.0,19.19,1394.83,2024-04-05
13419,222,West Lisaland,Barbaramouth,2155.4,23.84,3440.5,2023-01-14
13420,238,Noahton,East Allison,532.3,8.98,484.8,2023-10-20
13421,29,East Amber,East Wesley,1734.4,20.53,2787.0,2023-10-01
13422,444,Jennaville,Robinside,1160.4,2.4,300.53,2023-07-18
13423,219,Susanchester,Kristinatown,874.6,11.96,1246.81,2023-06-07
13424,345,Danielport,Port Patrick,1095.6,23.47,2321.71,2024-01-29
13425,76,Shermanborough,New Jamesberg,925.0,13.37,930.91,2023-02-06
13426,316,Jasontown,West Andrew,1095.0,23.77,2068.2,2023-12-07
13427,108,Port Angel,North Stephanie,1053.9,9.31,1072.6,2023-01-07
13428,139,Jessicaside,Loriberg,383.1,19.32,502.0,2024-08-18
13429,93,Josephport,Margaretmouth,2170.8,16.56,2450.89,2023-09-17
13430,134,New Brandonstad,New Valeriestad,1697.6,1.34,233.57,2023-06-07
13431,433,Jonathanport,Kimberlytown,529.0,11.46,423.44,2023-07-11
13432,26,South Davidview,Veronicaland,565.4,14.99,881.75,2024-10-03
13433,352,Smithhaven,Craigville,67.5,22.16,132.61,2023-11-14
13434,199,Joshuaton,Collinsmouth,430.7,22.64,820.83,2024-08-08
13435,304,West Scott,West Brianna,1598.8,13.75,1947.69,2023-05-15
13436,75,Port Andrew,North Jodyborough,578.0,17.25,939.2,2024-07-30
13437,295,Cookshire,Katrinamouth,1218.0,14.59,1517.91,2024-05-25
13438,489,South Marcus,Port Ronald,2026.6,14.42,3212.26,2023-09-15
13439,50,Lake Dana,East Stevenmouth,1545.4,12.47,1778.25,2023-05-03
13440,490,South Cheryl,Victoriachester,1062.6,1.07,124.31,2023-04-03
13441,382,West Barbara,Calderonstad,231.3,18.69,354.32,2024-08-29
13442,221,Jonesland,New Alexanderton,69.5,13.27,108.43,2024-09-28
13443,65,Port Angelica,Popebury,1796.3,17.41,2262.91,2023-04-24
13444,45,Hillside,South Elizabeth,359.0,4.15,136.76,2023-01-19
13445,87,Kelleyville,East Jacobview,867.8,17.47,1410.33,2023-12-19
13446,207,South Jeffreymouth,Nguyenchester,1300.4,22.77,3526.34,2024-01-06
13447,250,New Meganside,East Jason,2187.1,9.09,2037.03,2024-10-07
13448,434,South Traviston,West Debbie,2372.9,5.82,889.88,2024-11-13
13449,292,Mccormickbury,Vernonhaven,1555.0,20.29,3567.18,2023-12-07
13450,498,South Davidfort,East Rachael,652.6,6.74,262.3,2024-04-10
13451,410,New Jeffreyborough,Jacobtown,1993.1,12.73,2956.18,2024-01-23
13452,127,Perryville,Greenmouth,496.8,20.24,743.97,2024-03-18
13453,48,South Miguelmouth,Garciaview,2383.5,11.15,2016.92,2024-12-01
13454,386,East Jennifer,Lake Carolyn,2160.3,22.08,3455.07,2024-09-18
13455,197,North Coryfurt,West Walterland,2199.7,16.03,2596.26,2023-04-19
13456,49,South Reginaldshire,Sherriburgh,575.5,3.63,129.24,2024-11-13
13457,212,Batestown,Watsonton,1929.8,7.04,1338.55,2024-01-20
13458,484,Kaylaville,South Kennethhaven,471.8,3.23,154.93,2024-12-19
13459,13,Welchmouth,East Briana,528.3,3.92,217.23,2023-03-16
13460,243,West Andrewland,Lake Glenda,510.2,7.8,202.43,2024-07-05
13461,493,West Jasmineview,Port Jennifertown,812.4,15.23,1350.98,2024-05-04
13462,382,New Beverly,Perezville,1287.3,8.82,807.34,2024-12-28
13463,130,Baileyton,Doughertymouth,774.6,17.8,983.35,2023-05-06
13464,438,South Jenniferville,Port Eric,1370.2,3.76,563.18,2023-08-17
13465,338,Stephanieville,New Stevenchester,2485.4,6.22,1834.09,2023-09-25
13466,464,South Elizabethmouth,North Paul,483.4,19.2,1045.07,2023-06-16
13467,242,Margaretport,Clarkchester,848.7,14.04,1004.17,2023-10-12
13468,30,Thomaston,South Clinton,734.8,1.96,150.54,2023-06-01
13469,159,Alvarezberg,Howardside,584.0,2.56,81.69,2024-09-27
13470,361,North Jessica,Davenportton,1922.2,10.1,1043.94,2024-12-22
13471,289,Nathanborough,Warnerport,1673.7,8.76,1162.21,2024-10-24
13472,252,East Kimberlyfort,Robinsonport,2303.4,17.55,2641.35,2024-08-24
13473,41,Janeport,East Jeffrey,1983.5,8.04,1784.84,2023-12-20
13474,123,Morrisonstad,Port Jermaineburgh,609.8,3.08,138.54,2024-11-14
13475,462,West Ericton,Lake Bradleyfurt,1621.0,13.45,2152.47,2024-05-27
13476,45,Dominguezbury,Howellview,1953.2,6.97,1503.98,2023-12-27
13477,460,West Ashley,Davidshire,112.5,9.85,90.99,2024-07-19
13478,318,North Richardshire,North Bobmouth,381.6,18.53,837.37,2023-03-24
13479,216,North Madison,Hicksbury,2363.5,11.12,2017.71,2024-03-20
13480,449,North Richardhaven,Juliafort,1922.9,23.78,4761.64,2024-06-25
13481,121,Amandaborough,Port Jessicastad,1081.4,12.97,749.65,2023-08-02
13482,226,Amandaport,Annaburgh,2235.3,6.59,1745.98,2024-06-18
13483,434,North John,Smithburgh,2144.6,12.69,1848.29,2024-07-20
13484,351,Lake Robinside,Johnsonmouth,282.6,21.7,691.24,2023-10-17
13485,63,Andersonberg,West William,1418.8,5.87,689.91,2024-02-09
13486,361,Gabrielaburgh,Farrellstad,1885.9,19.29,3142.57,2023-04-06
13487,469,Lake Christinatown,Michaelland,184.7,1.29,23.11,2023-03-02
13488,378,Davidsontown,Port Jesus,724.6,15.93,775.52,2023-09-24
13489,59,North Josephview,Ryanfort,1900.5,5.4,1041.87,2024-11-18
13490,472,Gomezfurt,Alexandertown,2302.8,12.66,2860.65,2024-03-04
13491,41,South Tamara,South Robert,381.3,24.03,492.11,2024-10-26
13492,462,New Shannon,Tinashire,1677.6,11.49,1496.17,2023-10-22
13493,257,Johnton,Kiddshire,1117.2,9.63,1172.46,2024-02-22
13494,256,Larsonhaven,Melissamouth,2333.6,12.4,3048.41,2023-08-12
13495,282,Mercermouth,South Lance,1804.6,16.42,2450.24,2024-02-21
13496,321,Kimberlyville,North Dominique,1304.4,8.31,1189.63,2024-05-06
13497,183,North Adam,West Carriefurt,1776.1,12.8,2302.33,2024-09-09
13498,150,Morrismouth,Jessicashire,1189.8,14.94,994.92,2024-07-08
13499,309,East Bobby,Jonathanville,2190.8,3.08,770.7,2023-05-10
13500,314,Nelsonmouth,Tiffanyfurt,2114.4,11.0,2216.79,2023-10-24
13501,482,Kennedyshire,Port Marcview,182.7,10.01,182.14,2024-11-18
13502,412,Andersonhaven,Port Kelly,483.5,6.41,310.68,2024-01-31
13503,493,Perezmouth,Karachester,918.2,1.5,151.81,2023-11-30
13504,486,Wendyfort,Andrewhaven,2146.6,19.75,4825.78,2023-12-21
13505,204,Nicholasburgh,South Matthewfort,375.6,12.84,415.58,2023-04-15
13506,339,Lake Amandaville,New Teresabury,1011.6,21.56,1917.98,2023-01-26
13507,10,Jacksonbury,Lake Thomasmouth,2457.2,14.71,2570.55,2023-05-22
13508,415,East Justinburgh,Moralesmouth,101.1,5.49,42.72,2024-08-13
13509,450,Garrisonshire,Reneefort,860.8,16.4,1690.14,2024-05-27
13510,140,Randallchester,New Marilyn,826.3,4.36,203.78,2023-01-07
13511,209,Alanhaven,Lake Ashley,1899.5,1.94,298.52,2023-11-18
13512,111,South Patricia,Huffmanbury,966.1,3.28,337.34,2024-04-05
13513,192,Blakestad,East Robertland,876.4,21.14,1292.38,2024-05-10
13514,323,Petersenbury,Terrychester,1217.1,2.27,275.84,2024-11-22
13515,16,Jonesburgh,South Sierraport,1895.2,11.02,2052.05,2024-06-04
13516,349,Port Ernest,New Brettville,1372.9,19.88,3164.16,2023-05-11
13517,28,South Rogerside,New Ryanport,1439.7,19.12,2514.35,2024-05-17
13518,218,Smithbury,East Edward,787.5,8.62,587.22,2024-10-03
13519,385,Bushmouth,New Kimberlybury,1379.7,10.56,874.81,2023-08-23
13520,59,Williamshaven,West Lauraside,1441.1,10.87,1196.36,2023-07-16
13521,154,East Austinbury,Karinabury,2377.1,23.56,3569.23,2023-10-25
13522,144,East Jessica,North Marco,1596.0,10.7,935.44,2023-08-14
13523,380,North Cynthia,North Patriciaburgh,1817.1,24.69,2621.62,2023-10-26
13524,98,North Laurabury,New Stephaniefurt,533.6,16.96,776.91,2023-06-10
13525,329,New Jamesport,East Stephanieborough,1725.7,8.3,1541.44,2024-04-13
13526,126,Christianton,East Bruce,1462.1,15.07,2437.62,2024-08-04
13527,468,Toddland,North Deannachester,2450.7,2.59,703.98,2023-05-02
13528,473,Port Melinda,East Raymondmouth,173.8,13.48,171.55,2023-05-16
13529,445,South Devin,Masonview,154.2,2.15,34.65,2024-05-11
13530,17,Randyburgh,Wilkersonshire,479.7,3.5,163.56,2024-01-30
13531,125,South Michelleton,Reynoldsmouth,576.6,18.19,659.01,2024-04-16
13532,105,Jonathantown,North Thomasborough,2005.6,18.35,2401.05,2024-08-30
13533,150,North Joshua,North Brandyshire,782.4,16.2,909.96,2024-02-28
13534,294,New Darren,West Gary,2216.9,11.56,2719.87,2024-09-05
13535,433,North Mark,South Craighaven,2251.6,21.91,3825.59,2024-05-25
13536,311,Port Sharon,East Julia,233.4,12.53,326.86,2023-07-28
13537,486,Port Mckenzieburgh,North Kevinhaven,2141.2,16.82,3650.43,2024-05-28
13538,313,West Kelly,Thomasmouth,771.1,4.39,393.53,2023-12-29
13539,70,Natalieville,Curtisville,485.3,1.84,51.12,2024-05-31
13540,42,West Raymond,West Michelle,1264.5,7.42,972.85,2023-08-19
13541,393,Andrewbury,Ryanton,1785.9,22.44,4536.73,2023-10-09
13542,351,West Crystalstad,South Joseside,875.9,1.47,148.49,2024-07-31
13543,141,Perryview,Dixonmouth,1440.2,6.66,630.6,2024-06-02
13544,141,South Micheleberg,Jenniferland,1734.2,16.9,2955.99,2024-12-04
13545,215,Carolinetown,New Sharonport,1487.6,20.6,2867.17,2023-08-15
13546,313,West Edward,Lake Andrewton,1762.8,24.37,3107.22,2024-12-28
13547,180,South David,Paulborough,1021.2,5.12,295.06,2023-04-14
13548,354,Adamsview,Rachelshire,1236.4,24.74,2206.93,2023-06-24
13549,224,Jamieport,New Ryanmouth,1351.7,17.54,2478.06,2023-04-15
13550,227,Lake Ralphstad,North Joseburgh,449.1,19.48,956.52,2024-05-01
13551,50,Mcknightport,West Mariatown,1303.2,17.71,1878.66,2023-04-25
13552,34,East Darren,Lake Bryanhaven,1706.4,24.33,2433.23,2024-10-11
13553,356,North Breannaville,Eduardotown,1459.3,14.7,1365.36,2023-03-26
13554,195,Lake Annettestad,Pagemouth,1656.5,15.52,1440.91,2023-01-11
13555,386,Oconnorborough,Joshuafort,1817.2,12.48,2190.99,2023-07-23
13556,88,Martinezfort,Maymouth,2452.4,16.29,2001.52,2024-02-04
13557,83,Brownton,Colehaven,1634.4,14.86,1935.02,2023-05-21
13558,259,South Robert,Port Ricardo,1854.6,8.35,972.71,2023-09-23
13559,359,Foxport,Hornburgh,2476.5,7.97,1257.62,2023-02-27
13560,257,Davidsonshire,Lake Sheila,2424.9,6.27,1340.35,2023-02-03
13561,496,Greenport,Lake Anthony,1611.0,1.96,376.17,2024-01-02
13562,289,Thompsonchester,Waltermouth,752.8,22.55,1253.38,2024-03-24
13563,438,Ricardoside,Leville,803.4,15.32,1182.91,2024-02-26
13564,427,Anthonyburgh,West Collin,1374.3,14.03,1952.84,2023-07-08
13565,140,East Christopherbury,Kaneton,794.9,16.63,1111.2,2024-03-22
13566,108,Jademouth,Lake Leah,1525.4,5.64,537.61,2023-02-15
13567,440,Benjaminmouth,Donnatown,1818.2,4.39,610.35,2024-11-27
13568,351,Alexanderfort,North Kyle,2332.1,13.03,1573.89,2024-03-19
13569,378,Lovestad,New Annaside,557.2,9.81,644.5,2024-08-06
13570,147,Brianfurt,Port Sandychester,1991.7,13.75,2876.31,2023-05-19
13571,455,Abbottside,South William,852.8,17.92,1723.69,2023-08-08
13572,383,Shermanshire,Melissaville,844.5,1.1,55.77,2023-06-08
13573,259,Wuview,Michaelshire,2385.6,7.91,967.37,2024-09-23
13574,236,Michaelshire,West Jerrymouth,323.5,4.1,82.41,2023-06-08
13575,216,Port Michealmouth,New Daniel,958.1,7.21,412.19,2023-08-04
13576,192,Bakerhaven,Parkerhaven,1013.4,19.06,1901.7,2023-04-20
13577,464,Bennettberg,Kimberlyberg,1840.8,1.07,137.26,2024-12-02
13578,228,Tracyport,Lake Amanda,822.2,24.22,1897.39,2024-10-18
13579,338,Maynardchester,North Stephanie,619.4,7.88,438.83,2023-05-02
13580,337,East Justin,Stephanieburgh,2395.2,11.13,1604.43,2023-03-28
13581,285,Michaelberg,Ericksonshire,670.4,11.52,387.47,2023-07-18
13582,247,Robertview,Paynebury,422.9,17.33,624.14,2024-11-02
13583,162,Mclaughlinborough,North Robertville,2406.4,2.46,355.86,2024-09-01
13584,389,Angelaland,Jenkinsside,1337.8,21.29,2477.13,2023-07-13
13585,301,Stephenton,Dunlapland,1100.0,3.72,336.31,2023-03-11
13586,245,Leslieview,Port Heathermouth,636.3,15.47,760.32,2023-02-06
13587,404,Port Kayla,Amandamouth,1527.5,16.79,2641.06,2023-07-31
13588,104,New Jamesfurt,Port Denise,1617.1,19.14,2875.28,2024-04-21
13589,229,Maryfurt,Port Sean,652.1,5.7,236.82,2024-07-27
13590,369,East Paul,Port Danielfurt,2056.4,14.29,1901.79,2023-10-22
13591,77,Millerhaven,Lake Christopher,2001.3,13.53,2853.02,2024-10-06
13592,286,Danielport,East Kimberly,896.5,3.95,287.96,2023-12-08
13593,467,Johnsonchester,East Robert,2182.9,11.41,2184.25,2023-04-12
13594,128,Smithtown,Lake Heatherside,2494.8,9.37,2384.25,2024-01-20
13595,309,Schroederbury,Johnsontown,864.9,12.79,1194.22,2023-03-05
13596,279,Port Kevin,New James,2092.8,16.16,2248.8,2023-10-11
13597,69,New Aaronhaven,North Pamela,2438.5,6.59,1514.19,2024-12-18
13598,483,Jacksonmouth,North Kristinabury,329.3,15.49,263.99,2024-10-27
13599,16,Lake Patriciastad,Thomasborough,1315.2,23.17,2796.77,2023-05-11
13600,91,Burketon,Brownmouth,1683.9,23.31,4515.58,2023-04-11
13601,180,Kristyhaven,East Jason,1505.9,21.11,2962.02,2023-03-16
13602,369,East Samanthashire,New Michaelside,190.9,10.47,121.48,2024-01-01
13603,274,Cabreraville,North Margaretstad,427.9,16.9,581.23,2023-01-02
13604,234,Lukeville,Ashleeton,266.0,2.36,49.15,2024-04-17
13605,437,South Ernest,Alanberg,1865.5,11.66,2265.79,2024-07-09
13606,360,Donnaport,Smithport,1062.6,11.64,1234.89,2024-09-21
13607,312,New Sandybury,Port Stacey,1524.3,2.81,512.76,2024-12-14
13608,465,Matthewland,Nathanburgh,161.2,16.65,216.46,2024-08-02
13609,292,Rodriguezfurt,Joneshaven,1104.0,23.79,2368.79,2023-12-08
13610,249,Charlesview,East Anthonyborough,607.8,1.79,70.81,2023-07-31
13611,132,Carrilloside,Lake Christy,737.5,17.05,767.64,2023-06-17
13612,124,Wadetown,Josephfurt,393.7,3.82,149.86,2024-04-04
13613,256,Nathanfurt,South Jessica,421.0,24.61,1020.59,2023-02-21
13614,141,Porterburgh,Johnville,510.1,9.4,417.02,2023-05-10
13615,210,Erikshire,Colemanhaven,1960.8,3.66,628.35,2024-10-31
13616,155,Hensonport,Millerburgh,1898.0,2.95,335.31,2023-08-04
13617,242,Adriantown,Port Sharon,102.5,6.72,52.01,2023-12-07
13618,307,South Melissa,East Blake,497.1,12.21,663.97,2023-02-14
13619,204,Hendersonton,Port Gregoryton,1399.3,12.42,1048.31,2023-03-01
13620,239,Cohenmouth,North Eric,1668.3,13.56,1185.77,2024-09-12
13621,432,South Ryan,West Christian,392.7,23.29,909.88,2023-04-22
13622,269,South Scott,New Andrew,605.2,16.56,988.37,2023-08-29
13623,319,East Taraville,East Heather,1948.2,20.01,2022.9,2023-07-16
13624,461,South Justinfurt,Alvarezchester,2038.9,22.91,3737.43,2023-11-03
13625,358,Lake Mark,Sullivanmouth,1732.6,17.8,1889.68,2023-01-12
13626,161,Andersonhaven,Hannahville,2441.0,16.48,4479.56,2023-08-14
13627,137,East Catherineberg,Stokesstad,1740.7,23.31,2212.83,2023-08-27
13628,383,Scottland,Amandamouth,1560.0,8.45,1356.26,2023-10-23
13629,140,North Tiffanyborough,Daniellefurt,597.5,18.3,920.05,2024-06-02
13630,121,Hillburgh,Port Virginia,602.9,7.89,502.51,2023-12-31
13631,201,East Jenniferfurt,Arnoldfort,2478.9,21.18,4898.73,2023-09-30
13632,471,Davidfort,North Timothy,295.8,2.48,62.33,2023-02-25
13633,77,Nelsonchester,Morrisonview,1456.0,16.26,1940.29,2023-09-05
13634,465,Sandraborough,Crosstown,443.7,17.74,562.98,2023-08-22
13635,166,East Amytown,West Jenniferville,978.2,17.2,1731.87,2023-09-02
13636,76,West Charles,Mauriceville,2339.1,6.69,819.83,2023-10-25
13637,380,Port Keith,Port Bailey,1267.1,4.26,562.79,2023-04-10
13638,413,Hillside,North Robert,196.7,21.32,456.96,2024-10-17
13639,458,Smithmouth,South Loriland,2189.1,24.75,4492.94,2023-02-23
13640,276,Adamburgh,New Diamond,1747.5,17.65,2067.33,2024-07-12
13641,184,Robinburgh,Murphyhaven,1745.1,22.53,2263.84,2024-05-22
13642,347,Lake Andrew,Susanberg,638.8,14.3,871.79,2023-04-20
13643,447,South Wendyland,East Davidview,73.9,23.34,148.51,2024-08-17
13644,255,North Patrickbury,East Caitlinmouth,222.4,19.28,480.27,2023-04-30
13645,314,Christineton,Port Amber,888.0,1.15,52.87,2024-04-11
13646,487,Tracyton,Lawrencebury,2153.7,22.72,4789.74,2023-08-13
13647,476,Charlesmouth,Andrewport,902.6,13.71,1422.01,2024-08-04
13648,81,Reneeland,Maysfurt,1442.5,21.8,3539.59,2024-12-01
13649,183,Lewisview,East Emily,2169.1,21.8,3212.15,2023-08-05
13650,66,Lake Lisa,Port Sarah,2362.4,9.13,1398.71,2023-08-19
13651,315,Lake Andrewtown,West Robertchester,285.0,18.83,469.71,2023-10-06
13652,411,Millerview,Michaelafort,807.4,19.4,990.99,2024-06-18
13653,466,Perezton,Bryantville,1945.4,14.79,2759.76,2024-01-31
13654,481,West Kimberlychester,South Catherine,1145.7,14.54,1065.06,2023-10-08
13655,299,East Jennifer,Jacobhaven,176.9,14.24,181.82,2024-12-05
13656,179,Lake Laurietown,South Katherinefort,851.5,22.89,1631.65,2023-06-23
13657,190,Lewisburgh,West Ianburgh,1858.1,17.17,2567.44,2024-07-01
13658,419,Tonyamouth,South Louis,1785.5,1.31,187.58,2024-10-15
13659,33,Robertfurt,West Christopher,561.2,22.68,1216.23,2023-11-01
13660,22,New Deannaton,West Aaron,2029.2,13.45,2290.62,2023-05-25
13661,233,South Rebeccaport,Port Earl,1777.1,13.06,1344.15,2024-05-23
13662,296,New Nathanborough,New David,2077.2,24.56,5003.58,2024-08-10
13663,36,Peterton,Lake Jessica,1997.3,6.5,1131.11,2023-01-19
13664,413,Carpentertown,East David,724.7,4.18,244.93,2024-07-05
13665,290,Colemouth,Howardfurt,1322.6,15.46,1853.09,2024-03-21
13666,121,Thomastown,East Christopher,1021.5,13.13,1573.58,2024-12-15
13667,29,Lake Jacob,North Yolanda,68.2,16.4,99.18,2023-05-03
13668,165,West Kim,Derekton,933.5,2.79,195.71,2023-05-16
13669,381,North Brittneyfort,Andrewmouth,989.1,2.25,257.04,2024-11-01
13670,28,New Michaelfort,West Margaret,311.7,3.3,98.42,2024-03-03
13671,271,Lake Joshua,Deannachester,693.6,18.51,959.96,2024-03-10
13672,283,New Darlene,East Jessicaview,1439.8,8.82,1180.1,2024-01-08
13673,8,Jeremymouth,East Marcus,216.5,24.36,364.24,2023-01-30
13674,425,Ritaborough,Wallacehaven,1505.9,6.8,1188.5,2024-09-12
13675,319,West Luisburgh,Lake Evelynview,1098.3,24.76,2233.54,2024-11-09
13676,483,Port Bonniemouth,Stewartmouth,1938.4,22.71,4177.72,2024-07-27
13677,235,North Charlestown,Edwardside,176.0,23.87,284.6,2023-11-22
13678,195,Paulmouth,Adamberg,799.8,12.33,725.19,2023-02-23
13679,373,Port Jenniferland,Colleenfort,425.3,1.66,74.14,2024-07-23
13680,300,New Victoriaburgh,Paulstad,165.9,9.92,197.09,2024-09-17
13681,447,Colleenborough,South Robertfurt,1639.4,8.41,1293.67,2023-04-25
13682,431,Robinview,North Matthew,314.8,1.25,22.36,2024-01-18
13683,114,Port Jenniferberg,Brownfurt,2229.4,19.72,4594.43,2024-10-13
13684,192,Chelseaton,Port Andrea,2296.6,2.26,402.93,2023-08-31
13685,425,South Claireport,Nicholasstad,2156.4,11.39,1323.14,2023-03-29
13686,428,Maddenland,Lisamouth,932.2,24.63,2140.57,2024-06-23
13687,235,Lake Kennethchester,East Johntown,1302.7,9.66,957.43,2024-02-24
13688,109,Garyfort,Cynthiaborough,1099.1,12.63,1560.18,2024-12-21
13689,128,East Alexander,Mcbrideport,2073.9,12.43,2551.26,2024-12-25
13690,137,North Erika,Trevorton,1479.9,23.24,2462.08,2024-08-13
13691,304,South Miranda,Lake Glendamouth,603.1,4.65,251.52,2024-10-02
13692,43,Clarkmouth,Morganside,152.1,5.58,94.1,2023-08-29
13693,476,South Stevenshire,Port Marissa,1750.1,19.41,3045.58,2024-05-01
13694,64,New Robertside,Jenniferberg,2332.6,20.39,2438.94,2024-08-07
13695,140,Port Glenborough,Richardton,115.9,11.93,156.87,2023-07-05
13696,158,Howardstad,Watkinsfurt,1267.9,22.82,3004.75,2024-04-27
13697,42,New Julie,Goodmanmouth,508.9,17.21,577.61,2024-09-16
13698,67,Port Sally,North Lisashire,296.7,20.52,551.98,2023-06-28
13699,121,East Stephanie,West Jessica,1120.3,11.0,1197.35,2024-02-05
13700,283,East Ryan,North Dylan,1238.2,5.61,654.82,2024-11-08
13701,128,Lake Jessica,Lake Donald,317.2,6.26,218.3,2024-01-28
13702,51,Nancyton,Port Kevin,68.2,22.75,135.93,2023-07-28
13703,252,Jonathanchester,Tranburgh,2491.9,9.88,1511.02,2024-01-13
13704,159,South Holly,Martinezborough,1358.3,19.44,1344.41,2024-03-21
13705,93,Mollyside,Port Jessicahaven,995.4,20.2,2043.81,2024-10-04
13706,187,Joshuaborough,Ginaberg,1311.7,7.34,584.78,2024-07-04
13707,283,New Brittany,Baxterton,1071.3,10.68,1291.99,2024-12-21
13708,338,East Roberttown,Stephanieburgh,1012.1,19.25,1020.61,2024-09-18
13709,26,West Benjaminfort,West Christopher,2398.2,23.08,2925.35,2023-10-22
13710,180,Jonathanmouth,North Virginia,1803.0,22.78,3708.99,2023-11-13
13711,60,Delacruzside,Port Michael,2305.8,17.79,2669.0,2023-07-14
13712,28,South Manuelbury,North Angel,852.7,20.97,1976.96,2024-08-28
13713,351,Patriciastad,Port Bruce,2286.5,21.48,3382.44,2023-12-19
13714,171,Port Joshuashire,New Christopherhaven,1381.6,17.52,2573.85,2024-04-29
13715,493,Port Anna,New Garyburgh,1162.4,3.56,391.05,2024-08-13
13716,410,Millerburgh,Jonathanberg,1228.2,15.9,2221.51,2024-08-01
13717,410,Lake Jessica,Mariaburgh,720.7,23.23,1914.97,2023-07-04
13718,414,South Austinstad,East Brian,741.0,13.73,878.76,2023-12-14
13719,403,Matthewfurt,Lake Brian,330.4,17.07,614.78,2023-01-14
13720,209,Donnashire,Port Becky,2108.1,23.92,3478.22,2023-05-27
13721,130,North Jacquelinemouth,Mcdanielmouth,277.0,15.32,388.61,2023-01-04
13722,428,South Douglasmouth,New Christopher,320.8,3.24,52.24,2024-02-20
13723,467,Clarkburgh,Port Brendan,1046.3,9.72,1108.93,2023-12-11
13724,149,Mackbury,New Michael,1019.1,11.28,1019.99,2024-01-08
13725,398,Lake Thomaschester,Reillymouth,2148.8,8.53,1343.12,2024-01-05
13726,477,Victortown,Aliciabury,2190.7,17.44,2498.21,2023-09-30
13727,318,North Michael,Leebury,2016.5,11.21,1700.81,2024-12-06
13728,340,Lake Christina,Lake Michelle,2229.2,15.84,1878.11,2023-12-12
13729,68,Hernandezton,Blackwellfurt,610.2,7.76,493.27,2024-11-25
13730,220,Port Selena,Lake Rodneyville,620.8,20.25,718.57,2024-08-26
13731,262,Tiffanyport,Elizabethview,493.5,10.15,591.44,2024-05-24
13732,332,Elizabethberg,South Lynn,2123.4,15.73,1921.91,2024-07-25
13733,281,Vanessafurt,North Ann,1010.6,8.49,961.43,2023-11-30
13734,276,East Michaelville,Wilcoxstad,1316.0,10.69,1404.88,2024-01-21
13735,103,Baileyport,Joseton,2354.2,16.82,4063.93,2024-09-15
13736,40,Port Jared,Port Jeremyburgh,262.4,9.66,238.51,2024-03-28
13737,418,Raymondhaven,North Megan,1710.0,5.73,785.51,2024-06-30
13738,249,South Christopherberg,Kevinmouth,317.7,11.66,186.47,2024-10-20
13739,234,Garciamouth,Lake Jonathanside,1291.6,12.4,1133.88,2024-12-14
13740,88,Woodburgh,Crystalfurt,2446.2,14.86,2304.64,2024-12-30
13741,413,South Anthony,North Joseph,1883.0,6.44,1133.12,2023-02-11
13742,313,North Sara,East John,1880.6,12.58,1812.64,2024-12-22
13743,452,Patriciaview,West Ashley,1762.4,21.83,3425.25,2023-01-04
13744,485,Scottmouth,Kimberlyview,466.9,13.53,466.7,2024-12-29
13745,339,South Holly,Lake Teresaburgh,1330.5,23.74,3378.92,2024-09-29
13746,161,New Barbaraside,Davidstad,532.7,6.17,326.58,2024-04-30
13747,271,Lake Veronicabury,Garyland,1755.7,17.34,2170.92,2024-01-06
13748,232,Port Kimberlyside,Port William,1146.2,11.73,698.23,2023-02-23
13749,215,Thomasside,Port Richardstad,528.5,12.44,593.22,2024-03-04
13750,225,Guerrerofort,Dunnport,305.7,12.69,304.58,2024-09-20
13751,198,New Jeffreytown,Lake Jessicachester,1238.5,14.72,1994.47,2024-06-15
13752,135,Lake Danielhaven,West Sydney,355.5,22.56,816.88,2023-11-12
13753,306,New Robinborough,West Chad,415.9,3.98,141.4,2023-08-24
13754,460,East Briantown,Julianview,824.8,9.01,412.11,2023-10-10
13755,473,North Stephenville,Jessicaberg,2375.3,4.02,547.26,2023-07-04
13756,281,Huntershire,Martinville,366.9,24.0,586.3,2024-05-20
13757,396,Port Peterburgh,East Nancyburgh,665.2,2.6,138.04,2023-01-27
13758,333,North Tina,West Kim,263.5,11.83,350.23,2024-01-06
13759,156,Duranshire,East Joyceport,1685.4,7.05,1351.09,2023-07-09
13760,353,North Donnaburgh,Allisonview,799.5,6.1,327.64,2024-02-25
13761,420,Andersonton,Danielmouth,2402.9,21.24,2623.58,2023-01-06
13762,482,Jeromeland,Justinland,930.6,15.71,1013.53,2024-02-20
13763,40,Sarahchester,East Michelleville,1699.3,10.11,1995.57,2024-03-16
13764,218,Port Aliciaton,Weavershire,909.2,12.38,710.76,2023-01-07
13765,317,South James,Johnsonborough,2244.1,13.42,1520.98,2023-02-12
13766,260,Caseyland,Moorebury,267.1,7.41,186.15,2024-08-09
13767,294,South Lauren,Mooreborough,218.6,15.85,291.35,2023-09-20
13768,154,Adamstown,East Lindaton,967.1,16.42,1524.29,2024-03-19
13769,51,Teresaburgh,Kennethchester,2263.9,3.44,707.14,2024-01-30
13770,168,Steveville,Martinhaven,735.4,21.57,1516.55,2024-10-12
13771,109,East Kimberlymouth,West Charles,1353.9,5.55,631.52,2024-07-01
13772,90,Richardsonberg,West Ryan,990.0,1.87,205.58,2024-03-28
13773,445,West Dillon,Ericfurt,1507.2,11.23,938.57,2024-10-06
13774,267,Mitchellhaven,Garcialand,1317.8,13.84,1219.91,2024-01-06
13775,160,West Timothybury,Lake Sherryhaven,1320.5,2.65,377.73,2024-05-29
13776,101,Amyview,North Leroy,1347.2,21.58,2905.7,2024-05-13
13777,17,New Peterhaven,West Juan,1647.7,1.56,235.49,2024-06-12
13778,480,Savannahfort,Danielfort,1166.4,1.42,118.96,2023-11-04
13779,12,Andersonburgh,South Rachel,993.7,7.02,350.35,2023-10-14
13780,184,Ericberg,Port Tammy,1674.3,10.06,845.22,2024-10-12
13781,25,South Brian,Barnettmouth,1797.4,3.99,664.91,2023-03-11
13782,109,South Brandon,South Crystal,1303.5,21.13,2301.45,2024-04-20
13783,194,Jamesborough,East Jo,179.3,5.26,89.29,2024-04-29
13784,234,Nielsenbury,Joshuamouth,635.9,24.87,1684.97,2023-07-21
13785,427,South Renee,Wellsfurt,499.2,5.96,252.11,2023-04-26
13786,426,South David,Carolynfurt,1095.5,21.57,1279.5,2024-01-19
13787,23,South Thomasstad,Hernandezville,558.5,23.0,989.22,2023-01-03
13788,183,Joneschester,Bakerville,863.3,2.15,153.13,2024-06-28
13789,388,West Anthonyhaven,New Carolyn,566.6,21.24,740.14,2024-02-24
13790,106,Richardville,Paulaville,2069.8,22.86,3227.51,2023-04-04
13791,441,Tyronehaven,Lake Dakotafurt,178.4,20.05,369.5,2024-01-08
13792,98,Gilestown,Sandersshire,562.6,23.99,1117.22,2023-06-22
13793,347,Lake Ryan,Port Steveborough,1933.7,21.24,2331.17,2024-04-20
13794,152,Garciastad,New Lisa,1663.5,20.42,3095.17,2023-04-25
13795,32,Hallmouth,West Malikport,405.4,2.42,75.14,2024-02-24
13796,235,South Elizabethmouth,Bakertown,1801.8,15.64,2636.27,2023-11-21
13797,161,Knightland,Kevinfort,433.0,7.13,156.76,2023-06-22
13798,470,Johnsonmouth,Angelicaburgh,269.8,16.71,301.9,2023-01-29
13799,312,West Sara,Ginashire,2138.5,7.98,1798.31,2023-04-06
13800,188,Anneshire,West James,1556.6,3.14,312.85,2024-01-05
13801,390,Changburgh,Markburgh,1078.7,18.21,2320.68,2023-08-27
13802,424,Lake Kevinborough,Port Nicole,433.2,9.66,293.76,2023-05-25
13803,277,Liville,South Davidside,474.7,1.98,74.15,2024-02-21
13804,97,Lake Kathy,East Michaelhaven,1893.6,14.8,1760.57,2024-05-18
13805,312,East Rhonda,Port Dustin,1325.6,5.89,855.46,2024-10-29
13806,164,Brittanychester,Kellerville,2287.4,5.5,1198.18,2024-06-07
13807,288,Clementsport,Robertsview,2313.3,8.21,2114.22,2023-02-12
13808,248,North Megan,Martinezland,1434.8,4.73,369.64,2023-06-13
13809,139,Stephanieside,Morrisside,732.9,12.67,578.66,2023-02-13
13810,162,Stephenfort,Riveratown,1575.5,12.0,1472.22,2023-05-20
13811,263,New Christown,West Matthew,300.2,13.36,418.66,2023-12-21
13812,224,New Kevinbury,East Kelly,1699.3,15.83,1972.28,2024-07-10
13813,217,Loganfort,Dawnstad,544.5,5.52,253.47,2024-03-25
13814,377,Chavezton,Langshire,900.3,11.9,693.3,2023-09-10
13815,126,Joneston,Susanchester,58.0,5.02,27.35,2023-03-07
13816,265,Tammiestad,Washingtonside,600.0,19.24,1142.72,2023-01-24
13817,349,Patriciaborough,North Jamesmouth,1257.9,19.86,2370.04,2023-01-16
13818,378,South Ericaport,North Paulaborough,1973.7,5.29,742.26,2024-11-18
13819,347,Dannyberg,Robertotown,1302.7,20.79,1990.76,2023-04-30
13820,148,West Tracey,Lake Johnland,1950.0,8.96,1832.66,2023-10-21
13821,317,Lake Donaldland,New Alexanderport,1431.6,13.63,1834.38,2024-04-16
13822,355,Margaretland,South Janice,1091.1,13.49,942.21,2024-12-22
13823,111,Taylorchester,Harrisonburgh,361.6,4.62,184.99,2023-11-24
13824,353,Port Dianeside,Lake David,138.0,21.57,344.33,2024-11-06
13825,33,West Riley,North Sherylville,659.8,19.13,783.84,2024-12-09
13826,147,East Deborah,Caseland,912.3,12.76,1136.38,2023-12-16
13827,482,New Sherylbury,Pierceborough,1984.9,11.08,2407.95,2024-03-14
13828,328,Dixonchester,South Steven,1976.4,23.87,4748.95,2023-05-13
13829,498,Johnsonborough,Braunville,1434.4,18.11,3085.33,2023-02-14
13830,244,New Robert,Seanbury,1884.6,12.29,2718.59,2024-01-11
13831,280,South Tamara,Henryhaven,1959.8,10.97,1233.57,2024-12-08
13832,110,New Michaelmouth,Marytown,163.7,22.84,197.13,2023-05-01
13833,367,New Angelafort,Lake Stevenland,2057.2,4.9,1132.12,2023-09-14
13834,55,Port Courtneyhaven,Port Teresa,392.7,14.97,689.47,2024-11-15
13835,263,West Mary,Richardfort,488.2,21.64,837.0,2023-10-05
13836,467,North Alexis,Port Dakota,599.9,5.58,297.53,2023-09-18
13837,85,Jasonside,East Anthonyside,685.4,7.28,293.69,2023-03-22
13838,381,Olsonville,Port Jessicaville,1052.7,6.54,408.36,2024-04-22
13839,164,New Darrenberg,Hawkinsmouth,2497.9,4.06,716.48,2023-11-13
13840,19,Johnmouth,East Melinda,547.1,12.4,498.8,2024-09-07
13841,251,South Anthony,Petersenhaven,703.3,3.99,261.68,2024-12-25
13842,415,Millerborough,South Timothy,1381.7,11.57,1415.29,2023-05-13
13843,64,Rhondashire,Christinaville,129.0,20.91,149.68,2024-09-23
13844,92,Bensonhaven,Port Christiemouth,1615.2,19.28,1775.95,2024-03-21
13845,90,Jimenezhaven,Lake Johnnystad,1085.7,8.16,564.32,2024-04-13
13846,407,Gillmouth,Lisamouth,1780.3,10.44,1368.67,2024-08-07
13847,99,South Janetburgh,New Jessicamouth,708.4,15.66,586.22,2023-01-16
13848,97,Lake James,West Robertside,1807.3,20.74,3350.42,2024-04-12
13849,228,Robinsonbury,East Maryside,262.1,22.03,633.37,2024-01-28
13850,361,Lake Christyfort,North Kayla,253.0,11.92,187.94,2023-12-13
13851,71,Lake Theresamouth,Kimberlyville,1393.1,9.5,977.38,2024-10-07
13852,241,Port Randy,Timothybury,1162.5,24.71,2560.67,2024-05-22
13853,4,Blanchardhaven,New Dalechester,1120.7,19.68,2075.41,2024-03-08
13854,146,New Lisatown,Cunninghamton,2204.7,22.09,3559.19,2024-08-02
13855,319,Clementshaven,Danielton,103.7,17.22,118.38,2023-12-09
13856,311,Sheltonmouth,South Melissafurt,1549.3,15.78,1964.43,2023-03-01
13857,247,West Kayla,Zunigatown,2446.6,15.39,2865.99,2024-08-31
13858,201,Ashleyland,North Stacieland,1754.9,11.48,2330.1,2023-07-09
13859,269,North Michelle,New Shari,1445.3,15.56,1466.56,2023-09-07
13860,64,Scottville,Jacobsonland,2379.2,24.97,7121.51,2023-11-15
13861,497,West Katherineport,West Zacharymouth,2222.9,16.06,2510.67,2023-06-16
13862,61,Philipchester,Port Alanmouth,2054.2,17.37,2465.63,2024-12-25
13863,357,East Johnfort,Harrisonberg,474.6,24.12,639.25,2024-04-03
13864,186,West Shawnhaven,Reedberg,1672.2,1.87,219.63,2024-01-23
13865,267,Josephside,South Linda,875.3,12.87,1283.06,2023-01-04
13866,472,Ricardoton,Avilafort,1913.3,22.74,4912.34,2024-11-04
13867,451,Kingstad,Port Danaport,1160.1,9.0,670.19,2024-08-24
13868,304,Lake Andreabury,Lake Jill,1210.1,4.13,521.07,2023-07-25
13869,222,North Martin,South Billy,1531.1,10.8,1329.71,2024-03-30
13870,277,Salinasport,South Donaldtown,2032.8,23.45,3614.67,2024-05-20
13871,198,Nicholasport,Port Melissa,2091.7,7.45,855.08,2023-05-31
13872,356,Johnathanmouth,Lake Tiffanyton,445.8,2.61,116.2,2024-12-18
13873,157,West Taylorbury,Amyview,1042.5,21.72,2328.09,2023-07-23
13874,403,Josephville,West Richard,1766.9,7.07,1028.29,2023-07-25
13875,405,Stephenshire,South David,1553.4,10.66,1249.5,2024-06-05
13876,182,New Anthony,Port Andreaville,760.9,5.82,227.07,2023-01-06
13877,105,Michaelside,North Ginabury,1125.4,2.59,154.96,2023-05-26
13878,237,Port Marthashire,Lake Jessestad,1716.8,24.96,4459.87,2024-08-19
13879,323,Stephaniehaven,Gillport,859.8,10.94,837.21,2024-11-21
13880,197,Jonathanport,Osbornechester,1387.2,14.88,1509.87,2024-05-11
13881,445,West Ianhaven,Toddbury,1544.1,15.59,2869.59,2024-05-24
13882,97,Brownmouth,Christopherberg,1327.4,5.89,884.36,2023-08-24
13883,86,Lake Maureenport,Port Karl,294.6,14.62,447.24,2023-07-18
13884,495,North John,Port Claireburgh,1867.4,5.05,938.36,2023-02-01
13885,330,New Sara,Lake Heatherport,2336.2,11.4,2122.58,2024-09-06
13886,263,West Garyfurt,Lake Paul,2423.9,1.12,254.43,2023-12-23
13887,335,Johnsonside,West Michaelside,313.3,2.07,44.8,2024-11-01
13888,425,Margaretburgh,South Robertstad,1456.9,21.85,3215.8,2023-06-02
13889,494,Port Michelle,East Gabriel,1566.1,3.77,346.51,2024-11-28
13890,404,Millsburgh,Rollinsfort,789.9,3.49,138.25,2024-03-19
13891,361,Port Richard,Deannahaven,196.0,9.37,177.35,2023-02-04
13892,367,West Gerald,Christinefort,643.2,7.39,447.03,2023-02-19
13893,113,Candicestad,Tinaton,445.8,15.43,537.28,2023-11-21
13894,88,Jasonhaven,Dawnfort,1969.8,7.11,1571.82,2023-02-14
13895,355,Tiffanyfort,Lake Jeffreyport,2019.2,8.28,994.71,2023-01-07
13896,442,Dennisshire,Cesarville,704.0,6.26,397.7,2023-01-02
13897,371,Sarahside,New Shawn,486.8,9.17,410.59,2024-09-18
13898,14,Lake Sara,Port Richardside,1024.7,21.33,1286.37,2024-05-14
13899,323,Ingramborough,Boyleburgh,1365.3,3.01,286.94,2023-01-28
13900,293,East Janiceville,North Stephen,727.3,9.82,475.74,2024-07-06
13901,205,Larsonburgh,West Raymondtown,1763.3,20.74,3889.68,2024-08-03
13902,232,Patrickside,Hallberg,1343.4,9.1,1146.72,2024-11-24
13903,439,New Nancyland,Williamfort,1994.0,23.73,3798.45,2023-11-14
13904,282,Kennethview,North Brendaport,483.5,14.64,625.49,2024-11-06
13905,394,Cookchester,Lake Monica,300.2,4.66,146.66,2024-09-23
13906,82,Chapmanborough,East Michael,991.2,3.95,266.93,2024-02-05
13907,250,Lake Karlamouth,North Tylerchester,1959.4,13.89,2514.25,2024-04-22
13908,240,Nicholasburgh,Port Samantha,53.9,1.19,6.63,2023-07-16
13909,127,North Brian,Jamiefurt,1488.0,1.37,164.05,2023-04-17
13910,352,Williamschester,Pamelafort,927.0,22.93,2299.3,2023-04-19
13911,333,South Diana,Hallside,829.5,2.86,196.53,2024-02-06
13912,344,Carneystad,East Heather,572.4,3.82,117.73,2024-06-12
13913,307,Port Robertmouth,Chavezhaven,2121.7,22.49,3184.97,2023-05-29
13914,460,New James,East Brittneymouth,1211.2,13.75,892.66,2024-04-10
13915,177,East Cory,South Nathanchester,1635.6,12.23,1670.32,2023-10-29
13916,240,Brianberg,Tuckerfurt,1398.3,5.32,563.47,2024-10-13
13917,166,South Ashleyfurt,Vanessafurt,261.7,4.32,110.71,2024-09-06
13918,474,Amandaville,East Mariomouth,614.5,6.45,200.23,2024-04-12
13919,468,Andersonfort,Jakemouth,2178.3,9.08,1518.94,2023-07-03
13920,470,Christinashire,Hernandezhaven,2029.3,7.52,1578.6,2023-12-04
13921,36,Carrieberg,Bethfurt,2257.8,5.58,1429.14,2023-06-25
13922,258,South Christopherburgh,Perryland,2311.3,9.56,2024.86,2024-06-17
13923,405,East Chelsea,Michaelfurt,605.7,7.98,424.17,2024-02-06
13924,222,Lake Deborah,New Gerald,1746.3,4.79,659.63,2023-08-20
13925,10,Ramosbury,Tyronestad,533.9,9.83,586.92,2024-11-05
13926,106,Austinbury,Ayalastad,1502.9,21.01,1643.68,2024-08-06
13927,292,Port Alexisfurt,North Ryanside,1623.0,16.68,1943.28,2023-09-19
13928,328,Madelineview,Darrentown,337.9,2.83,102.77,2024-03-20
13929,222,West Melinda,South Heather,889.4,21.61,1915.54,2024-10-26
13930,452,Garciaside,East Timothy,1265.5,5.97,539.65,2024-11-20
13931,476,East Jean,Mccarthyfurt,2272.0,5.7,723.19,2023-09-09
13932,328,East Anthonymouth,Rileymouth,788.6,5.05,342.7,2024-11-04
13933,111,Stevenmouth,Port Cynthia,382.4,4.34,120.75,2023-11-05
13934,96,Michaelhaven,Randyborough,2085.3,13.28,2006.89,2023-05-03
13935,291,Vincentton,East Dwayneview,2068.5,15.29,3268.92,2023-01-17
13936,182,East Joseph,Elizabethbury,568.7,7.14,444.3,2023-04-24
13937,329,Leonstad,East Jenniferville,2435.1,11.95,2574.85,2024-06-25
13938,255,East Dylanview,Port Joelberg,592.0,5.23,299.81,2024-10-21
13939,489,West Karen,Thomasside,50.3,17.4,61.79,2024-09-08
13940,355,South Brittany,Smithfurt,1111.4,3.12,221.02,2023-06-15
13941,144,New Mary,Shelbyport,2365.9,18.71,2449.71,2023-06-03
13942,258,Collierburgh,North Clintonburgh,150.2,8.4,149.63,2024-05-17
13943,172,West Johnnyfurt,Andrewland,550.7,22.2,998.56,2023-01-02
13944,325,Palmerchester,Hallmouth,85.6,10.6,54.37,2024-09-13
13945,59,South Valerieside,West Sarahborough,101.3,5.55,38.71,2023-11-30
13946,65,Valdezview,Hillville,669.1,21.78,1418.0,2024-07-10
13947,421,Brandonberg,Joseberg,982.0,15.52,1185.43,2024-07-04
13948,478,West Melinda,Port Cherylchester,2325.0,23.42,3359.62,2023-11-02
13949,208,Vargasbury,Kelleyton,424.3,2.78,134.22,2023-06-10
13950,146,Woodsfurt,North Kathryn,2370.7,7.28,1241.43,2024-09-09
13951,484,South David,Jasonbury,546.6,12.67,593.35,2023-06-25
13952,338,Reedtown,Santosside,1931.1,15.67,2431.27,2023-04-27
13953,96,Smithport,New Steven,799.2,12.5,1097.76,2024-09-20
13954,3,West Robert,South Kristinaside,996.7,13.33,1323.92,2023-01-05
13955,113,Lake Jennifer,Debraborough,2236.2,3.14,465.34,2023-11-08
13956,411,Leslieborough,West Chrishaven,374.8,15.76,527.28,2023-03-16
13957,49,Port Anthonyfort,Fordhaven,2362.8,14.2,1994.27,2023-10-26
13958,214,Brandonview,South Chad,2083.2,1.03,203.56,2023-02-17
13959,198,New Antonio,Youngview,1682.4,12.61,1956.28,2024-06-11
13960,49,Dillonland,Jerryview,222.8,21.56,335.38,2024-05-12
13961,236,Jillfort,Penaland,2149.9,9.44,1452.59,2023-04-22
13962,379,Port Emily,Justinburgh,919.0,23.82,2588.06,2023-06-18
13963,486,West Linda,Josechester,152.0,6.01,63.78,2024-04-30
13964,420,Lowechester,Sherryfort,849.4,17.59,1163.64,2023-05-08
13965,497,Alexandermouth,North Catherine,1075.9,22.14,2592.79,2023-09-03
13966,37,East Brandontown,Vanessastad,1279.2,14.59,1861.66,2023-08-10
13967,468,Ravenville,Danielchester,801.8,3.03,123.3,2024-04-12
13968,315,Tammyborough,North Terri,981.9,2.68,303.92,2024-01-01
13969,173,Port Allenfurt,Ericborough,465.8,22.13,629.43,2023-04-05
13970,467,North Jermainebury,West Joyburgh,2385.3,11.84,2596.47,2023-04-29
13971,217,Jenniferview,South Danielshire,1390.5,9.04,1407.24,2023-08-26
13972,450,East Debra,New Brenda,1442.7,5.59,862.74,2023-05-25
13973,248,Jamesside,South Sierrashire,1937.2,7.85,1557.06,2024-07-13
13974,377,Port Allen,South Michael,1854.9,20.64,4487.7,2024-08-19
13975,109,Lake Tinamouth,Davidland,224.4,5.42,72.5,2023-08-01
13976,120,Lake Ryanberg,Wilsonville,110.1,21.23,139.61,2024-07-24
13977,327,Lake Jeffreyburgh,East Jennifer,2189.5,16.01,4107.42,2024-01-10
13978,50,Davidville,Harrismouth,1454.5,8.93,1442.41,2023-11-27
13979,488,Kevinberg,Russellmouth,1750.9,4.34,713.0,2023-03-19
13980,405,Hamptonborough,Anthonyhaven,136.2,4.66,40.49,2023-03-30
13981,114,Rayport,Ryanstad,551.4,9.92,485.41,2024-08-08
13982,35,Jameston,New Juan,599.6,13.98,815.63,2023-12-04
13983,392,Josephshire,Nelsonbury,308.6,3.88,80.08,2023-06-17
13984,241,Christopherside,North Maureenland,2480.1,14.98,3842.13,2023-08-09
13985,235,North Andrew,Garcialand,2302.4,6.85,1697.94,2024-11-12
13986,200,Lake Jamie,Barrettview,1524.0,11.54,2099.68,2024-08-15
13987,126,North Sallyshire,North Robertmouth,2451.7,23.61,6223.4,2023-05-01
13988,94,Troybury,Soniaton,1009.2,16.24,1638.93,2024-08-03
13989,389,South Kevinville,Hillville,369.1,19.49,767.48,2023-10-23
13990,131,Gibsonburgh,New Michael,2127.2,10.79,1314.8,2023-08-31
13991,236,East Gregoryland,Port Richardfurt,1731.4,20.11,2659.3,2023-04-19
13992,420,Tamaramouth,Lake Katherine,713.3,1.57,87.58,2024-04-22
13993,347,Ruizfort,Stephenton,106.9,13.67,104.72,2024-12-11
13994,290,Townsendland,West Timothyfort,2435.3,14.37,2481.63,2023-10-09
13995,225,Irwinfort,South Jennifer,1555.3,3.96,525.99,2023-03-23
13996,41,Port Sarah,Amyfort,396.0,5.16,186.58,2023-07-07
13997,140,North Matthewfurt,North Vincent,204.2,1.24,12.74,2023-04-12
13998,149,North Rebeccastad,Michaelton,632.2,16.53,950.46,2023-11-03
13999,387,Heidimouth,New Sarah,2251.2,14.9,2967.87,2023-03-10
14000,303,Lake Christinaport,Sandovalport,2475.3,17.82,4159.92,2023-06-11
14001,173,Contrerasfurt,Port Stacy,1055.0,22.43,1218.21,2024-12-24
14002,144,South Jackland,Kaylamouth,2489.5,24.97,6384.92,2024-07-01
14003,145,Port Adam,Masonburgh,1450.1,9.15,1469.62,2024-06-28
14004,423,Davidview,New Steveport,635.7,21.96,1128.96,2023-11-03
14005,333,Douglasmouth,Port Edwardbury,2109.2,4.99,937.68,2023-06-17
14006,500,Garciastad,Port Chloeberg,2413.6,4.41,919.7,2024-12-22
14007,408,Rileymouth,Charlesfurt,2381.4,7.33,2004.27,2023-05-24
14008,110,East Kathyland,Elizabethshire,1971.0,3.08,464.06,2024-10-23
14009,140,North Conniemouth,Lake Christophermouth,2448.4,24.08,6286.27,2024-11-30
14010,170,Banksview,Mendozaland,2085.6,13.47,2439.49,2024-09-15
14011,334,Joneston,West Luisfurt,2455.3,3.75,1034.69,2024-03-22
14012,101,West Scottport,Lake Preston,1098.2,4.19,393.04,2024-01-29
14013,248,West Derekborough,South Justin,1250.5,24.49,3109.34,2024-07-12
14014,244,Normanberg,South Patricia,1794.2,8.06,761.18,2023-05-03
14015,374,North Brookeview,South Richardstad,1056.8,4.81,401.61,2023-08-20
14016,66,East Aaron,North Bethview,869.8,7.43,648.27,2023-12-03
14017,270,Burnsstad,New Laura,932.3,22.05,1796.38,2023-09-13
14018,253,Rodriguezfurt,New Scott,907.3,20.26,1220.54,2023-11-11
14019,145,Markport,Traceyberg,1316.7,24.84,1906.92,2024-02-03
14020,422,Danielmouth,North Natalie,1979.1,7.67,1219.85,2024-06-27
14021,98,South Anitastad,West Virginia,1276.1,20.34,1491.09,2024-06-03
14022,462,East Alexander,North Jacobfurt,468.0,22.86,578.88,2023-10-31
14023,310,Patricialand,New Melissashire,296.1,2.41,44.56,2024-08-05
14024,440,Emilyside,Clairechester,1639.8,23.56,3341.78,2023-02-13
14025,62,Leahborough,Bowmanville,2313.1,17.18,2935.36,2023-06-20
14026,469,Coletown,Port Michaelahaven,2105.7,14.22,2598.93,2023-08-10
14027,197,Mezashire,North Aaronborough,345.8,23.67,462.97,2023-04-15
14028,128,Kingview,Romeroland,161.8,5.59,92.43,2023-11-15
14029,204,South Mary,Hendersonmouth,2230.5,16.21,3306.26,2023-04-18
14030,402,North Danny,Williamsbury,1298.0,13.25,877.68,2024-08-22
14031,72,Jennyview,Stewartbury,713.2,2.15,88.87,2023-07-26
14032,42,North Amber,East Erinchester,1748.5,9.08,1046.99,2024-08-29
14033,74,East James,Woodfort,1027.8,20.61,1645.17,2023-04-03
14034,238,North Joshuatown,Amberville,1159.8,10.53,1109.04,2023-12-05
14035,446,Dianabury,East Kevin,1345.3,16.19,1936.71,2024-09-19
14036,491,Weavermouth,Melanieburgh,1197.9,19.52,2462.82,2024-02-04
14037,433,Bethanyton,Randyport,269.6,2.84,71.28,2023-07-18
14038,460,Tatemouth,West Mistyland,2388.2,6.51,1320.04,2023-02-19
14039,7,Jeffreyfort,Zacharyborough,1136.9,2.1,282.29,2024-05-18
14040,243,Lake Melinda,Laurabury,1638.6,19.31,3169.22,2023-05-18
14041,16,North Omarport,Jamesfort,619.9,1.04,60.53,2024-02-01
14042,111,West Alexandermouth,Millerside,502.7,13.41,781.38,2024-06-03
14043,262,Sullivanberg,Cooperhaven,328.7,2.89,67.32,2024-02-13
14044,426,Christopherburgh,Denniston,473.1,16.1,837.12,2024-04-12
14045,390,South Ronnie,Lake Gregoryhaven,1861.6,18.71,1792.51,2023-05-24
14046,321,Stronghaven,Port Roberto,774.1,10.16,648.94,2024-09-23
14047,212,Lake Garyborough,Reillyland,1492.3,4.52,491.96,2023-05-31
14048,9,East Shawnborough,Greenburgh,591.6,14.91,957.47,2024-01-02
14049,215,West James,Lake Jessica,1913.8,23.31,4075.28,2023-04-27
14050,142,New Elizabeth,West Ashley,1338.6,18.53,1632.75,2023-05-04
14051,187,New Thomas,Port Johnshire,931.3,2.47,131.76,2024-07-04
14052,110,Williamton,Port Hannah,268.8,3.08,77.88,2023-03-25
14053,37,Lake Erica,Jackshire,114.5,19.63,247.52,2023-08-05
14054,199,Berrymouth,Aliciaville,1217.9,10.29,1442.28,2023-10-23
14055,438,West Lisa,East Kendra,1728.9,10.65,1866.32,2023-06-08
14056,467,Travisfurt,Lewisbury,1063.7,20.11,1875.84,2023-10-31
14057,307,Perezland,Shepardport,381.9,16.38,326.33,2023-05-13
14058,268,Port Michelleside,South Andrew,1329.4,4.04,384.9,2024-07-29
14059,274,Katherineville,North John,2300.6,22.25,4393.61,2024-05-19
14060,400,Riverashire,Gutierrezmouth,1003.6,10.44,626.33,2023-06-15
14061,190,North Patrickburgh,East Michelleport,737.9,22.52,895.73,2024-12-22
14062,388,North Sandrashire,Woodsbury,1127.8,21.42,1730.55,2023-11-07
14063,293,Richardview,Anitaside,1180.0,2.99,231.35,2024-06-17
14064,79,Warrenhaven,Brownshire,1054.3,5.7,706.44,2023-12-15
14065,4,Krauseton,Moranview,112.7,24.33,151.38,2024-06-30
14066,472,Deniseview,Sanderstown,2378.3,24.25,5242.25,2024-11-25
14067,81,Mahoneyhaven,Loriview,771.6,3.63,284.27,2024-09-11
14068,33,Tiffanystad,Perryton,2167.4,2.64,536.06,2024-08-08
14069,422,New Trevorfort,Crystalborough,1125.3,17.77,1546.25,2024-07-10
14070,69,New Brenda,Evelynton,1341.2,10.02,1441.21,2023-12-24
14071,285,Kristinside,Barrettside,294.7,14.09,313.13,2024-06-25
14072,129,South Jaredfort,Mataside,1461.1,21.22,2664.9,2023-04-07
14073,414,North Austinmouth,Friedmanside,1830.3,23.14,4060.18,2023-10-24
14074,476,Julialand,Port Joshuabury,2020.2,12.55,2650.22,2023-06-28
14075,412,Kimchester,South Veronicamouth,947.2,11.96,1222.2,2023-07-02
14076,178,West James,Ortizbury,439.4,11.0,373.04,2023-04-15
14077,349,Grantland,Port Darintown,991.0,22.76,1567.1,2024-04-09
14078,49,New Stephanie,Keithfurt,1099.5,10.48,914.58,2023-04-14
14079,498,Johnview,West Joshuaville,871.2,19.55,1977.77,2023-12-17
14080,254,East Emilymouth,South Kathleenfurt,253.7,3.85,51.5,2024-10-26
14081,355,West Seantown,Lindsayshire,94.0,13.54,122.18,2024-04-03
14082,392,Nicholasfort,West Tiffanybury,877.1,13.64,1072.78,2023-05-22
14083,414,South Nicole,North Josestad,949.7,11.15,997.29,2024-12-08
14084,186,Brianmouth,Kevinport,505.1,23.76,943.89,2023-09-14
14085,216,Eddiemouth,Robertsshire,1817.5,9.14,1232.0,2024-03-18
14086,434,West Joseph,Lake Cathy,241.5,1.68,40.52,2024-06-28
14087,423,Port Mary,South Joseph,2469.9,6.7,1229.63,2024-06-24
14088,275,Greenmouth,Lisaton,1538.1,16.07,2352.91,2023-11-07
14089,221,West Ashley,Port Jordanstad,165.6,13.38,120.96,2023-06-03
14090,380,Christinashire,Jennamouth,1697.1,17.06,2735.99,2023-12-31
14091,105,Stephensonville,North George,2392.9,19.04,4890.44,2024-04-06
14092,448,North Sarahstad,North Lesliehaven,736.6,4.48,301.9,2024-02-16
14093,67,South Blake,Robertfort,1680.3,12.9,1650.73,2023-10-10
14094,34,Hillville,West Patrick,2074.2,3.97,809.42,2023-10-14
14095,290,Bryanland,East Douglasburgh,1794.3,6.26,1019.96,2023-10-02
14096,4,New Matthewstad,East Fernandomouth,2074.7,1.23,130.04,2023-04-19
14097,216,New Kimberlymouth,Schneidertown,166.2,12.76,226.76,2024-08-06
14098,458,East Shawn,East Wesley,894.5,8.42,764.28,2024-04-27
14099,457,Millsfurt,Port Annette,1658.0,16.87,1429.65,2023-08-26
14100,377,Mullinsburgh,Andrewstad,794.9,22.02,1405.3,2024-05-17
14101,251,Sandrabury,Lake Joyce,51.0,21.02,87.38,2023-09-24
14102,24,Smithfort,Nelsonville,141.3,18.74,280.84,2023-05-02
14103,470,North Kimberly,Hoganland,1546.2,15.65,1452.16,2023-06-27
14104,201,Michaelborough,Greenville,1179.3,15.44,919.26,2024-08-04
14105,305,Waltershire,Port Rebecca,522.6,15.51,443.86,2023-09-06
14106,99,East Ryanberg,Velasquezland,1918.6,22.85,3776.53,2023-08-02
14107,387,Bakerville,Rachelstad,1932.5,11.08,1470.38,2024-10-10
14108,466,Roachbury,Roseton,1374.9,10.13,1094.72,2023-07-13
14109,200,Lake Theresatown,West Chad,2374.6,2.91,684.33,2023-05-03
14110,35,Stevenshire,Roachside,2386.3,17.12,3401.09,2023-07-29
14111,307,Rodriguezville,Danielville,1165.8,18.02,1518.43,2024-02-03
14112,154,Port Josephtown,Millerland,1057.1,23.15,2200.95,2023-01-25
14113,319,South Jackshire,New Robertchester,2336.8,19.93,4574.6,2023-09-15
14114,324,West Sarahport,East Alexander,293.2,21.51,627.6,2024-12-16
14115,46,Diazview,Port Anthonyshire,1554.6,23.2,3177.24,2024-01-01
14116,133,Alexandriaberg,South Joshua,1695.5,7.35,1225.14,2023-07-06
14117,422,Port Richardfort,New Jessicaburgh,853.3,4.93,341.28,2024-10-24
14118,412,Lake Zachary,Victorland,1207.2,9.68,1232.62,2023-03-04
14119,165,Port Charles,North Cody,2437.5,9.11,1635.62,2023-10-27
14120,274,East Denise,Smithmouth,1103.4,7.37,886.24,2024-09-24
14121,382,West Michaelmouth,Lake Laura,246.9,18.83,492.33,2024-08-14
14122,421,Port Carlos,Lake Tony,2193.3,24.51,4693.07,2023-07-24
14123,367,Lake Lindamouth,Hardingshire,2290.7,11.61,3118.67,2023-02-21
14124,294,Mcintoshstad,Port Annaview,951.6,1.6,100.19,2024-04-14
14125,32,Russellmouth,Port Timothybury,326.6,14.85,420.93,2023-01-27
14126,153,Randallport,New Jessica,1123.7,7.68,863.61,2023-12-07
14127,429,East Sharonmouth,East Bryan,2195.4,1.53,224.56,2024-09-25
14128,159,Austinmouth,Nicholastown,1577.4,16.75,2316.03,2024-12-05
14129,280,North Matthewhaven,South Sherri,568.9,24.64,1434.01,2023-11-15
14130,160,North Allen,Lyonshaven,1676.2,23.29,4508.68,2023-05-02
14131,273,Frenchport,Port Brianside,90.8,10.37,67.64,2024-08-23
14132,431,Kanechester,Kellyside,1121.8,18.46,2188.45,2024-11-06
14133,340,Stewartburgh,Port Cristianport,1128.1,19.06,1399.68,2023-01-30
14134,257,Hudsonhaven,Stevenshire,448.3,22.98,682.83,2023-05-15
14135,398,New Erin,West David,1669.1,1.28,152.56,2024-06-29
14136,412,Port Sarahville,Anthonyview,777.0,10.52,694.8,2024-03-09
14137,33,Payneburgh,Christineview,2262.1,24.14,3413.2,2023-10-02
14138,469,Port Amyhaven,West Jasonhaven,2442.5,23.6,3051.6,2023-02-07
14139,288,Taylorchester,North Samanthamouth,1505.0,8.1,1122.64,2023-04-22
14140,341,Clarkeshire,Cliffordport,1075.6,12.69,1448.91,2023-12-20
14141,478,Starkside,Jefferyborough,511.1,19.76,838.83,2023-03-09
14142,370,North Deborah,West Jasmineville,57.3,15.89,89.83,2024-05-26
14143,334,Port Margaret,Jennytown,1449.3,16.38,2801.47,2024-03-22
14144,422,Scottburgh,Port Dana,1990.7,20.67,4491.81,2024-07-07
14145,35,Spencerton,New Craig,2321.0,7.69,1449.55,2023-04-06
14146,48,Cookton,East Alexis,1190.2,15.32,1386.79,2023-11-01
14147,207,West Vanessa,South Mariahburgh,1893.3,6.17,1270.93,2024-04-07
14148,204,Harrisberg,Kingberg,1836.3,4.91,755.3,2024-10-22
14149,321,Nicholasburgh,Joebury,375.8,2.36,106.15,2024-07-27
14150,233,North Johnton,New Davidstad,1508.0,4.42,345.32,2023-06-09
14151,176,North Emilymouth,Larsonside,1907.4,21.66,4882.35,2024-03-01
14152,132,South Brian,New Craig,965.4,1.58,82.12,2023-03-09
14153,432,Wilsonville,Taylorberg,779.6,2.77,172.44,2024-10-06
14154,484,Flynnfort,Elizabethside,2091.7,10.17,1418.39,2023-08-24
14155,255,New Kristenhaven,West Kimberlyhaven,2273.5,18.45,4728.1,2024-06-20
14156,446,Lake Stephanieborough,North Angelamouth,963.8,4.71,507.97,2023-09-23
14157,277,Sanchezfurt,Normashire,509.1,4.93,204.73,2024-08-01
14158,289,Murphyfurt,West Nicole,1442.2,20.74,2670.93,2024-11-02
14159,61,East Justinview,Kyleside,1766.3,8.69,1261.15,2023-01-14
14160,360,Danabury,New Terryhaven,1873.5,16.41,3062.74,2024-04-04
14161,95,Spencermouth,East Anne,1865.3,24.2,4358.42,2024-10-04
14162,375,East Shane,Lake Krystalfort,61.8,21.0,78.76,2023-12-02
14163,398,Longshire,Jasonberg,734.1,24.53,1144.03,2023-10-17
14164,247,North Leeland,North Karen,394.9,16.55,734.48,2024-07-23
14165,474,Torreschester,Turnershire,2295.6,11.09,2120.92,2024-10-14
14166,167,Christinamouth,Hernandezmouth,713.9,10.02,790.97,2024-03-06
14167,391,West Jesseberg,Blairland,551.0,5.47,175.33,2023-10-17
14168,288,Lake Regina,North Kristishire,769.2,7.79,475.17,2024-04-19
14169,455,Travisberg,West Mark,1530.6,24.34,3761.67,2024-08-12
14170,479,Lake Robert,Lake Dianebury,1242.4,9.62,1323.98,2024-12-19
14171,347,Sierraton,Johnberg,750.1,20.04,1308.93,2023-11-04
14172,154,Port Angelica,Luisport,1887.1,14.18,2076.86,2024-11-27
14173,142,New Loriville,Shawnshire,948.4,19.62,1688.16,2024-02-09
14174,276,North Rodney,Lake Kimberlyshire,387.0,14.63,388.26,2023-04-14
14175,287,North Samanthaborough,Jimeneztown,1719.5,21.34,3419.33,2023-02-05
14176,94,Jonesview,East Michaelbury,2384.1,3.19,564.4,2024-03-03
14177,168,New Emily,Ronaldshire,1684.2,12.77,2407.54,2024-09-21
14178,202,Martinezfort,Tonyahaven,314.3,14.22,373.81,2023-10-11
14179,146,East Benjamin,West John,639.3,24.85,869.91,2024-11-28
14180,154,North Diane,Johnton,1421.5,12.48,1489.57,2023-07-25
14181,229,North Miguel,Port Holly,1140.1,10.78,783.86,2024-03-22
14182,10,West Sean,New Ashleyburgh,1664.4,2.86,560.87,2024-12-07
14183,398,Jessicaside,Barbarabury,523.5,13.57,573.42,2023-04-11
14184,250,South Lisafort,Josephtown,2494.8,23.9,3728.63,2024-01-13
14185,448,Josephview,Lake Jamesmouth,2190.5,23.77,6133.86,2024-02-29
14186,343,Port Samanthabury,Hudsonmouth,1054.0,13.94,1551.85,2023-03-08
14187,374,Greerburgh,North Thomas,985.9,17.02,1758.41,2024-05-02
14188,360,Jacobview,Margarethaven,2302.4,23.84,4014.37,2023-06-09
14189,274,North Lisachester,Lisamouth,124.5,20.69,187.29,2024-10-21
14190,36,South Brandon,North Noahbury,2421.4,10.68,1554.14,2024-04-25
14191,48,Christinamouth,East Jenniferchester,1042.9,7.28,595.9,2024-03-16
14192,59,East Tom,West Arthurfurt,1351.6,10.71,1046.0,2023-12-02
14193,457,Mariomouth,Jonesstad,898.0,3.06,149.64,2024-03-19
14194,65,Kruegermouth,Port Leahton,225.8,21.61,487.27,2024-05-17
14195,320,Mcneilborough,Coryview,1590.1,13.04,2258.5,2024-10-06
14196,339,East Richardside,North William,164.9,18.97,316.67,2024-07-27
14197,328,East Erica,Davidburgh,1297.1,8.56,639.13,2023-05-26
14198,402,Port Michael,North Angela,671.0,21.11,1509.18,2024-07-07
14199,378,Kimstad,Port Jillmouth,1982.3,12.86,2701.95,2023-09-23
14200,19,Harrisberg,Kathrynside,907.3,6.69,479.73,2023-08-15
14201,190,West Alicia,South Drewbury,312.2,22.54,690.61,2023-07-30
14202,40,Lake Travistown,Sharonville,1745.4,4.96,667.78,2024-08-29
14203,462,New Brandon,Timothybury,1858.0,7.31,1045.93,2024-11-10
14204,377,Melissatown,Cameronfort,966.4,4.7,436.34,2024-06-11
14205,495,Michellefurt,South John,1522.7,18.24,2479.85,2023-12-17
14206,59,West Matthew,East Trevor,1995.1,23.39,5337.16,2023-04-22
14207,418,West Vincentton,New William,979.5,6.72,331.73,2023-05-31
14208,64,Kendrashire,Lake Derekville,490.8,20.15,815.09,2023-03-06
14209,31,East Tracy,North Daniel,252.2,16.66,357.28,2023-04-03
14210,27,West Kathleenport,North Jorge,400.7,18.92,697.88,2023-01-16
14211,227,Bennettberg,Lake Heather,128.1,19.35,216.52,2023-09-29
14212,185,South Jacqueline,New Calebbury,2435.7,8.56,2288.37,2023-06-08
14213,331,Port Alisonshire,Yolandaton,1144.3,12.66,1018.54,2023-03-30
14214,311,Josephside,Port Maria,580.7,14.45,554.0,2023-04-12
14215,34,Lucaschester,West Lukebury,217.3,4.06,85.02,2024-03-14
14216,200,Patriciaton,North David,1397.0,20.76,1939.44,2023-12-11
14217,265,Lake Jefferyshire,Port Donald,1471.4,18.43,1854.44,2024-05-17
14218,269,West Catherinefort,Lawsonborough,660.0,15.1,945.57,2024-05-06
14219,255,Justintown,South Jacob,715.3,15.41,1178.43,2024-08-14
14220,457,Mcculloughburgh,North Jacob,555.5,14.86,864.37,2023-01-30
14221,73,Lake Joshuabury,North Benjaminberg,823.3,7.55,456.52,2023-12-22
14222,28,West Michael,Lake Matthew,1211.8,22.62,1734.26,2024-09-06
14223,435,East Bethanyfort,New Joshua,1581.6,7.23,810.97,2024-10-12
14224,315,West Carolynbury,New Williammouth,1544.9,7.64,1056.11,2023-09-22
14225,477,South Jenniferfort,Lake Kristineburgh,1829.4,15.45,2164.25,2023-11-28
14226,102,Justinbury,New Sherry,2042.6,14.77,2495.47,2023-08-28
14227,433,Amyfurt,South Charles,2435.4,20.59,3023.39,2023-08-07
14228,258,Port Felicia,Wilsonland,1092.9,10.73,1394.72,2024-02-28
14229,256,Andrewville,Hensleyton,2244.5,23.13,4740.79,2024-02-09
14230,200,North Michael,Johnstad,484.7,7.42,370.94,2024-06-27
14231,373,Alexisport,Davidmouth,2274.4,24.28,3078.51,2024-05-22
14232,476,Lake Kevinmouth,Dylanton,1348.3,7.72,622.3,2024-03-05
14233,300,Patriciaport,North Calvinborough,155.1,23.72,302.03,2023-07-11
14234,265,Carriefort,Mooreberg,651.9,14.61,505.74,2024-08-13
14235,94,Michellefurt,Huntville,275.5,2.92,48.02,2023-07-19
14236,71,West Justintown,Scottshire,2396.0,2.78,638.83,2024-05-25
14237,197,New Hayden,Port Michelle,1631.3,13.19,1193.73,2023-08-27
14238,56,Marissabury,Richtown,1298.6,1.77,161.69,2023-04-13
14239,118,Edwardsmouth,Mayfort,1801.9,17.06,1892.44,2023-06-19
14240,464,Port Annville,New Danielmouth,1247.0,1.03,112.54,2024-12-12
14241,28,Andersonfurt,Lake Thomas,1157.5,12.43,797.25,2024-10-22
14242,372,Lake Alec,Lake Alexisland,1889.7,5.94,685.72,2024-01-30
14243,447,Andrewborough,Hamptonhaven,1105.7,12.42,962.47,2024-03-25
14244,219,East Juanside,South James,1187.5,18.93,1501.36,2023-09-11
14245,217,Lake Ashley,Jorgechester,1195.9,7.16,746.97,2024-04-06
14246,32,Ginashire,Justinfort,716.8,16.26,646.09,2024-09-13
14247,119,Port Justinland,New Rachelstad,2051.7,24.74,3036.56,2024-12-09
14248,132,Cooperfurt,South Jonathan,1384.7,16.94,1754.07,2024-10-09
14249,247,Ortizport,Michaelview,644.6,18.17,1371.51,2024-11-05
14250,276,South Stephanie,Rodriguezfort,628.5,18.93,1051.25,2024-07-12
14251,143,North Timton,New Coreyburgh,476.4,15.9,848.23,2024-01-08
14252,280,Ginachester,Cookshire,1917.0,15.46,2753.07,2023-06-25
14253,70,East Debbie,Pollardshire,413.9,7.51,175.69,2023-02-21
14254,488,South Ray,Rosshaven,1716.9,22.1,2293.61,2023-12-19
14255,267,Monicaberg,North Sylvia,2452.1,23.61,4928.37,2024-08-27
14256,11,Rodriguezbury,West Tammy,528.9,15.8,821.06,2023-09-20
14257,473,Walkermouth,Lake Billyview,1219.1,3.87,272.58,2023-08-27
14258,212,Nelsonville,New Whitneystad,1950.1,8.92,895.0,2024-06-30
14259,318,Joelshire,North Daniel,1153.8,2.4,235.03,2023-10-25
14260,419,East Jeffreyville,South Tracymouth,1773.5,18.53,3298.61,2023-05-23
14261,460,Masonton,Port Catherine,1636.4,21.2,2463.42,2023-07-19
14262,487,Rickyville,East Zacharyshire,1796.6,9.25,1687.26,2024-01-05
14263,36,Jessicaton,Thomasfort,1198.8,16.7,2351.62,2023-02-02
14264,387,Kathrynland,Ramirezstad,302.6,21.15,487.49,2024-12-11
14265,250,Robertland,Carmenmouth,1748.7,10.97,1666.06,2023-09-07
14266,81,Oliverburgh,Williamchester,566.7,17.17,575.41,2023-12-09
14267,411,Leeton,Jessicachester,998.7,8.1,745.02,2024-06-12
14268,495,Sharpside,East Laurentown,1101.7,6.54,837.24,2024-09-06
14269,363,Jasonton,Browningshire,1097.2,7.88,743.1,2024-09-25
14270,99,Williammouth,Rachaelport,293.9,1.3,34.42,2023-01-25
14271,365,North Zacharytown,Lake Dana,2149.4,14.31,2280.61,2024-01-30
14272,356,Fisherfurt,North Jerryshire,1216.8,10.07,1196.99,2024-12-26
14273,252,East Jeffery,Andradechester,2017.1,9.4,2060.86,2024-02-06
14274,95,North Nicoleland,Lake Moniquemouth,1602.9,15.54,1923.5,2023-12-10
14275,400,Margarettown,Port Tiffany,320.6,1.16,24.72,2024-07-03
14276,489,West Gregory,Port Jasontown,1125.2,4.9,605.31,2023-03-23
14277,500,Lauraborough,New Haleyland,2112.2,1.74,247.93,2023-11-13
14278,327,Burkebury,Port Dannybury,1064.7,18.7,2077.61,2024-01-17
14279,333,North Garyfurt,Carlsonborough,803.5,24.14,1026.66,2023-03-26
14280,2,Johnsonmouth,Rowlandborough,1581.2,8.51,1341.95,2023-09-02
14281,421,Craneland,New Philip,1834.0,17.4,1856.94,2023-03-04
14282,382,Port Joannatown,South Lindaport,1041.5,16.13,1154.07,2024-05-30
14283,74,Lake Marissaberg,West Stephanieland,1672.1,18.07,2241.47,2023-05-07
14284,38,Brendaberg,Josephport,512.8,9.0,239.36,2023-02-02
14285,261,New Danaside,North Loganhaven,2229.8,21.69,5406.5,2024-12-02
14286,21,Port Danielton,New Brittanyland,1205.4,17.48,2470.24,2023-07-23
14287,29,Alexandermouth,Kennethton,1367.1,4.36,351.36,2023-04-17
14288,278,Lake Anitaville,Mikemouth,929.4,4.15,237.89,2023-10-15
14289,393,West Christinaborough,Tracyshire,1486.8,14.82,1656.0,2023-09-24
14290,218,Thomasfurt,Tiffanybury,170.8,14.71,130.96,2024-10-04
14291,435,Johnsberg,South Pamela,988.3,21.38,1228.86,2024-01-20
14292,275,Lake Laurenmouth,Allenton,88.0,3.21,23.42,2023-09-05
14293,460,North Tara,Jamesland,494.3,20.41,1086.66,2023-08-11
14294,464,East Deborahbury,South Feliciaside,1434.9,18.3,2726.38,2023-07-17
14295,215,South Connie,Lake Morgan,1243.4,14.63,1916.2,2024-05-07
14296,323,Terrimouth,West Jeffreyton,844.3,18.67,1356.3,2024-01-30
14297,399,Leefort,Allenville,1832.8,9.76,1792.17,2024-08-09
14298,63,New Jamesborough,New Christopher,144.9,12.16,201.53,2024-03-02
14299,28,New Faith,Wandaborough,1090.6,6.73,874.26,2024-05-03
14300,8,Port Roger,West Donna,426.6,8.33,394.2,2024-03-11
14301,380,Burtontown,Bernardfort,1015.1,24.21,1571.54,2023-03-11
14302,354,Littleport,Paultown,1184.4,21.05,1352.69,2023-12-25
14303,141,Lake Briannaland,Port Brianshire,1752.7,9.39,1795.58,2023-10-26
14304,312,Adamland,West Mirandaborough,2291.5,16.86,4483.98,2023-10-03
14305,161,South Paul,East Kevinview,2043.4,19.67,3798.29,2023-04-28
14306,194,Port Lindsayview,Thompsonview,1106.6,8.19,793.74,2023-12-18
14307,375,Timothyburgh,Snyderburgh,1193.7,19.56,2691.32,2024-12-18
14308,62,South Jessicaburgh,North Margaretton,1793.6,10.88,2146.27,2024-02-15
14309,9,Tinachester,Pageside,731.2,18.14,946.4,2023-02-19
14310,358,Avilamouth,Gregorystad,62.4,22.7,72.16,2023-01-29
14311,135,Port Belinda,Millerfurt,318.9,19.24,720.49,2023-09-03
14312,50,Meaganmouth,West Adrianfort,518.8,13.25,579.06,2024-08-27
14313,92,Kimberlymouth,Turnerville,92.2,12.39,97.71,2023-05-21
14314,371,Sotomouth,South Louis,516.7,5.33,200.38,2024-04-08
14315,115,Derrickfurt,Jonesstad,2356.8,17.44,4039.82,2023-06-06
14316,329,Lake John,Erikashire,1228.2,19.73,2744.31,2024-02-22
14317,121,Lake Isabellaborough,Maciasfort,1839.3,21.9,2603.56,2024-03-01
14318,61,Port Erika,Lake Charlesport,708.0,2.07,108.4,2023-10-01
14319,216,West Kevin,South Joanna,1203.3,10.72,1061.97,2023-12-16
14320,334,Jennifershire,Evanberg,2496.8,11.49,1519.36,2024-09-14
14321,45,Jonesmouth,Hornland,173.6,1.46,18.91,2023-07-07
14322,84,New Sarahport,Hartmanchester,2138.5,3.94,950.46,2023-07-14
14323,123,Martinborough,Johnsonfort,1628.1,7.44,1121.52,2023-08-13
14324,155,East Daniel,Benjaminbury,1576.7,16.01,1626.35,2023-10-14
14325,66,North Latoya,Patricktown,1295.1,14.87,1347.34,2024-08-09
14326,494,South John,Burnettland,1017.2,15.13,1496.81,2024-05-12
14327,497,East Arielfort,Port Ericahaven,2301.3,6.41,1727.93,2023-07-22
14328,25,South Haleychester,Whiteton,1763.3,16.2,2780.14,2023-07-07
14329,396,Cisnerosland,Frazierland,1638.8,13.08,1627.76,2024-12-14
14330,109,North Davidland,Jennifertown,879.2,8.88,907.87,2023-10-30
14331,371,Port Jennaburgh,Lake Amanda,318.6,23.3,487.24,2023-10-10
14332,341,North Joseph,Michaelport,1401.3,23.51,2780.0,2024-06-09
14333,275,Port Michaelville,Nelsonfort,1867.9,7.74,982.08,2024-12-27
14334,102,Lake Michaelshire,New Jacquelinechester,2335.4,8.67,1161.79,2024-11-15
14335,367,Charlesstad,West Laurastad,1596.0,3.1,422.82,2024-12-26
14336,282,Stevenland,Stephanieberg,2470.5,17.23,4668.84,2024-11-01
14337,487,North Samantha,Lake Ashley,2355.4,5.25,813.72,2023-01-09
14338,24,Port Timothymouth,Garciaburgh,1037.2,7.72,581.5,2024-06-10
14339,493,Jackiefort,East Sheilaburgh,211.0,21.68,535.89,2023-11-17
14340,339,Port Sheilafort,North Jacobhaven,1149.6,6.48,826.37,2024-04-10
14341,206,Kristyhaven,Port John,143.1,2.13,22.95,2024-11-17
14342,290,Sarahfurt,North Barbaratown,158.3,8.07,128.64,2023-06-26
14343,41,East Jacqueline,Lake Seanfurt,1241.7,5.41,607.49,2023-07-11
14344,85,Jamesland,Clarkberg,1586.2,13.82,2443.97,2024-08-31
14345,435,North Courtney,Boydville,1635.8,12.53,1474.7,2024-11-07
14346,315,Michaelview,New Maryfort,1947.7,18.46,3321.6,2024-12-28
14347,60,Joneschester,East Jenniferborough,1886.3,11.42,1110.3,2023-06-28
14348,313,East Nathaniel,Mariabury,1288.3,15.79,1569.91,2024-03-22
14349,52,Griffinchester,Lake Nicole,2425.6,10.22,2738.51,2023-10-28
14350,282,Thomasberg,Hernandezton,258.1,18.69,428.98,2024-02-22
14351,247,Jonesville,East Kevin,1464.1,21.73,3163.36,2023-10-18
14352,288,North Beverlychester,New Hannah,817.4,11.34,605.81,2024-05-04
14353,115,New Elizabeth,Michellemouth,2031.8,1.54,264.44,2024-03-29
14354,491,Butlermouth,New Jacquelineville,2472.2,17.59,2777.71,2023-02-08
14355,257,Port Jeffrey,New Krystal,691.5,21.76,1747.04,2023-01-26
14356,265,Terrimouth,North Jenniferberg,1592.2,10.79,1555.13,2024-01-23
14357,332,Michelemouth,New Stephanieville,1730.8,3.88,559.0,2024-10-25
14358,163,New John,Rayview,1017.0,11.37,780.8,2024-01-07
14359,480,Bradfordburgh,Doyleside,1666.0,20.17,3936.87,2024-05-25
14360,214,Fordton,Lake Wesleyburgh,735.4,17.42,795.26,2024-12-18
14361,294,Vanessashire,South Shawnmouth,2032.6,19.43,4437.5,2024-12-25
14362,397,Port Richard,Port Andrew,1677.7,9.12,1132.53,2023-06-10
14363,180,Wardburgh,Melissachester,639.5,1.26,85.4,2024-03-19
14364,398,Ramirezfurt,Austinville,1360.0,16.93,2292.3,2024-08-02
14365,126,Thompsonchester,Lake Stephaniehaven,1177.0,10.74,1504.39,2024-11-16
14366,439,Derekville,Port April,672.2,7.96,303.82,2023-03-29
14367,120,East Matthew,South Michaelton,2162.6,13.17,2117.86,2023-02-09
14368,472,Haroldland,Veronicatown,761.1,14.38,965.79,2024-04-22
14369,96,Kingview,Markton,259.3,15.59,415.49,2023-09-20
14370,433,Garcialand,Port Julieberg,1129.6,24.72,3225.32,2024-04-26
14371,108,Reneemouth,Ellisfort,2354.7,22.79,4584.22,2023-09-01
14372,321,Port Markport,Johnsonville,757.0,12.92,1060.91,2024-12-08
14373,41,Brandihaven,South Rachel,2034.5,4.3,1023.66,2023-09-04
14374,45,Maryside,Bakerbury,2350.2,3.13,708.77,2023-01-27
14375,62,West Gwendolyn,Erinstad,2251.6,12.79,2781.39,2023-06-27
14376,494,Sarahhaven,Toddmouth,66.6,7.83,32.44,2024-03-22
14377,256,Coltonburgh,Cardenasport,2295.2,21.92,4053.68,2023-10-13
14378,55,Jeremymouth,New Eddie,811.7,11.92,1157.26,2024-10-02
14379,328,Richardville,Gregoryberg,1210.6,15.72,1620.23,2023-02-15
14380,385,Clarkburgh,East Janetfurt,1344.7,1.43,104.51,2024-01-13
14381,31,Anthonychester,Tiffanystad,87.6,20.83,120.31,2024-10-19
14382,61,East Clairehaven,Jackiemouth,2092.1,17.49,2261.16,2024-11-08
14383,469,North Alexisburgh,Port Lisa,726.9,14.14,527.18,2023-05-10
14384,127,West Jamieborough,Jasonstad,69.7,3.25,24.34,2023-08-11
14385,56,Coxville,Judytown,2094.9,19.5,3674.52,2023-10-01
14386,451,East Amy,East Timothy,920.3,16.27,1654.67,2024-08-30
14387,481,Nicholasshire,Lake Robert,241.1,4.6,115.07,2023-01-11
14388,364,Edwardshaven,Tiffanyfort,410.8,7.93,309.99,2024-07-02
14389,266,Carpenterland,Amymouth,1080.2,7.94,655.43,2024-10-29
14390,219,Nortonville,Lake Christopherfort,1842.0,18.8,3961.42,2024-05-24
14391,353,New Kimburgh,Jonesview,1424.1,22.35,2423.15,2023-03-01
14392,467,Michaelview,Port Dennisport,1606.4,18.86,1930.64,2023-10-07
14393,159,East Evan,Lake Tammyhaven,1023.1,8.88,937.7,2023-08-08
14394,493,Caldwellport,Ortegaberg,1244.1,2.07,308.63,2024-01-14
14395,353,Larsonborough,Shannonland,1496.9,8.0,985.52,2024-03-28
14396,386,Kristinhaven,Dylanview,340.8,5.44,180.08,2024-10-15
14397,483,North Kelseyfort,West Gregory,86.6,13.26,75.44,2023-09-25
14398,178,South Jamesborough,New Donna,1329.3,4.15,563.86,2023-01-29
14399,412,Gateston,South Malloryton,1084.1,14.6,1383.8,2024-02-25
14400,70,North Christina,Lisaton,1958.1,10.09,2214.46,2023-03-07
14401,61,Donaldtown,Haleychester,973.6,10.87,986.21,2023-08-06
14402,447,Mccoyport,New Michaelville,993.3,21.3,2307.71,2023-03-18
14403,232,Kellyport,Rosefort,436.7,18.21,652.32,2024-04-26
14404,325,South Melinda,Anthonyhaven,1701.4,17.2,2492.29,2023-07-12
14405,472,Romanland,West Devinhaven,1089.6,19.83,1617.4,2024-11-04
14406,218,East George,Yatesmouth,2267.5,8.11,1613.34,2023-06-08
14407,489,Dorseyberg,Lake Jeromeport,959.3,15.33,1190.63,2024-11-13
14408,223,New Pamela,North Hannahside,833.4,22.81,1567.9,2024-01-25
14409,321,South Samuel,Levyburgh,1231.9,17.6,2286.54,2024-09-20
14410,18,Jennifertown,Lake Sharonbury,1292.1,1.94,206.46,2023-05-09
14411,336,New Jonathanmouth,New Kevinberg,1844.3,10.88,1190.26,2024-09-28
14412,462,Port Mark,Rothview,1841.0,19.73,2413.66,2024-08-22
14413,145,Petersenport,New Jason,598.7,6.73,333.36,2024-01-20
14414,223,North Kayla,Kennethbury,1743.5,23.24,4064.97,2024-02-22
14415,230,Smithberg,Jeffreymouth,1272.0,13.0,1771.25,2023-08-09
14416,464,Lake Brandy,Castrobury,177.9,6.9,131.75,2024-12-12
14417,381,North Margarethaven,Chadbury,2351.7,7.28,1338.55,2023-04-28
14418,236,Lake Carrie,New Amy,1871.4,9.63,1003.71,2024-05-15
14419,128,Lake Timothy,Staceymouth,2487.7,23.53,3481.16,2023-07-21
14420,225,Evanshaven,Port Kenneth,583.7,16.32,819.01,2023-07-12
14421,261,West Lisa,Davisport,1717.1,15.01,2730.06,2023-08-18
14422,366,East Zacharybury,Port Stevenberg,1337.0,1.36,111.84,2024-07-15
14423,419,East Rogerhaven,Laurentown,1950.5,23.62,4201.18,2023-03-22
14424,256,Alvarezmouth,West Rachelchester,899.0,19.65,1959.88,2024-11-02
14425,268,Johnview,Jamesport,1026.0,19.16,1058.81,2024-02-25
14426,225,Kinghaven,East Sarahberg,1366.8,12.96,1733.42,2023-10-30
14427,356,Newmanmouth,Davisfort,1516.2,14.97,1243.61,2023-09-26
14428,66,Shortberg,Ashleyside,1697.2,19.81,1704.97,2023-11-02
14429,380,Calhounfort,Brooksshire,511.6,16.89,482.31,2023-05-24
14430,41,North Jennifer,Port Emily,741.0,19.55,1022.06,2023-06-01
14431,233,Peterfort,Lake Coryport,1429.3,12.81,2059.87,2024-11-11
14432,278,West Emily,Taylorview,57.5,14.1,91.03,2024-10-08
14433,226,Lake Kristenstad,Garciaville,1869.3,12.71,1373.88,2023-01-30
14434,324,Nicholashaven,Smithmouth,1898.5,4.8,844.53,2024-02-11
14435,104,South Amyshire,Connerhaven,824.7,15.06,829.31,2024-05-02
14436,440,East Jeremy,Pearsonbury,1085.1,20.93,2683.94,2023-10-18
14437,478,Lake Cindytown,Reginaldborough,165.2,15.81,149.67,2023-07-24
14438,201,Jessicafurt,Monicaport,396.1,17.7,691.2,2024-02-21
14439,311,North Paulton,Amandashire,2411.7,5.28,646.35,2023-07-02
14440,43,Timothybury,Stevefurt,979.6,14.43,1194.09,2023-05-31
14441,191,Hotown,Port Christinafort,2231.5,6.92,1687.84,2023-08-13
14442,33,Tammyshire,North Jefferyfurt,2192.6,10.56,1885.13,2024-03-03
14443,61,Powellchester,New Jamesborough,1708.4,15.87,2325.06,2024-03-27
14444,367,South Jamesville,East Todd,1188.7,1.17,146.06,2023-06-17
14445,456,Bakerchester,Lake Laurenfort,1544.8,20.25,1911.62,2024-01-30
14446,444,Lake Jose,Silvaside,160.4,20.44,372.79,2023-04-19
14447,77,Isaiahbury,East Ronnie,1540.2,23.41,4269.47,2024-11-22
14448,299,Richardmouth,Joetown,472.6,6.82,385.06,2024-10-28
14449,471,South Allison,Michaelville,1637.2,1.78,152.84,2023-09-03
14450,47,Coleport,North Jamie,815.5,3.62,338.44,2023-05-23
14451,248,Meaganfort,Michaelview,1210.5,8.09,1132.84,2024-01-10
14452,209,North James,West Michelleton,2252.9,7.16,905.89,2023-03-07
14453,44,Thompsonshire,Lake Josephmouth,2096.8,9.29,1383.07,2023-06-15
14454,106,Russellhaven,Mcphersonbury,2026.1,5.4,736.46,2023-03-01
14455,213,Carlsonbury,New Maria,2337.3,9.17,1952.35,2023-08-06
14456,45,New David,Gordonbury,1994.8,19.12,3898.72,2024-12-19
14457,354,Whitakerberg,New Johnnystad,904.9,10.86,624.39,2024-06-07
14458,367,North Tiffanyburgh,Robinsontown,531.2,5.8,264.58,2023-08-15
14459,229,Port Taylor,Port Karen,803.9,10.59,437.03,2024-06-24
14460,461,East Scottshire,Christinefurt,2346.2,7.29,1244.99,2024-10-24
14461,291,Port Keith,Lake Jessica,2018.6,21.33,2157.18,2024-06-11
14462,237,Jennifershire,Bethanyfort,264.7,9.78,201.49,2023-08-05
14463,219,Rodriguezchester,West Brianville,98.2,10.43,82.41,2023-12-13
14464,249,Jennaville,Thomasstad,2118.2,16.01,3306.68,2024-05-27
14465,136,Fordville,South Gabrielleville,1292.8,3.38,477.26,2024-12-10
14466,486,Port Williamberg,South Xaviertown,208.0,20.12,253.1,2023-10-05
14467,395,Lake Melissashire,South Brianview,2147.9,14.14,2439.55,2023-12-10
14468,178,Tommychester,Port Lisaside,1480.8,17.44,1863.14,2024-11-30
14469,101,New Emilyland,East Ryanburgh,2297.6,14.7,3269.59,2023-04-28
14470,267,Griffithshire,New Michael,2410.5,18.64,2485.3,2024-05-26
14471,107,New Erica,North Kayla,729.4,23.74,1324.73,2024-08-03
14472,375,New Larry,North Kristine,1516.5,15.43,1591.75,2023-01-08
14473,75,North Kenneth,Wongborough,1039.9,3.36,395.87,2023-07-05
14474,317,West Sarah,Lake Ray,2298.0,3.06,368.59,2024-08-07
14475,393,Thomasshire,South Andrew,1655.9,3.49,358.93,2023-11-12
14476,386,Williamsview,Lake Michael,2386.3,22.7,3771.17,2024-08-05
14477,365,North Joshua,Davischester,627.0,13.39,864.27,2023-02-21
14478,411,Romantown,East Karen,113.4,15.64,100.85,2024-04-02
14479,311,Sarahmouth,Brandonborough,437.7,1.41,32.96,2024-04-19
14480,291,Lake James,Mooreside,282.9,10.2,186.95,2024-01-07
14481,419,Lake Amberville,Ericmouth,1706.5,23.61,3872.6,2023-04-09
14482,113,South Stephanie,Lake Nathanberg,2378.3,10.38,1783.57,2024-10-04
14483,383,Port Adam,Olsonborough,378.5,14.26,406.38,2023-04-17
14484,467,North Jeremyhaven,Juliechester,1974.1,3.67,714.4,2024-01-24
14485,381,Dannyfurt,East Stephen,1538.5,18.0,3281.69,2023-10-19
14486,396,Christophershire,North Ashleyton,314.9,13.26,426.24,2024-12-11
14487,446,Millsbury,Maciasville,569.2,22.21,1010.5,2024-02-24
14488,467,New Timothybury,West Davidport,635.5,13.77,751.38,2023-11-04
14489,187,Kentmouth,South Donna,2312.9,16.74,2396.54,2024-04-03
14490,231,Brendashire,Espinozahaven,334.0,12.85,241.42,2024-10-27
14491,5,North Jonathan,East Timothyberg,1030.0,17.37,1612.28,2024-08-14
14492,73,Martinezside,North Matthew,1254.1,20.43,1451.24,2023-10-04
14493,117,Port Jenniferview,Katherinechester,1551.7,22.98,2155.66,2024-09-28
14494,128,Conradbury,Debrafort,2367.5,17.88,3790.73,2023-11-08
14495,192,East Caseyfort,South Christopher,1842.6,9.67,993.57,2024-01-19
14496,279,Riversstad,Port Thomasfort,655.7,11.36,743.6,2024-10-15
14497,182,West Alexa,North Austinmouth,2152.7,18.27,3944.19,2023-04-06
14498,368,Port Kennethstad,Jamesfurt,1760.2,16.21,2967.4,2024-03-18
14499,130,Karenstad,New Craig,2327.4,22.86,2764.66,2024-01-31
14500,47,Feliciachester,Mooreton,303.6,20.04,587.48,2023-10-12
14501,342,New Ronnietown,Watsonside,1902.3,11.3,1324.27,2023-03-23
14502,66,Linville,Lake Margaret,1544.2,5.16,697.46,2024-10-31
14503,470,Christinaview,West Josephville,761.1,10.27,478.94,2024-01-24
14504,250,South Xavierport,Phillipsshire,287.1,5.67,96.23,2023-10-01
14505,146,Vasquezville,Sanchezchester,59.6,13.56,88.68,2023-03-07
14506,338,Torresbury,Port Christina,1627.5,17.71,3455.96,2023-04-17
14507,498,North Chad,Michaelborough,1615.6,11.54,1233.27,2024-07-31
14508,71,Matthewland,Lake Kathleen,1805.8,6.22,670.93,2023-11-26
14509,446,South Heather,Staceyview,667.9,21.55,921.12,2023-08-23
14510,41,Andreaville,West Shannon,1412.7,6.16,747.27,2024-05-21
14511,70,North Sarah,New Elizabethfurt,438.5,7.03,217.49,2023-10-02
14512,278,Carriefurt,North Curtisport,2338.0,19.67,5329.96,2023-08-24
14513,133,Hinesview,Connertown,736.3,9.33,347.05,2024-08-12
14514,160,South Brookemouth,West Kristinhaven,1190.7,17.72,1708.92,2023-05-11
14515,235,East Pamela,Port Catherine,576.3,7.45,215.72,2023-12-21
14516,354,Lake Melissafurt,Edwardtown,1486.2,17.03,1325.08,2024-10-25
14517,297,West Maryton,Huynhchester,838.3,19.14,1045.9,2024-07-25
14518,138,Tuckerview,South Joshua,654.5,4.08,189.39,2024-07-21
14519,192,Valenciastad,Romerofurt,1673.8,19.12,2222.39,2024-09-07
14520,471,Courtneyton,Port Kristin,340.8,23.81,615.34,2023-11-03
14521,231,Wangburgh,South Justin,62.6,14.2,87.84,2023-03-19
14522,70,Paulstad,Derekfurt,1232.9,23.13,1952.52,2023-10-16
14523,343,South Jeffreyport,Christopherfurt,1806.6,19.82,3654.88,2023-10-01
14524,178,Mcintoshburgh,Brandiport,1153.7,22.88,2102.39,2024-10-13
14525,481,Port Michael,Lake Mark,1989.7,1.01,199.78,2023-09-22
14526,427,North Lindseybury,Georgefurt,474.6,1.63,49.25,2024-05-15
14527,444,New Kimberly,Cooperhaven,1149.1,24.73,1936.16,2024-09-15
14528,266,Villarrealton,Thompsonshire,748.9,23.22,1070.34,2024-10-11
14529,179,Deniseshire,East Crystal,663.3,24.2,1285.36,2024-01-31
14530,348,Watsontown,New Courtney,471.1,13.45,652.32,2024-09-12
14531,69,South Carrieview,South Shelby,632.3,8.75,441.22,2023-03-28
14532,25,Murrayborough,West Stephaniechester,1833.9,21.64,3539.05,2023-08-15
14533,258,East Kyle,North Angela,1296.4,1.51,162.82,2024-02-28
14534,94,West Christopherville,Tylerberg,2141.6,15.26,2810.86,2023-05-31
14535,183,North Summerton,Wrightbury,469.1,1.86,94.15,2024-09-20
14536,411,North Christopher,Mendozachester,483.5,3.76,173.2,2024-12-20
14537,177,East Jasonbury,West Stanleyview,1503.8,19.42,1859.91,2024-08-15
14538,26,North Savannahview,South Morgan,1712.9,12.79,1221.15,2023-09-27
14539,67,Smithfort,East Chadland,1837.9,12.76,2450.65,2024-07-04
14540,162,South Ryan,West Margaret,1489.3,24.02,1816.78,2023-07-15
14541,86,Port Jeffrey,Figueroamouth,262.9,1.37,34.97,2024-07-29
14542,70,Port Diana,Chaveztown,465.0,15.34,818.27,2024-07-21
14543,405,West Christopherbury,Port Aaronfort,2117.7,21.1,4023.85,2023-06-08
14544,171,Mooreton,Port Stevenberg,1448.0,13.3,1671.25,2023-11-17
14545,129,East Jennifer,Lake Jo,1982.6,17.59,3548.2,2024-01-23
14546,119,New Matthewland,West Steven,2324.5,5.05,1235.98,2023-06-09
14547,3,Lake Ivanmouth,Jimmystad,486.6,5.1,132.62,2023-07-17
14548,7,Gregoryfurt,Matthewside,2146.4,12.23,2491.92,2024-05-01
14549,55,South John,Colemanside,620.8,19.53,694.57,2024-12-15
14550,168,Virginiachester,New Natashaport,1978.1,2.18,330.26,2024-03-13
14551,457,Michelleville,North Joshuaburgh,413.6,10.15,358.67,2024-01-23
14552,295,North Matthew,Kaylachester,2496.9,20.11,3808.25,2023-01-02
14553,60,Johnmouth,Port Cheryl,446.0,17.19,673.87,2023-09-16
14554,331,Joemouth,Haydenberg,2367.9,3.02,451.05,2023-10-19
14555,24,Port Joshua,Greenborough,2157.3,11.0,1823.04,2023-04-20
14556,234,Wilsonchester,North Jenniferport,102.8,14.74,141.86,2024-03-15
14557,57,Lake Brooke,Port Jonathanborough,2418.4,7.95,1339.04,2023-06-04
14558,299,New Lisa,Lake William,301.9,11.61,266.84,2023-08-10
14559,472,Port Kenneth,Leeland,2250.3,6.63,1054.79,2023-09-09
14560,357,Hoodshire,Anthonyshire,1277.0,12.72,1347.98,2023-10-07
14561,11,West Danachester,East Lauramouth,892.6,17.16,1476.75,2024-07-23
14562,219,Lake Belinda,South Susanhaven,1899.4,4.5,787.67,2023-02-21
14563,390,Coreyborough,Rodriguezland,1290.0,13.51,1119.97,2023-07-13
14564,351,South Christie,Armstrongside,611.7,4.25,232.69,2023-03-30
14565,322,Port Phillipland,North Juliestad,1734.9,13.98,2333.84,2024-12-20
14566,337,West Robert,Grahamport,1251.1,9.05,1341.14,2024-11-28
14567,291,Josephberg,East Caseymouth,2158.0,20.43,4463.96,2024-08-08
14568,473,Patriciahaven,Jeffreychester,1740.2,22.54,3809.49,2023-02-09
14569,249,Michaelfort,Cruzberg,2224.5,19.21,3105.88,2024-08-07
14570,446,West Nancyborough,West Lisaville,250.2,14.96,302.25,2023-07-01
14571,46,Lake Bobbytown,West Jamie,1654.8,2.24,306.7,2023-02-11
14572,382,East Chelseyborough,North Terrence,1520.5,3.0,433.77,2023-10-04
14573,206,Walkerland,Lake Steveville,2306.6,6.57,957.85,2024-01-18
14574,59,Ralphborough,New Alanstad,2046.2,22.67,4345.8,2024-06-03
14575,6,Meganside,North Paul,1582.5,12.28,1246.43,2023-08-13
14576,165,South Johnburgh,East Benjamin,2396.3,19.08,2563.42,2024-07-06
14577,223,Cameronmouth,West Samantha,1356.0,18.32,2186.85,2024-11-22
14578,338,North Tracybury,Amberhaven,1080.1,20.63,1286.04,2024-10-28
14579,29,South Jonathanfort,West Terrimouth,1640.2,17.0,2452.01,2024-12-04
14580,440,Meganton,North Ashley,969.7,2.54,175.55,2023-05-24
14581,357,Jenniferbury,Marieville,2258.8,3.78,931.4,2024-10-24
14582,314,Lake Leahmouth,Bakerville,1328.7,13.01,1839.48,2024-02-20
14583,76,Guzmanport,Brettshire,679.1,18.03,710.5,2024-05-07
14584,172,West Jillhaven,Hurleystad,1826.8,10.27,1819.82,2024-05-11
14585,200,Pattystad,East Erin,338.1,5.93,155.53,2024-05-19
14586,46,Parkerstad,East Justin,1086.5,14.17,1070.03,2023-05-23
14587,392,East Samantha,North Robert,584.1,11.81,472.32,2024-05-06
14588,30,Ricetown,New Kimberlymouth,1874.0,17.8,2991.39,2023-02-09
14589,210,Port Jamestown,New Monicaberg,2231.9,20.82,2339.02,2023-02-04
14590,139,Lake Allison,New Lisaview,657.6,4.95,225.12,2023-01-09
14591,495,North Angelamouth,South Christine,626.2,10.23,666.96,2023-04-11
14592,342,South Philip,Mooreview,2303.2,20.75,3440.82,2024-04-06
14593,329,Brandonhaven,South Beverly,1308.9,16.01,1782.82,2024-03-18
14594,440,East Thomas,Port Joshuaville,1469.2,13.01,1844.04,2023-10-26
14595,178,Robertobury,Lake Aaronburgh,848.1,24.78,1930.69,2023-03-07
14596,463,East Alexandria,Johnfurt,748.2,6.72,455.21,2024-07-15
14597,139,West Kimberly,West Meghanfurt,1986.6,22.42,5027.45,2023-06-25
14598,305,Pattersonstad,Port Margaretside,949.6,18.13,1504.16,2024-08-09
14599,140,Brandonmouth,Alexandermouth,552.1,24.39,940.64,2023-11-25
14600,18,Tracyport,East Thomas,171.0,2.12,40.42,2024-09-02
14601,314,Jonathonshire,North Christineburgh,2392.1,10.99,1914.14,2023-05-07
14602,97,Port Jamie,New Danielbury,1375.3,15.47,2108.58,2023-10-22
14603,204,Madisonport,Brockmouth,2339.3,24.8,3675.03,2023-11-06
14604,410,Timothystad,Susanshire,1203.1,24.03,1786.41,2024-06-21
14605,359,South Melissa,Port Nicoleville,992.8,1.41,159.7,2024-05-16
14606,173,Lake Shaneland,Brennanville,632.3,2.16,101.46,2023-07-25
14607,485,East Sarah,South Carmenfort,1431.6,14.79,1098.8,2024-11-07
14608,193,Lake Andrewview,Lake Joshua,1105.1,1.49,95.62,2024-10-10
14609,320,Scottside,Andrewfurt,1146.2,2.38,156.36,2024-04-10
14610,167,North Erica,Copelandhaven,970.8,3.35,345.76,2024-08-11
14611,196,East Holly,North Sheila,1533.0,20.91,1659.92,2023-09-29
14612,140,South Keithview,Olsonfort,854.0,18.38,1102.7,2024-12-27
14613,305,New Suzanne,Bernardmouth,917.0,9.58,767.0,2023-11-02
14614,375,Garyberg,East Alishabury,511.1,13.61,770.31,2024-11-09
14615,453,New Stacy,Port Kimberly,1114.8,18.59,1518.22,2023-06-17
14616,490,West Elizabeth,West Kyle,1433.5,6.9,1130.62,2024-06-10
14617,211,Myersshire,Holmesborough,1299.6,20.03,2702.73,2024-09-10
14618,241,Huberburgh,West Michael,1317.2,13.34,1031.35,2023-03-27
14619,448,Ellisontown,Zacharymouth,1587.9,20.14,3258.89,2024-08-27
14620,123,Bryantview,Lake Marieside,970.9,24.98,2277.42,2024-07-28
14621,322,Jessemouth,Port Christopherton,480.8,2.94,116.62,2024-01-25
14622,269,Port Brittney,Richardfort,2047.9,1.55,298.14,2024-04-12
14623,494,East Maria,New Courtneyside,345.6,18.73,381.92,2024-07-22
14624,279,Smithton,Jennifertown,1810.0,8.85,1829.99,2023-11-22
14625,319,Diazmouth,Doylefort,329.2,16.52,544.77,2024-11-30
14626,215,Delgadoville,New Ryan,1643.2,4.97,659.8,2024-12-25
14627,16,East Eric,Cartershire,291.3,9.7,160.14,2023-05-13
14628,65,Toddside,Lake Erin,1152.1,13.07,1033.37,2023-04-19
14629,408,Butlermouth,Lambmouth,695.0,12.24,891.71,2024-09-23
14630,483,Port Rogerhaven,South Johnfurt,2429.5,2.47,665.42,2023-08-09
14631,452,Tammymouth,Port Susan,390.4,24.49,885.13,2023-06-26
14632,132,West Daniel,Coryland,1057.7,12.93,859.59,2023-08-31
14633,226,Frazierton,Brittanybury,780.7,9.4,521.72,2023-12-28
14634,305,Martinezside,Patrickburgh,1442.0,24.48,2636.92,2024-09-24
14635,316,North Amandaville,West Danaville,1007.8,7.1,785.4,2024-09-26
14636,338,Frankberg,Nealchester,93.7,21.28,237.37,2024-08-02
14637,490,Rodriguezborough,Brettbury,1774.0,1.67,330.3,2023-10-03
14638,160,North Jose,East Michael,102.6,8.28,80.83,2023-04-25
14639,473,Lake Elizabethland,Christinaton,2147.2,11.15,2284.99,2024-02-19
14640,127,Lake Kevinmouth,Jefferytown,966.7,20.88,1604.08,2024-04-02
14641,398,Elaineview,Lake Chasebury,1401.6,20.8,2389.77,2024-08-07
14642,500,New Jeffrey,Danielshire,2379.6,18.77,4716.23,2023-06-26
14643,462,Port Ronald,New Mariaport,2217.9,22.84,2703.59,2024-12-06
14644,360,North David,Robertview,1039.1,18.83,1644.05,2024-02-14
14645,8,West Ernest,Lake Nathan,421.8,7.16,213.9,2023-10-05
14646,393,Rojastown,Lake Dana,2420.0,6.77,1779.95,2024-12-03
14647,208,Hernandezside,West Kelly,835.9,15.14,1070.25,2024-12-28
14648,53,North Sheila,Lake Cory,2306.6,9.33,1915.74,2023-10-19
14649,408,South Ashley,North Joshua,2495.0,7.66,1968.45,2023-03-12
14650,168,Port Tyler,Lake Kenneth,1208.4,14.22,1383.08,2024-06-12
14651,262,Port Matthewbury,Jacobborough,154.4,20.14,247.23,2023-03-15
14652,75,Mccormickchester,Chapmanport,169.6,3.47,35.15,2023-05-21
14653,88,Dunnview,Chelseyville,1175.8,19.34,1803.09,2024-10-21
14654,184,East Ianside,Port Gloria,555.5,22.79,1205.59,2023-02-04
14655,323,Johnsonmouth,New Christopherbury,491.5,11.07,304.37,2024-04-03
14656,172,Port Jill,Lake Joshua,2397.5,5.16,979.37,2024-02-05
14657,406,Lake Stephanie,Kaitlynburgh,1287.1,21.11,1746.56,2024-04-09
14658,407,New Aprilfurt,Port Ryan,2426.2,3.37,600.82,2023-08-11
14659,433,Walshchester,Port Meghan,686.9,4.28,240.1,2023-07-12
14660,498,East Danielbury,Cookeland,2211.4,2.97,782.3,2024-05-20
14661,397,Fernandezchester,Melissaborough,2112.1,4.07,551.52,2023-03-07
14662,27,Taylormouth,New Crystal,2127.2,16.45,3971.55,2023-08-23
14663,23,Courtneyberg,Walkerfurt,456.9,21.69,970.05,2024-06-09
14664,242,Carpenterbury,Lake Davidmouth,724.8,24.94,1818.54,2023-06-02
14665,279,Angelaberg,Port Melinda,1848.8,1.41,213.03,2023-12-05
14666,113,Jeromeberg,South Lisa,2314.0,24.74,6053.73,2023-05-11
14667,152,Roberttown,North Johnberg,619.5,19.24,879.74,2024-09-30
14668,91,Marytown,North Jason,1757.8,6.28,1208.87,2023-07-13
14669,236,West Alicia,Moniqueton,2379.8,23.52,4975.34,2023-03-18
14670,133,Brockbury,Chavezfort,881.7,17.47,1607.57,2023-05-16
14671,194,New Danielleshire,Gregoryfurt,1380.2,23.4,2150.18,2024-09-16
14672,421,East Dawnberg,Davismouth,754.8,4.62,258.48,2024-02-26
14673,187,East Stephanieland,Rogersbury,1774.0,23.43,3285.58,2023-07-01
14674,197,Lake John,Port Gilbertchester,2380.5,12.2,1580.45,2024-04-26
14675,107,East Denisehaven,Jamestown,525.6,15.68,826.66,2024-06-16
14676,283,Wendyfort,Tristanfurt,2487.1,4.86,971.61,2024-01-30
14677,49,West Aaronfurt,Terryburgh,1796.6,13.32,1977.74,2023-12-09
14678,359,South Mark,North Sarah,1304.1,21.86,1592.37,2023-12-15
14679,251,South Laurenland,Lake Victoria,2067.9,22.09,3353.3,2024-11-27
14680,460,Riveraport,Port Michaelland,694.0,20.5,1381.77,2024-01-16
14681,92,Benjaminfurt,Watkinsview,377.9,20.32,581.58,2024-04-19
14682,355,Brittanybury,Romeroberg,304.4,14.11,504.18,2024-04-13
14683,241,West Meghan,North Amanda,527.8,1.37,69.13,2023-08-07
14684,137,Lake Kimberlyborough,Lake Brandimouth,1458.9,2.74,452.14,2023-05-19
14685,452,Hermanfurt,North Victor,2484.8,18.02,4211.86,2023-12-01
14686,298,Jonathanside,Williamsborough,1210.0,11.49,1072.96,2024-09-11
14687,211,North Rebecca,Hallshire,1900.3,10.04,1413.14,2023-02-02
14688,384,Bridgetville,Millerport,1155.7,3.48,337.78,2024-08-18
14689,354,East Gary,North Travis,384.0,6.48,294.27,2024-02-27
14690,496,North Samuelstad,East Micheal,2430.3,17.61,2505.79,2023-05-28
14691,415,Thomasport,New Michelle,1138.7,10.14,1368.99,2024-05-29
14692,3,West Brian,North Coreyfurt,1565.8,23.66,2392.24,2024-04-28
14693,92,West Michaelborough,New Bethanystad,165.9,4.13,48.29,2023-01-13
14694,207,North Jennifer,Jesuston,366.2,24.23,723.22,2023-07-24
14695,339,Snyderside,Sharonton,2478.8,8.47,2501.89,2023-09-19
14696,356,Lake Tammymouth,West Julie,1839.0,18.66,3763.65,2024-10-21
14697,318,North Thomaston,Lake Ericchester,921.2,3.03,256.67,2024-08-28
14698,34,Bestport,South Matthew,1156.6,18.85,2490.84,2023-10-26
14699,83,North Susan,Holdenfurt,218.3,4.2,109.3,2024-08-10
14700,499,South Charlesmouth,Patrickburgh,1132.7,21.27,2618.63,2023-11-21
14701,29,West Mollyborough,Mckinneymouth,1558.0,17.36,1754.32,2024-03-22
14702,65,North Randy,Cameronfurt,1083.1,12.31,1255.15,2024-03-07
14703,60,Millschester,South Scott,166.3,23.83,391.89,2024-05-17
14704,428,Hernandezville,Lake Mary,1832.9,3.24,679.45,2023-02-03
14705,40,Deborahborough,Gutierrezfort,1748.8,24.97,2413.12,2023-08-22
14706,349,Lukechester,East Michelle,148.3,21.84,168.95,2024-01-02
14707,170,South Michael,South Sylvia,1926.7,10.42,1071.34,2023-05-18
14708,175,Malonemouth,Smithport,505.6,23.16,840.68,2024-04-21
14709,206,Carriebury,North Kristen,2078.7,22.56,4100.49,2024-08-27
14710,432,Lake Jeffrey,Daniellehaven,1789.7,3.13,358.61,2024-05-25
14711,93,Wolfmouth,Smithmouth,1513.1,6.05,897.07,2023-12-14
14712,118,Lake Holly,New Amyland,381.9,19.54,779.96,2024-11-16
14713,5,New Samuel,Port Stacy,2073.7,22.74,4793.28,2024-03-17
14714,138,Paulafort,Gordonhaven,458.0,19.94,572.58,2023-12-03
14715,252,Lake Elizabeth,Port Seth,1345.6,14.07,2177.45,2024-04-27
14716,364,Garrettville,Lake Christopher,1943.7,10.82,2254.45,2023-12-14
14717,162,Lake Matthewfort,West Lynnbury,1117.5,12.1,1427.96,2024-11-02
14718,489,West Margaret,Jeffreyview,814.1,14.72,1406.65,2024-10-03
14719,121,Pattonland,Garzaton,452.3,14.6,448.66,2024-08-24
14720,152,Johntown,West Donald,1918.3,4.99,918.3,2023-02-11
14721,298,Michaelshire,Stephenport,889.1,6.67,484.8,2023-01-14
14722,486,South Sheilafurt,South Edwardshire,1773.3,24.29,4768.07,2024-05-06
14723,348,Jonesside,Michaelview,236.7,1.82,36.9,2023-10-23
14724,286,New Kari,Justinmouth,2025.7,14.06,3315.14,2024-04-12
14725,137,West John,Josephhaven,437.4,4.92,204.45,2024-01-06
14726,143,Susanberg,New Anthony,1713.6,16.22,2942.96,2024-11-22
14727,275,Port Amy,Ericfort,1162.5,20.3,2495.74,2024-06-18
14728,399,South Rachel,New Kelly,794.2,9.52,729.92,2024-12-30
14729,497,Jonesport,East Rebeccaborough,1567.2,21.93,2465.17,2024-03-21
14730,323,Chambersside,Lake Catherine,855.0,17.79,949.11,2023-09-29
14731,48,Howardstad,Stevenhaven,951.6,4.37,424.19,2024-10-08
14732,33,Khanton,New Catherine,679.0,10.11,369.88,2023-07-23
14733,120,West Russell,Carterside,587.6,19.94,655.81,2023-09-16
14734,145,Lake Vickishire,North Erika,2263.6,4.11,727.76,2023-10-17
14735,109,South Jennifer,Smithmouth,1674.7,3.77,654.27,2024-10-22
14736,379,Lopezmouth,Ronnieborough,1846.7,9.44,1193.72,2024-10-28
14737,172,South Christopherton,Alishaville,2313.4,16.3,2274.21,2024-04-10
14738,227,South Theresa,Adamstown,1824.8,19.68,3897.09,2023-05-29
14739,407,West Jeffreyhaven,East Tammytown,473.3,24.13,1229.86,2023-03-12
14740,31,Lake Sonyaside,South Jessica,1198.1,16.33,1892.02,2024-08-14
14741,14,Johnsonfurt,West Dawn,2362.3,24.1,4683.19,2024-11-07
14742,131,South Steventon,Port Michelleshire,640.9,15.68,1012.35,2024-01-08
14743,246,Lake Trevor,Andersonview,1030.8,10.48,578.61,2023-11-27
14744,60,Murphymouth,South Jeffery,892.0,23.73,1372.63,2024-02-29
14745,328,Aaronburgh,Eddieview,2051.0,3.09,609.37,2023-04-01
14746,265,Lake Amandaburgh,Christophershire,1476.4,5.57,948.04,2024-09-28
14747,431,Colinmouth,West Jerome,2340.4,14.55,1902.53,2024-04-11
14748,7,Sarahport,Collinsville,1817.0,22.2,4059.35,2024-06-21
14749,327,Christopherfort,Coreyside,1133.9,15.94,1287.57,2023-07-10
14750,201,Hectorhaven,Underwoodfort,2351.4,9.15,1622.84,2024-11-25
14751,136,New Glenn,Westmouth,1298.1,9.3,1182.22,2024-12-05
14752,203,North Christina,North Scottmouth,1065.5,12.05,1093.34,2023-06-09
14753,241,Lake Kennethville,Samanthafort,1935.4,16.23,1924.67,2024-02-29
14754,83,West Brittney,Lake Luke,2340.1,17.95,3254.84,2023-12-10
14755,118,Mooreborough,Williamshaven,1703.5,22.01,2339.65,2024-10-04
14756,157,Andrewview,Hollystad,2054.2,20.88,5022.03,2023-10-09
14757,180,South James,East Crystal,709.4,9.7,762.4,2023-10-08
14758,309,Christopherburgh,Currystad,254.0,21.3,372.21,2023-04-20
14759,152,West Larry,Williamport,1158.4,5.89,357.85,2024-07-23
14760,134,Marquezside,North Gloria,686.0,18.99,873.96,2024-06-29
14761,46,Fisherburgh,Bowmanland,837.5,7.81,693.2,2024-01-16
14762,316,Lake Charlesville,Port Thomas,356.5,4.41,86.69,2023-10-08
14763,258,South Brianstad,Reeseville,2436.6,20.19,4687.94,2023-02-19
14764,498,Meltonhaven,Lake Emilyland,777.5,3.4,146.78,2023-08-12
14765,29,Byrdshire,Shieldsville,181.5,9.59,160.94,2024-03-04
14766,13,North Amanda,Andrewton,1406.5,13.49,1894.99,2024-04-26
14767,95,Leonardborough,West Ryanstad,2493.1,17.83,4256.75,2023-05-09
14768,473,Port Monicafort,South Brandyfort,421.3,1.95,82.34,2024-08-27
14769,209,Elizabethmouth,Matthewtown,806.5,2.66,182.32,2024-01-22
14770,409,South Brandonmouth,Rebeccaborough,2293.2,15.21,1855.38,2024-08-08
14771,104,Michellefurt,South Scott,2294.2,17.31,4406.33,2023-08-16
14772,363,Joseville,North Rachel,1757.0,4.81,519.95,2023-11-12
14773,10,South Michael,Lake Timothy,1051.5,7.95,818.03,2024-04-09
14774,247,Aprilmouth,Kellyberg,1682.3,15.36,3079.91,2024-03-20
14775,298,Michaelborough,Ryanstad,1245.0,8.87,1211.03,2024-06-21
14776,307,West Jason,Sallytown,1663.6,5.45,875.85,2024-02-21
14777,47,Maybury,Port Seth,907.6,1.44,75.89,2024-11-25
14778,61,New Alexandra,North Daniel,582.6,8.98,330.77,2023-06-25
14779,102,Robertland,Jamesview,446.4,6.32,276.26,2023-09-20
14780,114,Stephenbury,Lake Tyler,1107.5,7.2,638.46,2023-07-25
14781,469,West Dwayneberg,Eduardoport,1189.3,11.23,1261.16,2023-05-30
14782,45,East Masonmouth,Sandovalside,1115.0,7.97,575.29,2024-03-06
14783,318,South Denise,Port Rebecca,706.3,5.21,214.78,2024-08-16
14784,490,Port Brent,Smithmouth,1831.5,22.83,3057.95,2024-03-04
14785,441,North Elizabeth,South Andreafurt,1898.9,12.85,1252.17,2024-12-19
14786,52,North Ellentown,Angelafort,900.2,8.69,515.49,2024-09-03
14787,333,New Lawrence,East Gregoryville,1021.8,24.26,2516.63,2023-01-10
14788,167,Catherineland,Peterstad,2270.4,19.68,3959.29,2024-11-04
14789,199,South Robert,Sarahtown,2204.1,9.44,1041.5,2024-02-16
14790,8,East Dwayneside,Lake Jason,2068.3,15.3,3350.95,2023-06-21
14791,201,West Andrew,Julieview,914.0,13.55,800.04,2024-04-08
14792,258,South Paigeshire,East Laurenport,181.8,4.82,104.25,2023-07-05
14793,488,West Carolynfurt,West Daniel,740.7,14.88,704.85,2023-08-05
14794,325,Chapmanside,Mayerfort,1470.9,20.04,3178.92,2024-01-26
14795,449,West Joseph,New Brian,2421.1,18.54,4480.88,2023-12-03
14796,16,Scottview,Lake Ericmouth,1000.9,14.88,759.83,2024-03-10
14797,456,Jonesborough,West Ashleyfort,1029.8,17.28,2061.4,2023-11-07
14798,489,Port Claudia,Nicholaschester,2224.0,5.32,876.89,2023-10-25
14799,339,Hernandezburgh,New Gregory,813.5,5.7,333.77,2023-12-14
14800,131,Christinahaven,Woodardborough,567.7,24.9,808.92,2024-06-12
14801,404,Jenniferfurt,Hernandezton,2176.9,19.37,3383.94,2023-01-06
14802,236,North Christopherville,Lake James,2335.4,6.61,1252.89,2024-03-25
14803,72,New Anne,Williamtown,1613.1,12.92,1422.39,2023-08-15
14804,454,North Alishahaven,Smithview,2245.4,2.08,553.63,2023-05-24
14805,333,Nicolechester,Serranobury,2056.8,21.5,2374.95,2024-07-10
14806,484,New Travis,Franklinville,1570.3,20.29,1603.46,2024-07-07
14807,466,North Kimberly,North Miguel,1134.2,15.73,1175.28,2024-05-19
14808,43,West Robert,Edgarbury,1135.0,18.62,1815.0,2023-08-29
14809,52,North Michelle,Veronicaburgh,165.5,7.3,91.65,2024-03-05
14810,184,Johnsonland,Brittanyton,2349.0,19.54,2374.42,2023-08-05
14811,285,Lopezmouth,Kathleenmouth,2167.5,5.1,1190.51,2024-06-28
14812,158,Charlesfort,Mathewsfort,1904.9,13.55,2434.24,2024-12-26
14813,134,North Jessica,Riosfurt,306.6,8.38,302.53,2023-03-05
14814,402,Steeleside,East Sandrachester,65.6,13.29,89.8,2023-11-23
14815,179,Melissaside,Lake Michelle,1319.6,12.71,1515.31,2024-01-01
14816,206,Laraland,Mcintoshton,2125.4,2.86,600.99,2024-04-27
14817,59,Coleside,Kirbymouth,1544.2,20.92,1917.8,2024-02-12
14818,299,Williamchester,New Catherine,2340.8,5.79,1277.15,2024-06-06
14819,145,New Codyside,South Margaret,133.0,2.51,29.65,2024-12-06
14820,207,Jefferybury,Bridgetland,1702.0,8.4,1192.9,2023-04-22
14821,355,New Jamiefort,Hayesmouth,1739.6,6.51,1185.13,2023-02-08
14822,329,Lanebury,Birdhaven,2445.5,14.96,3035.29,2024-10-11
14823,336,North Rebecca,East Michael,1511.1,8.31,1422.29,2023-06-24
14824,456,Garciaton,Lake Heatherfort,2485.6,14.83,3822.59,2023-05-14
14825,195,Elizabethborough,Harrishaven,1278.1,4.33,617.39,2024-05-18
14826,222,North Debra,South Robert,1251.3,21.2,1842.91,2024-07-09
14827,209,Port Sarahfort,Romeroland,873.5,19.69,1196.97,2023-07-31
14828,176,Dianestad,North Ashley,1850.7,19.32,2890.95,2024-06-22
14829,194,Cynthiaton,South Cheryl,2076.9,5.94,999.64,2024-09-24
14830,362,East Autumn,Rodriguezmouth,776.5,10.53,782.61,2023-05-17
14831,189,East Charlesmouth,New Rickeyhaven,328.2,23.98,837.06,2023-03-06
14832,160,South Debramouth,Garciaside,1489.8,9.92,1648.18,2024-04-10
14833,253,Riosland,Nicholeview,223.6,12.86,230.38,2023-09-01
14834,327,Benjaminmouth,Lawrencetown,787.0,14.14,801.4,2023-10-08
14835,167,Reynoldsfort,Cynthiafurt,657.6,18.57,784.98,2023-03-12
14836,85,Willisbury,Dixonburgh,265.1,3.94,58.21,2024-08-14
14837,104,Wallhaven,Adamsport,1662.2,20.29,3000.51,2024-01-31
14838,396,Lake Karen,Millerside,1749.4,19.84,3124.17,2024-08-22
14839,380,Adamchester,Russellfort,215.7,2.84,34.27,2024-03-17
14840,416,Port Ashleyland,Chadborough,366.6,20.36,711.22,2023-12-24
14841,161,Margaretfort,Richardburgh,798.5,7.2,512.87,2023-10-10
14842,302,Stephaniehaven,Houstonburgh,1732.0,14.65,1440.04,2023-10-05
14843,399,Palmerview,Lopezfurt,2181.1,7.58,976.46,2024-06-08
14844,132,West Jesse,Millerbury,1276.6,5.47,382.26,2023-07-24
14845,439,Lake Manuelville,West Richard,839.2,17.64,899.87,2024-01-10
14846,13,North Johnny,Brownport,1960.2,18.99,3187.31,2023-09-30
14847,265,Lake Kelly,North Timothy,1886.1,2.04,240.98,2024-12-30
14848,99,North Danielborough,West Catherinetown,1627.2,9.71,1087.77,2024-02-21
14849,92,Stephensport,North Scottland,1053.8,7.91,609.37,2023-11-26
14850,89,North Gregory,South Melissa,1708.3,17.29,1602.44,2023-12-13
14851,422,Bethanychester,East Justinstad,996.1,22.07,2067.6,2024-05-05
14852,311,Lake William,Jacobmouth,1992.7,8.01,1251.36,2023-02-14
14853,397,East Robertview,Port Lisa,1583.3,23.12,1834.14,2024-07-18
14854,402,Brownville,West Jessicashire,1762.6,14.72,1568.11,2023-10-12
14855,478,Port David,South Lisa,1897.0,6.65,733.31,2023-05-10
14856,451,South Bradleyside,North Donnachester,1331.9,11.5,793.15,2023-05-22
14857,499,Chaseside,Hannahtown,1055.1,17.61,1199.66,2024-05-01
14858,299,Port Katrina,East Benjamin,791.3,18.59,1096.33,2024-07-21
14859,282,Ricechester,North Daniel,1126.7,9.64,1219.27,2023-06-05
14860,103,Lake Codyfort,Bushview,472.4,22.45,545.38,2023-05-19
14861,359,Judymouth,Andrewhaven,2388.3,18.26,3164.04,2024-06-22
14862,286,Garciaburgh,Carlosstad,2149.7,13.04,3278.25,2023-01-05
14863,231,Sandraview,Kelseyville,792.7,1.05,95.4,2023-02-06
14864,194,Bensontown,North Robert,1318.0,11.08,864.98,2023-01-06
14865,317,Princemouth,Edwardmouth,1402.8,22.78,3629.33,2024-02-01
14866,452,Taylorton,Port Bryanfurt,2247.2,3.61,902.72,2024-12-01
14867,136,East Thomasview,Ramirezshire,768.6,24.4,1724.65,2023-11-26
14868,459,Port Stephaniefort,Thomasstad,751.5,8.83,492.6,2024-10-24
14869,327,Davisside,New Johnny,1251.9,15.53,1517.56,2024-08-18
14870,277,Youngchester,Stephensfurt,93.8,19.23,92.85,2023-07-24
14871,265,New David,North Jonathan,1937.2,21.74,2840.17,2024-12-03
14872,350,Stephenstad,Lake Brian,409.1,23.99,501.9,2024-10-25
14873,216,Jessicamouth,East Jackberg,1609.4,15.26,2150.02,2023-12-28
14874,321,Jenniferview,Everettchester,1612.8,18.54,2651.01,2023-11-29
14875,3,Ramirezchester,South Derek,706.8,8.54,434.27,2024-11-01
14876,62,Christopherport,East Jordanmouth,1543.6,4.58,824.9,2023-11-22
14877,11,Staceystad,New Brittany,363.1,14.14,400.01,2023-10-20
14878,420,Lake Edwardview,West Sharonfort,551.8,23.83,1411.87,2024-04-27
14879,459,Jackmouth,Williamsmouth,581.8,24.3,879.6,2024-03-06
14880,157,South Drew,Mendozastad,416.2,4.99,124.72,2024-02-09
14881,452,Kelseyborough,Wrightville,684.7,7.43,574.37,2024-11-19
14882,269,Lake Jose,Port Maurice,1010.3,2.39,156.95,2024-01-28
14883,279,Lake Michaelberg,Danielland,2338.6,17.02,2698.66,2024-12-05
14884,343,Lake Katherine,Jacksonmouth,1481.1,15.28,1990.1,2023-07-15
14885,490,Lake Cheryl,Johnsonfurt,458.5,17.09,509.51,2023-10-17
14886,155,Chambersberg,Amandaberg,519.3,5.23,314.4,2024-04-28
14887,309,Perezview,North Sandrastad,1091.2,21.59,1829.67,2024-10-18
14888,363,Port Mikeville,Port Kathleen,1480.1,11.67,918.53,2023-09-30
14889,480,North Alexandria,New Cynthia,279.8,13.22,235.91,2024-09-08
14890,229,Paulmouth,Drewchester,2293.7,3.66,797.7,2023-09-14
14891,349,Stevenchester,Timothymouth,2345.1,17.63,4138.45,2024-04-06
14892,339,Hillmouth,North Sandramouth,2145.8,2.94,430.23,2024-03-16
14893,80,Lake Allison,Harrisfurt,925.1,8.25,620.2,2024-08-23
14894,265,Lynchmouth,Harrisstad,1221.3,18.15,2463.38,2023-06-16
14895,253,Munozton,Owentown,2274.9,23.04,4957.86,2023-05-06
14896,90,New Jasonburgh,Richardsonborough,2015.2,19.53,2423.24,2024-04-18
14897,103,Laurabury,Mcdowellmouth,1661.2,15.72,2878.32,2024-09-16
14898,413,Amyside,East Gloria,128.0,12.8,141.0,2024-01-15
14899,225,Vaughanburgh,Davisshire,943.6,2.25,137.67,2024-12-05
14900,26,Matthewsfort,Port Kendraport,2107.6,21.32,2702.96,2023-07-29
14901,205,South Shelby,Moranbury,1891.8,22.32,5037.48,2023-10-19
14902,127,West Angelfurt,New Dennisshire,1663.9,20.94,3648.94,2024-10-19
14903,489,New Briannaview,South Margaret,54.8,23.82,109.81,2024-12-19
14904,187,North Taylorfort,Lake Wandaburgh,1115.0,16.94,1582.99,2023-12-26
14905,464,New Dakota,New Brianfurt,2388.0,9.54,1966.43,2023-06-19
14906,377,New Courtneyshire,West Jenniferton,1242.0,3.25,409.11,2024-09-04
14907,171,Port Pamela,Longburgh,827.1,21.17,1152.84,2023-09-26
14908,497,Hillburgh,Port Michaelberg,2489.8,13.04,2757.01,2023-12-10
14909,371,New Brittany,Moorefurt,1495.1,1.89,190.07,2024-10-28
14910,150,New Bryanville,New Emilyville,2329.1,18.96,5034.95,2023-02-09
14911,375,Karlhaven,Lake Jason,1964.3,2.34,370.37,2023-06-20
14912,54,Griffithton,Port Ashleyview,759.1,20.96,1218.56,2024-09-24
14913,454,Christinabury,Garyfort,2382.3,5.05,1392.4,2023-04-22
14914,23,Patrickfort,Kellychester,1335.0,4.68,608.27,2024-09-20
14915,277,West Robert,Nathanmouth,1180.5,16.17,1161.21,2024-02-09
14916,82,Marialand,Russellberg,138.1,14.79,189.87,2023-11-17
14917,168,Riverahaven,Heatherbury,441.7,16.77,761.52,2024-04-13
14918,460,Kennethville,West Tyler,1095.4,21.88,2400.67,2023-06-06
14919,436,North Anneshire,South Jennifer,2435.1,4.63,625.97,2024-04-24
14920,58,Kaneton,Lake Katherine,1830.9,20.93,1977.05,2024-02-22
14921,201,Copelandton,Rogerstown,1143.2,16.31,1366.83,2023-09-17
14922,189,Savannahside,Gabriellaport,1163.9,21.94,2134.66,2024-02-17
14923,156,West Jasmineberg,Perezland,324.1,22.36,592.29,2023-03-11
14924,311,Lake Felicia,New Teresa,2172.9,7.25,1454.67,2024-03-06
14925,364,Lake Joshua,Davidland,1986.0,14.53,1528.59,2024-11-22
14926,322,Joseside,Port Glendaburgh,1252.8,3.99,389.39,2023-11-28
14927,264,East Brittany,Lake Dennismouth,1254.6,22.51,2872.07,2023-10-29
14928,147,Dylanborough,East Kathryntown,178.2,1.44,15.81,2023-12-22
14929,346,Port Davidville,Mariahaven,2461.2,14.81,2168.37,2023-03-15
14930,287,New Edward,Beckerland,1707.1,1.05,205.04,2024-01-08
14931,246,South Michelle,Lindsayhaven,575.3,8.26,536.41,2024-02-14
14932,161,Parkerburgh,North Dominic,2023.2,3.89,569.89,2024-02-03
14933,316,Port Robert,Robertmouth,1985.5,1.44,304.86,2024-04-21
14934,261,South Sarahmouth,West Brettburgh,1582.2,2.31,397.69,2023-06-05
14935,190,Wagnerville,Lake Kylefurt,2360.8,23.46,3507.28,2024-09-09
14936,226,Tammystad,Christensenland,710.2,3.53,287.08,2023-12-26
14937,293,West Calvin,East Dennisfurt,1852.4,3.62,772.62,2024-10-15
14938,139,Georgeton,Santosberg,954.4,17.66,1780.4,2024-10-20
14939,466,Lake Richardshire,Powellview,1399.5,13.36,2058.03,2023-08-08
14940,256,Woodsville,South Kristinland,1845.0,3.6,618.71,2024-08-29
14941,237,West Christopher,Lake Danielshire,1769.3,14.56,3071.44,2024-11-24
14942,69,Adkinsside,New Peterport,609.3,17.66,1021.69,2024-03-11
14943,303,East Williammouth,North Kristen,2193.2,12.54,1450.21,2023-07-02
14944,359,Wilsonton,Port Brookeland,401.0,13.53,606.46,2024-01-03
14945,448,North Sherylborough,New Juan,1673.9,21.25,2764.79,2023-02-21
14946,16,East Erika,Ayersfort,1466.0,16.1,1873.3,2023-07-19
14947,213,Douglasmouth,Reneeton,727.3,11.29,674.95,2023-03-24
14948,278,Velazquezfurt,Port Samanthahaven,2281.1,22.79,5395.48,2024-05-20
14949,293,North Natalieland,South Johnshire,205.8,10.3,115.99,2023-10-28
14950,240,Nelsonland,West Mark,1898.7,14.09,2235.92,2024-04-22
14951,384,Vaughnside,Port Allison,1640.1,17.76,3391.35,2024-08-01
14952,423,Delacruzstad,Hahnberg,1047.0,21.96,1562.27,2023-05-07
14953,42,New Ashley,Brittanyhaven,721.5,2.54,161.64,2024-04-30
14954,226,North Donna,Caitlinberg,153.6,9.23,137.27,2023-02-21
14955,236,West Eric,Port Melanieshire,1956.6,5.21,748.2,2024-07-19
14956,383,Kellyburgh,Steventown,610.0,18.68,1360.91,2024-05-02
14957,155,North Justin,West Christopher,163.8,12.86,155.08,2023-11-26
14958,329,Josephfurt,South April,479.8,6.38,181.17,2024-01-10
14959,93,West Jocelyn,Ericfort,1842.7,23.26,4917.05,2024-03-31
14960,59,Matthewhaven,East Kevin,1237.7,22.75,2141.76,2024-01-29
14961,399,Jimmyton,Carlosside,1733.8,21.22,2272.31,2023-05-07
14962,76,North Michaelburgh,Barbaraview,2401.2,24.31,6558.11,2024-01-30
14963,114,Timothyshire,New Angela,641.4,21.77,1383.4,2023-06-14
14964,443,Michaelhaven,Normanburgh,753.6,18.48,1070.39,2024-02-19
14965,388,North Ginaside,East Thomasborough,623.0,4.81,246.75,2024-08-18
14966,226,New Brandon,Taylorborough,945.2,14.99,839.2,2024-06-23
14967,141,Johnsonborough,East Charlenehaven,1192.1,16.68,1702.59,2023-12-07
14968,155,South Mariabury,Johnstad,1048.1,9.46,983.29,2024-09-01
14969,465,New Monicaport,Zacharyview,2384.0,23.04,4020.43,2024-07-01
14970,315,Frazierburgh,New Elizabethmouth,1128.9,22.52,2609.1,2023-04-07
14971,332,Lake Christinaburgh,East Randy,983.4,13.92,933.17,2024-03-04
14972,259,New Rebekahview,Aaronmouth,1358.2,11.48,1462.54,2024-06-08
14973,206,Johnsonhaven,Greenburgh,1249.9,11.25,988.8,2024-12-01
14974,391,Crystalberg,East Kristin,1982.2,15.74,2793.75,2023-06-30
14975,10,Aprilfurt,Stanleyport,1268.9,19.05,1867.84,2024-12-06
14976,469,North Justin,New Markside,847.8,19.15,1490.28,2023-07-21
14977,401,Hughesfort,Moraleschester,2303.2,14.05,1763.81,2024-04-11
14978,242,East Robertfort,South Jackie,81.5,1.77,15.79,2023-08-06
14979,429,Lake Kimberly,Gloverberg,1374.0,24.34,1945.85,2023-05-02
14980,105,Billfurt,Shelleystad,1320.1,24.53,3279.37,2024-08-26
14981,249,Lambfort,South Richard,1217.7,7.0,776.34,2024-04-22
14982,96,New Gregoryberg,Joseside,1713.2,2.14,417.25,2024-03-23
14983,102,New Vickiehaven,South Brittany,828.4,18.6,865.82,2024-11-05
14984,499,Josephstad,New Ericborough,615.7,17.18,648.02,2024-02-09
14985,136,Sanchezton,Coryport,2191.7,16.56,4034.32,2023-01-26
14986,394,Valerieshire,Port Krista,1666.5,9.4,1844.81,2024-11-05
14987,266,Port Marybury,Timothyshire,743.8,12.57,572.39,2023-02-03
14988,149,Jeffreychester,New Valerie,2288.4,18.02,4476.22,2023-05-05
14989,352,Lopezside,Amandabury,742.6,11.51,832.29,2023-05-03
14990,13,Melissaview,East Leslieshire,1176.3,20.57,1981.5,2023-07-26
14991,292,Hillland,Normanport,1049.7,10.41,842.76,2023-12-05
14992,3,North Amystad,Mercerfurt,1938.2,18.9,2153.84,2024-11-12
14993,220,West Dorothyport,Dianaville,1718.5,10.02,1124.58,2024-10-11
14994,232,Johnmouth,New Jason,1542.7,13.77,1307.95,2024-07-21
14995,369,Alexanderside,Bradfort,970.8,20.73,1190.65,2023-09-05
14996,467,Christopherfort,South Jacobview,1532.4,22.55,4030.77,2023-03-04
14997,253,Thomasborough,Garrisonport,122.8,12.82,173.44,2024-01-27
14998,40,Jonesburgh,Port Carlos,1431.1,15.4,1374.68,2023-02-15
14999,208,Huffchester,Veronicaview,481.6,2.98,87.97,2023-12-07
15000,404,Heatherborough,Johnsonfurt,582.3,20.15,1378.41,2024-07-23
